Toán,Vật lý,Hóa học,Sinh học,Ngữ văn,Tiếng Anh,Khối thi
8.880119132128243,6.921170562791135,3.5994878938196715,4.215228168287741,8.068845851671709,5.078189357388815,2
7.038546794968455,8.42436687481217,3.4431480231359206,4.847317735018629,7.951702946971034,3.7836597329261474,2
10.0,3.69078378359381,5.910705164252695,4.6693336473770435,9.395572134564311,9.840661466606079,3
7.331420872563571,6.258155150449497,6.917227885529037,6.202343124885114,5.370937872516315,7.068912963688812,0
9.977910153442133,5.481832574084748,9.42769450905218,8.916822753741656,3.0963769076018712,4.575406644388485,1
7.954930387401359,4.7762563034704915,6.065184526181202,6.8164662848911535,4.52552275817138,4.977626243882919,1
8.852776485086428,7.562433360648084,5.7227360981896975,7.531770009573279,9.69701613814404,8.718369576018539,3
9.887066331337088,6.326520378772607,9.05167492727032,10.0,6.390004295378564,6.773605659356699,1
7.190038157225048,5.951201856155749,5.760912230396335,6.597501431173192,6.864165561404354,7.701037412436483,0
7.740133665636894,4.358067195727807,4.975742778704261,5.435632672617106,8.00698493711208,7.275108727737158,3
7.8390585399665635,5.865375269508008,8.467114475646754,7.642433059392443,7.238129780324842,7.0229546903414946,1
9.320931341240524,9.306903040474177,5.7014048710802,5.013853119376904,5.475881512402069,9.274605026442304,0
8.556976194154279,7.540549423484755,4.406972727553663,5.395741334625131,9.33780523076274,5.638426406165642,2
7.639877579593501,7.363525063381283,3.0394301016843897,2.6912046435550754,8.707454048854222,2.6147301292016754,2
9.13378758035104,2.9364455316642886,4.001458527500177,2.572722591282073,9.124653864425515,8.399166058673092,3
10.0,7.883270696823859,3.7616677677068973,4.252335890448045,8.890063494248476,4.282388799786969,2
7.70774778156065,4.486551580549501,7.3824586490089255,7.402057869215202,4.580657205277105,4.637882939293707,1
7.480481095370569,8.774172204414873,6.355697900145557,5.736115748573695,4.952655396352201,7.760308874600467,0
9.02589043921743,8.529733865546781,4.911743541409917,5.487601331164682,3.9824138836231797,9.491370750633644,0
9.079673074485276,7.327042895135326,5.600352445011176,5.123443591395117,5.676391217229941,8.921996456579931,0
6.567614272154393,8.784854610674769,4.530998535904803,5.386960376970599,5.654937154217803,8.837389780505038,0
7.626533763810284,4.712522680411834,5.377385075430099,4.954264870829492,10.0,7.721825349927824,3
7.080506917726537,7.473692728091658,6.716473180451082,8.402283542933622,6.441775470137661,5.854492591693044,1
6.458731589434008,4.039049312627853,3.257138865193139,3.226420757929421,5.161055263296676,7.080942161185848,3
9.281977759701261,6.802689844628018,6.334734830375581,6.9598272726118555,7.518683203801141,8.842312576447904,3
8.986074526096665,6.469346535338528,9.081595435154657,7.004235072192847,9.611042512619292,7.963788665676638,3
6.25433983026417,7.52580565724419,4.71510387067822,4.6005379946516385,5.596773051481423,3.464650331660616,2
6.490753507557475,6.034881967496023,6.740004201559218,6.784866123042255,6.5460778593583235,5.491062068778516,1
8.199953022736617,4.528782535285529,3.99682449157802,4.572731839952675,7.164371057924817,7.368746782211437,3
9.748825657302799,2.911585061406901,2.9383644056038256,3.9678674462924053,9.534630036042675,9.973046422849873,3
7.405924393747542,3.9381287780167757,10.0,8.802454408164643,6.6158665551142875,4.867584566003505,1
9.117584311949743,9.2903060348476,3.242588533325951,3.6096947804784145,9.543445375416173,2.5203516718964525,2
5.980938629640533,4.623380706277806,6.9105238349456535,5.4030939278966725,6.711469650611804,6.067483349505159,3
7.479953455492233,7.432911436935416,5.922101944587643,7.173843597389831,7.5124833433402864,5.598605269739664,2
8.825004806184225,7.860337339585866,9.096819952225145,8.144059672474077,6.6246852550508395,6.231597521714127,1
9.669989285212996,10.0,5.078515378881612,7.265200794281659,5.61857490003548,10.0,0
8.214435059767801,7.635456106506869,5.734512712135578,5.514003693833509,5.956578594382849,8.585757343068071,0
6.724925298725491,7.176794170064902,7.143575187116136,5.628127187891477,6.100258408640114,4.040493573519273,2
9.714527853663753,5.180421772782423,4.9320653852942415,5.276005552423101,9.629731559160907,8.82182523091992,3
7.637478899925885,6.08675493078787,6.362759106460249,6.7711816985297215,5.167218360757126,6.682825556141091,3
10.0,10.0,3.931917452181122,3.9627534806264197,10.0,4.855503311756896,2
7.862120101726767,5.202786982783507,8.023720025049666,7.1894955119084605,4.983881130450386,4.998316275767994,1
10.0,5.613852068853339,4.610097430889676,4.379816283150775,10.0,9.094219940705079,3
10.0,4.30630852032056,5.923670786863578,4.263886909303109,10.0,10.0,3
10.0,9.304427299656584,7.038454239414068,4.264982793946092,10.0,4.749845804794496,2
10.0,5.189517727219381,5.276004634601479,6.2411803757337285,10.0,10.0,3
7.2510837186429615,7.329545013683801,3.074877863162768,2.4347334890364434,5.598863534363862,4.034201671326023,2
8.569836675278536,8.0965428038626,5.581190987395423,5.9475001256125015,8.51376732420887,5.663843607620987,2
8.546470063577813,8.737344072188307,4.956024002962768,5.397858620294629,5.13419557958682,8.79984472341081,0
8.774467953288877,9.135387958798681,6.562473409649646,6.800428188802482,7.036516860054519,7.505386871110327,0
10.0,2.6007830218533914,3.695064393590104,2.807272641745997,10.0,9.541835809298457,3
7.082571773847278,4.934851286038235,4.700225420544251,5.147980058007802,3.8528064924913537,4.216419691535197,0
8.605287150375789,7.782917878314613,3.2544585078235526,2.3056349964125564,7.554017251627593,3.345428823337563,2
10.0,7.514954741008648,3.531813450153534,3.862084436321787,2.886420429575545,8.386627660666402,0
6.794649470136766,8.068772195680774,4.7110374046649,4.591042442085536,3.8041783823275512,6.602349181559674,0
7.311556021970933,5.455953587242294,7.627006074386009,7.96701094291373,6.1209183340932976,7.185591035744144,0
6.176133050975139,7.340498316571191,5.783762439747233,5.69865203860216,6.3114343884999755,6.8348578909051545,0
8.73036960435599,8.811383799469494,2.506881652562133,3.8062999162147904,7.1555627024344775,3.282668888389524,2
9.408698900074734,9.963018711972722,6.916122180260406,6.835381062133296,10.0,7.110716015582225,2
8.225505614816143,3.2672003004751518,2.97347743651793,2.4523143164343333,8.33412739429419,7.213272764559665,3
7.339113043496143,4.1817268517233614,5.77855662453432,6.608780194491319,4.924795616639777,3.435193544757359,1
8.98186822818581,8.840350835264058,5.919363994214929,5.958072872426595,7.609618252970107,5.010738654504651,2
9.360931619615636,5.658034280726791,6.665366962713546,6.726346760069933,9.035591820293199,9.473259715513853,3
6.265673477212433,7.212739184275156,6.9434335476427815,6.479443140253472,6.436673342350099,5.213528241953559,0
8.045858499395434,7.355416002411798,6.750938647426748,6.806585381280239,9.304335738495208,7.542427684762656,2
9.44815486061041,10.0,3.235164838784702,2.370481683687207,8.129608473741936,3.397352132476743,2
6.442480663799565,6.824913284957421,6.358946670381288,7.351659192742961,5.607663219337814,6.212267524383882,3
7.245516950407077,6.719866621533303,6.532962700076114,7.109838522983923,7.005205544515089,5.749430749061481,2
6.4441628385086736,5.903802763404131,6.780292785031556,7.287480532158536,6.140679510762158,5.513654461744092,1
7.307079908029797,2.6776860052261933,6.487071388200404,6.865268788958831,4.155786389367345,2.8729531833825446,1
7.1988523468855785,6.312798864919854,5.374005044602205,6.970515189618252,8.548721074805144,7.984831118724417,1
9.19393124787443,6.1614134986814495,3.381895350364043,5.824761130952695,10.0,9.204480831349,3
5.59554882049193,1.2498596691389354,7.674595803469178,7.948027381348069,3.2741161090347637,3.363879076966307,1
7.551440992060563,6.230468994888904,6.716419056457682,6.179772719929263,9.75595583115077,8.995653904465742,3
7.611587151908089,8.388972619896055,5.037895089248824,5.333501554911857,5.095270926067755,8.841460292646067,0
6.389765293031754,6.471120057622193,6.897079425091546,6.22265744461886,7.522822898596903,4.6337901998548965,2
8.434200209899526,4.850341215194456,5.338545243872071,5.221139425041848,8.79293250066477,6.625003186025438,3
6.357517059049912,7.867108619765694,4.746349513849721,5.384790925108732,6.067879458258671,6.646098447188549,0
8.744351098786245,9.356095966750017,4.470283008128803,4.199010002924476,9.688890198032308,5.319189589283718,2
8.494428981836107,5.295545604960244,6.077637389237488,5.901188418788302,9.308602127863951,7.053431062939113,3
8.058083366635554,3.1870362372311063,2.5064097848264946,3.9877417365694288,9.963571797439386,8.29434787476124,3
10.0,10.0,5.243505038396622,4.47208420133975,3.43063626821471,10.0,0
9.212240171014557,9.270483660958867,6.7713048101159705,7.02688102092114,6.857568842580186,10.0,0
9.331136797608378,3.7426457886138804,9.69761828913373,10.0,4.21785187062909,3.4772945168172216,1
9.6647186103811,8.477172666829853,3.471117043320798,4.3519880776989295,2.9912522099778163,8.495561496620745,0
6.307046064727045,6.427045957475429,5.911319314607201,6.596220969324108,3.7944731715841495,5.925908165331844,1
7.758105637472622,5.822860712176386,7.342737780598778,7.1245277902411175,4.913098296173562,7.104071998292542,1
8.907762517079655,9.348584466739132,7.064327989061027,6.329029994169395,5.851826245786117,10.0,0
5.023848815284627,4.77934135532689,5.496669804067708,7.684776110641494,5.331756205901419,6.055801230883215,1
4.5374071048998275,6.985216796817588,3.918257004130166,3.9321530544649677,6.328115593757062,3.3985269877559316,2
9.053519111215884,9.648571758167119,3.284971616362644,1.86219702293848,4.353614790479183,8.549931975181053,0
6.348589609655825,5.649617333478488,5.4289954628547,6.166008459256577,6.263699200217543,6.550565362647357,1
6.91890827536418,6.40015062551189,4.335590850998167,4.852834971098396,4.214318828677114,7.548924933475986,0
9.615652818521344,9.829064564032647,2.5155714864715204,4.692830748026822,9.848528244144575,3.437091458143861,2
8.433073238912968,10.0,2.8627760132872035,6.232267185907791,10.0,4.217695247647543,2
9.16540024244693,10.0,5.148373351983331,3.6903038921646143,10.0,6.034524548802729,2
9.020555578304693,9.680534933957613,5.218981121541522,6.552595168010034,9.47113783645968,5.058351764879784,2
8.497260992410212,9.172820690729544,6.91504378453784,6.187701780323967,8.614078742176613,6.839449718297421,2
9.90669634911021,5.144449007951873,5.9852590890488795,5.796996162190906,8.877630402636466,9.462018581162795,3
8.044589093235372,4.7924901202969,7.683840168543911,8.118107427877138,3.3809348161080175,5.184401952176861,1
6.989733276424117,8.545849595118653,6.151544681874341,7.1014971419611115,7.552390050770689,5.729209457134318,2
7.779709499121453,4.189027894395361,3.892070736640227,5.642801380079835,6.773844239418789,7.931033084970435,3
7.877836569039575,6.955931367639076,5.567440473049513,4.458801107035428,6.561977686589283,4.332226282766876,2
8.879267084083377,4.736951473361844,8.391108716054312,6.598935772860678,3.0573049557862797,4.283264656422109,1
9.244916711136911,5.370453533919058,8.642420003207667,7.495479453613473,5.258911636990514,5.534361529679043,1
8.284682600295085,3.859842216334134,7.77958450843998,6.8391909940592015,1.9682817111956927,2.996769355763034,1
7.908346525420597,8.543080472146004,4.088951474487478,4.81280092274503,10.0,5.33615842475091,2
9.182263794512542,9.39899049495651,4.842383050295111,4.5650941545196355,5.509331078939305,9.18533667102327,0
7.319751084542428,6.445467376994034,5.963971796145317,5.9335880428197445,8.548121361209967,7.912354157180078,3
9.572866041037082,6.092476138992315,5.7241374509858804,5.021143560437911,9.55005527775256,10.0,3
8.469181788092621,5.22134319717223,5.225842624814497,5.746334698316706,8.950896459114372,7.028877691552847,3
7.273639579044522,3.7520548297452017,4.156734626752279,3.694269017239826,6.754246229437588,5.778616532653642,3
7.39279107657661,8.128706994489674,7.907377502623104,7.476095804644635,8.197546554063537,7.5862423593039425,2
7.655050899843638,6.753913157687571,4.702177518042946,4.805667440331205,5.025538448888979,6.23914350371129,0
8.383528741428272,5.911368257577708,8.896037867522773,8.080519385547065,6.340807569524287,8.149332695224018,1
10.0,4.993600189599094,5.069982469583771,4.984833584698682,10.0,9.386680896734772,3
8.643217525822918,9.727873257220434,5.086176582681087,4.954866850605898,4.332550086760621,7.5198155117878205,0
9.691401340898034,9.271068281490967,3.6154616847287575,5.260923620454179,8.772460271567576,3.8803407330566224,2
6.084721288282921,5.129420731440543,5.317195988546855,5.910579009580122,6.220761606279,7.311785796161745,3
6.728332357777527,3.609368500804222,8.52519227471392,7.997057514350209,3.7400574016928942,3.7938766625739273,1
8.108604231864085,4.657066472670293,4.094638117752021,4.6262074692025035,8.773848219507993,7.075947411462131,3
9.67731559575699,7.906216769604059,6.418582073027602,6.569078304016035,9.52701247857721,5.631646241501202,2
7.612516301084543,7.67852152828245,7.36915292796367,6.032718591708011,8.188066122906868,6.182330888142155,2
9.552785849518857,10.0,3.324621684578864,3.6179021401246207,3.7855488281717755,9.900452234315903,0
8.728710223214444,7.455833784115452,5.911471291111843,4.681037384640215,9.061341624658786,7.229461246250491,3
9.333285255064741,3.3786655247794624,3.687423277664718,3.5205951621084806,8.916874536794396,10.0,3
6.132742453917188,6.7645928401789694,4.200545281284602,4.078794962170018,4.099755450788111,8.162416909896919,0
8.678961618278446,5.3326552404063134,7.815825892992653,9.173161465681051,6.761454636396065,5.81225131339942,1
7.653017431029484,3.324210008387076,9.75243868820343,8.85780306628311,2.3152522371263524,2.6646439290819925,1
6.4545457586928965,4.411625524654845,6.797894358971483,6.530588918495582,5.381240219058929,5.600668949065452,1
8.701974903702741,9.312892558419762,7.491660384490935,6.619056829845171,5.356707211497429,8.586029680110387,0
9.175092077376592,10.0,5.399139429460409,6.167499040014359,5.184669597866567,10.0,0
8.052866732876932,5.2416861185645445,7.28751751657922,6.685714114418585,3.959504815162421,3.943171034440536,1
9.507935518757142,8.57977757361466,5.371930072220146,5.304658353755488,10.0,5.512104388526251,2
6.720904187027484,7.004849844074532,7.455083917838847,6.706588803875532,6.347170412975314,7.759727389675467,2
6.541067012569382,6.473949842081007,3.977355858815986,3.9113335850759348,6.606891954503732,3.637964030639407,2
8.802435618150284,8.865057273894596,5.635778549960442,3.4305055585477424,8.055556186599318,4.645090413162927,2
9.888771406437028,5.895817660220057,6.12319801501044,4.861240608698003,7.271207694342282,8.187151974702802,3
8.906354419039019,6.796203289485405,5.432384804567104,6.159738592781657,8.958599915022539,9.864652807102294,3
9.434088835096954,7.760278088726787,3.279513387941745,4.351913226998888,8.519856224192555,4.547090435856505,2
7.913672197325715,10.0,3.4001730837681023,4.673736773849485,9.9978771357017,3.9620307602820524,2
6.2230595571602,6.988333646531666,3.9372158497150087,4.460500454952588,6.955378365159736,4.010760430707785,2
6.457456649754546,7.2616142811766515,4.623143472462842,4.376593269207004,5.264989095517437,5.71300216675944,0
8.802008920517657,4.132391170206297,5.280741064713445,3.5809844797323342,8.433541381940925,7.3945130874957465,3
7.7108995732359915,4.218141465503384,4.050798193804616,4.232743594550262,9.514366605995201,9.909370681820324,3
9.277054589423088,3.1993180785543194,4.058718908142168,5.155606264969846,6.456212768549802,9.17246601810481,3
10.0,6.761204337401624,6.404069908593151,5.963596068643369,10.0,9.083408099635587,3
9.756778444860599,10.0,3.9558796141140977,4.299118199146959,5.642847438184993,8.128159451090838,0
8.450209117296577,8.759048801426346,6.496097917470841,6.608024892889461,6.226186058525513,8.29737114413716,0
7.042643690284014,6.345234899537774,5.077864260002742,4.566398502258652,7.644435340018172,2.786769374277623,2
6.1876312666547,3.803296811619467,4.843388094573297,4.301241955876975,6.541571484661084,8.1384625547979,3
6.9421999493885185,7.783578750951124,7.666886876296254,5.4310571792286275,7.206689444476364,6.247865680317266,2
10.0,2.8012342522097677,9.69791710654758,9.648985935629813,4.824780673113986,3.7011753808079644,1
8.528952950551515,6.591207048313264,6.522221643274994,5.615865147054253,3.9962771846788043,8.531549028355016,0
8.178248272700655,8.002697061245456,2.7179487775845907,3.5093396400228047,3.822421688996531,9.500794767463157,0
9.220393425809315,9.764778894589107,4.254073690770342,6.152395535026114,10.0,4.849940925481766,2
5.860305329953586,5.353122616850844,5.407508318384333,5.586821719635793,7.605649893939314,4.659479473689683,0
6.138004494562196,5.60111624061693,6.0864830601420685,6.889220673837003,6.840821220462349,6.888871752543066,1
8.051491121830754,4.9564047240232405,5.167523044708165,4.984888417887416,7.266591933939833,6.911070173854737,3
7.654685019735985,7.920634043283159,4.543030429053214,5.348680803761886,6.53056886339806,9.331975080430217,0
8.476487479015216,9.532176922406457,4.290509427948773,6.478987544107947,8.917467822283685,5.450126344286741,2
8.763263624415671,8.328562750564673,5.53787484239233,4.7253926923263485,9.369875500810679,6.090672101912302,2
8.384238047334092,8.905380147491917,4.509499490927807,4.05619324603181,4.801818553309645,8.463024421446436,0
7.157675257885051,4.9962237901953,5.009950688972709,5.00988909516155,7.656991486383754,8.11103914006471,3
6.965892699615461,4.874728584422006,5.823730590810779,6.788669638694306,6.789893614933061,7.601888823726308,1
6.189277393790065,6.165821451759515,3.226029823490005,2.813604191770372,3.329407213442205,7.5966968140850195,0
6.869986444522874,7.4918391033868765,3.7795188305142293,3.4892874042154385,6.106004898051177,2.5107510855662754,2
5.90414353506552,5.631034417202031,3.864700237067833,3.4264325594405447,4.119966448487325,6.059901840043132,0
7.0446366036654124,2.566235961377223,7.879150916682745,7.353027386293408,4.141747027261675,3.9431137275538553,1
8.535087715038724,2.904595772013848,3.8830413448647976,3.280132605167434,8.042867182437142,8.472908081591303,3
7.156864641858275,8.628575435811538,5.524413280235084,4.132230485919201,5.493469525190662,7.625339389119158,0
8.40124328185501,5.096120160401266,5.5905993736792725,4.121341391908469,9.198278415074915,8.625020223905302,3
10.0,5.450560612532499,9.671335023529263,10.0,7.609119129432365,5.669749704088967,1
9.181707445100614,9.131460390098708,5.3721637109027975,5.466535338421559,6.440346990454814,8.842616483507685,0
7.313875147437249,7.5859145169461115,7.258047014655682,6.3657813391582065,6.364016887326663,7.722278155678027,0
9.136475726288774,6.046336162655918,5.517072896973421,7.139608765193289,9.634722054051132,9.265500456336722,3
8.133033575523868,3.1971302446346574,3.4202967965337456,4.1836889765767395,9.134798155051886,6.814591668461612,3
9.588686231344003,5.097752595966849,9.504476023984989,10.0,7.439597112525997,7.392708243571622,1
7.11624459902833,8.46500328989349,6.846110576093219,6.230858556361533,7.436562550860094,5.8435363140650605,2
9.858482722996083,3.4560564439131776,9.298290877244506,10.0,2.2948683002097234,3.81089031502283,1
9.816636771396416,8.59426211499899,6.280053707684828,5.742647294322677,8.659280628762573,10.0,0
9.74801527804312,5.655213384292395,5.443965510301568,4.942020456000169,8.833197218712305,8.572174712672984,3
5.866047017881549,6.517782442130515,5.607930534449989,6.801325096887534,7.367598429950721,5.59973772790171,1
6.820972610147228,5.932570595644124,2.1832898095348625,3.0411584308730206,5.944402963230038,3.052069921092012,2
7.321758821939977,4.731639546011203,5.474507513487741,4.77165936859811,7.244914335500067,6.900255609616415,3
6.318189531332233,3.5145023235562247,3.6623904974748633,3.6265476145833926,3.833797470643042,5.604488278365782,3
8.342355961676963,7.402771209564623,6.378934086494185,6.402721857567365,7.0696127287574715,8.815043163524818,0
6.312859959573537,4.211079480752285,3.910364952307005,4.147129515383908,6.9903244519110554,6.9008040973999725,3
6.8723977647505645,5.967487858722908,5.558132028374456,5.90826141062457,5.814740855988109,5.534366081736831,2
7.372383517542734,5.330208368191093,5.798200625482029,6.411145170180103,6.365931152793674,6.907218177455305,3
5.52350680689862,4.233580728147703,8.818266711605569,7.6200467781731795,7.062899060488341,5.562143009623917,2
8.127718683321714,6.919564093770022,3.686130346816946,4.99038571928114,3.844065805033499,8.436824605738883,0
8.009322292779236,2.451546169870176,4.221204705725586,3.876702563716358,7.417189511445428,7.9917070135253105,3
8.53382987633327,8.119365618143073,4.014190460274989,4.444572141617678,4.449331959024542,7.142337537521985,0
9.092016914354422,9.372527114738421,4.420610435650683,2.2556067507866873,8.12144636983984,5.7551303591737755,2
9.3757313002381,6.953245827185759,7.637771776456661,6.502140821287646,8.714168768731078,8.304842527576891,3
6.595888467030317,8.553769072604917,6.749170764802734,7.489544299724761,6.0129316182723835,6.7139500426813425,0
10.0,9.554708410585636,4.185408236225562,4.989251871887406,5.173531512605061,8.457341868274852,0
6.379744882633277,4.646932688055223,3.098795952935916,3.1672913351309697,7.2195026342440904,6.774151914683143,3
7.795450592366167,6.463242404261147,4.764952316802156,5.057498402939957,7.714109920070684,5.360415238088545,2
7.904884775588139,5.372924891197921,5.086513587050518,7.143282266388724,5.522068215755912,6.618822871488419,3
10.0,9.66738086391533,2.486165520727074,3.196396069217184,9.513015946735944,2.3598759217382757,2
5.470080341538767,4.7975270126361975,5.409436160914295,5.1858642834847934,6.17661954560545,7.611484078245741,3
5.496375290476647,5.376211598798386,6.359309458873211,6.769802348361013,5.0338148619979695,4.919364475408662,1
10.0,3.526787619456575,9.230301188580961,8.416599132031811,3.7952519584214075,4.648969669308024,1
7.126254303061251,7.226974449400738,7.549184570019495,5.491922714201684,7.580163054204009,8.493373780412686,3
6.125398101138621,3.6316132472983154,6.720512474312348,5.467331613458256,4.34831906255897,2.983081511279933,1
9.029229404462725,2.1340134640548127,9.417122931477524,8.965441720648316,3.195328964134515,3.1244500337922165,1
5.684617999270264,6.567841117008063,2.924530585468369,2.667428052103585,3.425404863169938,6.481640434909112,0
8.161913783439482,7.219379568944376,6.258969287940963,5.3019909063355,8.51486317557908,4.889097322416911,2
7.14411680239571,6.605022171566648,6.534584816555493,7.604301430389675,7.860304018710089,5.718145403963397,1
10.0,9.232572229398642,4.9319560113347505,4.610300762267073,4.755272432944925,9.908803756697372,0
8.45251334234255,3.617945737873262,3.465051054007764,2.99391055496789,7.950566503427406,7.341734282707951,3
6.3227949993360495,4.98650514762592,8.69466682147207,6.27959511474293,3.9743885579735965,5.463665103285219,1
5.6819025185084815,3.7010390012745225,7.738140971210828,6.9008353438653245,3.0967232148950643,2.4576318498648604,1
7.171236752453801,6.1044738273610095,5.39828197988683,3.7170476403722255,4.840248085393795,5.563037253304698,0
6.833730610032292,6.5178049086460454,6.6217576625251136,6.449078015106372,6.185208014029918,5.835867049783095,1
6.59690219046913,6.429622804262919,5.697783688998966,4.776255195075688,6.180871201198024,6.236135811022036,2
8.116737291262424,8.569698180032093,4.499405587156977,3.9816492139352584,7.922094401491693,5.10378311166296,2
6.467108098535148,4.098123330529584,6.011498965684802,6.270755559963321,3.836385360525948,4.383242206755703,1
9.437059725524707,4.498484820431713,4.695306920171772,4.542260213347908,10.0,9.671011213272571,3
10.0,5.3550337326761115,6.677870395584044,6.371368671553862,10.0,9.42794892788639,3
6.276873792637794,4.80400317829837,6.60462842428735,8.165803364977313,5.672615586051262,5.124072636813665,1
6.938052633533168,6.326277350289432,5.2892307553622935,6.836026256797254,6.323108042258169,6.169034947649956,3
8.639880237915762,5.8753605156506215,4.976034858916906,4.40871735751605,9.097885414871737,8.830814396381365,3
8.22090711433615,8.370650391048073,5.7578432577185685,5.567598008238778,5.770521451375999,8.86955464982027,0
9.955583753041148,5.261306109284843,8.755040689349375,9.95571167161748,4.316423097240114,5.436529451743326,1
9.979301155712205,4.364190993200767,10.0,9.513362363422136,3.5855351336162182,3.4270069298067916,1
10.0,3.8751595405897525,4.780955427114357,6.259769782684293,10.0,9.918926518181486,3
10.0,5.860849061601553,8.634354470802325,10.0,5.092000269453393,6.540802417416111,1
5.540473311960089,6.703057611915764,5.266326514633425,6.556818046451205,7.093649326882515,7.2683583790693165,3
6.715537194897629,4.641064246067496,7.558952572486615,8.792905764673524,4.261060919420502,4.02679183271799,1
6.712605797483518,5.653962741626902,4.693757237190573,3.2553248098289758,5.911338993141589,5.48820245003195,2
10.0,9.845818037884895,5.99415956362634,6.5218847789787855,5.446364598438594,9.125483381483194,0
9.735140047288702,9.8802669993375,3.7171348261648673,3.6451956435287474,10.0,3.379887595147167,2
7.478115645301146,6.302575779029807,8.83519315497126,8.049816430516774,6.894117955250928,7.933376227798024,1
9.526646102830359,8.846793818415126,5.799483841976112,6.767106270231726,6.538296754452738,8.578807519858215,0
6.371615152506765,5.216489235771577,6.918560813026997,5.439710639850962,6.577765682410885,7.082123290768889,3
6.603596216050052,5.9976504268358095,6.4345429642076635,6.897224626027241,3.529836928396845,3.7212969218209455,1
8.240885809420295,4.751638317410773,5.4755939935156706,5.786675900905068,8.484648957668604,8.642050214684582,3
7.9976559729678875,8.88878123653314,6.530797368128066,8.51913134676664,7.770540455766794,7.918403843003188,2
9.449191797862923,5.202356559440089,10.0,10.0,3.560349336547307,3.6593592496896497,1
9.419982208221386,5.3270033792755,9.994364259646957,9.007166086857007,6.759909354418318,5.615658335846398,1
5.452893005861616,7.231017359760687,3.4516718553007726,2.5991209975721437,8.114836670742921,2.2217842654413276,2
6.654456246842535,6.221197802024238,3.0817810960634935,3.2397177299453768,3.071070025214703,6.982383709145747,0
8.634218741957424,7.187100624614626,6.548129284900449,5.999951833042815,8.533959074543962,7.401271653781249,3
9.403270705406026,7.712589887303707,8.393929335603506,9.809637437205465,7.07121231856766,6.37678535190699,1
8.0913028189738,5.2838621998723605,10.0,8.119756264429181,6.808021383565356,8.136542102946532,1
6.4385293396427965,7.889112108786109,4.468706514508548,4.151004863193123,4.4800660571113236,7.2105451135782355,0
7.791450732316335,7.276114558805759,4.087218789638272,4.634203467186717,3.049578577905796,7.033255875807879,0
5.508146829963224,2.4003090753875314,7.498339841234892,5.013024957086153,3.035371908239532,2.513123448141405,1
9.145973130434637,7.2316084200000486,10.0,9.162959683560677,4.956146419621656,5.7403602688015924,1
6.21273540207222,6.511180364379192,6.0266512001376,6.129781669873897,6.218081240780658,5.618587992750938,1
6.5379375051919135,3.2011854096779566,3.1361260836399465,4.026307611938939,6.329371351687586,6.453878071455794,3
9.558956906342399,6.580935303552305,8.38613856732127,8.420268385047098,5.671208295187915,6.429701196940033,1
8.494360243837738,7.074213827530254,8.054755833558442,9.51698335661652,7.9701684746860995,5.650822168558301,1
6.856730727472307,5.2651800497024706,7.340961462812673,6.995868094662542,5.50020220354954,3.7688113744732417,1
9.217927710460906,4.600543605877636,4.052680857908116,4.722362701924994,9.249961241435226,9.498518638176776,3
7.093824076806108,6.116344545035075,4.120999379423477,4.084942602794141,3.3131653528714002,6.435970547196436,0
8.878745124384787,6.267076019521082,8.329030583291658,7.200364103097199,4.934793318074145,5.100037066304394,1
9.390377244373164,4.905396982204666,9.265106225195433,9.121528594107533,4.196140907912197,5.073890598570178,1
8.529952922484886,6.819745375610222,4.728911093515288,5.498361872386864,8.05695002588667,6.601253924450348,2
8.521706036419463,8.529579741875116,3.267789023405909,5.176344779591562,7.894175270044785,3.9054113487949884,2
7.493734697853343,4.301314281442014,3.9462036474610507,4.1105482278377545,7.050753199036645,7.522598197669385,3
9.548016450435638,3.8039976064531067,3.1315343560496354,5.520159228805188,9.06590691835524,8.734680628323872,3
9.229248060388155,3.144281956508801,7.214115061727128,8.795815595436014,2.340263276526117,4.477232640634335,1
6.334739435460377,7.236040141181123,5.940426931284135,5.7466413298273995,7.6586832224665,7.973844342015434,0
6.7653613792473095,7.635320837653713,7.232365491133635,7.135662420880471,5.173655342854193,6.327365886252324,1
6.93181830861028,4.466752728709327,6.6426551024867795,4.8070373684001835,7.207628393123905,6.750193059294337,3
7.501113326202134,6.192352483021235,5.734651030671083,6.21451391365493,7.637272331627696,7.452878802520648,3
6.2443040872436315,6.174834735737825,4.411838231207058,4.186748256231515,7.462230704141788,5.721139247888047,3
6.098818153885632,7.287948057011691,4.448936329522759,5.098340465791354,4.766559216515359,5.85579899541659,0
10.0,5.427101110275034,6.430548043855029,6.3533664934615315,9.251271048023161,7.848743385893785,3
9.779497168948007,9.875506827849616,5.249472620387867,5.895959870685506,4.24051387011451,9.270752492014537,0
8.04892539600041,8.221049975927416,5.611155745674825,4.347003705522065,7.3412832745460594,3.491588478402807,2
9.367634860486863,6.636009459155856,8.657405609923487,8.484011713889185,6.024264271713079,6.588233431202954,1
7.870960472434181,5.956631564261478,6.948556352867025,5.143934841603948,7.456174051834357,9.436288081575412,3
8.956577615102118,6.120856253512697,9.513119755311052,9.481780955972955,6.586239930001809,8.534901011196624,1
8.65683624554981,5.061891036233069,5.697609931300462,5.471430216743615,6.5788873593179344,7.09719491152688,3
7.6798379417929725,7.489315372797801,5.017202547419648,7.871619174352643,4.821494299487511,7.778060058254354,0
6.618389890847041,4.863864246783178,7.055917948517644,5.73868217494946,3.7607276537226038,4.707001389501541,1
7.961940127971083,8.275865603795589,2.152021613503819,3.8411189503797436,4.53305863542449,9.098478917255438,0
6.779304087149674,7.482796323219,5.672549871333301,6.92094991505386,7.634792177333308,6.2074586227956035,3
8.566841893888027,5.7189958326234285,9.215786562054078,8.728337414362873,4.811552336172192,5.78409964013982,1
6.7225928092960165,6.7537671955139364,2.9811406533368445,3.8228881741025957,3.755974755304283,7.9636780622646075,0
8.513992226267948,6.887150464821854,8.234716011320227,7.4878068102732485,5.155880030313298,5.018872676222669,1
6.1811415096591515,8.086557153040506,5.925597545008978,7.826031667220809,7.988303405128679,6.576058640922175,1
7.065984655659104,5.001377140872977,5.544641585178015,6.0365695020575805,7.024646345201216,5.009579544356425,2
7.9805311251414395,10.0,5.645251436464603,3.9167826476460466,4.081301866921456,10.0,0
7.680132685144451,9.460723805965166,5.234504370322351,4.263265926656559,5.104335664637728,6.376901111706179,0
6.063152191355741,7.152973336433245,7.742542069020229,7.957145529022411,8.732038627949526,5.977987426727934,1
7.440493945714465,8.697108671541825,6.7825638509558805,6.5024430034855785,5.490654332144948,9.294789601226675,0
6.978934501865292,5.82934819817996,7.544661705581547,6.3671098015718,5.026077257971929,5.4708042080342505,1
7.073613893254047,8.127089024942856,4.176479490805037,4.0133930821363375,6.131898899609185,7.872132646847299,0
4.948605692205918,6.474293794243397,6.933702068489659,7.879010621236896,8.336823801693471,6.029525490609555,0
9.545855233990121,10.0,5.842960288799789,5.811993193635665,5.583104322564856,10.0,0
8.142341309753565,6.786906555420432,5.871037515783915,7.187595817308431,6.214424214646322,7.621169622093626,0
6.702467397855746,5.096584271405434,4.677583960938237,7.635929338733103,5.6479675728930365,3.9277034133268223,1
7.208835418988125,7.637473808693972,3.8425260747773997,2.577982631293052,6.3030187129929685,3.526586763363993,2
8.009686192114303,5.99567762231347,5.503159906346421,5.927805783364796,7.725266610891798,8.703610497006798,3
5.844495245002315,5.777018375911752,7.128547661052441,7.227940404646808,6.01882552898495,8.413754694892464,3
7.552765513081555,6.38922200179642,6.385400279849444,7.001270060298032,6.101462860478373,5.0823470154592005,3
6.224085978528842,6.922836560817377,8.323450344625705,6.358304919981037,5.1693133560493525,5.7912082075553,1
8.870751099927169,6.212705255128304,5.842989108199319,6.2008074564314395,8.943658951691534,8.455230127034541,3
6.860976620842048,5.562002594734122,6.380853357903233,7.524100367901473,6.336569429772348,6.993824458546147,0
9.006641822776492,9.011128136385825,6.933981415538524,7.764373303145445,5.6251723725295015,7.73355838304508,0
8.945497807474787,7.871293944407467,5.750897453912424,5.652950524821553,7.1736308139609966,5.155299353721349,2
8.474388265183206,4.198448098999445,5.529415561845561,5.021249248843254,6.985410834404199,8.504228199756513,3
9.559714816555305,9.13205800739227,4.4647674395160815,3.486707612342862,8.984517051762749,4.392764572540759,2
7.2913928974341395,6.9446506750017685,6.20352690164275,5.554953495488552,9.24304305324863,5.692369843155212,2
9.267923871349307,7.322008887055868,7.338654330032826,6.225385798465146,6.7069738822672145,6.626806939320283,2
6.591399244195581,7.299321070887406,5.058017868769452,5.373975901022592,5.763599753501428,3.7052311243949574,2
10.0,3.6394146973580797,10.0,10.0,5.282589325448637,4.506575234453934,1
8.888722066151665,7.265094780280171,4.774369788095012,3.9235869028064014,3.640934587608742,8.394950809003754,0
8.120896109906624,7.639575129925085,4.501069874912966,3.1211945956969838,3.3060399023723765,8.409479859801952,0
8.667468322453127,5.339453303500436,6.306287493269405,6.357810006804738,8.18624357624449,9.293555354880272,3
9.052473621330025,1.5286222070278013,3.6456574997965316,4.023281998492067,9.045314850636364,8.332012135142454,3
8.958823968949822,9.346303578402697,4.9856629027907875,6.061825179526049,4.983846421121276,9.231355866341369,0
9.408805395556737,2.339126645182051,7.22761939541881,8.823104200066364,2.8018551900113655,4.3252348962015565,1
8.950012815634258,3.431606409583158,9.677888264635284,9.507921276461088,5.5233494831669105,3.0572439883790166,1
7.488614985632677,7.749597668081491,4.885373369881911,3.315079754832357,3.5857931481716636,6.210887000183696,0
9.042661562598438,7.194348912109432,3.377193222655242,4.037175846456952,4.582366291391023,8.153494772781599,0
6.633360097756355,4.403543076930054,7.226493412145924,7.032452793432195,4.68420325722027,3.54703772387988,1
9.170468123432775,5.852019962626153,5.175491474037765,4.289223677303602,9.0423792908563,10.0,3
7.6906727188665025,3.4539240259936017,5.852054085518683,8.162058477070252,4.690556820109463,4.736827139623946,1
9.71065234199461,9.870014057593124,6.7166079445949824,4.972095238607307,10.0,4.869791360963557,2
6.572393162317634,6.111996533665826,7.783510456655479,6.622358483640131,7.405292960941645,6.110638189380905,0
6.845134907384822,7.710647314728658,4.522967504829231,3.8429226461636965,3.7266584492654875,7.83981574830515,0
7.257014996912338,4.762283308971372,8.135070006656004,9.089238504777295,5.79168039291417,6.3103874604548285,1
9.749944376847012,9.793203958604462,5.419784596094097,6.6775267489029275,5.048854938720314,8.325879318650573,0
7.120237246992195,3.7733784531161376,6.4226249695832065,6.590175742235759,4.204864725232417,3.6982629560101086,1
8.132769957748243,7.724643485434038,5.059671103403194,2.4104071362157007,3.4372018169443583,8.84094172944713,0
9.11476369436646,5.055405263119874,5.962165297471321,6.097112039285818,10.0,8.953859132450422,3
10.0,5.51926953739887,3.1347539041542887,2.6855427431314824,8.842018187068227,9.978003721938425,3
7.486745347399218,9.718532148619962,3.6053913663885773,3.7517609083620185,5.580996426188642,8.054223240492457,0
7.790224226658173,6.095779313772754,7.012108728077135,6.492086035261381,4.882017414331975,5.005365386347196,1
6.8156346427617915,6.2913968134997456,4.449840656481941,5.311439060162834,7.069126863992374,7.830890833672054,3
8.826908576162937,8.316318220006503,3.126247320055732,3.968385177147963,4.189421284392477,8.572746355457262,0
8.099822933490126,8.548812234701227,4.699139245378513,2.2786068888849913,4.33346085465735,8.120188875557632,0
10.0,5.871000151271622,7.0832963772428865,6.065620956407292,9.219967265913002,10.0,3
9.417340151590667,10.0,4.4820349189035555,4.406371447521077,6.4253418182848785,10.0,0
8.840684625165045,5.984147936013381,8.895424412147332,8.411561795425344,5.237210461905451,4.517842310639524,1
7.1854480626577555,7.691476635984902,3.5470689317492266,3.357291442910118,4.2660028997909745,7.755111950774437,0
7.418649920983748,8.63778554842741,4.021016962284894,3.9685397209540882,3.8965104478805705,7.4470869782970635,0
10.0,5.162172972591708,9.891446976969169,9.813633445197317,4.706958621344652,4.8342463312702355,1
9.048095986345206,7.803015041263708,4.760396897405416,4.205630043855498,4.651418896581159,8.65659620143481,0
7.403405998735338,4.954086710054321,7.683488434558697,7.284506539213124,7.142308202167749,5.614938150356964,0
9.203772970484687,9.792720247252705,6.299235033262287,5.789132568652314,7.868642330402444,6.026212060032193,2
10.0,9.644788662718836,7.458371286150293,6.289339485033281,6.92922582930509,8.514808418696967,0
8.979974053744055,6.773912860228512,8.61722386299422,7.993526919225623,7.812251906520336,5.736867068797177,1
8.991734612273557,7.919470647259613,2.1319746037299994,2.747932188752826,2.884329698023425,8.93461804976305,0
7.959676876935203,5.728476997646791,9.382074331499814,10.0,5.058094900730708,4.732035681791521,1
9.43488839265147,4.081980999826594,9.739519543513858,8.936099907263245,5.071538475109578,4.622882032429979,1
6.495993041233831,7.964227152525437,5.386545198288103,4.16103546431046,4.678250915028574,7.179086285761333,0
8.111058229298253,6.847026899936819,3.1395539754470203,2.502189373647436,4.079871504824902,8.103786258715939,0
7.727346642475579,8.44975443441612,6.888973045902118,5.303921611272569,6.822294361001204,7.30996942376047,3
6.158502615305629,4.599008056636278,6.588619610542497,7.366254472134761,3.8846962703080425,2.5933042843051863,1
7.055776543516806,8.62179578157519,4.020187592513905,2.6535095025379825,7.097489940292631,4.793278467100321,2
7.002783105271681,6.97162002423383,4.274399173068021,4.162028734242077,7.0234625066657355,2.7053704801496847,2
10.0,7.34966231821927,4.727836639588549,4.824911631107632,5.24251452019151,9.786480036047825,0
8.618258558011503,3.777215404774866,9.516381062204278,7.970359466144528,3.46485335552918,3.5917001272286493,1
5.886407088433446,6.550229965774233,7.699134230720111,7.151617334687773,5.678434451234592,5.516730323986769,3
10.0,6.318102401969229,6.129968840752708,5.8184975499008305,10.0,10.0,3
9.789574897344503,2.5457890782567762,8.611776574063663,9.54385939201978,3.37826437424182,4.6846770205147354,1
7.837703790205432,4.648457742668302,3.794730789761923,4.805798199525081,7.582407507017065,6.994147963836424,3
4.84240189201914,5.699607988974672,6.063401023255388,5.312325530539069,4.671634622912651,4.449563164999283,1
6.936282604663791,6.158483535675128,4.91731645172727,5.0685312152565904,8.011918033589328,8.643663876810624,3
5.530692850873523,5.720768382628507,4.550066335298509,2.3611521906047113,4.606093115216293,6.486786346322245,0
10.0,9.587637367858468,6.879724635153646,6.638283499014341,6.018346371625585,9.173768282887885,0
9.109192940837177,6.92131217317701,6.349540045149545,6.488308990517908,8.564899011419065,8.32483139542726,3
9.955869641640046,8.80414014834357,5.113568290487738,4.949576510257101,9.197586104500928,5.407771484688617,2
8.55757853523066,5.3774006320368475,6.0668655900446256,5.468727011875168,9.194975101281678,8.762409915031812,3
9.312963415727445,10.0,4.268865908659888,6.470348764118198,3.613979602481848,9.137844233008165,0
9.190965920227194,7.813985120462122,4.8344001322959045,5.971136081745758,7.977267052119731,4.726552840896414,2
8.137806358442138,8.658250536218397,4.110868024107581,4.98409319707476,8.436239486472541,5.059352397028911,2
8.588762228377181,7.595867895655247,2.9727451227650006,4.128423523246601,3.635159838625133,8.53498161557205,0
6.055986095766363,5.88498912415657,5.988358914179352,6.470898827799958,6.566192999250696,6.079299177070541,3
7.9967891830349345,6.185979405232868,2.766502947533393,3.225014919598316,8.811735994448359,4.248053950326807,2
8.078828117742189,6.452924100237809,6.457850473421995,6.990976592885618,8.990302507772459,9.250783894625604,3
7.163871653166729,7.287409530780488,3.8238626109544804,4.077540048401855,2.5682040358330087,7.713563489371815,0
8.384564553605061,5.553685653497058,9.954435368107067,7.624466637499464,4.9835757576427815,4.278508794019007,1
6.474392590050035,8.442048730979714,3.7306494326091433,2.2301720891743635,8.498963066848058,2.611447726190277,2
9.384368735478581,2.317837656637499,8.857787172969566,10.0,2.555220763738392,3.0414753252921183,1
6.109328562839248,5.962738833489316,5.642371308157292,5.185268607706835,6.167503240436895,5.906076846739562,2
9.918930380262578,4.659127447478684,9.766766894558632,10.0,2.9514573931444614,3.662145050850824,1
7.650012971207611,6.808652989346941,5.120258201930617,6.059883903505551,7.215037240745331,8.213818626778028,3
6.730552584152272,7.751228911563468,4.745080726111258,4.345639864402681,3.755391617842986,7.9875685543767085,0
10.0,7.938133038171539,7.436733782457464,6.479958223652826,10.0,6.786852404315428,2
8.772460334011514,3.899872043906086,4.842015723886244,3.646174590935055,7.992003680954406,8.202526940604649,3
6.915651632546707,7.525662236985599,4.635069357121755,3.8769670612854776,6.870050234300841,5.611384175032789,2
8.353488144343512,5.769106218554617,6.207701825255543,6.947568492923749,8.412132780244594,7.301970125252048,3
7.5788860895328,1.5024774653526431,3.245420608123596,2.9588811024805906,8.617332049069969,9.24722690381256,3
6.847729058771859,7.482683135702491,3.8312435014464885,4.844827525275779,3.881817455924562,7.757746194286221,0
7.105728728344167,3.5233281571631374,5.677429773647725,6.076518167986209,3.018660049542488,2.725823105719276,1
6.489986206280961,4.685548292258579,4.238448184530872,5.206240102373501,5.619120078967521,4.891033727503032,2
9.861823159450323,10.0,4.857888853402514,5.7562560985011375,4.551738872445823,9.609035803526812,0
7.872657973022132,3.903820789648295,7.432774916778077,10.0,4.1020611291515,2.0018151773157493,1
8.419132919585802,7.7677142174475975,6.963750659372191,7.997871359237391,7.350053608950963,8.45470605589433,0
6.635304798134048,2.0274815199663063,2.3607330393881836,3.3434003012722893,7.618680409879296,5.969146293650974,3
7.898612166672882,5.824135418602981,8.356327408545521,8.096836087976301,7.577786977246701,6.628900226781006,1
5.182886663911965,8.02479622932816,3.3102894237326534,2.7810280177827633,1.8534311214562136,7.745339766021056,0
7.418977386961077,7.637235983914773,4.789264100321116,5.364790703186355,8.691507302972823,5.23187367990964,2
6.0943717410078655,5.145887799397246,4.3141481688098615,3.553383193598294,7.665263009135117,7.2582688591103075,3
7.01065019443031,6.009849684209099,6.553864624434713,6.887693514007468,10.0,7.86451479532632,3
6.762794772160145,7.003918357938923,5.118985033058959,6.381592602652836,3.8007405183893983,7.89719861782029,0
8.261414363497897,9.218169241174857,5.786800835003858,6.639070028459022,8.646783875448776,4.599150339475321,2
6.684115649790955,6.406516799016587,6.405569947538351,7.790710400998496,6.289811646029771,6.630979886449304,1
8.720056813468458,8.993869923086379,7.383715622986259,7.591735380298697,7.751063277038145,7.647914256503615,0
7.69211549495115,3.4882937890504353,6.370772746815286,7.668654601490758,4.918051329980473,4.805741280220726,1
10.0,3.0838505115502057,9.06680921091447,7.669941092076855,4.789126830952148,4.862035006820756,1
7.157125263822823,6.762401144459194,5.714872112260716,6.896617450035681,6.689989290463581,6.927475474648264,2
9.15764379789308,5.346922920080215,4.210349733041971,5.119319365239515,9.192972156238989,8.899952836804061,3
10.0,6.173014420786223,5.93032371287987,6.085362966133292,8.665995619507324,9.944457541316298,3
8.524848506325714,4.2293993182126375,8.609043714811818,7.561388727450134,3.877456975488862,4.564196644057054,1
8.019913606849117,5.071322620249406,6.106731194706876,7.372392550072335,3.6475339308880486,2.429663870642993,1
8.409980829863704,8.131727313048847,5.715842718244236,6.360705635749621,7.414222075951969,9.466907859270487,0
7.834003580533563,8.809732711693792,3.223405149436422,4.4503299121643645,4.314391278539902,8.663103226314782,0
10.0,6.699833048259633,9.947202853001581,9.68659973528028,6.503048124151231,6.288143157763807,1
9.514604792110912,8.412667665910885,3.927587317223082,3.8272875118132728,4.38354133708927,8.855669784532306,0
10.0,4.052690181159118,8.61425891264017,8.646647991600545,3.504857967838983,4.029633965059919,1
8.533849069509007,5.880044259163752,4.2409680364945,3.2447220033812547,7.876163787984735,9.437498357373283,3
7.932073207648364,7.136257076824855,7.20095067948515,5.991852760394218,8.145219530386566,8.189837548316053,3
8.397731329238304,6.042870396031365,7.5232917303290945,8.267714032286166,8.05796373058834,5.217185916924644,1
8.977426921515937,5.331403887283674,8.501571009991217,10.0,4.367886060573296,3.639843948543931,1
6.509125300249198,8.429685258610698,4.061548304408901,6.171421758648556,3.9691800005336364,6.444968941419072,0
7.68080857345502,7.105534374387927,2.524816269459512,5.040193608072873,6.814149237355405,4.76278446079472,2
7.6597234251833966,7.59888355311698,5.298844550956678,4.517731706051308,7.232122627762868,8.480571164397768,0
8.61883590285043,8.085326936733539,3.8121559354890264,5.17814235872157,5.1221193238753,8.95862182774935,0
6.648584129471261,6.427535534326255,8.232520632642697,7.123684262217963,7.872934686931611,7.787707738075181,3
7.659017198677631,6.621639495276217,7.203120676904087,6.47158821613029,6.586951514090106,5.710560297257036,2
6.816733508529224,3.728676331371129,4.551924987435013,2.6257643212688215,8.206985903241838,7.6768492297815225,3
8.310191993897206,5.021658808222476,7.570782324993712,8.011156732196774,5.4936150469044716,5.445688254554678,1
9.998785953880933,9.182740752275615,4.951083026653495,4.080810346157767,10.0,4.402523654509288,2
10.0,4.336004889359915,10.0,10.0,3.751191635307596,3.5464553977091464,1
7.199662671143091,5.2775563951825095,2.590467196688868,3.193392670565871,2.535089328575854,7.257850791839335,0
6.93661820020168,7.586350335406549,7.710843351125838,7.172870386255247,6.249352445493515,5.161386728916986,1
7.917763291198317,5.362875764653377,6.43181183649269,9.165896353005206,4.419800449028177,5.942935799362794,1
8.740255264707091,7.941777514624028,8.152292520143092,7.045839985982694,7.199611254069964,9.880163736095597,0
8.20482174959803,6.455639333110114,7.039655153835265,4.401446269794089,7.476699955251648,6.457861426923409,2
9.809603390904389,5.505953298840761,10.0,10.0,3.5965296798851196,5.311107881943928,1
7.739522944289762,9.581920121834482,3.0450368251990216,2.890594254354744,8.26051315094295,3.321338859979224,2
8.873747429301261,4.784131206329295,5.030883686103019,4.931043664159968,7.634111253033948,6.984508316256884,3
8.319954600223946,3.0616342565784445,3.824827228291267,3.904273187402555,8.96450929355174,8.84258554145823,3
7.724544192255717,7.194533733197233,3.015545124623971,3.2237016520156083,1.910782056315306,7.448931824142894,0
6.704130993047679,6.760050031513313,5.437904782030896,4.345002538707218,4.704943451251275,7.539126186097211,0
5.898308458641804,4.764409279732819,6.90375114172557,7.689286355251593,7.119044673437881,7.566886524673235,2
10.0,9.11536113193603,5.890009398883074,5.3354066824796895,8.61131296110669,3.701107820430874,2
9.82779290685031,9.36187714929721,2.4776615188998083,2.5278676846381503,10.0,2.7585904745257457,2
8.695307673750715,4.25057040439894,9.311956920144288,9.681516641454461,3.598046256948343,4.364886394110631,1
7.565835548977248,6.926714531806132,5.108948148445337,5.718249264257118,6.656584850270014,5.589631637256033,2
6.950220085989432,6.493525792869709,7.058053644427504,6.4439781276583545,6.613529500497101,6.227185895138277,2
7.296679118752799,8.670652722959758,4.709703282116039,5.108813403920706,5.3721672148472415,7.834637049430188,0
5.7906737453155275,4.0842871570333585,7.274505300093671,7.735048565324602,3.5500121046072053,4.396762471835603,1
8.100398014536667,2.538071911487369,4.580228447551079,2.7187754449479566,7.189586924798268,8.916294476364946,3
4.952688088368802,5.954003128455829,2.81549764079991,1.7280678469417792,3.2590138575817367,6.866603439426181,0
7.091557238979678,3.7532591303078724,6.719073001797373,6.1496588017785845,3.2674773929343326,5.029865826069431,1
8.32332566127488,5.274491907506949,3.725590886550558,5.421460912878853,8.907635577378473,8.322637367294128,3
8.951913113365242,9.24039907154351,6.974419608001442,6.245508999423826,6.327908935750776,8.179477346656062,0
8.78550782312702,8.770396955225912,3.722817229393035,5.253447222058448,3.0075489087019935,8.403844490505984,0
7.652942854361594,7.8892249654664415,7.02382254281457,6.891434956438101,8.484995281272042,7.662583167976067,0
6.700203527073996,6.961982051683412,4.8702755361622225,4.927057697527109,8.38817955018982,6.938658995479944,2
6.229703677281643,4.787064499510666,4.977545956898338,6.966230033444682,4.558736615397648,5.293272562456956,1
6.663702311538336,6.429785318166427,2.33803285376184,2.8529926111628643,2.70805396317551,6.601946724729998,0
8.301577709011799,2.0297185858316835,3.664920762684569,4.153981269483751,9.497259749007986,8.697066126247629,3
9.304772588869108,8.288315305643152,5.1241597619840595,5.007535480318226,6.450038040581073,10.0,0
8.67022167642844,7.1060048265086655,7.221949554826019,5.22333654267806,5.927706538487829,7.719691641371124,0
6.750420391605879,1.9075343212456872,5.155764175330582,4.879172295602572,4.1079937450771595,2.996251380701687,1
6.4112010495429095,6.564511909479251,4.8384848053927225,4.725479887941874,5.796727716133757,3.984633967827906,2
9.304202633465813,5.046407576927905,8.699798195040778,10.0,6.249943528771895,6.155544263091646,1
5.487821058013764,5.089494220161765,4.409304710756643,4.899814586267434,6.844899327765293,6.615599813864145,3
9.608462115259531,4.387179743171213,5.486662413304102,5.765083814577786,9.816494741736939,9.355915967112324,3
5.850042094999817,6.155548670119477,5.974738311860268,5.609240867381592,6.396131009194762,7.8632683353304875,3
9.070127484934376,10.0,7.339406578534206,6.749791370466365,10.0,6.086001697756237,2
7.722800047686138,2.2746774991961116,3.3290543314669034,3.2797070788893676,8.109974172155964,7.917318042959558,3
7.118275622111067,8.985716091662983,2.8097897728621652,3.4718669903739245,3.74438365309046,7.329413522570295,0
9.517843383906534,9.200728903033054,5.630476477843023,6.544895038986202,5.3925872769706515,9.763777321961427,0
8.633373365817173,9.914767831902456,5.457240308334825,4.632219853759465,6.234868585165863,8.371291006775254,0
7.03090014117641,4.435242694823692,5.521480535941514,6.732054718479856,5.182973518569441,4.199191390416204,1
8.580509245999325,6.024899860732983,8.272800408884617,8.150492329585981,5.852208595284467,6.4226408084441085,1
4.743849825604443,5.9907628452688355,7.520750945884824,6.033470525744785,5.100337711213633,7.172528208716886,0
7.138884621642203,6.002720172207428,6.239383909043692,6.158256382103021,7.218688111832717,7.091014954980376,3
7.4916212366138915,4.208146328288731,7.476196114104789,7.365391558387865,2.272454616680416,2.689463639812713,1
8.778673923070004,9.824999882083528,4.710429162177877,4.904135651774025,9.073248457159213,4.763020426712805,2
6.856872121480941,4.040202417446744,7.6692652547723545,6.647613822068681,2.891207453995686,4.192354418464531,1
6.564144725767874,6.017334563159625,4.736497988117613,4.208883938854933,2.986113319953638,5.085034585915746,0
8.950559079722293,10.0,6.453024659156486,7.823498867624207,8.225939244405359,10.0,0
8.042158258959466,4.023677754580498,7.935480374614576,10.0,5.1209210116372175,5.059990454994167,1
8.348496837809762,6.9911222882697635,5.376566356107445,5.442533574505886,7.93443559260654,5.537724553130839,2
9.37436559085477,3.0274894828390693,8.866119055560516,9.89307273862179,3.364775767985489,4.491847725019372,1
7.765917698885958,3.6555040111100294,6.86240425196557,5.12803874810092,3.3396653301058477,3.2679156897062978,1
8.285064297723082,4.023243546566887,2.867399159405836,4.541480181315674,7.880672307862408,9.120173368388036,3
8.619651308573147,3.9152823331181668,3.5276709240107285,4.3748395978984895,8.996746752185935,8.017815836904001,3
7.483731500704845,6.531251198920181,4.61365530147544,4.4230477987085255,7.982647106799226,3.3099054348909562,2
9.44482209712836,2.676895861822272,2.9608270685736553,4.659330411521459,8.932078281079594,9.007485967236528,3
8.966181995266737,9.286347919417363,4.342842483761587,5.8170362952569565,5.659567513839549,8.786045520862436,0
8.351706933601637,5.222090754616646,9.133057306115191,9.163520207344218,5.875817625447731,6.218416041382221,1
8.49305102242225,7.282875166830111,4.988862354211492,4.55278259695444,5.463794674039967,5.382647008302958,2
6.833020619987422,7.385304880466065,5.274689139088032,6.29212452398133,6.862507097675194,4.663514638390371,2
6.473801196650675,8.30363030993395,6.56366944281366,4.714952811084393,5.96942746498161,7.708015677748045,0
7.67636043711679,7.875840517691443,6.051813114485147,5.211265070219726,7.7493449080595544,6.014443096063547,2
6.448685893730335,7.171670518910174,6.416603704662807,7.108145441872907,9.027293617838845,8.081165846673745,3
8.063159832098474,5.093668990777684,9.135517261748175,9.120370315858064,5.7549531459974475,5.3811439702467085,1
5.309813745793167,4.644282648934302,4.350817791243394,3.7246482569705015,5.83975212043278,6.484494142615409,3
10.0,7.062079294017682,5.759452305608592,6.584348267439265,10.0,5.2113741024034965,2
7.861890505065522,5.090589634657294,5.469838661064658,4.794577418708202,6.8849149424420935,8.245995106652446,3
9.259809756963678,8.822956498324764,5.385814467208003,5.354872469627687,8.52775163669468,6.435562381856377,2
7.667055949129118,8.030147360551515,6.5594849945298375,7.24902736978253,7.512591384286975,7.7311339618603245,0
8.119820085045223,3.0654847535734597,4.189989983528417,5.685156678450597,7.4541095318306825,6.342789764943651,3
7.854005548535544,5.156682830041058,6.915941856884717,8.26963014004286,8.113568978967571,5.2474980092170025,3
8.195684324540215,7.046103580262935,6.942626460161507,6.680391360604449,5.854938741257443,7.474193742364551,0
8.411155004029517,3.8926011734599384,3.03363954602885,4.218861535186027,7.3813092592631895,9.577053813601562,3
6.419200998072764,6.435146418082081,3.743216760418888,3.6152456811589357,4.448354549321071,7.263019802101603,0
7.624619338496444,7.84554841122014,6.740348054760533,7.588144161955255,7.451031697460044,5.227186311664445,3
7.75466675096877,6.215845930169485,5.483154329501436,6.881359921821455,5.957143705223091,8.332208361567345,0
7.2479379349267425,5.085307827848275,5.2229393972721505,7.265009023428494,6.982935115806754,6.581531848214595,0
7.733557021425967,7.247057519415807,3.5038953177879035,5.479569825842517,7.291168335391208,4.845440141481283,2
7.036554069784251,6.067405448267491,4.112992717884227,2.8118314525068016,7.412898767866535,3.7061716812642214,2
5.619558734209415,6.0029977932630665,2.9152955618257432,4.590592447693327,7.4505888189966285,2.0865359831276966,2
6.503755628428226,8.233985312178286,5.805519088549315,6.59027304927895,6.409746995428874,6.2538560538975485,2
7.245880515348812,5.88994342987665,4.347346603525496,4.986687893787748,5.983530175530924,3.148292152382414,2
7.578092791256944,6.248617532965641,8.318312909296615,8.315714989563233,6.171834042133961,6.860492404404757,1
7.887618816911119,7.422940643726949,3.531492081172468,3.814831868547449,7.3452699635609315,6.107890641399634,2
8.595509929519048,6.234848636241237,6.972860028723888,5.094960448302359,9.521097599331185,7.2581760064905145,3
7.890935031362363,5.535758845082678,7.142685342013457,7.585729573718456,5.394364051481667,3.6801034915220985,1
9.404827090150384,9.882111936703904,4.930239100123688,4.191823871172159,6.110099825101191,9.178842150909446,0
8.230889931048079,6.225501052556268,6.414920935478248,6.323158930822326,8.80996410610429,8.882774448038505,3
9.013966444735008,8.263184941752083,6.070314600920631,4.599443253384272,5.735308684307459,10.0,0
8.270577757095307,8.585952927427098,1.5139162551614294,1.9683776012307648,2.9051698454305113,6.416562924187034,0
6.529576576927518,7.425148545779695,6.900884536395816,6.728533764782758,7.383387336639402,5.642471588952644,1
6.838307459034135,4.516120526734419,7.359984723483033,7.036815071112782,5.520598560305797,6.166013408989755,1
10.0,10.0,5.400688922193949,5.702131830499885,10.0,6.49681697237944,2
5.990273545843964,6.596842886766941,6.218513200243825,5.047110472478786,6.750406753638959,7.366607440416173,3
6.09294962293207,6.98430874306289,5.364713878307372,5.544945788505337,6.185876253511215,6.823438398378899,2
9.33395441336794,9.997232192611863,2.8115886585117322,3.671134990774799,3.090723292340322,10.0,0
9.792358851415035,8.004127134535151,4.95618968622178,4.796149663821178,7.223591697213448,8.645832701105418,0
8.625170113875516,8.793768320411653,4.530971243435771,5.471829050683276,3.658857342132187,10.0,0
8.368451517513344,8.688861271547983,4.368195987178631,4.9914249972142235,5.44089522219445,9.081991316682291,0
9.033294197402677,10.0,6.462593258290614,5.363190740274635,10.0,4.318714033015501,2
9.079250132613657,4.927526887420063,9.25902095081843,9.727009771494515,3.755750981195192,4.5501887503013805,1
8.597672619294187,8.810296135472178,8.125867527936007,7.776346214304882,8.157260512750197,7.141509796695109,0
6.870119813092928,4.92153082256271,5.450522047988131,4.428818744535059,5.85188675130436,6.032277717394636,0
10.0,3.7597854503170254,3.656369175676024,2.4042797140905945,9.675725336299584,9.474672116967344,3
5.753870730056298,6.815061165469601,5.1138018547935555,5.265989176892986,8.086805996799864,7.20819494046778,2
4.498875562428447,5.943393859445404,6.645362921494636,7.022611201863629,4.60013402466307,6.065938707520592,1
7.507697340123353,7.38474373552842,3.700723636090508,2.605950225040894,8.492846624489355,4.712202409555208,2
10.0,4.160600352863322,3.9668545877823744,4.7852461736497585,10.0,10.0,3
9.576657034097057,3.529357667691132,9.674668564050988,10.0,3.2325339254138994,5.34112731851006,1
6.950579335810992,3.6150329583249365,7.4936292682847006,5.995521338849928,2.3980959053976374,4.650075483126592,1
5.952153674847977,2.116634067439702,8.028309817215382,6.865034875602033,3.6252560030281407,2.954128079199196,1
7.758470962500637,7.0680163154838365,7.084407712740357,5.580268808148664,9.811670897883625,6.841678683411449,3
9.221139756333864,4.124181812399553,4.295948827844702,4.195258289604002,10.0,8.429708338804781,3
9.097360643009452,7.220246699564658,8.387851617956061,6.815354259894606,8.585470071444188,8.36821052195058,3
6.105830491396431,5.937766260039041,4.159692137658403,5.581159370586847,4.814011079047907,6.050560316862461,0
6.729974871205377,5.909547307854034,7.417923868564342,7.4504290801568605,6.992808423965343,5.591867999672294,2
8.983766900205355,8.765635364163018,6.408067099172745,5.247292053663987,8.23280828532069,5.911608926960032,2
7.922300683197587,9.402253221400889,4.895639631725862,5.087192476542439,6.246603322359345,10.0,0
9.304250137175103,8.548309088690267,6.112191579763264,6.470351071878208,6.020045036278197,9.259261050730023,0
6.292855515552744,6.182199109996691,2.946260906238226,3.126235212760533,6.562398915377292,2.6972426246281165,2
9.447082815486276,3.5726980646528133,5.65685111118352,3.6342552211866455,7.605041082406823,9.017386323098219,3
6.871498293898666,6.730355189728582,7.168630806948324,7.451205202904237,5.137389335421659,6.075432421089248,1
9.425801447852967,9.05049046787874,6.0239665126132715,6.311829094653704,8.865359370323059,4.6493801790779905,2
10.0,8.127492595084611,2.861617573772483,3.3864514704708664,7.70879317416576,4.085147129156892,2
8.061848168055782,3.9630948700175614,5.720243503208201,6.849474407118583,8.360842556247514,7.303194087933706,3
6.174896632812102,6.133147326909773,3.8795280661282714,3.8185323360735652,5.73349511480761,4.190372896151594,2
4.875300632585461,7.223346199161663,4.392648804816604,4.500633783453846,5.205618979128775,7.81464650134039,0
10.0,6.687604617676956,5.600832957538369,7.308717997224001,9.745633385933607,10.0,3
10.0,6.62391676220391,6.270448779012417,7.650111470295936,9.990097818099263,9.544026160980948,3
9.332120533061547,5.978475723287599,5.329519623881433,4.610406883371292,9.797677262342107,9.67641650837712,3
10.0,5.71552501508337,5.540743024895793,7.3318992956233195,10.0,10.0,3
9.221383691021513,5.025817917103036,9.102354421812658,9.12119720225473,5.238246548837424,4.915744762162735,1
8.669254441155465,8.314456999397587,3.341620561756711,5.079980121471754,7.8986893229282895,4.919649341838687,2
8.746958592312579,3.262759891369483,9.260793045490885,9.228820338499204,4.807407609199268,4.196237056351389,1
8.937741166458155,9.228069250841303,4.061992171371889,3.4915442728794717,4.245494759909123,7.111389223082889,0
9.159662933391905,10.0,2.6809003502717967,2.562173759116777,3.83016887817635,9.074429858158002,0
7.484333778376561,6.436289482350525,4.007156994074248,3.826426282187876,6.229735786187615,4.489770330088589,2
5.838689819321543,6.754244320550155,5.006727799538825,6.976614626423376,6.951014766517551,7.4312394645283675,0
7.312664093091201,3.0119296839846355,7.927349906718667,7.127457573574159,2.0171351252054737,3.0211709754359264,1
9.017335681929477,7.7362395968073825,4.23004154783033,3.039686590405449,5.005572846480873,8.946891872374017,0
5.618336166034698,5.962259812817036,4.547381568148149,4.816428702466603,6.902894296037689,4.258109578137663,2
7.746351946934781,8.692048794149722,5.327820367039921,5.316622480201123,8.236030368369889,5.808001899015121,2
6.795001861945783,5.726145998044324,4.87246996202546,4.812552281970942,8.241655449323297,6.245965963809982,2
6.9826015882094055,7.567941006460047,6.326381725820774,5.895758064723827,8.52712069303059,4.5418613461132615,2
7.033952957613039,8.660021097996207,7.252369086644334,7.139793002156784,5.073047371404323,6.982142447678047,0
9.735674104520884,10.0,6.799297817987381,6.880340000248224,9.364584424125388,6.086237845119248,2
6.385748959377871,8.890532947881448,5.714695018540813,6.2207745782167585,7.694071373692332,7.657418218538825,2
8.143144695040304,6.221468045828807,7.062418824080197,6.672932352592005,6.307129378549186,6.805635612294822,1
5.685398659251815,9.493188392070877,2.3142332639363388,3.2196345826408206,2.754668277728645,9.286217418456573,0
7.029886407700299,3.8441244283283793,2.680546173251403,3.150808445826758,6.837698767927367,6.8118769581368035,3
9.038849883382419,8.940569904837568,5.350899083566579,5.293842237364877,6.885178334166939,9.651105608050374,0
7.125228219625562,6.566459641432364,6.269578860006256,7.248113635778287,6.189054115608828,7.177744631802958,1
6.71389566356714,7.229281259716474,3.194954840390368,3.5102203919130694,3.44186998852699,8.104028175315433,0
9.302703989798442,9.556668336758843,5.025759866670502,5.402383441695485,7.600522578961747,7.144579570122089,2
9.952951042053298,6.456269464506165,9.886047969290088,9.132829416221966,5.5899633120633325,5.4225598885882835,1
8.618607091073212,8.85187572755496,6.253128250310831,5.605293971980823,8.840015667428665,6.5261131075835905,2
8.795506960556992,3.862823644750528,4.640094198902701,3.9211854449520898,9.405005228896835,9.89672443623719,3
6.03944095364437,5.790135413414164,4.6540932014007,5.691961694020776,4.539829900705853,6.664089976099504,0
8.21301550921201,3.630750507291526,3.752973958826699,4.813712393450841,8.013018868998682,8.538532352933602,3
6.394196987551846,3.8343099021346387,3.445564643221408,3.586121661821484,7.422613573999682,5.810554969664898,3
8.105918470895602,2.032123229775382,7.195516541243613,8.589083194115576,3.4448521602471627,3.1965239423888065,1
7.860640483131366,4.371197892354508,9.29745287497738,8.187467587568404,4.76664937959199,4.509113868257664,1
10.0,4.154535671612585,3.6572913881890985,3.7442315058559354,8.795633881836238,10.0,3
9.563642532035702,6.032811702721403,6.467572843500225,5.652052017505118,10.0,8.79576305668665,3
9.98867075201031,3.7043739030997633,3.4569160549003084,4.354084051271277,9.215696991480337,10.0,3
8.277662936547754,6.672698220447742,8.666118973137852,7.537027987683669,6.463911250951683,5.296691516878088,1
8.492454415204005,6.5303508585157894,6.693485697486754,6.645513588662162,7.5511689282746595,7.5006812069080135,3
9.830017400615027,10.0,6.667476493973005,6.523256425480324,8.663788766476815,6.0821696269179535,2
6.530354550134986,5.122617155949449,6.295110520395081,6.2832431108347055,4.449840384074679,4.394564382662887,1
9.007313722634182,9.356033073403133,4.491357367256969,3.409791167535353,4.107417382097191,8.756072243245324,0
9.066138401381952,8.815454365870997,3.0919554111955274,2.6713486716924253,4.2078896238056815,9.446315048678454,0
7.734972393536478,4.507063577626464,3.9298323789003926,4.234036506752369,7.186584964554152,6.224913831342267,3
7.539220893343517,5.113483475903187,5.064371315905304,4.30859158791765,8.246318552379664,9.880809829741803,3
8.705977799187204,2.247159268070951,4.261345201228146,3.6786969727794396,7.84963881336133,8.493242748858274,3
7.206997673188095,8.465653804577716,4.86962917232704,7.047651626262534,5.655348201548332,6.8073908831425305,0
5.624208370268397,6.542623084438598,5.354289409856786,5.680185452367662,5.068323872060275,6.337347189714826,0
8.362003020242838,6.35445150843434,6.516740011659676,6.972582853544546,6.365061067290794,8.330694027745803,2
7.554544188302567,5.22713623494022,5.889508076638085,7.451730160687462,6.760670082957754,5.26823799887399,1
6.468270896211768,5.082719110865375,4.0401995366300465,5.380006223245371,5.099846103046215,6.769021142282998,0
5.856285378550391,5.497149676267903,5.337811649946758,6.756241073554613,4.304995497333034,4.550543376544051,1
6.411673662996821,2.895152346479118,6.0393511962969235,7.02815656575358,3.1063885323543077,2.0582309103272163,1
6.979154558285734,5.933800319266105,6.48164769337719,4.6484758559374395,7.8444001072791,6.727620216022523,3
7.032224947709123,4.329898032479405,3.933929551459061,4.095446255049876,7.536856708986564,6.735448705720057,3
9.930221859602058,6.616037835249307,10.0,9.746281220209593,9.297943444701108,8.10369410272148,1
6.687600127839233,5.074648772256634,4.840047441845824,5.599117325001147,6.646061423402448,6.838371561744498,3
6.746662062676533,6.5533939661178175,3.6489043543989736,5.126020975509862,7.710114295203135,4.800231050015487,2
8.38257625213751,8.026508187217583,6.030474817699963,4.557502113984854,5.5900889952083155,9.236234804789042,0
7.94648431015778,4.828576583241816,5.336235122919757,3.302382964972457,7.552133109704774,7.591271912234464,3
10.0,6.341271263894063,10.0,10.0,5.35290169141869,5.541408652418332,1
7.425542818432784,3.5258618209363792,8.801378678199429,8.053414191820595,4.470059002788788,3.938815049086709,1
8.8447160629995,6.703303510092911,5.102534995569695,6.501280354118466,10.0,8.067087460038099,3
7.766948852047493,5.837491823515887,7.494890737532904,8.073113282195287,2.8182973701527687,5.17626746160918,1
10.0,2.9070040195684737,9.365423391239899,9.492997945862797,3.6554586591986453,4.495383593272038,1
8.36037849466558,6.041015350788719,3.48548314300943,4.324478759863869,3.1584696639085816,8.704782526766913,0
7.271164849131658,7.6048946856364035,4.229916113682111,5.860704553847107,8.844480002359715,4.023474583640266,2
8.65154287423755,10.0,4.726836578812261,4.684878135638722,4.994827850197696,7.465736715787742,0
6.05543336311486,3.3568431353944526,6.597092758440444,6.23861648703583,2.838599214231606,2.7424689725821803,1
8.344624451553857,10.0,4.9674968381589,7.438329862888937,9.540242012256819,5.524793568107716,2
10.0,10.0,4.653072329635457,4.89037908973923,4.455834759270314,9.161154942998907,0
7.903433390247918,8.473092948378467,7.629313387696301,7.200652106856281,6.653964187923215,6.657815791667469,3
7.298969912178882,7.7920415561705285,3.127455044208933,5.520757981372188,7.708008203244482,4.2215747314185545,2
6.294757348905818,6.0473440747163325,4.428317677609621,3.5584857159513743,3.741685709861053,6.582945482577306,0
10.0,4.9961715529265165,3.050399077613969,4.403427398365038,9.193930672174048,9.759265692662177,3
9.545535729403248,9.622054630553869,3.723268039612206,4.113060994844402,10.0,3.5529393209262614,2
8.943498000511905,6.677602671647791,9.232734864515947,7.947528704405634,7.766126503618581,6.426209859741683,1
10.0,10.0,6.697229885185462,5.717658169405106,5.602001800070251,9.21733491866306,0
8.311381234445754,7.876135545452991,4.234678712824085,4.405374131400501,4.071220672114566,10.0,0
7.6802545294141,7.172089110784144,4.274777631887861,4.290761482045847,3.93401810221117,7.397151682741181,0
7.214362836979313,9.687057165009278,5.414328311921611,5.58009341561723,9.049255453179935,6.904137119048252,2
7.213847768847035,7.603172600248244,6.47620394426083,6.6493429454416795,8.080267803980911,7.265154169816742,2
7.2842747577446785,7.726711237414099,4.707229891677952,5.6077099103312396,3.5915073451002195,8.072292967135205,0
6.7630003401700565,4.037394652372547,4.197727268544003,4.804346625290706,5.808349661455109,6.755016607785004,3
7.678331820124489,6.954960179471646,8.181973506619457,7.360432312943062,6.758386280370063,7.416587535738656,1
8.144999253056712,4.0417243939165495,7.880660064588805,7.399361027252411,3.4967895429716465,4.457644319861188,1
9.48419429970643,3.733735671985615,9.87366450209872,10.0,2.961585383397504,2.50741225245334,1
5.248123285838968,5.112693573912175,2.1533059021260987,4.466767133561461,6.548243322756363,3.0180831224284086,2
5.484894286695731,5.897950889766389,5.671437842546406,7.154798500172312,4.837824705268602,6.146345504593296,1
5.811803682189059,7.110074939478616,5.874884209661646,3.182333831760092,6.205678542087324,7.453281117992565,0
6.276181997998218,7.511512088842204,6.691695664986371,6.659096889355293,7.077312173579868,6.809933683892366,3
8.776313493555804,5.0723763764168215,8.48081526086864,9.016549487501496,6.15726403645606,5.200685160332315,1
7.815382644992879,3.9731576184927313,4.666607518734604,5.012264193663898,8.436363530175402,8.492102653287699,3
8.03267958652961,6.481035075493092,9.476527587345378,9.959836980862196,6.758723094866332,6.641648276500393,1
7.899018631358883,7.29177420807461,7.00385988890375,4.666757767641086,9.065407988025918,5.450269299630941,2
5.659798403711448,6.0109940635257155,3.879092939291917,1.979145997261304,8.107271785380286,3.068994269710382,2
5.575618223361824,4.78412891809657,4.5867159151257235,5.18255795061828,5.155170507979756,7.2097440719601735,0
8.688621513482445,7.583750543371847,8.260296520294524,7.432955904430136,6.394104520570433,6.878611820924727,1
8.225250052008382,7.324141298563484,4.353803323828268,4.920755383100255,4.691748284176102,8.060203578254585,0
9.9717494922026,9.313412106394898,6.65350924293066,8.011322611594572,6.1584874814210515,9.034591972448451,0
8.599577661486595,3.2652904650293606,9.827684590604514,8.882312380622439,3.891648014583326,0.7723829885155689,1
9.551867270910005,9.450351173686489,3.3282242337212633,4.235462500616901,9.2815878437466,4.866994304576485,2
7.148364684596827,4.344901688670154,5.7996001934198125,7.565719151822062,3.2715247201296656,3.2284821099353675,1
6.2112811430751504,3.771817900369805,3.8989811779791883,4.336796999965455,7.341509384499049,6.371205526604999,3
7.685713307721296,8.410794889896549,6.329495575882475,5.351318250915304,6.592092024661213,5.529740915119655,2
9.288579870725727,5.5571320750693065,5.7528413511457455,6.930802691962686,9.661435906346806,9.410479944508715,3
8.19545179076956,9.359635280938715,7.450445497098812,6.52958288544582,6.78939845390379,9.040224106171355,0
7.48449659106382,3.052133719954213,5.335365351679687,5.6092846713001725,3.1279613096147205,3.4319871565358824,1
7.282913985033697,7.394715933064776,4.928864087571607,4.873051907392633,4.595170686965242,8.8572178096633,0
7.5764972061918225,5.995133829589248,4.291989512118772,6.29800820333324,8.353609017401638,8.168724211736995,3
6.958431568708329,4.256916038287748,7.295513652829817,7.66018857347676,4.73906691549837,4.292383223457541,1
5.8295361245606445,3.8502927184533418,3.403551305489403,4.03033213565857,5.397196619689833,5.566641382218379,3
9.209424576814948,5.558428707557195,5.45327170487302,5.383918358356745,8.384791552829457,7.660864330211271,3
8.521026516381294,7.047323342097659,5.840088589827573,5.319499706614178,7.230067035575328,8.865662738740504,3
5.849769841971265,5.733510702201109,5.779647004360617,4.769582082781925,6.4770765677832465,7.025805398994634,0
10.0,9.778112505610087,6.858732648459986,6.176844056305579,6.6228245135015875,9.298237551889509,0
7.034343921206865,8.08249039997551,7.194090617678957,6.691668541175174,6.207353996255717,7.995155181774044,0
7.782048519520464,5.616570365976344,6.342886478631166,4.1618559589153925,6.745861761134277,8.028412954731058,3
8.469050812484335,4.912844298698714,6.697495065428616,6.441131405994587,5.713547333206941,5.707861127237338,1
8.159965422035272,4.874122710799618,4.67360776000511,4.334306672917147,6.769187248115481,7.668037581343088,3
6.629595141684114,7.394842791217206,2.6087599694458388,4.01200190490721,7.586902804804808,4.598558421940682,2
9.876369956695493,6.214043489928731,5.288912718043618,5.192375646207225,8.023625679879617,8.526000480591485,3
9.248192915525411,8.937967116042417,8.851081264127679,6.806504326723084,6.0547122974295355,7.890210760928559,0
5.887900387781129,6.2955463239650244,7.429044491436805,5.4873619232366275,5.421204935100208,6.1328806003009095,0
10.0,9.795594076753328,2.5065203770266837,3.571772323665051,3.17996307701116,9.470943429451175,0
7.936727646490379,5.152328870934485,7.493931688209186,6.718987657517193,8.037670190893675,8.154822516479276,3
9.166918622657711,7.590849010783973,4.987485558858873,3.6410767821434415,8.666166294129981,5.011878870556061,2
10.0,5.14811248771775,5.163974450020838,5.5154798262523,9.715998278267854,10.0,3
5.796992154650174,6.129666192347496,7.295421510992603,5.001075432485058,7.06782337685004,5.574395755955618,1
6.383984747076205,3.3411184800600573,6.207277449487681,6.344521211679685,4.003308548347536,5.149885164708172,1
7.532943556351617,5.290784548493067,3.8315702699478935,3.3040801480807795,8.319393884099611,8.561737009858883,3
8.579266864978075,4.1923460497024845,8.577095769972136,7.230069830074376,4.703742059165512,4.074333442915761,1
6.2043942300227535,8.1177071679373,4.662060731323945,5.174504271202557,7.096942365032635,4.117863363830004,2
7.088126520895375,8.898809107840465,2.36465656236864,3.3430736111064405,4.973128705044968,8.388120170685616,0
10.0,3.7117032312330434,4.5602119140433,5.279989846109374,8.13210726901744,9.833271002306551,3
6.6218617140594676,7.514029503459628,5.440585325435274,4.607211327772652,6.357232505341809,5.548744119303025,2
9.29887441809412,5.9728249316188196,8.326445021203089,8.982973424426032,5.687622977324533,6.391318655652093,1
7.676056737596408,6.452523592012691,6.157366700742833,7.289418760878071,9.14795596954484,6.690133115305905,3
7.12537910183468,5.5527638819837914,4.338146764362339,6.063606026659033,7.561118738660535,7.041462488207994,2
6.342698635444281,3.530416263640073,7.082506943843434,6.862149675439485,2.619539082397456,4.052030517941564,1
7.7907408965868195,2.9941213008487653,7.640331076369553,7.862515810247724,4.317914678344865,4.356413071508631,1
7.674006223223988,7.210202123837606,4.4466064574959585,3.5683725938083484,7.415992926926684,3.135338979157136,2
6.913546711937941,7.562988619796634,6.9660618471245135,7.2402335469907015,7.4033128863371385,7.546890871225998,0
9.826450782692012,6.235837505006659,10.0,9.125006706869117,5.85847126717237,5.951275214533468,1
6.083103586147171,3.852850729233406,5.922282598997372,5.8841895187102615,3.074123583284487,2.2252632293959547,1
6.872710876294974,5.826821953209506,8.884458301824173,7.609189066855917,5.611252348632543,4.524565460214598,1
9.881573930130287,7.955184436376675,5.275985149088435,4.769573762010288,5.026475902074795,8.121067389158302,0
7.266789961641262,6.674657302897542,5.277045178437981,5.539620854904152,8.798826402933615,7.182398690127563,3
10.0,9.221690715149931,6.541658694847961,4.522716166675224,6.405419141243973,10.0,0
9.416486666944543,4.65049453686384,9.522663799638316,7.852039668497121,3.608193096758609,5.431894536795924,1
7.9836688679615895,6.573635879313864,7.153563562986317,7.615641706529342,5.88296393642903,5.0800874021883455,1
10.0,4.4945205059390645,3.5204284187871675,3.3813674561579776,7.975549569417851,9.668249230751403,3
6.838429207561894,6.173355606700592,5.756615241719358,7.319616631820621,6.020610141085406,6.905583246105793,0
8.329724569902062,4.949384302546944,6.691515423640141,6.624125178331928,3.076552725670112,2.9315401775888885,1
8.01863022970947,5.344764592961234,5.331263774274733,5.095669533115815,8.372710900151024,8.758601276550872,3
6.077234372759486,4.1147146257475065,7.850740483342955,8.650604176018197,3.8709313941204977,2.7505744462383688,1
9.543177417416356,8.931016632834442,6.022960872789124,3.6901193836081427,3.9081041445133686,10.0,0
5.939062260524555,6.019775883949194,5.438469483106447,6.170015255698369,7.773767662840864,7.393298342637962,3
6.203107824167658,2.69504555135687,7.903216619857295,5.746660515112347,4.470638661573967,4.3584504297725015,1
9.193764473392317,7.336549983186131,7.110898117498769,6.319051137512304,8.485151009568181,7.355871283605547,3
8.987241080383932,9.357580145138943,3.0246985942074547,4.484925925840079,9.171280723784733,4.449374475432038,2
6.620349352387003,7.47607281286907,4.81069466879994,3.5257562713864163,3.786466525226068,7.153491097242348,0
5.4593450379782364,4.89998214799817,5.994099830363232,5.533777932472375,3.0798556256639085,3.5641039389829925,1
5.054504006557184,6.533088862975552,2.9892905995967736,3.6150492378245707,3.43169437865486,5.7937503630989395,0
9.80264440987774,3.6204366965378876,10.0,10.0,4.6460393574142005,3.5963758538030923,1
9.701866185044588,4.630759362367847,9.95468083626182,10.0,6.416899364147993,6.055402508706652,1
7.905723604400409,8.084661008318802,7.354131945861927,5.606666077249132,6.000855698953876,8.246501924072131,0
8.599570132540304,5.283924421248092,4.687053646230015,5.036374132983803,8.12103094920959,9.090693667141444,3
8.281816390237028,4.526342663106044,2.233074129168547,2.83399530026428,9.190609923427415,8.86073737386739,3
7.279407321241792,6.230378828933011,4.087174022024966,4.130406704746129,6.078253477398496,3.423652476129466,2
8.141235688603663,6.134390624566981,5.984236527115239,6.906263361400832,5.962473433907327,5.728349963544824,2
8.936539708831232,5.515037740952221,9.027611280470413,8.14328653410515,5.526249547056487,4.928330318084394,1
5.719615994077468,4.718297879407894,5.314800783955448,6.098713446996173,7.921675323208,5.31956187242772,3
8.480037089086487,5.91811374246463,8.813179575715514,10.0,6.594166242282544,7.733328296055836,1
9.67968322280869,9.455985509499428,5.458187911428352,5.087612007677555,10.0,6.991933890788971,2
9.165291467883437,6.293743355759137,9.676224952348853,7.78247542704702,7.256439137282517,7.535876505559279,1
6.599456481280198,8.560216719473427,3.9653252974508137,4.477820803855736,3.7335114067746233,8.30059204493815,0
9.11255695462824,8.570452752351446,3.576805745368766,2.8932571689401514,4.654527175132122,7.386424432457042,0
7.859483872285382,4.274115712503859,4.755217641736556,3.0171288717184845,7.558001274139212,8.78651749218365,3
8.249990535321633,4.478150732036651,3.234236513025052,5.1257666584705435,9.773115010518076,8.755295833129273,3
9.612140466786933,9.784680402768851,7.956999699934064,7.512693393385024,9.249055780246389,5.469506674300861,2
8.819906763290154,4.1183024774883155,3.331803612423978,3.859647400102148,9.732583325106699,8.811967553443411,3
7.020865960852462,4.1887871966795345,4.415118772480581,3.3293226038506534,5.590935834874078,6.4374149325087995,3
9.851769391672365,10.0,6.967913519019431,5.169846290431233,7.21873378640295,9.451005562600624,0
7.242962421015262,7.840902870616277,6.466650868076882,7.2237032601878015,6.201805021414843,7.919565156207879,0
5.917902752210022,6.372633585495466,6.193101548373305,5.57137805971971,5.488837350963475,6.419917812367557,0
8.937815821497546,9.238504193770538,7.395695234600037,6.913736622621493,8.365937211057732,5.943716678162133,2
6.515273991197135,4.669242707473156,6.989397994022252,5.875004938738745,3.026869433521394,4.0026340236717886,1
7.098286613082031,4.670829933243779,4.597683221328794,5.110364596494834,7.329662641813587,7.107365495657568,3
9.820949391662266,2.945447057353888,4.494957908240083,3.96098059895522,8.613029850794337,9.736491463601318,3
5.543267070969188,5.592478238676987,4.734368059713585,5.061928291130875,6.285692711415723,3.5443484246111963,2
10.0,9.181068253240738,4.367087285530297,3.363601668993492,2.1603274744180787,8.98858693161838,0
8.849492504337933,6.5045492346167775,9.346149856153355,8.014501662824438,5.719084085919763,5.875235131528977,1
7.529339317038561,3.5960930479224644,3.641401047379688,3.4747150066217682,7.958275459986575,8.489359718680625,3
8.592523721618896,9.788053974103908,4.724376171158529,3.6864523835821994,9.463458005533298,3.431032120975514,2
7.944845503818478,7.244707035037302,4.921139795840136,5.226640281040703,6.630780505017039,6.084046669858378,2
7.439701667827219,5.39810523405105,4.36881136029151,4.735713365554941,4.723718740298231,7.070962150333954,0
10.0,10.0,5.3136964070157795,7.289769626271343,9.12406052653808,6.121376339074266,2
9.451706181539848,9.471180613367984,5.4144028139479,6.481351724311315,5.904330445044758,9.419549283505,0
8.864250266497706,3.590096751856263,2.8959305774810455,4.603992269626168,6.890408959555459,6.098545903407146,3
6.380033982339004,6.545462551868392,7.001463799803582,7.5783838701004385,3.807064385668381,5.801100324161141,1
9.997634364777142,9.574445029348885,8.411950685705577,6.2369955231884235,6.2254970281778235,8.543981997169482,0
8.661019924217012,6.447733275307869,6.64908889358708,7.709473410793297,6.248554176732455,6.886376322328934,0
8.75586482074068,10.0,4.200437772581523,3.761692617884875,5.680099698224632,8.037993590375223,0
5.083679893497541,7.461321169045544,6.146865386228654,6.3640932214206,6.366196969119925,6.655493670389839,2
6.698187546529648,4.034544822835016,4.285533407698417,5.010360802503671,6.161222067543504,6.588416522696798,3
7.100012411332558,3.8473837131918467,4.909565199940706,4.151002325396184,6.457606538273816,5.99771311579831,3
7.729004552660346,7.351899076759724,3.7524278872038845,5.248578499666835,7.445445437123735,3.5271363668795788,2
6.031650408556065,7.963656675434343,4.662435498886945,5.743134533181607,5.626533587490741,4.785958016202192,1
9.399692942068238,4.879056361397096,3.4071273128875426,4.641498386130424,10.0,9.915012414151002,3
7.163667232529997,4.102382638723018,9.249412246731897,9.178030852088447,4.5933862988740986,5.833496641000323,1
5.884146324797319,7.818931105476194,4.1407277651548995,4.867656413049454,6.314887302464726,6.059475670676219,2
9.43503638900005,9.473649952084855,4.8670381822252935,5.751091694774754,9.889633605223034,5.643779411856542,2
8.611008840535881,2.9010586710345505,5.61739702938544,7.508980923028684,2.405545542598695,3.3488538493395605,1
7.550964848649553,6.341321385051411,7.076689779647456,5.9965574432293325,5.4712737427851,4.300328884037753,1
6.134381863663069,6.600413172115454,7.685743966072279,7.9257183219302565,7.061921014306209,6.920530758790769,1
7.049430987335144,8.74791449284039,4.957574369720292,5.436897018204699,4.503779006775427,8.663335194304327,0
7.800125927532422,3.41046108376628,3.7676808098708943,1.9910137479107621,8.51656585439921,8.90378726436641,3
8.83546288662126,6.10652139251992,9.525581173604262,8.60386852629956,6.852160614223502,6.999509450987085,1
10.0,9.002026333665642,3.221542738633795,1.8223987400332617,10.0,4.363597019448368,2
10.0,4.839207952241684,9.580693708256696,8.628427232093607,5.643877136118762,5.95509085251791,1
9.186415018306674,8.796707951981379,3.990351675019065,3.8462146778749142,4.259787498727955,9.647775994266867,0
9.3479542740894,3.1094255500537527,3.8664012057625987,5.229385490157347,8.063822390559054,7.163152676144986,3
9.705029077543934,8.516925986646681,3.997966783346497,5.412849836545872,9.281219454041269,4.163631086118838,2
6.430836597688262,4.395690940585152,6.093890736275647,6.257237797333382,6.355244461600838,5.06862409156275,1
6.032639503671176,6.474254192601501,7.53969574134165,6.046510540899471,4.907824119890424,6.788030172562393,2
10.0,3.23142406869819,3.3608612856944013,1.610459221967293,8.546671274046737,9.210610504229582,3
9.595020220947267,9.371468083239963,6.493569964382269,6.106550243249465,5.574234412181647,8.682182739954955,0
7.320348463633592,6.6899783834804305,4.790731706958573,3.1306458778494712,2.636850261296511,6.899212143073422,0
7.895149162761082,7.484730370928756,4.680764390791349,3.7916865666131194,8.424602981602037,4.343026755122947,2
10.0,10.0,7.066710015735166,6.239216752456934,9.793493238247299,5.868702191961827,2
10.0,9.779473857174166,7.475934289595514,7.925846808496695,8.464810575340094,8.931409064050156,3
10.0,9.215275995512618,5.4335225625857015,5.294022055518188,9.943294219374259,5.278263327578504,2
8.745486864229171,9.079968749124905,4.3191944774529665,4.459042694358574,4.797045823316888,8.17153675860552,0
8.065879972331748,5.625237068154845,7.061975476094147,8.82979389151276,6.6817980259906085,6.176879447681023,0
8.930216712707853,5.352312721541523,7.390424765852254,5.653978288039587,8.543367210738289,8.706187761773949,3
8.146980641011382,7.752347803181913,5.216897893857614,4.5119032956483895,9.07844841545299,5.354428384919782,2
6.089703548795676,5.7088846535235,7.024739405578981,6.133950985363433,8.718904400193654,6.484252072533176,3
8.4024075011338,5.920196880923475,4.883628490401689,6.4891495982430705,9.756291193561578,9.922753732682867,3
8.635070650390883,9.424116829604698,5.510519183253505,4.592231359381229,5.605182003789535,8.220482176494247,0
10.0,9.109668782944926,5.667785595194198,5.907879848982052,6.062319386876288,7.370820127251871,0
9.588026787613071,7.640367421983884,4.159135050779011,4.502892362879798,3.5145118807633073,7.369729790992873,0
9.44573437396659,4.2795811302343285,3.4323455151273916,4.165807809667687,7.545698828993601,8.395048497743822,3
8.047044162475235,7.407406611574045,3.4158989028621956,4.045401549378123,7.983691860090681,3.9505038462159163,2
7.1639152229563585,7.88582070272827,5.850248785285197,4.334398969482623,5.413296855586733,8.186958890066363,0
4.760325312465087,3.829486417041131,7.343324287826551,6.715116274615281,4.67913756003131,4.845971238022886,1
7.150839226453786,6.927236790437779,6.4948293596094775,6.660029250129235,5.9582887576195125,5.576816552264951,3
8.277382530540278,7.068616001368712,8.81013113046766,8.468444221712979,7.30060863013104,7.059465573032968,1
8.810445718188003,4.762482639206005,9.002475855009235,7.85246675150903,4.825581810277133,6.13453094915759,1
6.63890700813519,5.651284025373076,7.0300278382095245,7.018482553322278,5.789335626528081,3.145211192553499,1
9.810512886908528,9.6478919315126,3.09557015501681,1.234273543714243,2.882536894600612,10.0,0
6.4024412887710165,7.428933201526927,5.043263960919833,6.436534612040372,6.420400597049009,7.31636698874243,0
5.777810322010988,2.754804796473143,5.8030828273547375,5.556524294653896,5.092490345838439,4.316111983590238,1
8.829739877433793,4.996325107534042,7.735610032823114,7.043366104550158,9.002940344647199,10.0,3
8.980871485902512,2.2446881306152804,8.965524770550966,9.792617532162048,2.0018892969058975,4.241046602358805,1
8.978801328237585,6.817345783524709,10.0,8.861777680339376,5.417449504095636,5.231288406115619,1
6.084934392715967,6.981412480189992,6.096593534224813,6.374227853070622,7.309347674950337,5.998327986293534,2
7.79015054215814,6.961669072735529,4.910786271393333,7.725139458932207,6.832511664722571,7.782322354818918,0
6.426725514992195,4.213741125093516,5.1407143131719595,6.9591880717121235,7.468320596389379,6.645416952686359,3
9.127694811831333,5.084426120689653,4.271762883250029,3.6450151704325657,9.782224196588437,8.998294016747703,3
7.704270480220815,9.117197227746836,2.7372401760280467,3.4584921645661386,7.9928375831364615,4.026131571020379,2
5.923601565922645,5.490504747662825,4.784131975819593,3.1804194957384233,4.768513525209114,5.755032461441155,0
7.926453791828208,8.851162013799836,6.259480466787714,5.701439013124274,7.350717036787266,6.890669280164365,2
9.090377332475855,4.108602054819989,8.65199627291537,9.190803602985008,6.102874947341305,5.623879517093548,1
5.641746135727488,5.781743139608801,6.113900422446605,5.7821882923700025,5.115812765263059,4.839443820494806,1
7.801927224953652,6.38403663902307,5.814397642101122,6.166365828139472,7.844180628044023,7.98376461648646,3
8.914768283070384,4.827599673960282,9.472465079402799,9.328487828556215,6.101814823338962,6.962818888408291,1
7.488033880648503,7.592562177417278,6.185481340442515,6.996823920010858,7.417320231054288,8.44306946303251,0
5.885230348842215,3.824573521842319,4.851291535867868,5.875885161116131,5.410687413246558,5.930554951758677,1
9.772724840205344,10.0,6.40226556537003,5.557278164146715,5.882308495862101,10.0,0
9.049813041216058,7.066023390102765,4.486897468029474,4.373670293081068,5.119090257558225,8.008327229197793,0
7.541542027911591,5.216094924671669,6.088181234103718,5.951686305758802,6.159966976052746,6.27259263085676,0
7.944652108554532,8.04763520425977,5.914522892228962,5.38466636780862,8.137223152783713,5.8629126565932355,2
7.6626391415714075,7.658402790177668,6.361074238966615,5.202855056393668,7.568007465462094,4.662634531543461,2
7.412846658257206,6.670121112974083,4.588724417709224,5.342484296434552,6.01875971272908,7.113998123215206,3
10.0,7.639148434990695,10.0,9.110790191463295,7.693557495643466,6.573104112811057,1
7.89399169735236,4.787130643321457,7.587813978193411,7.044928903658596,3.746716456470978,4.055873307463239,1
7.6579352980486215,3.3978036739873048,9.059861466868034,6.416521825433017,4.121618411037922,4.232446662574132,1
8.655281994922973,8.856931429738246,2.429314290141216,5.120197746222496,2.7996471564909466,7.590117942594494,0
6.544947677674133,7.307138332924884,6.62696697655765,7.160659070788208,6.722201460327199,7.012170898658623,0
8.803455535616509,8.28222605797996,7.6565914398398345,6.176225376277976,6.002698945874669,8.49970584072339,0
7.82892353212716,7.987753265991542,5.43066333617168,6.288117577333478,5.806653503568174,9.098335156962488,0
8.645589159680464,8.317467786352113,4.663214830375456,4.121175774042669,9.04507389004195,4.963699898630461,2
8.902303950711472,6.300909964715571,5.761522175691694,6.239044401586708,5.810039218725656,7.785480081156458,0
8.969572376793538,8.420865677999748,4.179433543039759,5.1608240597238435,9.735458182507367,4.2414619308511705,2
8.615235542314412,4.30364257610385,3.301190405255818,3.2409645040468864,6.950930243142212,8.364505813196304,3
9.140695212671428,8.50983684624081,6.279624470885147,5.535318088116512,8.069643885962904,7.766003931283124,3
8.637790019035034,3.802978426612151,4.582974554421558,4.822453948054323,9.049415143905346,8.657632878908139,3
7.049012687723806,7.912672755543525,7.346302205601203,6.8146837937193085,7.395580430991144,9.105756428701335,3
6.567671483948971,6.479494849173356,7.408217514460487,6.6802472467600635,5.928096204650891,6.613212631832318,0
9.64404301097548,10.0,5.366331754375928,4.959552524586126,4.880485072438191,9.121124195469063,0
10.0,8.828243261790533,6.923846307091637,7.906593933581394,8.361251291244791,6.33317556401839,2
7.499312027508297,8.687480385480361,5.598990233811625,4.424654656567661,9.006702191012304,4.711016156430535,2
8.784779368523463,8.561854400053203,5.751880224646308,6.102889647419798,6.429524112498736,9.40072044469058,0
8.11729928604818,3.413965267369223,3.576716936459924,2.8837858405743413,10.0,10.0,3
9.527713195821072,8.88988784460511,6.377726198532747,4.339405851124601,9.073329739067358,5.382112405989042,2
5.966364469950867,5.632303146913327,6.039694705052481,4.493972331319947,5.277772276500832,6.821435890500564,0
8.94725132576325,9.772827887215858,4.175974394425294,4.31688850823487,4.153477012407478,9.36944316737535,0
6.647062509838857,5.808688446087797,5.53638657022136,7.2541772943945055,7.687821989397724,6.07924457579057,2
8.782359065275843,4.027934577451935,7.796950649871527,9.117314330682474,3.3480865234608395,2.9476532399880737,1
7.024217984523425,3.959860001559375,5.268140795652597,3.171025317857452,7.902698585998098,6.342095048777747,3
7.117301315674286,2.8868812905659547,6.800059030517125,5.258152609283265,4.6045091449394295,3.7177713941833783,1
8.785376296160683,6.204324131978982,5.401937889833323,5.073096099219679,8.535952103860092,8.102171378575292,3
9.022427819364534,6.6246117639988675,6.424471706588656,5.6116953757465495,10.0,9.489245704613424,3
8.513322019828166,3.7995162376725755,4.612758741055071,3.0910828110289565,5.8289563380853675,6.209620638679439,3
7.673354054134682,8.673610813478899,3.2886745565063014,3.176914347379936,4.153634962636094,8.400077116871648,0
6.757144616950984,4.2175819446728795,6.859195617108025,6.960268902821878,2.902971430134548,3.9705325753868776,1
7.175437977918136,8.397323432376972,5.205494219995664,5.349361428030983,4.496825606121209,8.00824573477722,0
10.0,2.4195638957131953,8.873457074449059,10.0,3.4772219620010065,3.156598348143982,1
9.139799792680376,6.616787303633589,5.300208606559097,6.866720905995581,8.003270008978063,9.000793475021863,3
6.504326999826056,5.9841155926145815,6.69437014712493,6.327625004797289,8.219208513433774,8.957461577005459,3
8.529849807262762,6.040620059427744,4.9496651480603315,4.733699113604212,7.1389621397189,7.7733695953357165,3
7.3694930354510255,7.086051701302492,6.893479550445125,7.24809172795164,7.605222712128863,4.45126957977706,1
7.6303128814349295,7.195217381998579,2.927409355981876,3.5173228412080895,4.362659055252728,8.388478658845491,0
6.809569022739941,7.859977141138757,4.3595909668367705,3.501541154326831,8.724472410177354,4.8676062532417115,2
8.413916057392871,5.912764963975689,7.878922418800123,6.664876737109402,7.143119134558669,6.69558652101255,1
7.151048739285339,5.352772001025093,7.427480687742454,8.279667997697688,4.473132053902823,4.687176357994054,1
8.157000481627616,8.773605784160926,3.098070177966734,1.9760397366761957,8.92367541338723,4.093829327092954,2
5.9084962254252185,6.011229213046696,6.690214870947073,6.492583668230494,7.658032879411046,6.954521387253333,2
6.9577912739538705,4.977850835101544,6.99906424105086,7.714839288498545,6.271062429101409,4.486852292754327,1
7.360369854188978,8.820330197898228,3.948054304227433,5.112520556690548,8.057084657890329,5.207925524489501,2
9.282335048685315,5.426742586885575,10.0,9.671522788917924,5.984615384077796,5.225650252292985,1
9.713427529564441,3.666516390796811,9.930320577801393,9.145960691172121,3.1785661385401314,3.7470780759760505,1
7.824587634347674,7.756500408056564,6.885444334707729,4.90192850004077,4.450320660222284,7.60925595494177,0
7.669476588025841,3.6196300265828683,4.693481068147092,2.933980660683053,8.080988077790145,7.290431249048494,3
9.583192157917388,6.594529187040936,6.8064623580399735,6.915600409028995,10.0,9.979785105231358,3
9.581002167738752,9.649072294286047,6.931586134452941,6.623031464311447,5.637288721689676,10.0,0
9.235216180007411,3.1020220058520134,8.045866068402542,8.46921096476837,4.140197666893349,3.9375509129794555,1
5.322118544749236,3.6879485558424765,5.225316444550974,4.975689931115594,2.770564697171562,2.2806954638669263,1
9.611481598583651,9.34233124199086,4.835413172823098,4.663796342525825,5.02772585909139,8.506037516069844,0
6.678663353889298,6.6658842978133475,2.723157393005669,1.597347161308352,7.938917713775871,3.7078521610137907,2
6.948021877663112,5.832835610083068,8.179829709955376,7.995917579204051,6.504835862139731,6.618649970011436,1
8.280955522294791,8.457271175259216,5.835535112409574,4.979585851795445,8.839449586717334,4.201196477924062,2
9.086328371015412,9.252125522851047,4.208588900196561,4.2866268688983045,8.205419337603447,5.532750569174763,2
10.0,7.945829094441171,8.785126640059673,10.0,5.926209870574789,6.68421534066292,1
5.995663211734475,4.134036144666831,2.5824440384785614,3.832721266393259,6.592467866574845,6.2606637421191085,3
6.192858012980707,7.22255659006027,2.6947552971060906,3.9201348326862853,7.244198036521138,3.1208606891101427,2
7.150395820723006,4.8190341584813146,6.0814383012375135,6.357328298806667,3.8835148660847416,6.102773656553326,1
10.0,9.499071590872957,4.141929484253948,4.705065012044429,9.82576805824151,6.167259890556915,2
8.60262876937087,6.5605229137131005,6.7711797507395595,7.104368479459414,9.73902861727437,8.632961839853978,3
8.82801748643491,4.898657353142376,5.276761578707985,4.064958371654046,6.973404214029923,8.56869837856031,3
7.818761442878681,8.131910777689258,4.197581235318582,5.3454641248677195,8.986492989487168,5.532286876152721,2
8.732143370534537,5.53818378110139,3.4366830847134184,4.632415874678365,8.943288521594434,9.142601785489,3
6.826586267772468,5.929291942926513,3.3846138904218694,6.446684888541822,6.524258511144998,6.108243504766788,0
9.258895410519733,9.57614685432264,5.1722114597995565,6.223802623982962,10.0,6.395337591378722,2
6.764123600901434,5.272370971601426,6.516507180510283,5.88426525066716,6.98765843737196,6.919449705846481,3
5.662700436527573,5.633975228199615,6.904143283305008,4.714285655276544,5.427409879732652,6.1962042098105234,2
8.233755028147531,7.11662674783855,4.306958679289414,3.7252060643561284,3.1539289214832937,6.232958187872892,0
6.1097902120010215,7.089498604577993,2.4122825011820592,3.6633526334197315,6.410575495377799,3.7993587336837096,2
8.848002654811367,9.83322325161491,6.5132478964204426,3.9279005043983526,5.275938701871924,7.808662258347026,0
5.6403883436415505,6.281813542882786,6.405073719296101,4.558354209006,6.6683210439307565,5.999355764985441,1
8.595089276641058,9.086623729555187,5.344302106531375,5.902822558826373,5.740788949232047,9.824793178181249,0
7.688619823437374,6.063131597613929,6.18869630225589,4.517514921202942,5.768501131430895,7.474357861929158,0
7.864903112213415,8.582357557925453,6.5642520731219385,7.611988179798139,5.99228791073269,7.283748030193251,0
7.735615106346449,2.571397001929994,8.179382147527837,7.4782089897213435,3.5933148626180103,4.790999596700622,1
7.342957521012074,5.149537012336968,3.809475382553786,6.6550697730902355,5.990559450191195,4.263329730314535,1
6.168769551519364,7.72676708681668,6.26807069040524,7.930454552725103,7.265290842247391,6.639377309148977,0
6.8819435679511445,5.6810971038409015,4.410021133286,5.2011088223094,5.445113227136672,4.959577895995644,2
8.894062091532232,8.924724738989605,3.0056789030603905,4.101661300879147,8.55110994408168,3.176141295561205,2
5.883533101207252,4.742664209961623,6.810247910670163,5.233392221353755,3.4720965245088573,4.02963744705723,1
9.455617798383322,9.567914486265325,5.103497322298529,6.556212279592787,9.933312893136927,6.358701270412425,2
9.820129795058703,5.518195065255348,5.016300359850071,6.235794060002516,10.0,9.92642876884818,3
7.969552212662748,5.308632231483083,6.536264112428799,7.261468250369388,5.107824926457044,3.5245919994141546,1
7.929337887873127,8.88774446216611,6.63264463155243,5.759114137517646,6.864956253611944,7.49448809380994,0
8.490624051473056,9.301144196733208,4.611431065212966,4.682667584595786,10.0,4.9630527602516405,2
7.451382541773956,4.962797169221632,5.420163454743285,7.416895637706423,8.097701925549174,7.23282536819865,3
7.289636587890651,5.657435267431689,7.025845174871338,7.682270962291367,3.4836966207818683,3.7388158592782244,1
9.828715630856973,9.439150514702936,4.4017055673579595,7.641219570168209,9.81339389594358,5.766757800144615,2
7.759705331306547,7.1278128128564235,3.966739591610615,3.722733402628193,8.617287009362467,4.425037742677988,2
7.934110509054035,6.288283633024199,7.072484570015201,7.221586048753775,7.0615749242278625,7.427491051029625,3
9.004652976428575,9.86109210429788,7.046079047588245,4.531977694301268,7.703090551700329,7.049057414383504,2
9.498622340645397,8.086565365023816,2.9039342268473933,1.3596494418206744,2.110678696117943,8.4802535499269,0
10.0,3.745021864830441,10.0,8.881956592204437,4.660476385869439,2.6043571847943348,1
5.150125883610901,6.0441791617376035,5.528912376209317,5.03587013328998,6.43044019797648,5.1071262531088255,1
6.834423979774036,6.942436824774847,6.8380105634938335,5.243318546310525,6.783491267840024,6.346595918814803,0
7.609203808123576,5.974205657871827,5.275395178640948,7.282774698563015,6.590795893272959,7.282894773882305,3
9.658768170373122,6.12022778540021,9.047849922157273,8.228037917562242,4.959378786697143,5.206938206411431,1
8.390375625035173,10.0,3.665918712246297,4.796378049823405,9.26391109640647,3.3808398493822933,2
8.213710632605341,5.6223905583764395,6.2399046287473565,6.732326057741837,7.095875775202024,7.4058775754415835,3
8.049871271068852,4.8317119334414835,4.76421666668862,4.327018561859398,8.093841034353657,8.57104973696641,3
10.0,7.937710494302525,4.249413280732636,4.096649186628709,10.0,4.931695810183147,2
7.380830081188349,5.366679656833032,5.346206772090203,5.523496671945028,6.225875892575513,5.460675443862814,0
6.822925858205736,4.694991102565935,5.4249707385108605,4.924412355892789,6.843606429690881,6.907510106513449,3
7.977839961963759,7.270842279351289,8.470026395808746,8.38946882226285,7.275859937483713,7.5981506163083745,1
7.6203484829938395,6.156174530372557,8.12562512649205,7.283388103394099,5.8303760852760735,4.065434188068472,1
8.223222018066181,5.713581368318344,3.325684921541817,4.5381051495873255,2.3421325566626594,6.295259600533547,0
7.7724546245505515,7.356439870047982,5.8697845460518465,6.014367211084829,7.979741611559059,6.260247304931138,3
7.863467959838153,6.400469504184426,4.084768076795546,6.197846195610598,8.58422144008018,8.252983134701404,3
10.0,6.389378190509663,9.215213413936882,9.218475331258276,6.793878248465029,7.629528855547904,1
8.730019330134516,8.976016111766898,3.5998569061164822,2.9672445590982526,8.616772334132833,3.729653062315491,2
5.093917428348444,6.965787377110512,6.218702738101966,5.47633600291688,5.673934232706635,6.790992334538562,3
8.33097165404129,7.73104514768349,2.669499547164656,2.073314885506365,8.9383314058677,2.37039137653075,2
8.87141348525324,8.501967454195762,5.240602911737945,3.4015587097290894,4.024040800154094,6.456694306525973,0
6.899191830647697,7.954909388976338,4.384162884235085,4.4221029709986555,7.694824960118565,4.571575369588551,2
8.294242679521139,5.64671511913938,7.254426671254742,6.315510019253672,9.390645770626378,8.808965128393071,3
7.211285168936836,5.327248212131651,7.082742835848405,5.8433634926034115,8.519920125903774,7.737842958969043,3
6.103305515628997,6.0051987366502315,6.923930367217749,6.5812934590075765,6.6357939364006455,6.305155158842188,1
8.04873569742032,2.243438287500689,9.836228708521816,10.0,3.419886215574439,3.85449796309133,1
3.209103010052127,5.22482357208452,4.754391786006637,3.612957878067454,5.406506350408111,2.7613481823653014,2
7.970802740410166,2.4661067702317574,8.747410334110624,7.893128277489934,3.5063032043485003,2.781357556851706,1
6.508105909540076,6.563355030943101,4.2112570214678104,5.072465869710745,5.319734297409087,5.2197808397284,0
6.507634551868632,6.202163017077346,6.028907226777149,6.360688691984274,3.0673175205687704,9.507364602276482,0
6.56359373193022,6.891154891243614,6.691745633387937,6.259149440839451,3.9360965027764196,5.322758479031236,0
7.389286767129424,6.813794636466443,6.9307558466121595,5.957568441904665,5.45356629670029,8.970229255567224,0
8.306334470300667,7.491384691566309,7.215334865548678,7.192062902928626,4.985933499209269,9.567265174192869,0
9.350953383972653,8.134368121994441,6.125579688074497,5.8274352915050125,4.180427195828442,9.648841673077193,0
6.32673051994155,6.233150526865401,7.305492963262163,4.218795397025723,6.177635401784056,5.471847213742246,2
6.9614789619547235,5.625462682397615,5.906301911446994,6.93238443775195,5.558743773387833,8.347751667274888,0
7.415229170809343,2.6695410320869497,2.6401252742573877,3.6132747902134073,7.603362009573947,8.425684831010793,3
10.0,5.661499802792591,7.050250797941139,9.317937376266496,3.8441495457248167,5.684686588219165,1
7.881551860843318,4.371130367258234,7.1191801822030945,8.093438639561084,3.4281708568394293,2.5718668139595726,1
6.617009409215803,5.605007371005391,3.801202755450363,4.51683714946757,4.0733321718750926,6.069292177373291,0
4.780615454702727,5.419031503057047,5.223702495585555,5.7345948141283625,7.178144911101841,7.312697133518528,2
7.90095764743642,5.22678705850538,8.86860990349694,8.27269128103537,5.553767320039893,5.6255810069366685,1
8.548050559777426,7.29136681736054,4.349265653046646,4.825247732977124,3.1164984980244705,8.870954397920169,0
4.889381739037461,5.011758834909656,6.714003313863292,3.293668073653957,6.040551533837484,4.071148258827227,2
6.8282421086858545,3.3449900418992944,5.914661102163422,6.449745408448564,2.5469869991682526,2.8414153681085503,1
9.04698195356698,9.135511126346115,6.365311771563832,6.050832241035779,7.684915734329781,7.794439680637105,2
7.600758440047553,3.7644716400196643,7.142600991031632,6.371076490951895,3.722944758869861,3.788890819851025,1
7.672319347646559,8.564557212557165,3.3330374534430063,3.989746045744914,8.131152295937994,4.533326474170112,2
8.378019378735846,10.0,2.9979716098034963,4.21310776971138,4.6655268069585825,10.0,0
7.95194582739068,6.278346588719982,6.0551896792837105,6.7094159215823606,6.899365229338812,6.4108748489666105,2
6.701214742704769,2.336069374866745,3.069680955244504,3.553141271493532,6.55492037333965,5.678704119649745,3
7.476829105594351,7.186103974089013,7.109357729194939,6.6686593353154064,8.307345395056196,8.124025056215714,0
7.357540757215172,3.5881462553961314,7.0943619191082,6.857360675220057,4.4772688946476205,5.275098785088595,1
6.80718842449365,4.02089402567467,3.780233160288489,2.622342941415145,5.280071981886788,5.765080099650352,3
10.0,8.645447353499934,3.6980629364396935,3.365220915026191,4.865650969930018,9.32565398010214,0
9.280923909253751,5.221459944782451,8.868423309495498,9.602684088609509,7.013691418787369,4.746493283883012,1
8.334799132290629,7.692975549812282,5.515425819303904,3.3820619383471473,2.930858174885639,9.675453129098633,0
8.058068297353906,7.47049511689485,3.268100636357276,5.325165409249895,8.372759565688128,3.3781951251615276,2
10.0,9.034270511973507,5.954419891606006,5.67816856548345,5.490628282424998,9.502743459382364,0
9.480554742928256,10.0,5.564379889045513,5.346029114851079,7.49036710724049,10.0,0
8.443764105524771,3.127455541553288,5.142165794401773,4.12996283332602,8.997326203983944,10.0,3
6.62126617546373,4.5368059259891655,6.74432647099948,7.595141008442199,3.9864024732843384,5.061798493623886,1
7.918231433563052,5.978775389041248,5.0836409018076605,3.4348676097270134,8.195663302600881,8.38190045009806,3
6.542076200967112,6.6087520899246375,3.883713163861756,4.420471258948011,4.7522905541774385,8.431929923935865,0
9.635501140949609,8.718726276760785,5.8312527871411035,5.0882888581622385,8.922352061825912,5.680084332503151,2
6.420081896120485,3.8108064695203514,5.618466985909139,5.902697125613033,2.4433553709035127,2.403937155133377,1
5.726838826117287,4.004913596450435,3.361405753400926,4.750561790745233,6.158469027642763,6.16387951969038,3
5.24469939282493,4.947635123530312,4.314020564167619,5.284410587267033,6.518768664947405,6.772360855466857,3
6.712602717776612,6.653799413682029,5.331909475083883,7.077826656751104,5.6274795032243015,5.684783640709092,1
8.10968305079024,6.764987040489958,4.133067692896669,6.74844652335417,5.794369921692452,6.313182215285973,1
9.762397640897898,9.976907954966316,5.676383958080052,5.267223524315703,10.0,5.164874682142475,2
6.480079013223309,5.6880910575727555,6.950140439300557,5.76256098335622,6.557988645297176,7.710838487764599,3
8.385274719150642,5.752192918491392,3.742617800531665,5.71945986938405,7.846338917786576,7.753888181373397,3
7.071771075019987,6.741583824332731,3.6347443634144425,4.467796825866993,7.230368691408994,3.393157614827106,2
5.3814398282731855,2.7054690248848408,7.7142001275620755,6.321062753172799,3.314512796465725,4.454305066778298,1
6.092796409858703,5.516702678801187,4.706557161073359,4.18839307777454,8.389188007539389,6.507202710371473,3
6.992812210452969,6.435128327774337,5.263589967236378,5.270760233810266,7.253964495222044,7.894394102241623,3
9.071548978082893,9.575665896798473,4.756944523463248,4.745697215655796,5.4200823911351215,6.730681833553162,0
10.0,3.95733144046667,9.799953016689868,8.52697032744663,3.648609443700939,4.542310619319188,1
5.703102854226412,6.826464028906429,6.922820819052542,7.426913817750285,5.814492989344315,6.981259694057079,1
10.0,9.043239599052674,4.565915505715014,5.239278169587914,3.3948917914206094,7.894409718369406,0
6.474811466264784,5.538278634451528,2.3383194878478983,5.870730681090702,3.356079922705293,6.209589082135498,0
8.22234790441466,7.156159086712865,4.253554485299639,5.102426620042357,8.707107088375157,4.196826109348794,2
8.91566776443426,3.4159931910129657,6.933504651235721,8.511701752576878,4.667211691888515,5.1473854895952105,1
5.467821452463763,6.315079177699696,4.151630557455405,3.6698987893661994,2.734403049402716,6.183454360731938,0
8.464302761318034,3.957923472264461,8.2130416225264,7.391628328009104,3.2464962198496963,3.0496837104235244,1
7.492832184254417,8.09994515173194,5.3997533562957525,6.286030882486175,5.819154674437673,4.757164823118386,2
9.622109800112433,10.0,1.7412975301803322,3.44769774320189,8.255583154628868,3.5269932740889436,2
6.838387985654196,7.037130667622716,3.524729942760962,3.020646204139443,6.718014496598955,3.170570742507273,2
9.716020037515184,7.008071339445989,7.163543511335285,5.740242398907908,8.661786150023048,5.275250279502782,2
6.9644253916427035,6.39577580688913,5.977938566789113,7.033947179405151,4.983102685441155,7.466838946710352,0
8.626189874392832,5.276113595612432,5.522510882887616,5.538329334258761,8.517935217887384,7.39713714359918,3
8.237774493245986,6.796270168273083,8.439871506674603,7.561007149210343,7.01382071470771,6.984962482941082,1
9.88019245081084,9.67193591379116,3.127911694284089,3.144651533667548,10.0,2.962537519546176,2
8.168049986903256,10.0,5.5038207576372535,6.473620952519303,8.094291191034966,6.818307444046644,2
9.058483737800263,5.508945208659628,5.272958817356611,6.776132286184179,8.17103307485883,9.076007736702605,3
8.20894615163461,9.334933245468466,4.576638955432782,5.1509912774222,7.026524860463237,4.362409032728467,2
7.046900479662024,8.514310624539378,4.045064648769546,2.7354184254497227,1.1088046071264652,7.493875295861679,0
7.909342837544189,2.910008924843213,7.641570849480972,7.6395009193860925,3.797968659631295,5.326101511752192,1
10.0,6.402292465896153,4.600458195609377,5.213585288799158,9.563061179708328,8.665603331093276,3
8.02315443291144,8.44909238766625,7.447902377118953,7.124608962322733,8.375840338669487,6.231875145694494,2
9.698275566738824,8.987398319216464,6.529938979953833,6.054400245989916,10.0,5.753848072817759,2
7.806426906920288,6.7283464403426265,6.45707801029432,7.11455421243837,7.476017545428993,7.4247586846740825,3
8.808601666698898,3.4812089067369314,2.6888429594612324,4.36604378123513,8.468731032557782,7.249451467048947,3
8.442162199478217,6.816541556003707,6.037533353799418,4.858250734828093,8.938775590506603,8.522960787674835,3
5.614917981708018,4.837713155132166,7.368353501922302,6.39938070719819,3.896672274498222,4.508652655475305,1
5.59377511600419,4.307695154569774,5.812631861256952,4.062944855094173,7.623376089188953,8.035970622024209,3
7.555833804088562,8.210885795458493,4.583249424206181,4.97099079218202,7.229372668945433,5.820216919866551,2
7.373117407095066,5.41099518022268,6.4596503204025435,6.044114963452545,7.564782453575439,7.748969644244849,3
8.004857982293744,6.483782032780521,4.682583406478826,4.548463796552885,6.980307871706548,4.5352932597831765,2
8.274228019139503,7.80688539655244,6.69643711750861,5.378333656782669,7.865698273555797,6.184781391262078,2
9.792717445674215,5.521808706535983,7.09123323014623,6.228519446359549,8.771172035349515,7.7611083565596966,3
9.040896946893001,9.419750501248327,3.296374023870902,4.168777532394597,2.7318091326451373,10.0,0
6.459144062398343,6.429387613195042,3.8327023472687287,4.23217158340819,8.053806691686693,3.550353440713897,2
9.042888084139948,4.712367462338635,9.50262948308153,9.126679460948347,4.191958865000896,3.0933442243870735,1
9.52339064913385,9.196518036559624,7.213412877443635,6.475651101117995,6.702974946356964,9.013180933642195,0
9.910278285520604,3.367489907332661,10.0,8.738434703864762,4.199426209343582,4.262336347689604,1
6.639967599504867,3.614366254956674,8.664361664295429,7.55236017085729,4.5126784177692665,5.967100128652845,1
8.5913113942983,6.159048539739606,6.928739348364465,6.635705840847292,6.299679994885148,7.296904256010829,3
7.203033596856273,6.778287871114674,1.4412007509036013,4.15715097858234,6.965197750796926,2.5181996432308775,2
6.663543711319386,7.804930603498858,4.79314529881893,4.2284275770971895,4.54048561963805,6.987078845072981,0
9.123761550881861,8.159902292261226,6.182203794566596,7.04012088304432,9.38985557058093,6.219571263037339,2
7.890061696154405,8.045678208382016,5.460824245766412,5.21382907688762,8.046788731463723,3.6175106730739284,2
10.0,5.854424548914036,7.812494625354375,10.0,5.724039460044414,6.179822386448225,1
8.477954367944022,7.7250552620099775,4.0115737365079065,3.368120277657111,5.12326277970635,9.384247277051678,0
8.902337968404215,5.952572999154139,4.829552454145302,4.29989098104102,9.959816179690034,10.0,3
9.713718317056202,5.34959462270838,10.0,7.919690339673936,3.744835995688125,5.096293052963114,1
8.457383695857668,6.257836155271338,7.546296867197149,8.62604684949479,6.520490551230301,7.678856688376567,1
9.92649358411912,8.009551465366503,4.1515420324415135,3.239772880310308,3.9943486226906595,8.461961664470646,0
9.886461847179879,9.827509547379082,3.523745328606151,2.8237508053097593,10.0,3.4799079863064253,2
5.818373342179436,5.311421772769023,5.206238537748083,6.784208949693793,5.910271754284379,6.807118899787669,3
9.372195631756025,3.522333088217234,8.458320909433967,10.0,5.095279563588708,5.097644865031928,1
5.102455133704318,5.929694730265625,5.9816593849734865,5.504070000522095,6.72307629979663,6.567852480390602,2
10.0,8.064767214536936,8.537895739247833,10.0,7.9736882407608975,5.839886650449113,1
7.662765130220133,7.362500343376701,4.731550342830452,3.499083625594296,5.399422240384805,7.044856453456176,0
6.848780388124007,7.468012245161613,3.193396654194484,4.174055694917728,7.868580905207479,4.704061720015039,2
9.2375939330365,3.1840967449277184,3.8693552471603954,2.517693774259265,9.170795544395705,9.549182616753061,3
9.742225600979559,3.3225195807880117,4.354777359187564,4.083912441363878,7.9362660199097395,9.439733149539247,3
5.89671622840431,4.6936469959385,6.335301604819034,4.466380985930416,6.416380489301028,6.18430187400083,3
6.920552074309427,6.25333730261275,6.976822786115438,7.225239869626655,7.462059655198211,7.715105425392941,3
9.106618756134976,10.0,6.168484171112428,6.756951335708138,10.0,5.821589203178904,2
7.911109591172153,4.915678281566536,5.575078399899843,5.152375494336438,8.648959576626773,8.515861018587039,3
8.619752541880077,5.1530648868585445,4.110257792165191,4.2256654061803,9.068380439287807,10.0,3
8.676572130363038,7.836986893130317,6.804781396586296,7.346618717011053,5.616022621380095,8.086354126938248,0
10.0,2.8708326219747624,3.469525790985038,3.9075581436661446,9.006128715722094,7.882916335254165,3
7.312710030096628,7.567408525668908,5.438668949496361,5.740095230327724,7.8634650880544275,5.786251825571338,2
7.725356746631021,6.865767824272574,3.491254863476382,3.9504189983466196,7.811648739114707,3.0920586412428963,2
8.710562100355789,2.9144753813884265,3.748356691669902,5.348063642742204,7.888956921944654,7.411751661112134,3
10.0,10.0,5.298946808366057,5.04519461286736,5.961015146500867,9.58996243354733,0
5.894906949342554,5.9463233594641265,6.395015200464153,6.064912339752025,6.599486162133205,6.33434839141905,3
9.544976006564923,7.792831276514368,3.5924086005231226,3.9354703269369513,8.032162321742199,5.401645050870149,2
4.804346087071838,4.1299545356823675,6.42037145238206,6.074680668113815,3.219786252251093,3.3579800992065376,1
7.326424511403358,7.66594342088377,4.20028364940434,5.272528895142704,4.244279047461992,6.936901746337036,0
6.105487118982687,4.71990895822924,6.199189719433159,6.8452829009177885,3.5980229585417653,4.914998794771481,1
8.790000044282209,6.765267665801865,8.621080494770517,9.42694151226379,6.1707527248432665,8.202065751217798,1
7.71416004528119,4.0329017117290755,5.29958478306396,4.236783744564441,7.440068102301386,6.063331023247627,3
9.734868232190678,5.01895909508363,5.851129370399265,5.8898251337886425,8.217577426001938,8.327868928715016,3
7.086911986705409,3.8559761285077965,6.52792881410141,7.718945517123793,3.7039773493350516,2.4051316962395575,1
10.0,7.840133369156793,5.831417965788731,4.883389611379588,8.66481661698117,4.937419108798193,2
5.413430231371654,5.293950781425577,7.620044215290764,6.469639866467502,7.772515066199609,6.724274225036548,3
8.752725885020475,6.264743691055302,8.23774942002045,7.272209207618798,5.805610853446273,5.406457874984767,1
7.458227243152481,5.596676994856651,7.81646211270157,7.357089297748004,2.991128140622217,4.737051419199309,1
7.940081901706672,6.040724551964861,8.01533752912753,8.488425855009567,6.584285771775844,6.932568084867735,1
7.593724325576159,5.1315407466988265,7.519841859256935,6.764748957088333,5.4753562783589835,4.824342959085432,1
9.954579900002242,6.0549773290412725,4.186352982075908,5.8691640612452245,8.48162327029728,9.913091943225151,3
7.640071645028701,4.224124246133639,4.523397327001165,5.259357823864293,6.082213817443954,6.586663787582913,3
6.402938602279364,7.43644090874028,6.319677037950393,7.901699718236253,6.460734563195994,8.475883522127763,1
7.277059807301708,3.481045915241357,2.729585022017881,2.857722958276239,7.117579546761358,7.476297935095892,3
7.304817973844433,2.3139082445798924,7.337079327143571,5.384534314036337,3.320000658933466,3.8371491731484775,1
7.368769947976668,5.714397065605221,8.462711163727212,6.414736967915046,7.326146577603306,7.428686217008706,2
8.554922153278309,6.903155440801407,3.2569194675068767,5.722681386502685,4.558118494547125,6.670243484975896,0
9.129639753785174,8.859247984284782,4.248650166885361,2.5484776002920277,2.3660578308762013,7.337343215746478,0
6.196607891686878,4.191068498428027,4.154814009611896,4.443671453083579,5.733044921577205,4.64420078209814,3
6.657859749404313,4.704234939598597,6.460068237276743,6.712408925089058,5.648170156517349,5.919342916612577,1
6.861730834075478,6.281200880526416,4.590162396124924,6.5284035272644285,4.965174478485927,7.2896437828182385,3
5.494614501308709,3.438345518747954,7.258992216093742,6.89167714430444,4.321990306783961,2.1787381002951647,1
9.092224015577665,8.687057261964844,4.180008438078401,4.772341573488414,4.214878279486214,8.477746847023834,0
7.476501237548517,6.337498528511913,5.598318927817794,5.9804958774864625,7.427482390564308,9.184179284559708,0
7.24003241334964,7.478299439169959,6.692502448522136,6.022953524366904,5.601667285749339,5.699831387991952,1
8.844631269427897,4.228638036414003,3.7367820084177605,3.7322507168494403,10.0,9.217194503543087,3
6.533225365535428,4.0768533888626415,7.2913879589930115,6.008631111115024,3.5732305147955277,2.668247489537893,1
8.949270364757963,8.37730660265615,5.307526765079926,5.455304780858153,7.61624019772065,5.878372207721853,2
9.345975504631415,7.919310323761998,4.020921275387569,3.9375787526527013,9.082478137433558,3.4840788669945275,2
7.897149545436416,6.580186219283679,2.3482699775637084,3.715779211419231,4.095704516518044,8.539772964251164,0
6.702621017650009,8.595989624519452,4.6811997609386955,3.6635215400284817,7.738887147042384,4.011909997601829,2
6.374439456596708,8.641740334376792,3.917155936693812,3.2270273278382344,6.569665350074741,4.861789000595762,2
7.551551387321745,5.835471522847093,3.572329891920805,3.78931468192172,3.733942701146103,6.94653601932293,0
9.84525473794393,8.705237311678834,4.611415032178931,2.129810350936535,9.704451142935444,4.661399022765936,2
8.439556303900458,4.125718366566587,7.463865226615529,8.155463029849118,4.217670579783181,3.8767870273938683,1
8.683901052424089,6.070607361871258,3.4399704142267593,3.9009390741939316,3.7501055580649387,6.605464371546294,0
8.603574363213628,7.978032852683893,6.025050722832255,5.020823766961656,10.0,5.181109297888895,2
6.936424359573325,5.713242834135671,6.240328140658119,5.754596459127651,4.909657722549839,5.820799708075173,0
7.840496609016706,4.4614195481736525,7.386449452014706,6.921853729561494,4.5395886580013896,4.929906273071004,1
7.3882958242455,5.052301338451724,5.366085366822187,4.630618517975241,5.423787903128974,8.44539531224146,3
8.161745500090529,4.54038746160544,4.807084829343481,3.505083626630041,7.297330484083917,6.484913030060451,3
8.780217014964183,5.125386687392097,5.587632865783788,5.259209372275789,10.0,8.910838364009429,3
8.838199439106567,10.0,4.710111994089326,6.06234271203713,3.37468232549666,10.0,0
8.071417141044407,4.391027429909693,8.763587841114566,8.19273802087538,5.419211865746964,5.139106005012134,1
6.965073391517337,8.946233190387185,3.8170776873980032,3.3082213833039016,6.88982785098504,3.159483778845293,2
7.326962645627469,3.882561877882305,6.365089567290202,6.844509153906191,3.1644848758509765,5.525499098876626,1
5.568959744334282,5.953792109751641,5.534749472980468,4.883821150055344,6.66864549095334,6.764786252834179,2
8.8613502083383,8.068282402479788,4.490762164680478,3.2828102219153137,9.083399673992306,3.88953390523507,2
4.2347074237726705,4.4249008895365485,6.885114815003101,5.298093916657107,7.451441226034868,5.275169856717337,3
7.484968007416268,7.210589752262201,5.651367188564865,5.096951151194273,6.786704145590926,6.351751304199929,2
9.63876644190732,5.134137279119859,6.282292372662085,7.15749277399105,10.0,10.0,3
5.89234853968265,6.146574412090594,7.625057517816613,7.317987710177135,6.4135639560751105,6.666745960273264,0
9.530334531893727,9.707088515594238,3.7891292038456097,4.847128725820407,9.718238613140741,5.900819306377794,2
10.0,4.813971358519686,6.723126931136592,5.539513246538491,10.0,10.0,3
9.852747406847522,9.478341688776831,6.334595242927224,6.3124957182347865,9.355184753367718,5.5577043235204435,2
8.781643086863886,6.541978795244731,6.453946457722117,5.026704211465919,9.052946974809728,9.729304013393838,3
9.317122807188788,9.66355337207811,3.7853416066883137,2.9715098417401205,8.581650821123349,4.952463302045421,2
6.6622531147809525,5.900404842558303,6.668101544395955,6.257695187853665,7.202865841919657,7.257780749650046,3
10.0,3.578436957082223,3.3031949819286086,3.540520869532179,10.0,9.540618205767455,3
7.036665559987317,6.130990758342339,5.141780342213902,6.471734987115039,7.721743300096159,9.568757025707772,3
7.113980560599983,6.181738881788092,5.819009144307459,6.0469834605890505,8.27320429876254,5.883986358376149,2
5.977378041528552,6.994867468421579,4.9759295562934245,5.033803955108093,7.056623382985461,7.146571943314383,2
8.307602951700373,4.123587395738418,8.301081328905243,7.41040956300879,4.235110242744953,4.54787525770711,1
7.3491170035126885,2.6648346706088786,3.6695194679280907,3.473968900878319,7.747137672600747,8.16208682094848,3
9.668201656846868,10.0,6.951147591237423,7.502615132623454,10.0,8.671485666956785,2
8.683751952137705,5.158092468167623,8.533092221101805,8.621982642497413,5.598991333496078,5.666629588198444,1
8.221267268709683,2.8201202091439526,6.6775107721445535,6.908452253519764,2.600126532569641,3.7791718417500952,1
10.0,3.991659945796396,6.062571788890862,5.0493654253439395,10.0,10.0,3
7.548027391572306,4.692459345631279,5.327093443212583,5.665580319608566,6.975775568124735,7.73799736722771,3
6.810030319287573,5.501985223642647,4.126228360588888,4.8083343079470255,4.591993624009501,6.116677600295475,0
7.698224840670205,3.0155005693479824,2.423309734650361,2.809708516517848,6.717520776529069,6.818870312906433,3
9.848301444911511,10.0,8.09066222133369,8.98233453521113,9.284982292483559,6.838213356564012,2
8.866140404253095,7.469371993275883,5.239830732260746,5.877499633694812,8.502239801791486,3.5700372099910647,2
7.865951126102709,8.064185503040168,5.870288427734825,7.3241697654698585,8.156554504257748,5.4868510259364704,2
8.085108214764839,4.056096151847225,8.523927512606212,9.400627517511875,4.303167379386325,6.282628189143673,1
8.533060792770797,5.162946911351674,6.492870115963767,5.102998367814663,6.958335041149684,7.406644559062277,3
9.458555876874762,8.184176666252734,4.7808555713717595,6.852198481272391,10.0,4.432398316777617,2
9.84095192636958,6.3541820260106,9.650627384167736,10.0,8.08598866972828,5.910366966947359,1
8.564846131146785,9.563138932567773,4.03915077160679,3.842561645595701,4.811689220465429,8.698932980223372,0
7.291731274921684,5.813041571044074,7.079184858672617,6.821109877695534,8.055225146226393,9.149657533243378,3
10.0,2.0561686953430267,3.5636306458626095,3.7937788341743883,9.006968785070182,10.0,3
8.956169211809916,9.250658282458833,4.776288343488738,3.9150577691984276,7.733669522922597,5.711270796724823,2
7.49429665827456,8.472211569503907,8.279154725270832,5.9804105595424835,5.976708338472714,9.301152781878196,0
9.330496186366467,5.748396584827106,8.000952371386628,9.543632593799552,5.4248516219888465,5.750171434297593,1
7.028349160453288,6.228774204291734,4.421834768755007,4.445016114533586,5.480543061267667,4.070239464998145,2
8.440275580778108,9.342622734087008,4.421245024556086,4.267017069603219,9.367848204952521,4.0881581955534365,2
8.698185941432527,5.425233590777544,6.283370151168324,7.909083150876481,6.5950054256030395,6.669716842016712,1
5.121367084986302,6.914296380559937,4.977295043613389,4.845075031067568,6.423994915598076,6.357819684932267,2
7.760990864200858,9.875278749206508,5.696580937928317,5.4123270544713895,8.929178962700457,6.135895717303583,2
7.111228774695066,5.967893039758631,6.851302523513648,6.3328051108593435,8.01900179519645,5.583652139563681,1
8.049031124195036,4.39392871527969,6.166563639593738,6.744296038180892,2.4617973009577017,3.898091894071381,1
6.994994392654629,3.8549940958718687,7.192578367207426,8.183959081605185,5.221087749423938,4.669124851600813,1
8.858811111293656,7.7321066187993,6.997707603558168,5.664847420578057,6.637223890172863,5.605956699805485,2
8.197095620210622,4.986300548339579,9.375484469319288,9.804434496682171,5.222455778016987,3.9937309426222325,1
6.021632141886089,5.127093284340267,4.948170437575659,3.585044165237245,5.414562227878025,5.601733121182142,3
8.577170089523792,7.154889375277981,6.474115231559414,6.833249707596988,5.8990251512714424,7.127363121092948,0
9.175050424881062,8.542117960999658,5.127108705164089,4.879857993461297,6.40416008142106,6.038220026812476,2
6.133311697212633,6.15321278287159,6.3093822394422086,5.968351483615289,5.567168273221503,5.077888356216395,2
8.827058666865595,8.368917840751292,4.215421284518127,4.371602486556213,8.274196674237551,4.011032130946061,2
8.423296308826258,9.773429861296618,5.68015818578981,6.3177230050583075,8.758169810428747,6.1883178981864555,2
8.679134105337873,8.419855185745924,6.062867772002455,6.770663554051016,7.852622161893463,5.854983109671845,2
8.783471461487695,3.519410272681987,8.395979407422216,10.0,5.455232345852513,3.424774239067571,1
8.048282807376978,3.858868298342626,4.546831901899543,4.785348162793394,7.193357321125186,7.172874851840484,3
8.875872552757505,8.437358872940766,6.58948686219064,7.289544793003367,5.93560062825886,7.59004978758108,0
7.2601897900683,6.082638826248083,6.001514318877864,4.6120234262094035,4.346927693361392,7.187354374588317,0
6.550969062365768,4.983709988544287,4.707410411177688,4.544394360002631,6.205847947374934,5.552496544414048,3
7.712526183930304,7.210683475678217,8.551015714983224,8.220919207977536,6.298453409415337,7.538172407036656,0
8.731252555392011,7.303800719107098,4.9892890209372265,5.051584840249434,8.03662856905604,6.139482977639692,2
9.098561858609918,10.0,6.090267717372381,5.778587704789674,9.502226083660018,6.886675790285223,2
7.522667643374729,7.680963030775346,4.970510329426034,4.094378957056346,10.0,5.000370413887923,2
8.70618885607748,8.509548615649093,5.237550850883647,5.728872558230282,5.974932783095972,7.6970638326856164,0
5.775483867080802,6.4958513693335584,6.577942158455775,5.809142981324899,5.715129893677432,5.201770065611686,1
8.139409984730747,4.608345293641563,5.449442497089275,4.222440198203888,9.075964458596333,7.178049078151191,3
10.0,3.984238995915358,9.34910744657639,10.0,3.530657743564452,4.872278936652479,1
8.312741379861222,8.925036814769085,4.5836554430140755,6.609149452590461,6.169504654682362,8.765905887426667,0
8.927977373944145,9.050381029700043,4.5129670155148505,3.786681093465082,3.8482235923336883,9.605948134912571,0
8.756685293532668,10.0,4.734678062173439,5.669303641380684,9.34299220302577,5.67060295632813,2
7.839496780192627,7.733246853019433,4.243005499536906,4.7086992960069365,7.993795466624499,5.686241358267634,2
8.94630724136516,10.0,6.033544061934441,6.223413554690078,9.57009513656224,5.31316523386855,2
6.951489764688093,7.422076871562938,5.952813708620485,6.271908987710795,8.510746795556969,7.55770396609842,2
8.224693726657227,6.5877732423301065,8.72177829231349,7.568106779758589,5.478785792621435,3.8526540562650893,1
6.8380764523840805,4.515671174190653,5.595634475532058,5.148867050134765,7.404494218440593,9.929348349681584,3
9.067857557490811,8.502873244284975,4.5319748086504115,6.808065290353517,7.1692634871653045,8.894134668079724,0
8.058993059974231,8.101891052813253,5.455291348052103,6.909866958040205,7.759204078132015,9.006514641704767,0
7.106140081118007,8.70070274502283,3.6702769735371743,3.9341866049957175,2.5698765434591104,7.7546079230462945,0
9.820695505019007,3.985269759084897,4.389803938904259,4.424670922140926,10.0,10.0,3
9.266555267202754,3.4079942925240543,9.07912034169307,10.0,4.030691139671149,5.355098698733331,1
5.729869199156739,6.429435490274525,6.774060808240888,6.020407603538477,6.78903514266675,7.797686772061358,2
7.0679692679177,4.5149599707481824,4.180597748150456,3.440603647110382,8.109796609542283,9.384708135206195,3
7.967991329038011,5.849338521669447,6.171925889120688,6.432726814290459,9.511052047228077,8.358760229238886,3
7.663847709312292,7.765331636085511,6.317020222914064,8.038708345138618,9.679153089517088,7.769405520795265,3
6.527148113719123,7.543168097178967,4.471407843566169,5.756087330277056,3.97374442518881,7.248749321327048,0
7.157228816612674,6.842204568947135,5.495047543908038,5.402211467910359,6.595241024014724,7.237744546065069,3
6.751178543018915,9.271246173818222,3.9385934529414977,3.7556051742350753,2.808882090789937,9.030592835377591,0
8.051293937195128,6.301753015096888,8.671262213814286,7.632312890379438,6.763631846251311,6.647076727298835,1
9.564367520799138,5.772665018494073,5.1069276565087405,5.2934913521883225,8.377706185519191,8.795795900433527,3
6.535456154132756,3.1636761531702757,7.481746964203223,5.3233529405374975,3.8528798904970607,3.1366666759176844,1
9.687361245091664,7.982772761356188,6.9722834078397415,6.872712400424809,6.1839739824461235,9.3133300390372,0
7.150441306618803,3.1805770437822374,8.404164333030504,7.175062462465583,4.954650315027155,4.349839199312081,1
6.7296769364337825,4.495078802580192,5.987241974281892,6.925776678643587,5.338742710344708,5.144486909971327,1
6.99000147901097,6.41336724302251,4.7060732539015255,5.041319788402727,6.84336042569265,3.822686329835767,2
8.107236477657823,4.747910331700918,3.080779309838573,3.1388761951628106,7.965293485860571,6.850742280848418,3
7.801697709252363,8.718188910491323,4.199618900775224,4.751889530995707,2.761041062877342,8.858303660311831,0
6.152817057093643,6.714930985849624,6.612919851648412,7.4789586627457725,6.4769137788844615,7.522336839181893,2
7.204796350981827,9.076431044635214,5.471626249703921,8.135959551950762,7.0532531964039284,7.8165554485666435,0
6.959771161015142,4.801773693763735,3.1742911218050125,3.0722970120297495,8.341132215981041,9.146356546035884,3
9.85519686464339,4.280403516674288,4.231705416844765,5.248067891445008,9.762216152345612,10.0,3
7.740202348546708,7.086201279976189,6.154984146053482,6.6584797644925775,8.46680870331695,8.292647656187452,2
10.0,9.80854933101419,5.029647396017524,3.635963591459259,4.0602970382791845,10.0,0
6.958445737375902,6.0283606403671515,3.814217763559064,6.8037800190654165,5.539561396983163,7.079280084971709,0
8.159343173163393,7.2629993085202065,5.422389830501292,4.203750874653414,7.280185900235234,4.329892467664737,2
8.406807951254484,7.243055071636306,1.887529621457622,1.703786821819035,8.715410800498924,3.7066172872608574,2
5.4464445166147435,6.429033332742853,2.1932323770205326,3.138177976864009,2.8282807871691205,6.490209494734375,0
7.462811933275066,10.0,4.824918113335835,5.601445070919886,5.71657214094168,10.0,0
6.242687875485262,6.960284680959681,6.776499762771458,6.821093768293836,6.733858072488124,7.955447140158574,3
8.104125309536045,7.27890676545619,7.534397660699419,9.58201763752291,7.425712561307506,6.1799833483015085,1
9.597531367073989,10.0,5.697448956756795,6.669074533587621,9.555274096614493,5.1942718180000815,2
5.881129822692442,8.136929778786698,3.651484887524072,5.134864555001292,4.4903012221899266,6.24163535890984,0
9.710342535572558,8.668677539493117,4.373498327264117,5.322593608790339,3.1212424085052803,7.048738013883155,0
8.085545298005886,8.032643658488842,3.854339934421316,4.507757377053839,5.498763233126023,9.659399819960868,0
7.733070130799636,7.369607423400504,4.427794944643457,3.4123204179558333,8.442399113289044,4.1815889376861035,2
7.310513844052732,4.514936994201174,7.2794919992136355,6.764131273677145,5.455359444248933,4.768400141691954,1
7.923742127161676,6.1564067938893885,0.7631692419797695,2.2448242491219235,3.3295297760774543,6.9644329845151205,0
10.0,8.855412044896806,5.084958518021288,6.854732759119097,4.236040778392365,9.26629236242076,0
6.771365396202358,5.42604782861325,6.680801319316143,6.161739486475665,7.1366777620931465,6.563761815550399,0
7.745734153429096,4.534641333048025,6.272492155521011,6.640390626274273,5.140676097485497,5.4455189258139125,1
5.982620145767475,5.436910216526564,4.148596238392924,5.300966103354224,7.603578469158425,7.179902596622852,3
8.41492200481741,8.402516984588889,6.902972518641072,6.840678746884298,7.206430940087877,6.851898482373769,2
8.310868332073994,8.161463981658065,4.655541918791122,5.833663948296489,6.556107434461293,8.817887158917339,0
8.604283083658386,10.0,4.031580857309155,3.5630135589155953,8.581699845015395,4.8731380427828475,2
5.044396902049445,4.666009811865393,7.293572434549514,6.696987853008211,6.6357919900796825,7.214006457453064,2
9.577284634991651,3.9449214368410406,4.504977706846638,3.7081263626715715,9.724016493004127,10.0,3
5.342633096449294,4.133082659260904,7.5683750067984334,6.029981049068406,1.956612218781234,4.5405817606304675,1
8.655413898724255,5.331632853048271,5.062310116674502,5.374286872432084,7.694641961885617,9.459281176621927,3
7.235605272931713,6.740285382083329,5.875812968139043,7.520141901042153,7.964234264737102,7.399603459777691,3
6.05348201857253,5.027652406412164,7.291066943841119,7.203222828823876,5.251698355466905,4.973965491197839,1
6.124811280155336,7.167735092986856,6.813014812506896,5.4817975196801925,5.613945321362262,7.063293157805327,0
6.098140691788994,6.772000916775478,4.484608184308396,3.4980679319696444,7.988339251501469,3.7170006018603985,2
8.064243349899368,4.106530225922061,3.9753205063029697,3.8004341163331476,8.092468300169136,8.262772616989276,3
9.06499684288956,5.784300147692743,7.702660807970742,6.628504219232583,8.632512941514959,7.267684196178623,3
7.91760523567479,6.051990384019046,6.205022235184863,7.83821048631903,5.544632644242507,6.403079245478574,1
6.273836690129906,5.710644289821763,4.764178880653718,7.064662420938102,5.848987524954532,5.785632584433182,0
10.0,5.649655534779799,9.087171983202584,9.307826050172098,6.274377765669816,6.975369945475904,1
10.0,9.389944801021207,4.628235378278707,6.118026130051936,9.492805135387645,4.953047568916473,2
6.116860171003243,6.596841305253262,6.339674686910519,5.888880411880649,7.546469473785774,6.076417164546388,0
9.069425229940462,7.993240940906773,3.9353232939639855,4.078406771396441,6.150558692413585,8.727255399824202,0
10.0,5.771186211522545,4.7980683034312674,5.828131182292171,9.597758384371986,9.40068558807259,3
6.938655024577769,3.570073106351029,5.717364076790141,7.90145918494307,4.768912605596782,3.8676561257038857,1
9.220221474603257,9.187996264427982,4.701397789794281,4.299259797778848,5.000668781123466,9.49187037760014,0
10.0,4.992871330291379,10.0,9.401128838100151,4.914861291038797,3.8748516813619247,1
9.063448797345606,5.457949047894579,7.362852782194317,8.851497319552156,5.461502869501088,4.23344288366107,1
9.28137390630661,5.5297409127933825,9.352865009719862,8.427558011610117,5.174953916451231,5.275641081591559,1
7.482222507997483,5.610980970059975,6.879394023486321,6.949090883987642,7.56102879892199,6.9115868607568185,0
10.0,5.774802050415578,10.0,10.0,3.747467059145901,4.450597511732288,1
10.0,3.104295274250661,8.9719916050275,10.0,3.1897323340602934,2.488135480406772,1
8.304474056113492,3.3521445995819708,3.9741743887944185,3.5810032696109877,9.29534876548366,7.475558402921313,3
7.808424123582326,9.139257434546986,5.896606087585176,6.075183096632674,6.639292525684292,6.717976121073052,2
8.523669129378204,3.972429157415489,10.0,8.815123848726667,4.564278800720357,3.849013856061558,1
9.620737592035775,9.900639585764761,6.296613997790166,6.081305183854786,9.065787775669316,7.01854430500394,2
6.490248982019463,7.019683633725744,6.822425619090941,6.2900806348396765,7.704153486078225,7.302741847274438,2
8.039483974232974,7.932463467504106,5.81750824203748,6.628684571524976,8.618094827478417,6.604934211908137,2
8.214975289096596,4.59002819579529,6.717337402708048,6.2051638773495075,3.9142830367331403,2.833712938128618,1
7.223288411608251,7.326585051176778,6.394852264738651,6.1739484200972665,5.600838814996602,8.240292311419266,3
8.593249168080265,7.6212176217780705,7.906742149515595,5.704627587568606,7.8202900866732,9.30303122289707,3
9.029815813094231,3.6735870393394148,4.897210689338166,3.3114367229221022,9.257690817175995,9.070987180705226,3
6.129433405434535,6.362756059332737,4.844963913130902,5.250803514482,6.837971654158769,4.582509027651627,2
8.204237180149509,7.658555167589721,4.231359357982178,3.9474714137991933,3.286657825388043,7.7083819469147485,0
6.125946244199898,6.584972230054531,6.845628113860857,4.54028816302802,6.808546345974363,6.902945810625074,3
5.404320325315052,6.973270890152143,5.985486865841721,6.079060591859836,5.881824501988944,8.364960548696038,0
7.4399514921693095,6.647834216950598,7.519420446614428,6.783048493474688,6.160034879142705,6.873199865900478,1
6.942171542268126,6.079850301024905,5.262509101254898,3.6934286475307485,7.461497134521258,3.808870228222229,2
9.222121968873564,3.4270799468040813,8.571441326984607,9.105306767226832,5.1976049829817565,4.241418573836369,1
9.455323249831208,9.95455512261124,4.100316236787843,3.7630479815521225,9.089164410219231,4.298532514347753,2
7.076794139322495,6.2869268007792485,4.318681362702508,4.516697921486519,8.05355847762794,4.646104471090653,2
7.340746035294448,5.556032721290022,6.367798946718284,8.236421151880519,5.810681869388773,6.981225112406315,1
7.4277214484013045,3.39366198928923,3.0350195711695958,4.248609880275634,8.264724350289274,10.0,3
8.362493434936209,5.313679127376849,4.3038449940163686,4.669591061151084,9.299719872065936,10.0,3
6.962836564472257,3.7745905669618285,6.6510296829609565,7.498015028247608,2.4463728467461867,3.092074931038934,1
6.485810906383716,7.970618141079873,6.537864659670932,6.103814913297786,6.269440251017824,5.620455249484831,2
6.492739831071141,6.730233967171634,8.265106780057723,6.677903963483549,6.853378000209747,5.751149279081291,0
6.323085113181899,8.231102036180145,4.126852654004246,4.676135411936185,3.212497095118118,7.500946953611407,0
8.13075804623305,7.851778245990553,6.46663930160628,4.685739495863175,5.091299010319489,8.431880082802627,0
9.253304316938294,10.0,4.081610488734819,5.650078576658462,9.925568144008814,2.445098352862206,2
6.972374722840137,8.494924801284675,6.670463940032219,6.341410779673163,8.185856634120722,6.100776548373402,2
9.989831602555165,9.29420258168139,7.764088957820704,7.169912720031305,6.374661177886973,8.245054184421932,0
8.973605985278475,7.332595600810652,8.879588112355627,8.784178108387323,7.3310008927927255,7.798478955991838,1
7.070008560852354,6.486316648238743,6.850708398421105,5.910224313081452,6.066331483977537,6.46063047095705,3
10.0,2.7248055641122626,10.0,8.266097256172433,1.4852945574609202,3.2845799197964483,1
9.864262968480778,3.603311832040192,9.488747623811001,10.0,3.0518381027274097,2.345223311463381,1
9.536395838855658,2.739327351757957,9.018664523519863,9.113017991464913,3.328058768430415,4.780583210209292,1
6.2141349206910785,6.253163979194883,7.2871092128757065,5.660748400958817,4.903903393240611,7.27923852547396,1
8.547139437111188,7.785873652348398,3.5664025454651727,4.096196490593723,5.4213401207820535,7.784307383337286,0
7.135011359901716,4.335560184348125,3.761569152305082,4.517501770455335,7.318355674050882,6.809804430538173,3
9.487246371224662,2.5589441471260517,4.3608594462849615,4.035761832461326,9.764976837543673,9.41754393651438,3
6.766515309165266,4.160921016346133,4.786140007628454,5.077656103164285,7.716742963996828,4.207996445428234,3
10.0,6.235428552431446,10.0,8.251969840131713,5.385638902851003,5.686768889962061,1
6.435567109473378,6.920437661977303,7.087603969130847,6.1068744961928445,6.886602978707025,6.121659198499788,3
9.117434704122793,7.944937565863354,3.1621417225811737,4.381918245167667,2.237416379269281,10.0,0
7.162114130762838,8.081339762280368,3.3930065990959397,4.0134592404262515,7.796255376346924,3.0475746121683818,2
10.0,4.420924447672576,3.7380270054846783,2.48423449761566,9.740955278361488,8.836528936136183,3
8.794321666733488,4.160733732885674,8.27011977168179,7.188202647986301,4.701627834580628,5.138016023462641,1
10.0,2.7760754023775407,4.118513685203857,3.7313846915910758,10.0,9.924616220930169,3
6.275757960847697,6.779161051364717,6.578876589877686,5.50759546650127,6.242397720844126,5.856764483397803,2
8.918047033971453,5.464992518944789,10.0,9.758759408860755,3.454315563297709,3.7827153228101524,1
8.218769659810613,5.824308225096587,8.944365631922167,8.380081182436584,6.477575434758395,6.560029225889476,1
6.150553622906024,6.619847908751294,4.918897674593826,5.796733711439628,7.721573127626729,5.769470780451893,2
7.386261120801438,7.374054535966279,6.54034735063338,5.163209669317066,7.981696560365982,8.337650519701613,3
5.973291898078148,5.952248348616185,5.451396571136422,3.123331173764435,7.819484871862022,3.625002848734694,2
6.121098889974127,6.326756359378094,6.067001983137907,4.7086557240220674,5.4257480703880665,6.587859823802017,2
9.87741591127571,7.246368034726547,6.28071285158344,6.4569996726122305,6.492586522896145,9.016438457587597,0
8.79074874561189,2.555947065367063,4.432663283749197,4.373178242854871,7.954295888986701,9.328267918512992,3
7.889482870260043,4.286725545925728,7.07467600279027,6.893687572982483,4.095233003181486,3.8436340976528425,1
9.364038937941608,9.390220681687127,6.0427976521834905,4.857815799890738,5.120541122759605,9.195795302908667,0
7.643863654236283,4.937930754987958,7.18510203373736,4.260420157277759,6.524751519622802,7.0326921260121935,3
6.700398410048894,7.146311944859601,6.8798987687238045,6.8285001095214914,7.750466353978276,6.5398582633926114,2
8.776443857645663,3.444261919430724,7.233682760271484,7.3543365975595005,2.769923357065192,3.6654265750907533,1
8.00307801703158,8.146069642473568,4.161396404001538,5.091689464071044,6.476233123333003,5.6087442626383694,2
8.303752554402587,5.299903840161277,5.01922487930135,6.48483547633365,7.3958896043055855,9.072784462876935,3
9.870922938371649,8.469217140102511,4.911118248736328,7.634115205732891,9.011018293723307,5.97695016324763,2
10.0,10.0,5.010144354306588,5.309057468695959,4.439127823388152,10.0,0
5.932338908085533,4.85642304151554,5.943476308033708,7.460224974751652,7.0428841264921065,6.550566068503816,1
9.474652253857755,4.69355371980385,8.994629524063795,10.0,5.639711240271494,4.2569764267946155,1
8.547277317052709,7.4569101935699535,5.542808227346973,4.401755960951999,4.739602568183422,8.086191522160599,0
6.821642307756186,7.196924683848571,7.50937879901257,7.909035005389219,4.11804338212223,6.777769284182603,1
8.88702740872234,7.393251155487356,4.2374994709639955,4.2321766280789,6.803317554582407,4.413118416698523,2
7.390869732930036,4.052727872364542,8.30118027157807,10.0,3.919506079090807,5.220969757084509,1
9.234962218791662,4.654710419097335,9.751446841459941,8.12221416822757,4.188590439996723,5.565333441325407,1
6.804061937416317,3.9258143965443453,4.093810975833276,2.310370043609841,3.07167769702425,5.478453242035053,0
7.922618518008465,7.978759884522692,5.570193381139925,4.830307316456682,5.696716362973324,8.427390071113095,0
6.9776565036494596,7.655926951071242,3.5185855091965466,4.219640656741124,6.468609089423162,4.238946719435354,2
8.651407082812563,3.5542862341216113,3.8211956005335055,2.481781847850302,7.948999580933406,8.34469324361811,3
7.320910440987665,4.6623629130196,6.414148088449163,4.645785081286177,5.886767762563111,6.249382705272004,3
9.755916205003718,3.2725187556256445,9.639137334433011,8.641102357987325,3.954383308710003,4.072446456589119,1
7.806991100521759,6.281070313155102,5.7794501874136,6.938594735790275,6.979961033923729,6.98547105760449,1
7.243884180515876,6.29866313563233,7.079164301512008,6.954329617653429,8.393966581080004,7.282796848331098,3
6.948867405016031,3.880915087454479,3.0404904901493603,5.7679581394786785,5.798879533751101,7.220801492035658,3
7.368422668446004,6.084962923879992,2.130328174688394,3.3435575557792236,4.240226784953024,6.479057052495884,0
6.945981415972949,5.775602405683229,3.9740546850601426,4.395032385728345,5.424066794365438,7.039619615490093,0
7.596594558385924,8.619462444515984,5.368555472141707,7.2636175381513555,7.798300643554873,6.49572723320695,2
7.0285461003981595,5.9467606221992275,3.448637271812863,4.7533782293379785,4.672284255727565,6.4221765764774394,0
5.209381378985997,5.315785203289062,6.093823981289206,5.805161501873684,7.259944961101495,6.369814893802472,1
8.880650685641347,7.984581707506719,5.494126213647453,4.822978884485336,5.270401035237801,9.214577357018214,0
5.66905889793773,6.869691340795196,5.883358168387021,4.964053591122989,7.503739491715264,5.207135738909372,2
9.686486650036104,6.704194902853939,8.882451657174354,9.800092560235301,4.7846489666214085,4.459537596871392,1
7.730919964587374,2.5996851951500104,8.491581028902292,7.267280691977143,2.4489040412755037,3.990947006739427,1
8.096626903171225,5.052535168111218,7.731992006482602,6.368099187302118,6.0270177205348965,6.225651768984812,1
9.098228882195462,4.208691776879476,4.876373175285747,4.110350760060655,7.286670011957888,8.767194062419414,3
10.0,9.857622416917227,6.568936383524388,5.779003459823366,9.050742034514116,5.716786722404866,2
6.947873141645714,2.8832788710700896,6.691115644065311,5.700802711517776,3.4907109194970007,3.2372071898467847,1
8.190365464382266,2.8986548037083497,8.943306700999482,8.29733184804415,4.772632636482789,4.453357570018799,1
10.0,4.171213416623758,4.259119636945083,5.119464635234312,10.0,10.0,3
7.123279089409175,5.734250548042024,6.1223673462143475,6.925523432998493,6.272938716173043,7.847225353459845,2
7.465752068096759,7.519153233604412,4.583434929419589,3.860469685694893,5.08867471322593,7.767845998334746,0
8.938598975221543,1.7580770113700703,3.1237080235696,2.3141131298198023,9.334458600166204,8.028655416006348,3
6.3143501398817525,6.727260917486946,4.701059925693056,5.742773673240889,5.289868861835731,5.890611575063485,0
9.210661738352545,1.6998842101971712,8.68419392314731,10.0,5.0716077346656085,3.185254681195519,1
8.957937764993185,8.464363164109127,6.068652303325979,6.725727029029451,5.753874288360324,9.276818016858313,0
7.888802083422247,5.771129887984344,5.151845526931531,6.145452233682139,9.265400951568889,4.371665020734308,2
7.215724068851751,7.0365639490237255,3.009823380568822,4.121827817309061,1.6151356104067172,8.885828181840568,0
9.33856674072007,4.839499208109193,4.117567863455567,3.125956763626778,8.625569803555843,8.432845810007173,3
5.884451672257361,6.420043846726,6.063596595136183,7.269674475055276,6.568868556177983,7.215449132127037,0
7.806248879123434,6.622209558241915,3.856531084672498,3.7873708715822927,9.138029788637212,7.014770454468269,3
8.71276764051907,5.654393250612836,7.260056274872948,6.911865139066506,7.927260353960461,7.41924468930046,2
5.181011373356407,6.273540740104788,3.555942658412665,4.119689640368805,8.018926811071735,3.2997560076461587,2
8.960287659414565,4.794589055837063,4.116221321917438,5.585184829704041,9.500516754395465,10.0,3
10.0,7.352978714270961,4.168525987166625,4.683705246250339,3.4711060777753606,8.03912442010054,0
7.2293604049760045,8.822857494986472,7.188358439817032,6.210713865014459,8.520736874876622,7.5353311994474,2
4.942160829857302,6.050883724753848,4.9212604610214665,5.225189044350108,3.70453924489018,7.456376955055724,0
7.518743906650267,4.376917610174317,9.419247869197724,8.264029368176612,6.023836285569182,4.536911533735332,1
7.033379976494746,6.528045817891392,6.296747871590542,5.920249082076929,5.8660680044930125,6.024030545832973,0
8.72928008071935,7.392236613551812,6.029860221946516,6.313203416828937,8.596251904393242,7.307030383680868,3
6.997937645409195,8.784918430614214,6.736422752137941,6.688361002162323,7.756378344497417,6.482242103817926,0
6.439586294094471,8.033028213799728,5.512163522762484,6.8906156277178106,7.640565805758484,6.16661490113982,0
7.531119603782306,7.400318356987024,6.018642571441399,4.956778292500375,7.480655536445477,4.901680704745572,2
7.021811670811915,5.506416520266798,3.4832078359677445,4.13242009168158,7.701240919270213,9.141630108467858,3
8.46086713536333,5.715928738049645,7.971361982106657,5.9152054915443895,8.85212148641332,9.50788189869363,3
7.455782945454938,7.697719751932979,3.808363408668388,2.709158116892361,7.400407001145087,4.693449208242598,2
9.620966929624222,8.276660211961076,4.831063036037642,6.307506916909308,5.306931203340731,10.0,0
8.069399818212384,5.252671863570127,7.7599233068549385,7.5446004213443105,6.6191610141959325,7.436206260579527,1
6.903938197766486,5.928003927318039,4.3835190499776715,6.32526058627294,7.088588556028119,4.041703504931891,2
7.310720014595373,4.5861151147126025,4.2393609906277465,5.370317304890993,6.299051309543842,7.330431397276215,3
7.328808337842866,5.838377294952302,2.235745133957573,2.8201891646370796,6.0972621096577795,3.618187617241628,2
8.533742866012643,8.487460568431935,3.464551926609975,4.809934731817849,7.82620067221314,5.23312199920347,2
9.712131844291113,9.684352075675811,5.365257314166644,4.2849847109978185,5.8711074662585325,8.044397289419795,0
9.470038826520856,7.499950009190952,7.158249829461827,5.662846382737412,9.131066462506961,5.442413089587684,2
6.369359926645224,6.905904412564724,6.660015995855912,5.298454608767853,7.830833431992748,6.830036987091801,0
7.399089523576097,6.729984815675173,5.08581385013456,4.23917127479235,4.706290240023053,8.004722903725527,0
9.602708066026828,9.48534881468986,5.888206601716944,5.321048699363676,5.564729544653699,9.492564325820753,0
6.399006340297031,7.739445955569059,4.867032203388489,4.820194658011882,5.696284739670224,7.593145211374878,0
6.956739326457914,5.06380187532525,7.767579478718495,7.938629066735223,3.955372091600466,4.007833207252768,1
6.83291923091613,6.938812899314534,4.852982178767934,3.6029546417547498,7.295531301285359,3.2816233274889317,2
5.9723053327013575,4.944781166146705,7.586269703160933,6.6375993344454445,6.184654226116598,4.679395217903078,1
9.457881439485302,8.00087891531858,4.375311446901638,5.183463035461858,5.9942665597148554,8.785523600392796,0
7.067636922840949,5.909053095013731,7.793034259148762,7.279444262328136,8.909305657609373,7.9623383032898065,3
7.402521648597129,8.378001421623283,4.89884801604422,5.115347001952244,5.850967243316657,8.436476396803087,0
8.497654112015237,5.174768274832258,4.922806283612059,4.344964107194605,7.343521618325408,8.857777305877656,3
8.087790094664268,3.2740363768631813,3.9923763836574047,3.708870319633946,8.752719601574508,9.304709571933062,3
8.613349421382429,5.4446393031178815,7.839615005182579,7.956952185964786,6.1600874704428685,4.979577529297445,1
7.544969711829485,1.5950894057120837,9.284774775559441,9.20200874570245,5.907121756405641,4.943515483289237,1
7.992184031065886,5.877822415029275,7.529611839332799,9.22684745409756,5.7685026915131,5.953484525306053,1
8.512735996841917,9.657625168225008,3.636729047173046,5.674890853333848,9.250440980162882,4.5266312268449145,2
9.337942234011232,3.9113909002470484,3.9523901663236836,4.07236864665545,9.8828766783673,9.113146367791241,3
9.879234016711719,3.079785308257998,5.37283339480609,4.1399536348426835,8.207770209076708,9.819011852141495,3
7.665955574655031,4.484740775548227,7.254628485112613,6.694831937458627,9.18300003856882,6.518142177340971,3
9.219095716020377,6.053555110567017,10.0,9.21615921310927,4.5784600642593505,5.254988068250859,1
10.0,10.0,6.553233836654348,7.71909223919544,5.993974700937285,8.832627896577804,0
6.7266990376449165,7.531694546728293,5.10686780262946,4.331093197862257,4.651536239482356,6.324894025758912,0
10.0,8.814528346012931,4.473760800519438,3.9925057596268574,3.52702924532785,9.577468183378976,0
6.388337686765184,6.182903018086852,4.720093754798659,6.644118941655735,8.19945005711526,6.5607921401451765,3
9.609856866508833,9.668441993098515,4.073986555823946,2.812748065855601,3.2179011462627525,8.09748343743296,0
8.83423564216961,7.982818302280627,6.135332586941947,4.435908553997692,6.088498737597243,9.401223090130177,0
6.435553375421851,6.916512593218029,5.522218638385603,4.290966006197381,7.169702314674902,5.328925395256686,2
6.476051200087357,2.8551369451688515,3.160911774725826,4.965232492853059,6.675199427530228,7.814073546840117,3
7.548490895670033,4.947337771180788,4.146897299774324,3.6224731761173885,7.795572804562096,9.188664947377651,3
7.257409436896526,4.516829401987808,6.419907019724315,5.381323211118167,7.4630414940684915,7.3748512487208755,3
7.669912342120909,7.617223144599007,6.262782662824274,5.920109269101452,8.926568204341057,5.924214559923329,2
7.694566333174626,7.520214132436608,1.891455198878228,3.0425960942932724,7.350987840803358,2.2439766651846718,2
10.0,9.901037047447678,3.8976708775856057,2.022306599728048,4.483960207604763,9.990268295851259,0
6.350789035172176,8.059358100690803,2.9772175474095293,5.550567754515182,3.9469057551686806,7.779518322523922,0
6.30027309176994,4.709476180265113,5.768026067320306,5.213235856760525,7.173962935434613,7.3423062801138235,3
8.455374833232105,3.4642962286886965,4.272646480735283,3.4147568296253823,8.072827527924094,8.112314657023004,3
6.498195875125149,6.630045550756996,5.157340173585871,5.995079879851824,6.5868397772271745,8.811293053176819,0
6.6338933480563185,6.534440888524275,4.831208450612564,4.195727509207878,4.560167121113453,5.962229958925023,0
7.510680879337248,8.232433708986536,5.856152156942148,5.775012092781125,5.01358132351486,6.949643268824452,0
7.092997933345437,7.379996438072739,4.135671855736549,4.776329045650022,4.967377020797918,4.78504677064885,2
5.504322526764867,6.307330237101311,6.694961221097664,7.467017979899417,5.720369560842757,5.517999063176174,1
5.700532093970425,2.291253721757988,7.280643700935155,6.526581416182178,4.26745131196917,5.564346563584619,1
6.844139345850145,6.77855809170177,7.538542358199827,7.4996903596556805,8.378864888123449,7.541189243088013,2
5.555197492579928,4.142716334962145,4.365593049862674,4.837753394598221,6.367086747235144,6.764389636353844,3
7.999798493158558,7.457586803628578,5.198804780912165,4.692372208507659,7.197691431342954,5.848186070613727,2
9.870076554884298,8.732863598654445,4.484539531515585,3.655413347646938,4.086259008816502,8.076221212218652,0
6.579421780612781,5.585293517671992,6.6369692010384576,6.52846340510103,4.689700775862323,6.1370060748107695,1
4.656842084066426,6.33857110457023,3.723050058271183,3.3313739423637623,6.327626115849406,2.976209079929589,2
9.493348689786885,4.217865618669492,9.685142362833338,9.599429616900919,3.567919000651534,3.6183410827174636,1
8.172171787438739,6.37200287291734,9.57670395857695,6.7253048348538504,8.911785243485019,8.798032051055335,3
10.0,10.0,3.7878541685834515,4.563609125218733,10.0,6.1252222545717085,2
8.901507163183753,8.694005809451843,5.944261794711158,5.943031326754599,9.599178377214724,5.631216890935851,2
10.0,4.157858953243744,9.076261580294712,9.05933561637035,2.871742276036557,3.619227135078292,1
7.899568249375244,8.477439912441008,5.926182147493035,4.4912613595875195,8.260379062945054,6.114151698498752,2
8.687802440040631,10.0,6.112633207823363,6.657396097483433,5.451057417311833,8.769042901666205,0
8.177120547007217,8.354849696352543,5.642406384223185,7.701091834823782,6.789763329592852,8.694493068281664,0
6.930142318137389,7.241164773777647,5.3290273812687925,4.110409097343515,8.393783946618589,4.639723341725897,2
8.632506899231766,6.767318920183022,10.0,8.875742971931473,6.33432042081021,6.4684417041948175,1
8.867880942915479,9.855705142740316,6.515985606686184,6.559667756557692,5.971034480010419,9.789187514417366,0
8.83314586415501,9.20254977567326,7.774787118008102,6.741687552188217,5.765213468265456,9.340172784324826,0
8.723783881699868,10.0,6.098169704088441,6.525264926216338,10.0,5.962442406708223,2
7.241246970192584,6.922957936058435,7.998776866582526,7.81784787657939,6.6025585037836585,5.211311203562978,1
8.042235515570948,7.161022471383598,6.231814415353177,6.977583387579663,7.08171739838445,7.895679746986075,2
7.041634105338149,6.528677770489182,7.052705636279944,6.195588004905007,7.215504868338362,6.583691212521581,3
6.343229165279776,5.832947927567421,9.44459261909148,9.214780961072556,5.218835273980421,6.2646870377338395,1
7.769486909553909,8.594141923728955,3.2420226829936425,3.2994360146923905,3.904472480547047,8.604579022856141,0
9.846567843034865,8.10509392149594,6.226498719717686,4.658808987074529,8.463237161436965,6.23857716737859,2
5.417313895348408,8.133973868933346,5.824318433792019,6.669360058175317,6.712124402725793,7.479244564960954,1
7.222250270916533,7.620951727936765,4.317191696458632,4.509771955966382,3.497767293785568,7.937651083285915,0
7.0386119999917405,6.706322940908036,6.40885824174554,4.390731421387176,5.408776944364368,7.027428667347905,0
8.366448456705868,3.828138361622814,4.176894993452284,4.489835750930287,8.584779235031203,7.951199017685216,3
10.0,6.18140779226767,8.600541576475353,9.82739039102936,7.896823419286085,6.4423526204290535,1
8.200037505870549,7.974039275272407,6.193906639170274,4.293244750837528,6.685019820558939,3.5843969889017027,2
6.42132230851357,7.52948091432685,7.2602469564363865,6.216462674926113,6.3740799446601635,9.096018347326707,0
4.325003285500939,4.389704968726862,4.979171477588466,7.1817736649566735,5.779822971154957,4.836309635633056,1
7.040422757712678,3.291860254699881,7.37757672993422,6.089038123401583,3.6609356841995067,3.312703334628293,1
10.0,4.606906966480187,9.850113473059741,8.470478665192793,4.855524373854681,4.3543480689898955,1
8.838202780716376,8.595422215303929,3.4748961873818622,4.595247998223345,8.965138012183246,2.0452641117100745,2
8.545989066075654,8.968474220246422,3.748722975309142,2.2404098472934586,4.165331229916257,10.0,0
9.171258819212628,4.097100655670594,9.10755791864115,8.930667143117379,4.29151488260002,3.9100967431593125,1
10.0,8.949687441835097,4.59389205632142,3.831110895710996,9.700219501289306,4.863029627032535,2
8.881097789842949,6.361819584628072,6.966260776795356,5.976885082391748,7.4666453242712665,8.498961350722853,3
7.600651645104406,6.833753705508497,4.116191137171607,2.9675512523243244,6.756483503963524,3.9728175541971082,2
8.951415452088964,7.8812762635414755,7.019988452092398,6.210694385436019,6.494222718910901,8.820671057800498,0
10.0,4.1166311860517455,10.0,10.0,3.3936445514174447,5.589814565833213,1
6.440808533683959,6.539464879449945,6.340099509634729,7.403709969688631,5.844971992653471,6.736593261012038,2
8.720941438096627,7.8117564001063915,6.069320110524047,4.353634690580617,8.437818781012187,5.022568965603925,2
7.0250605530064725,7.162716061963904,4.49675119901409,5.440254275457232,7.340747499362272,6.183142912597868,2
10.0,5.564185438901493,9.01152428587537,9.217782286245592,6.64908555495245,6.782148845280004,1
7.939199356778316,7.833002907481702,4.140901322071718,4.641703232100607,6.5666614106980585,6.192232486869849,2
8.979194935513565,7.892265838303451,2.1501920410296242,2.495885801144375,2.8012464087479914,9.3663997148604,0
10.0,7.96207087882279,3.8426357532724493,3.7132505517389345,8.332833607283998,6.421289908154653,2
10.0,8.11149329051813,5.983182582680081,6.76747505005272,9.122100155374833,6.11776675883902,2
5.222423847800618,3.9129640107344317,6.134924279082135,4.3222102804030555,6.12900163471199,6.143485389589865,2
7.470555005642183,8.132614474992183,4.756350518182114,4.239988384538938,8.322640792093507,3.987786587745449,2
8.181169061509186,7.813839826163835,7.172360501594875,6.5331123346570905,6.72559943491937,9.244478979072944,0
5.754744362950289,6.774199757276162,6.906512002274004,5.121266871975001,6.829101460693935,6.557196621697626,0
6.5287509894534725,5.114496306329321,7.100127873675765,8.30335900832655,5.551365483651701,5.31530486236981,1
5.566424087620158,5.6275358116679115,7.497046103715348,4.153012197108943,6.84729720423241,6.954468949266886,3
6.519059712214408,6.231222367658432,6.876416822294699,6.8071777103872755,7.609411887064848,6.393029467959294,3
6.440496371113861,7.346930233048196,2.5951948005928775,3.2857697290213355,3.1003204357258887,7.247237839620953,0
10.0,5.302415908332434,9.095958155462059,10.0,4.796508927963515,4.058306667799791,1
7.2798183111551475,4.575372451266687,4.8054698053722005,3.2063301464271223,6.776398451106963,7.604741717078441,3
7.289808776025015,6.522356097689146,6.562809242900443,6.462964932689105,7.774315035359573,7.421286689083424,3
7.047709035638957,7.372214367275285,7.082474185328668,5.539941004164451,4.410374423532618,7.5542720494429965,0
8.435837108490785,5.127589774429203,3.192649651930621,4.267421401753637,7.134190369308634,8.476774183980101,3
8.880493693641412,6.241223938195728,6.634400697778295,7.091710162121023,8.769881118566431,8.516774648473815,3
8.764078160084818,9.448796964279857,6.338777484223722,6.186879403327011,6.137790270803371,9.619777909517463,0
5.706446714820889,6.897389283162698,4.782345885293694,6.764875387690543,7.708507633306294,6.85251361784417,0
10.0,5.13308613845609,5.403766606460482,6.24982494961827,7.286420637272171,7.346620226446693,3
8.890600546313634,6.890536395365416,6.464888538518048,6.40787597202077,5.302234951300935,9.53376034343476,0
9.286279666732058,7.9636148503330855,7.503826360417591,5.05386132204004,5.536610388413337,8.955213036140337,0
8.542346947220839,7.301035330540985,7.511698566720973,7.37329863142976,7.3690211019093965,6.4080150062658525,2
8.845872292400045,5.778649385067455,4.7223496218343115,4.748123628694402,5.7812137080633965,7.238471841232517,0
10.0,6.446082651779693,9.854191534236326,9.236297824220909,5.360868739176048,5.508792064537049,1
10.0,8.941917758901958,2.0768577997397153,2.5666655194230064,2.996209024992259,9.72101297710203,0
6.952608305412371,7.7217600425589605,8.295794760038435,6.42441638589174,9.132261858946539,7.7310458831589495,2
8.424960391856159,6.785722511271796,10.0,9.577621839708822,7.004926934911546,6.955076827763151,1
8.961078351527469,4.735025947884628,3.716815191441905,2.947585493115238,9.747968985691543,9.464924942545318,3
10.0,3.582980877036023,10.0,9.817099414936594,3.709314557643221,3.0784366608056786,1
8.868096592624099,10.0,6.976247125785646,7.653875452711603,10.0,6.78518016082845,2
6.255483627775338,6.002932002566915,4.603678401132225,7.327811306906762,5.256271253707023,7.202992833911022,0
5.009878725605679,8.090332606817576,6.13602432942464,7.25211259904468,7.337814087622159,5.473305109654636,3
9.638534566209344,5.243844707789674,10.0,8.877569710491542,4.524107315153415,3.5405458214349785,1
10.0,7.839221104641862,8.899345614924984,8.991714690531182,5.883864541860053,4.740259597720231,1
7.9989723898409695,9.510030655376509,4.0636939388846525,3.2053512346085724,9.63508165538933,2.9569177356283127,2
7.353011938060802,3.6381445795033582,5.185084691079059,4.520886307982885,6.659512834191173,7.581965503502171,3
10.0,7.813314190697868,4.47126572837725,5.042056764947193,3.8773526578017563,8.897859138934493,0
8.247424604663275,4.320017481564894,8.887486264481185,7.524066874994758,4.468165716826217,5.605488735598853,1
8.08839167563216,8.073714599081791,2.3711447264174055,2.9371706385050382,8.070644266215098,5.49297617069575,2
5.316296905265426,6.17285678416941,6.872199979575203,6.10693206893663,6.6777403757816645,6.219293323080912,3
7.657377519145445,9.222187707505277,6.597985334461343,6.269506461361906,5.402645921437175,9.280992834410315,0
7.206139273019476,3.6793122651354455,7.547698314001689,7.3302823585295585,3.431359074535722,5.6053211291765255,1
7.456785669355079,7.634877768436088,7.204180783172144,6.2481686565706,6.78350736869522,6.290037467874761,2
7.161668902523514,7.482650838109869,2.6752367130355466,4.159953190483398,9.200288016822386,5.613653823714287,2
7.719862373108016,6.717201551491252,6.082880415544424,6.91514544326937,8.179565736156123,6.300102008404957,3
5.988827871253145,4.298063115709389,6.030876741376096,6.027603461127226,5.609648966310784,6.054336005436957,1
9.27634202559585,4.461755859353401,10.0,10.0,4.1991131551677725,4.862654693904795,1
8.067305497517749,9.086671052459206,7.875110896891843,6.669254416311644,6.49879302210047,8.870249843756039,0
10.0,10.0,4.906302027383961,5.915906411187715,9.455767923231274,5.253298624661382,2
6.88469820346661,6.596119893547596,7.140495556463583,6.652471711870499,3.8813327894480762,5.743943071053033,1
9.108019046058747,7.996780828149273,5.554977925607766,5.7232845534983845,8.684860789929273,5.655987686545791,2
8.397997142804671,8.225034051373253,8.35417154611976,5.8684740632934975,7.647304373371157,7.602521088908494,2
8.582905655620243,8.819991786041404,5.905086334578092,6.141497316109427,5.2048689700066415,9.465822485044457,0
7.7457309649532995,7.234084163321429,4.529225700068375,3.9060042282683898,5.030954005769022,7.709491185887511,0
6.125063016896211,2.749509124552233,7.374088345136909,6.6713215859125174,2.3128919275302366,3.0989501841535905,1
7.330966137014956,6.876086023311703,6.912043886493356,5.789244577134749,7.850316361642664,7.486086828046246,0
8.658394574042587,2.1984175499950376,7.251777635681327,9.611861373121487,3.3517028796125032,4.414138295876941,1
8.283845524232909,7.028427670831704,3.0798544323545105,3.0802978067605524,3.190680222563403,8.925375776432185,0
7.434082484455853,7.749772224710221,6.2220692492674115,5.820373932771368,7.262656968430748,7.921158478504202,2
10.0,8.039398909952286,6.238720253226265,6.846059510106649,9.178648932631312,7.282714248464034,2
9.335361994214303,5.720547799837945,3.9987230937338145,4.295473528353988,8.274930717983779,8.758853035587666,3
8.732511061556005,8.741462226297287,4.736938860617262,5.275133021558583,6.343956015178216,7.953410078510516,0
7.611031805644182,7.62952059818031,3.1097050355638007,5.618981028057901,7.051795872127627,6.508134646372461,0
8.296410346110433,5.604557038673512,7.58292407790497,6.502721215918571,3.754459614445308,4.8545043481754355,1
8.16408460628188,9.219521033925234,3.93183129056447,4.989673696443344,7.1387648850485785,5.308176419099811,2
10.0,9.213226591152427,6.6882490122276534,6.301504221020186,5.406459070649029,8.952617607780395,0
7.2119703058228,7.041949084095817,5.159175434179721,4.883489290805457,4.5946393278414925,7.84850007666837,0
5.564997836074395,5.400653122125023,6.225472251516121,5.86283649856162,5.720343563566783,6.8459160205066025,0
7.4973510335522295,9.197185614135499,4.389384048613037,5.504415523635907,7.8841101229140556,5.518496356507777,2
8.626235052107889,7.440826124148326,6.69647899702302,6.918277264533812,7.393718441081061,6.138995720678353,2
6.677409209309235,8.265064401153133,6.674830656960031,6.300993769171789,9.530267654719802,5.775883344657435,2
8.218550829862167,8.25492332225585,5.750941829877923,6.52004772557782,5.767240295329739,6.708388252574233,2
9.558106280551115,10.0,5.244667824311067,5.8270060318942996,7.255422884272456,5.727672858913828,2
7.993412244611863,4.225080905842374,3.533629003865803,2.2731804557775925,7.705933434201605,8.639133427869679,3
7.336233376615815,8.108181631766639,2.929262882815453,3.7560649341141885,7.715388989314656,3.473641985209227,2
7.48123861235617,8.133042231013354,4.687973546816904,4.599958940096787,7.991722776111471,3.226187026630186,2
9.815022588012347,7.8805511602093405,6.276597429169535,3.7155715524222606,5.141043170958696,9.893497193848068,0
6.302587475380303,7.619580455756339,2.3096835017077497,3.279043801520072,8.416266631780216,3.2800193987169624,2
7.585930569150673,1.7287476031826121,6.441321965942523,7.4209888340308785,1.943838981042123,2.5104551706994864,1
7.7530953598935115,4.143798956128389,6.426571078709176,8.298492291826417,5.277232686234003,7.067882256825902,1
7.129570789324494,9.52016980007248,6.4353779093432415,6.530137713309002,6.993266591965821,6.773715722334303,2
10.0,9.48748365857371,6.6363678600084395,6.891001329886719,5.958068916167751,8.931921568075293,0
7.137380730664955,7.647316456125029,4.523902309597193,5.0339307702672444,7.18798755008781,4.391388470140534,2
6.160963336250619,2.731190330204573,3.2626193219347046,2.4677821286336736,5.4350453435268875,6.582910504843328,3
8.64652746183022,7.7806992512343545,6.819247412426122,6.059646279978527,7.190087870418548,7.906802256221109,3
6.3154087585104595,3.4599408908305618,2.9001543723501784,4.431532900167024,6.542226654885034,5.638359359218532,3
9.509869455952696,9.267648343696171,3.75983300788077,3.8762666362846057,8.232274918835778,2.734512741432807,2
8.31047506350181,2.7548799831448005,9.204694068702185,8.386210883503693,3.690107599144734,3.2425992083545077,1
7.738909452113669,5.5945979957743734,6.268225770743458,7.491943917022504,5.569571949493406,5.782416450907194,1
6.11450558819648,6.105926649253481,3.3127701683603945,3.2769721804758456,6.002868625912226,3.0168146895188426,2
6.883073451013439,7.141523418367653,3.3453352049828684,2.976491307155263,3.4437573990837884,6.4610673586004745,0
7.559333895589734,6.199544068849759,3.8147651112393492,4.027133022844484,7.802060051796323,5.6975196470237,2
8.218361045894165,8.566338908501374,3.9565290406920948,3.487479012064948,4.7876052716671005,8.954776934215442,0
5.120950384442067,5.084033465374229,5.59106027412648,5.7225515920297525,5.939848840773724,6.821939413421648,1
7.766022046896951,4.7313726285551745,6.768818904395657,7.5182371962476475,2.971142353649463,4.645041394846267,1
9.718230578772479,5.468823443948983,4.29180298423798,4.020252175273023,10.0,8.726356856555368,3
10.0,7.935392456596797,6.992085428318152,5.190158235243593,8.802851499408753,5.999898593297849,2
6.8925629664062225,5.943262102502199,6.511260107677736,6.090535382680539,7.49805684444433,6.612380793519322,0
10.0,5.68493448545718,5.992001713656219,5.314531183548373,10.0,9.815708038857606,3
9.635581964089845,7.524145918585104,3.758626275333981,2.8706458839298334,5.190168270401397,10.0,0
8.32607558329801,7.296736410160551,5.981978356517742,6.70654552319367,6.018490988591859,5.923492589540592,0
9.749236791657294,9.215951377872157,4.356657244892469,3.4826796560737208,10.0,4.793410122299896,2
7.9001076210109895,9.399959937640448,6.374456540050062,6.534143264316588,7.8972228561588,8.365586374618026,0
6.917130101698859,7.836386377951393,8.552381729389353,7.923797971125787,7.9817098734395255,9.016673755394331,1
8.786882902508259,3.9670898327262765,7.5961143987344615,7.178301435658107,2.332171790955951,3.2859464152145925,1
9.089660691772087,4.833998724306938,4.361932945823519,4.776955587598564,8.151726666076947,9.240271416599219,3
6.477376631225805,5.162425787923335,4.4197612483397535,3.764686637208919,2.1609637994261615,7.093222177887769,0
6.229271959790817,7.347300832100761,4.029188244535649,3.093002053942179,6.531114674065478,3.3291346640380577,2
10.0,3.6180748227850588,7.964538210625531,8.62168715293871,3.660354388075646,3.304933597399768,1
9.532452361053917,6.288954326805377,6.959610545208207,6.250073759780805,9.12208366625597,9.56026632751933,3
6.007287936666793,7.914121574216926,3.9887577615600134,1.448803715220428,2.9509780264606675,4.725696010412166,0
6.50853264646751,3.2877136655185653,5.397679538683156,2.8378978795884673,5.671696616328149,7.099096394308423,3
5.996627301193414,6.6284829232560645,3.490182749414992,4.214311138869315,5.431563982432434,6.290084028392146,0
6.831542284557805,5.766837395663316,8.536649115273145,7.476459559677067,5.694066179905296,8.144772631022283,1
9.05729933125065,6.6573601778139695,7.193230346285812,8.770897216632202,4.526376479253078,5.273559520282778,1
10.0,3.925660639124564,8.706517862314355,9.129431283180296,3.005810875608938,0.8220124445651731,1
7.291750885456091,3.85508179299073,6.0446272569746595,4.1335499611295115,7.004155655199349,7.167293356693768,3
8.592676436406508,8.188804760533282,6.403725567541571,6.222751679026248,9.384460435435024,6.459556254130997,2
10.0,6.115213923233275,9.219000560799756,10.0,6.357119803839413,6.215216255506577,1
6.495987721853256,6.4185517373481105,7.142577360115651,7.106472955446297,7.184728588301912,5.507191300053259,1
9.490321660696136,6.495322015181537,9.195404966049642,8.275587308725827,7.689524092670362,6.407832956330325,1
8.430567959644886,9.91645441509651,3.7625587317708695,3.3331579743359026,5.070616459167013,8.170358681775495,0
6.112804254270165,7.75531611402905,5.489258715871667,5.468491860196681,6.59340239927323,6.101931465689631,2
8.923685822180126,8.0349408444319,5.872929734548503,8.06752400766318,5.946044912152066,9.666423544385736,0
7.462705564596348,7.130980447858774,5.4450672730296095,5.789733975568825,5.262645711262095,9.335182670785201,0
7.911150921899004,7.6690324455926815,7.507631116090057,7.525770298720037,8.243814365926903,4.865334077927779,2
8.974083890284659,5.224969408295093,3.6798604683849736,4.679144731546801,9.017675048284042,9.076599856621122,3
6.646862446166565,6.815992308545269,2.826328583621864,1.1980179367625667,2.512921045254958,6.990397234290568,0
8.564119741414277,5.90344716961825,5.431899695651319,5.316278417822079,5.56120257827173,5.693743735641828,3
7.073887015101656,6.714904354186806,6.812249217593021,6.696230167159441,7.179955117642661,7.311254128955771,0
9.932934737391179,10.0,3.657465117110814,4.496907770349754,3.0130770812492464,10.0,0
8.370944246990877,3.900715320823953,4.097621710224471,3.7164141325332203,7.842094000201237,7.449385161606015,3
5.876332268906823,5.925256241495957,3.7084140094045437,3.315535738839214,7.65524213540751,5.227867156928507,2
8.112686477948785,4.459922724640165,4.3008968456035905,7.134462482987278,8.343925726954406,5.9668617323845545,3
5.9336686135350325,6.667163039454298,2.058150984700024,2.5844868962029266,6.620988089817249,2.3105881464324587,2
6.780816907852269,3.619690804443392,9.19742881313978,6.945892984337556,4.309722117786069,4.08801678678351,1
7.944019942940351,8.177959649798924,7.194686213094757,6.342536366909785,8.469318359781305,7.142789545305777,2
6.372207804418852,6.175235823561146,5.249138212127401,5.627402329451252,8.308279281527405,4.9677116396973355,2
8.880006516676929,10.0,3.9558338544846463,5.799334450527669,4.175448019503538,8.865026384221439,0
7.943352033043864,3.028053977742937,8.402796758150494,7.918261316091976,3.605532499069068,2.9115737242954753,1
6.221492473450169,7.433767566550436,3.479964770923468,4.067821384743944,7.423659990331599,4.153920297032911,2
8.199749526196412,7.79361754792951,6.050874536772226,6.396336735691088,5.84902574238098,6.164513377466578,2
9.433151054019078,3.840684430461401,3.505978521484471,3.811421353880619,7.378989523093433,9.009978163024668,3
7.429849980515678,7.278011962002523,4.606272413769159,3.5290563436271953,7.310816627868166,4.034755519212709,2
6.03952678362028,5.298768492657683,6.658557526776414,5.878111501143903,4.1512216142719005,5.698195941213449,1
8.462967960412062,6.8224028959436085,8.924733994485763,9.107385834710502,4.970332077445374,4.937726016424259,1
6.635761498569922,7.569053619395545,7.511294738828891,5.801192835034184,4.798732022582268,7.0681987917171964,0
7.945853776240183,6.598149326059513,5.76748716071075,5.687426668293612,5.250802600077766,6.712821323358389,0
8.128367332631438,8.204997593369837,6.378703220702092,6.52350494800835,6.136107749915634,7.869312059396977,0
9.784533412750518,8.308979921618356,7.304766514786403,5.805004330974743,9.312344973138801,6.235172501555804,2
9.09067564174944,4.171677233028805,2.975316307464826,3.8206704956034363,10.0,8.965488608687142,3
7.798433645416488,3.1119571086582614,4.666582728029444,3.582177536201389,7.249969115217825,8.020274346958402,3
5.470184943470672,5.237404645837268,5.496943942688606,5.152854488575582,6.0208359485523015,6.265388080093439,3
7.690666655894035,7.751357827575397,3.3599323483081145,3.8322107373774617,3.5889654895976935,8.280939039638367,0
8.821180632947954,4.6174842262105935,9.653473217445605,9.4726972297915,3.3533517145014713,3.971592380144333,1
8.663781797638048,6.775417456427186,6.136854061532384,6.292892719541253,9.446483159715594,10.0,3
6.635360404481148,8.589688821276052,4.774046182702025,4.512612326325225,6.547692683202012,4.720431998253908,2
8.125144220773008,5.2129063704968805,8.145198716353764,7.6879867588488064,4.938588015370127,6.191122199143056,1
10.0,9.704933289259122,6.815045068780861,6.890888164601805,10.0,6.365933040960581,2
8.19798752175649,7.332124795524386,6.563914008639151,5.66079904196247,7.060683613436002,8.52387686900331,0
6.5261135312059935,7.327297918596241,6.707645405811838,6.769854857753522,6.839423920822624,5.890798697219952,1
5.327320885895617,7.156264449829552,6.69005710432356,5.895020450631389,7.693315182296102,6.987992930745736,0
9.760276630692154,6.022827122438476,8.966317344910378,10.0,5.7192125337910245,5.165274482169416,1
7.712801433438018,3.4823031321994864,3.2140972938841954,3.719126291905635,7.6118046368250285,8.101748762526093,3
5.846177189558272,8.437740361669585,6.600775537186859,8.497743329628353,5.129976123769377,7.027930028522799,2
7.299147600021707,4.06545141229963,2.807197125495467,4.112515341343772,7.579762378862738,9.330029013982966,3
10.0,6.506168157333154,9.524546020634924,10.0,5.381968059159778,4.039083834885375,1
8.625807433405882,6.760156804223174,7.864243261331607,8.316656254496644,6.7214798811971,4.951272003904273,1
6.453832248769084,6.375889744841856,4.65128995790902,3.491248050656814,3.434325192893568,7.892276427370943,0
6.407917484336398,6.707547545340826,6.0708580867321515,6.939625912391177,6.88974953085432,5.300897897752556,1
10.0,5.161224058433936,6.011654595734118,5.650337031663997,10.0,10.0,3
9.224996185358622,4.286159186073562,5.654658863679137,6.68088622299858,9.847215222354405,10.0,3
7.363568082134191,6.754469599480032,5.854686744498713,6.7725858281095155,7.367725495328617,6.030892120162289,2
6.108008926627684,3.159200810882631,2.2327710396080125,4.649730304221583,7.294477807435757,9.242513842924007,3
9.502673528080926,10.0,2.8125440342354437,3.9074003358530067,3.013045256324345,9.096954649855565,0
6.984761356943054,7.31858079212687,3.637368938957221,3.829839240992688,6.915836393852034,4.360804926821339,2
8.132488743505405,6.58892707555589,7.970310447305155,3.999398084937791,6.532373511851126,9.36012372217944,0
6.198725441432792,5.7807019519026746,8.421418801530887,5.095438165353574,5.025235121310139,4.4921776380486,1
6.240763989050897,2.849132365272441,2.203811453284738,3.079097883284168,7.588440046454085,5.940910455727566,3
7.7068831004208596,5.071738769249334,8.689787325841602,8.012612826569656,3.132170023024585,2.850865710856995,1
6.746500434661436,8.098328067627643,5.551581002247386,6.367071057761765,5.316631419099375,8.39963583323514,0
6.194360643975249,6.128193045771045,6.204261269832494,6.732688312601261,6.578024248436163,5.742813681457337,0
8.85002252483642,4.419581629024363,8.638927873752024,8.295796450308153,2.2828879455661277,4.499992522681514,1
9.899347657228722,4.2406785793225525,3.754230490714897,4.102807037831014,9.64150647666955,9.716949919629148,3
6.6397592428002765,6.706909772498404,5.4550490312432425,5.239625404177324,5.743673998288935,4.892618594905204,2
7.309083843505374,7.0477020150243535,6.131022566611054,5.69629521015745,5.668360682574439,7.639232496788301,0
7.848020242506232,7.2505611747131935,5.6833844859994205,5.191741097434296,7.982240044364169,4.9573308108343515,2
7.421064853947168,6.30668199813308,10.0,8.996777133959005,5.948905309605785,5.065308050752976,1
7.291073318044038,5.879907991955,5.525287567492371,5.868131311836055,6.175030328456307,5.766459231379166,1
8.175820105974108,5.7863289869788295,8.532801295236224,8.564868291879735,2.684823436142042,3.2082290036544645,1
7.595345606957805,7.989835384465026,2.9904401987948988,2.201291877199151,7.044001438205871,3.253442622822952,2
9.669371726655303,6.711395953026334,9.763881056295638,10.0,7.898965370447764,6.889007928291025,1
9.498056770759058,4.322015018318628,6.530658143397826,4.292751549535798,8.429598411626369,8.524393407908828,3
7.9775103126485085,8.394921789317074,5.89904498597402,6.602837445457422,6.988886229727124,6.36538474045292,2
6.528905481100786,4.942878342799986,7.834617349608236,6.6917509826467505,4.6779889742489456,6.915555731990884,2
7.225887282851143,8.050379678288126,4.238862604296348,5.540027811963954,8.703305941142396,5.9703158193355765,2
7.108955115282088,5.059692993093983,4.527967906053188,6.827972223185259,6.563305671352602,6.661933889540193,3
6.450712272126852,6.014920485034532,6.61607647950279,6.558829409327726,6.414310748874342,6.7119069219074845,1
8.29523040332062,3.2116681069963176,9.658970614793388,8.258217675947346,2.5148236944329883,2.3553016811297436,1
9.060697070778248,3.278222948468922,7.889607101970321,6.889314441107898,1.5848873874819716,3.2068101971423952,1
7.321117537986879,5.333456308389886,2.9456067094485068,4.919507448401658,7.782216540438523,8.777573660844718,3
6.247931878079976,6.859773358561968,6.95744769338818,5.71344448431366,6.024565566988323,5.107349844916286,3
7.192352049125934,7.20156040167787,7.0597428954470764,7.518719539231339,8.064692271098814,6.521170998851151,2
6.940289385705773,6.5777478719953235,6.994472157093144,5.50119975573762,6.615013752039675,4.95337931924986,2
8.62935480508822,9.521604522623415,4.350616656492504,4.30535343449952,3.669371734526626,9.613018954470652,0
7.140931577506376,5.454744132383432,7.9324966489486926,5.451824414052533,5.379456349262618,6.531607553004326,3
5.8814594914357965,3.8969343789881545,6.503754592079961,5.66084036602182,8.323309112465946,7.422382837962747,3
7.420834126520795,9.08773209462951,3.697805109837094,5.195131696355317,7.535969071305345,5.304358870435471,2
8.005672938139016,6.999321430745257,6.506210237922581,7.012619344556492,8.783808107823594,6.689912802303052,3
8.014152651468446,2.918283141358134,2.852162091556291,3.0591482070127047,8.483910710927045,8.599614307477578,3
9.027954892899805,7.549681093431049,7.3051198932673325,6.921772571235613,8.296183516347458,9.241687087830826,3
7.458705346503914,8.444522696867422,3.9001989075569092,5.760072465863721,5.47381448858222,6.700941401638518,0
10.0,9.524078896412927,5.136511018192987,6.52931254715419,10.0,6.050760677135184,2
8.234178343874078,6.28822967878485,9.54578463961254,7.792203688406926,4.742098571774088,5.9073403400241125,1
7.854161708481333,5.0676877466231005,5.894783912051365,3.6509394187933517,7.1016923958321545,6.546734693796532,3
6.822164182198049,6.840688564858921,1.8038386899631946,2.71258859455075,3.174841237166156,6.9675313538472965,0
9.229071883079694,4.0094719004973856,3.5736246872344357,3.593434716425105,8.453130259294978,6.434834397363577,3
6.103712307967811,6.284666388660672,3.7416459198129983,3.9990801439546577,7.6339167164048956,4.301377988923272,2
8.343590805431386,4.2147527114656755,4.905998323440709,4.4126904534926625,7.274860950849439,7.819100788673191,3
6.834920514836926,4.212874457492787,4.423584510577542,4.164598361535681,7.1798536547759175,6.131172287547194,3
7.293321611212006,5.210388041104989,3.8865458957812944,4.298635998392811,6.807156726695395,3.9542226119767174,2
7.71470477509533,6.777225581633941,6.59636489659455,6.923596281223411,8.766072438105482,6.889398027266954,3
7.823145796635012,5.652039373268868,7.284673275288515,7.2739231084352065,4.724773405196715,4.347351813503089,1
7.758406466601828,6.510699050731796,4.409337554328776,2.980289086071107,4.922711808832946,7.78436451641341,0
9.110669420179837,4.791818181334825,4.487721954408362,4.7166313550748535,8.119524626435227,9.753698648481734,3
8.372579701860014,8.834515192857326,3.7362157910126745,3.1586746272734096,4.306773126300258,9.094623165281675,0
9.294844718960473,4.87937798754967,9.190136645954196,10.0,4.913230761636029,4.685704219506225,1
7.514623480480124,7.092031595455231,6.60205877673883,6.055667227487181,4.282025030827442,7.629635886423889,0
7.084534637614354,3.505074579634896,7.705478542807103,7.613864651834505,4.449344122043019,4.219641142444257,1
6.755982856563119,3.551453961078595,6.176982217075537,7.3426550396007215,3.380980513827237,4.567342969258936,1
8.904742876344415,9.872414727695656,5.097218137714733,5.485414470392149,10.0,6.256261825705002,2
5.83522169957971,5.0196859737896595,3.015452063707156,4.0200531281535445,5.768172090278863,3.5678754427003745,2
4.973876591694763,6.7480807989327,5.70434598101885,6.721131666953666,6.906784461366683,4.612395613369726,3
8.519607722629175,4.665683946218933,6.873779209677905,6.801433864623797,4.487469543405952,4.251971496955642,1
6.042580608920091,7.314520538072348,5.245789495685681,4.433969562565655,8.05554793085171,5.586365840590755,2
7.597612021996605,6.293220055520702,6.600553580406498,7.161486311307447,5.380904360342456,6.496447925737454,0
6.68199912454617,3.931184955596158,4.622482405132967,3.881766508670424,7.416275262450594,8.750258951435072,3
7.357212690931887,4.709018181766734,4.558447465984515,3.120291667102431,7.053098043030076,8.184493509395335,3
8.05850822087601,6.15871988651792,9.451112956255239,8.685863985123003,4.899883369867077,6.508275921062816,1
10.0,8.21855981861613,4.142712913612379,4.253866210209885,5.014131714169336,7.032588719690789,0
10.0,10.0,7.309292692148439,6.62060620567431,5.3787945332490725,9.538738063926619,0
5.843706122980599,7.306108471462872,4.656471246125714,7.055397873375823,4.9823075463998405,6.2108296668134795,2
8.001467454230506,2.661857831194999,4.218047547945869,4.198919563493358,7.988854339217627,6.7193395830084475,3
7.812755736740317,4.2449871934802585,3.136172184546035,2.159285179890161,8.864480014529876,6.3066362183360045,3
9.012656180335693,5.0271558771102764,4.169803338409886,4.27024478083297,9.161043117749585,9.199564798814125,3
5.8644815325425075,7.151295576873167,6.60010001847359,5.833400176045091,6.2012854092115015,5.45794134136727,2
9.18179557166501,9.219624164135904,3.806355883827256,3.5735571952253617,3.655916818884414,8.531425899453165,0
6.516406566654971,1.5909641591041812,4.391991529643954,3.3372243007141558,6.803756694217482,7.078198887697162,3
8.345713638999953,8.294760943023407,5.334212562336777,4.850129176925659,5.185972261178047,7.583208936910453,0
7.926620342206872,5.058812977422405,5.482195195962774,6.765470735577831,5.521782508787335,3.998280845250322,1
8.150414477479803,3.581178640645363,8.648213907615403,6.627742511283552,4.247286495461563,3.7329733952964688,1
7.532367377506642,4.707758710804822,3.137277324021714,3.433766763268058,7.040308045507483,7.385252499761025,3
8.0236855794391,5.842044371024705,8.699434088268026,8.384322529410213,6.349772412804301,5.718340305676158,1
9.189044486771802,7.829139579404103,5.035404399429415,5.136842216015758,8.618394686540665,3.8273006934885543,2
6.758202300721481,6.515263150508192,3.222540012277907,4.571935909803503,4.769583846113335,7.340285422313653,0
7.572154861970995,4.664450415716869,8.088729951972693,6.047633344124378,5.882220798160424,5.104380574117841,1
6.834755470271231,4.137957450109844,3.521074291903557,5.1534664599323206,7.210440786245982,6.05736500999308,3
10.0,9.94396435682163,5.060252951878028,5.696956679410463,4.14259890155313,10.0,0
9.554113589828503,9.461513251300769,5.347505411326995,4.566510945115592,4.339547344677939,9.421492351891386,0
8.32301855228896,3.1115634690438227,4.172781818261932,3.7189083508721446,9.103810005682982,9.364108709524762,3
8.013260890161368,8.914852668980876,2.6093607242396937,3.6498420599000623,4.18247705679099,7.321892270553146,0
8.246276126184972,5.780696561604151,6.928021069870003,6.405891844530117,7.583995623829871,9.057106633542894,3
8.258778617117882,3.8146295501074303,8.587087220091446,8.641650401584927,4.240308386055069,2.9780238381177124,1
6.753321049181914,2.356825597839123,6.4701201894447555,7.048225009145286,3.7681824618534763,4.045276060338862,1
8.520827460993253,7.1439696967084565,3.115662281401057,3.8049310708270743,2.789943685849055,6.999579030569452,0
7.755211490605195,6.325975474864381,9.499553280228652,8.881291264548128,4.914783589452882,6.107489459556883,1
9.61682345578901,4.022525961760139,9.794951330285945,7.677702147534925,6.002979850513064,3.9931137009329816,1
7.59749178451032,8.101750779239383,5.998056015389819,5.239798629483921,5.304279214747995,8.511145484308734,0
7.349089762773405,5.365391709952213,6.090124526845198,5.556673071923637,6.049106431369932,3.9572481437250127,2
10.0,9.743666213983442,5.272459271748187,5.624920135229255,6.551536006117108,9.257906892003936,0
9.045743420502479,7.32837505940103,4.414589732375327,5.5517569003705205,3.6758502005116136,8.46689402902785,0
9.532245673855124,8.977464597628916,3.2191858959499586,4.512324142046823,3.43175312997569,8.577186349128853,0
10.0,5.753070970297603,6.803912653341825,8.069827497854725,9.060543250163088,9.121018225739885,3
8.299342500906251,4.386453588126945,4.775341760430365,4.068505485079714,7.92072837775295,7.745773290819509,3
9.1088954388015,4.807203589300092,4.434185265583041,4.48217487592351,9.204405291665216,8.936229535514556,3
6.219017785798463,6.9110716116268485,5.471248078014881,7.687630388992454,7.408354556634613,6.910490986186051,1
6.075624375704819,7.1612529615321625,6.409526632919798,6.6736900756903434,5.815672872456831,7.019932321602762,2
8.469455270961728,2.1970504787628844,8.341596554280464,9.647630378071064,2.2475767527243846,2.4019331938225483,1
7.655642827950079,8.033088013674389,4.387788345930301,4.785814317921316,4.233896915808943,7.60100248702214,0
7.962828309714929,5.917012900674384,7.543754594207822,6.142971846890598,6.724919867239927,7.598085021413455,0
7.294467837069029,3.4635245022553844,3.448304473804141,3.403502685239027,5.586670908764738,5.1688165501045695,3
8.433342940422603,7.934073225446676,5.156841001027069,7.294185249072324,7.322286515438844,9.059980437239851,0
8.502710897202736,7.396903202784119,4.52668613241516,6.290625526366942,5.68139988913299,7.7527604214194135,0
8.399075912303996,7.529261928008658,3.9333997200749478,7.302547645353158,6.052334691059661,8.338773483277762,0
7.953855450822482,6.985377473732348,7.0145398275418085,6.528827826486812,6.594825380420976,7.777671673550848,3
8.605193387732989,7.754344201203345,10.0,9.372558990296577,5.267011154831972,7.0840488609205945,1
8.379839439496799,3.6828912763793364,4.270685895353106,4.219039613361713,7.401554931937289,6.852589245974399,3
10.0,5.1543929787190095,2.626326198739054,2.282154872277167,8.850515759917206,9.809053517059684,3
9.92501947571209,7.222624474368488,6.136108589375521,7.237287410738603,6.004435791171069,8.383249831887236,0
7.662500015858023,5.22527917339891,8.728471045358745,8.334970144576765,5.3061678924062505,5.519017313969755,1
8.213070519784914,7.240995703193527,7.927499108219617,6.482709126342929,5.758933277997004,7.339300263160803,3
8.90669377573799,5.743412459571754,10.0,10.0,5.349301622208048,5.599328133216423,1
6.415839940882062,6.261224137318207,6.524525164366075,7.868495020972192,6.207866474564342,5.974698174070768,1
8.09457832371276,2.786839207847109,9.376611669700779,8.828350759961582,4.396986953235206,3.384100577732939,1
7.570840067318157,2.0093070312483214,3.1317839318729046,2.4493680825059183,6.911221581136137,7.719963312104275,3
9.213843646160642,3.018493344503705,4.037132968352237,4.675406347459938,9.536537824246665,8.481836603282183,3
8.467482488837353,7.675704299929401,6.355183558560908,3.595714245458163,7.680171251622129,5.83897862167981,2
6.151688856332248,5.192140849904432,5.931790542221158,6.764560633680146,6.072777919336473,6.290039682327536,1
9.268459827378347,9.198632592229945,4.632784568263487,5.912912738951135,6.280668523188398,8.788173812290236,0
8.272390011111147,6.45938421844739,3.8391929579279163,6.159341515449846,5.439703558582599,6.728323272933996,0
7.476905443474331,7.4606607353057335,6.761584580850768,6.2319173897530735,6.823883317504637,7.194289421854994,1
7.577317938537418,4.09824022596753,9.775397297396164,9.634219734909873,4.903243468996864,5.106253070643988,1
8.047546928588499,5.79852295586381,6.702460425572967,6.348925660334817,7.926961814139156,7.767463375517661,3
6.209337992676097,3.294392224616817,4.329245255035642,3.2222313169348076,8.95497957297682,7.793783449179367,3
9.998686965561122,10.0,2.6043382019560157,4.105313220161925,10.0,5.4454260188624595,2
6.897618749706795,6.292763954901327,9.945487757255844,9.419011259683808,6.977418548640487,6.546809876942428,1
5.546758558181514,5.4617962997518905,5.6561349056350805,6.082821055050079,5.170631282686241,5.820418711021375,1
10.0,9.788780900251066,6.6227126988048255,4.929402428221393,6.5165765503806234,10.0,0
9.591506079372946,8.916487714000203,6.164057487566979,6.546281954851867,9.206519304620368,5.900172654120522,2
8.9669896946657,4.229859011603274,4.817937309174783,3.7515093846679557,8.589418530504336,9.780901794210543,3
5.846044935698318,6.914116830380688,2.8757625205182005,4.625551799721348,7.02594877040574,4.3757930261984646,2
8.496382520909217,8.52051194963092,3.4784521459987503,3.6649625635469683,7.508231024779872,4.575335489171505,2
8.789932364341547,8.310729844807135,4.772970520937661,4.42714417416086,5.559748249796837,8.86073933983982,0
5.210345203116319,3.6927073569094038,6.423107232507498,6.069560338139864,5.065742300361787,4.99459980131544,1
8.671643322813184,4.071229091992945,3.467876388146787,3.465471856962965,10.0,10.0,3
8.385223212596236,8.542767298677008,4.63243230955809,4.312553074577295,3.3552889164896946,7.936005726317764,0
8.77801041899203,9.582579995014706,9.049328261282211,8.80697030416268,6.736780251958681,7.480288503838215,1
8.27735796872928,5.600496642127297,4.044497187347763,5.535433956991395,7.2183539663199845,7.190780405121386,3
9.657986955977638,9.414146347354407,4.36247713628621,3.2240248478700892,8.971644623610056,4.8609926961627385,2
8.01839163926536,4.9261705010518355,4.281299903347388,2.525812762219436,9.977545505671296,7.395470941224502,3
8.870033039780429,4.2765594100223945,3.481494724127138,5.232498085401347,9.79760723364786,7.759673668019568,3
9.741301972480331,6.479609279042171,5.544587787622451,4.168704129574451,8.83429187297078,9.16631728971131,3
9.227886349401272,8.502963105548353,4.510366063450345,5.612948762845008,8.411505501069335,5.388888461810122,2
8.009119959745481,6.085678214648416,5.586187469708269,4.194353117353532,5.7272421883199565,3.291409856894122,2
8.23514624079986,4.746317029693005,6.0965133726467995,7.1407891817751405,4.835100936443375,4.506142647831514,1
7.972402670222744,7.65595225948741,4.566995201649408,6.686415355027802,5.002017392521724,8.017212050933198,0
9.103643410860792,9.89450422643797,5.978672251528306,7.096858037852094,10.0,6.074533713423546,2
6.642664468363785,6.662852828026512,7.5238866581579344,6.655077901260248,4.199506333085317,5.475068189508567,0
8.39005398972835,8.034464994130655,5.562843595277419,5.213444512715659,9.08431131480759,4.813202962182502,2
6.037285078939063,7.162055104788949,2.5841010493409278,2.715993877137809,7.3092891454222455,4.699240442642096,2
7.689511768045781,4.558829969891142,4.827763738333038,5.797268455882272,9.75120328897361,8.052218389363572,3
8.35238245137992,4.610639145725358,4.582822286027497,5.046036662362939,7.5051591117509995,7.518521616125936,3
7.091468682791319,5.07118500871669,6.490554590777004,7.509887444888609,6.411531607396146,5.342490803970553,1
8.463383089865646,6.950169506859551,5.489974544550348,6.246902000790919,7.819001602341521,6.117733426315599,2
8.230398681865356,4.96622476567172,8.11966238972741,9.358833798189607,3.730342704741366,2.5208888400688294,1
7.959208978010193,2.6419513442373335,2.7950626316089133,4.188736811464582,8.078632934953685,7.587168366363248,3
8.186198117939666,8.54245264949315,2.435998484295591,4.0667011426920405,7.307655956660241,5.763444775990248,2
7.204465352815916,8.140677839301668,6.116100515427854,6.380508228122308,5.686693713668021,8.41097667674513,0
5.475304550652455,5.987128904972612,5.4607358305753,4.873585634226613,5.888204176721177,6.276113348338206,3
7.925443077313508,7.285434853937627,4.289044135672635,5.733170963464169,7.188161330374139,5.588336857126418,2
7.041785702456117,7.3901046329419575,2.3515493054458796,2.9230326609814847,3.176806527508207,8.875764323831042,0
10.0,9.301521498323917,6.608063826970506,6.901589688740994,7.247932011168613,9.677117171075668,0
7.783523512056446,5.891943929473843,4.9765776021764,6.171764504423868,3.798016296575269,6.87547220474555,0
7.9810872942541,5.761245841860211,4.035860320445577,3.0519506957989115,4.867906558808231,7.979900835393195,0
6.91513781600496,7.118785561034481,4.913811469122291,4.7827667770124425,6.999098266451739,5.013941013471444,2
6.5936876312362855,8.334026780901578,5.628853745424832,5.045415657711715,8.519344339952449,5.444699473646203,2
6.580243147073115,5.3598296390236575,5.6585287586194575,2.971401694156298,6.547015820801855,6.258730394631966,3
7.276810017414608,7.064608635625692,6.686644467910099,5.960832559856342,6.386739156575869,7.039671162930693,3
9.06858140831514,4.898281936252005,4.418173378796336,5.831478439148169,9.341555433183204,8.58116132564862,3
7.266491931502192,8.049102373696911,6.4804834185284514,4.880370680545212,6.424405572178423,5.594700748479228,2
9.314623431111862,9.373136566131592,3.0683514140706105,3.574072149502863,1.9506784570083495,9.596399527714475,0
9.74323694342558,4.531632411460778,3.74800427487388,2.9718739986648544,8.732119458210452,7.920793821667962,3
8.31197214671725,7.75042095084738,7.067225858397208,6.255116992575944,7.021628070111001,8.401406753821773,0
10.0,5.501571941141451,6.496671339972963,6.927292399577465,9.862815323065083,8.109730093489237,3
7.604588600322157,7.6443370984397445,4.722450103441712,4.231782697438171,7.800447410728285,3.4211764226580543,2
6.4805792161207005,6.597436415996566,5.534813409798268,7.020162761333984,7.168102017413508,6.7075726695423565,0
8.198403368468442,5.661162031652509,6.083566539617693,7.30875275896344,6.2146092740809795,4.3496721287022515,1
8.406717290560545,7.164506255713251,5.119188269672978,6.563469363921425,6.484956016636742,9.064774994712927,0
7.363716435715503,6.698205900151708,7.697945112854845,6.1010401055152474,6.70756399618557,4.661448420471567,1
9.134547528440367,4.245594398596392,3.9362552415261107,3.653600284851127,8.183247749974845,8.851782476335428,3
8.355824792914508,8.443041281344925,3.9513132642548268,3.2563690443266573,4.24974849897127,9.223193274035568,0
7.6956617686293525,7.053194651148196,7.45681932327791,7.678204390060327,8.44276579025028,8.025394908377992,3
7.1515746168536865,5.361448130853203,7.548647674029657,8.042691003930855,4.583583443916124,5.194553976937276,1
10.0,4.415878830356309,4.183046429402013,4.996349563608552,10.0,9.94745343780986,3
8.780260539053884,9.48747621957305,3.923875290415416,5.24119786132407,8.12127542562068,5.026860982154456,2
7.956727490780091,6.933537178465023,10.0,8.513704479382605,6.8582608393505815,6.327843119181631,1
9.448284748366225,9.853648733448223,5.271309991003643,4.666207902373848,10.0,3.142818880082994,2
9.521872026214835,8.569325618648552,4.987243450100176,3.004495838707291,9.094500425417598,4.913952961599503,2
7.062131342668591,5.211500948488316,5.875451296436193,6.366712518435864,6.8920296473852245,7.624995149968267,3
6.784162090056839,6.5418818058489725,6.563430403788202,5.690589896374271,8.083052610436251,7.038967429040997,2
7.7747141800557085,7.358591816240791,4.9187551114156625,7.399557353320139,6.519232857295206,7.361411629173276,0
7.96953558587316,9.446231107780218,6.034214707006671,5.234603162582543,6.5270896632613695,9.679580266444454,0
6.812465507040111,5.198570859175835,7.961602225399661,7.426306808724853,6.781440525206079,4.689034353774385,1
7.0884980307502685,4.047560791974012,8.33249189129623,8.185840714969935,4.307142736467836,3.168602909193928,1
7.296038167749778,3.8267455350374333,3.0261694064599953,2.5177535380904628,7.917875713036829,7.0094957718842,3
7.859428337869787,5.833076181764809,8.517330605306254,9.011115251951889,5.2654519571494465,5.027630972163827,1
9.966933491751808,9.546685419831025,5.845225527023092,4.128270838327114,9.506055254321431,5.816396198585694,2
8.996517104993824,4.358350597814286,9.510252229329298,9.102759003983497,4.532647795451788,3.3397655506244806,1
8.833335428960227,6.23476403530441,9.436997713299029,9.264066390675234,5.566393474230297,3.7658984651803706,1
10.0,4.752006033609495,3.3084356307342797,3.0660013407225626,10.0,9.324617890030487,3
8.469096826113226,9.491476079837659,5.401524365733573,5.666904073255278,7.104273125255416,9.3507350160891,0
7.7950288279047015,6.7061894670153475,5.870957336305246,5.57855757026852,5.514327256173136,8.202197359962314,0
6.256931668602377,3.9082808191337604,7.895454571623827,6.742106603555203,3.003103204068789,2.8647629818332403,1
7.476164680867759,8.097889647285488,4.964092340565296,4.675778158098274,4.257093840312761,8.475053100867676,0
6.759254607750842,5.919297719752084,8.117742589849952,8.273683135990147,4.6993793152005,5.156017679935874,1
7.651152534830097,3.5423255641451568,4.21437207898367,4.861893070169876,7.872297199147116,7.050047981234924,3
7.634416380664812,9.122458438802076,3.704244861425911,3.2598198162688656,4.934111860929535,7.527516469842856,0
8.854274803236429,9.6643825695813,4.893894602508375,4.939307497487899,6.736432251675508,8.177302877194421,0
6.260017904388384,4.4438487293893205,6.6698157380413665,7.285198879495673,5.3254444432048125,3.4956125295571976,1
10.0,4.276231516659063,4.230010814161216,5.308707604556124,10.0,10.0,3
7.699252970046739,5.75002880948575,3.8140158068575456,3.2242184018839617,6.743875919852566,3.0963265552140595,2
9.561295224064336,10.0,4.787577212909159,4.622136187692757,8.274080222086523,5.43601246631291,2
8.876218557247453,7.921892440804875,4.168050789197207,5.645078427547394,7.788042209387157,4.7830791620731565,2
10.0,9.79217966630031,7.277781230909993,7.128029382170919,7.472410728038347,8.950072655037154,0
6.877056760484795,4.000472812352318,8.26729058104002,7.664006084020046,5.116734935759014,2.6133492089923793,1
6.130106635572696,7.312338465238733,6.14559676152873,7.160877666335407,4.971708681390273,7.3342360800162805,1
8.055122629647618,4.236033513700793,6.098849216475406,7.89944557731906,3.700852119851045,5.021711473144798,1
7.202039001634837,6.7957428704875,8.532457980701096,7.091490772935639,7.881629411285408,6.452520441704753,1
8.191936823770808,7.486946802527122,3.506948317682579,3.0319430563641787,3.538703319750766,7.6075639282899,0
8.541152418570414,8.945192087197446,2.208357934642714,3.473640583481086,9.18349262924784,2.790997719139476,2
9.183308959645563,10.0,5.106847457720274,4.865460847079848,4.362462313874787,8.206479607093048,0
8.483474961362866,4.86999795478111,5.476053335791908,5.436297695167198,8.504560633090565,8.402424201445504,3
8.878466506550804,8.959514743670377,4.227486680437978,5.225621310487294,3.5738817496985122,7.720488700133003,0
8.5469049672972,7.76332275289628,7.143486340553732,8.12094158989074,6.44671054872495,9.28434187420431,0
6.442995031755696,6.047739693209641,2.9079450524459896,2.978320049829832,3.762644967250363,6.9312508281216125,0
8.043201110997257,4.116305801638011,8.959864386057294,7.052178549733176,6.738754161443791,5.378668705152094,1
6.01677611647921,5.2039460297898525,3.5818750178276075,4.829252987656781,6.264857453722431,7.095468308042819,3
7.264311520817866,5.882546625772775,8.825019901470652,6.607769414270825,6.335383206703972,7.522622778742729,1
6.283274408468516,5.3947715659073365,6.507009277608865,7.602421386991683,4.6133731560087545,4.19604241902516,1
6.270717586725584,5.732146868032553,6.3691118138509495,3.881768783302894,5.814215634135855,4.090432471148608,2
5.940587699412437,5.895098362014203,6.541141899582111,6.845603506746575,5.12437578171887,7.156637570003931,1
6.31013855197675,6.12108002704953,4.155690755177883,2.844015439760748,3.9191553169280935,5.401274301794945,0
7.155622195774385,8.120905465479328,6.593729478581282,8.07465907404109,6.814617726383335,7.400748930357194,3
9.928655523807246,9.126336901374808,3.796579773732453,3.353101803369618,9.284408627050972,3.3933673272217275,2
6.9775235261332975,7.975872970238872,3.4923777109792677,5.3291744529152805,3.2082888386621047,7.836516682171808,0
9.646505408591683,6.163566160334018,6.412872238050207,6.00828007964033,8.100293696156346,10.0,3
6.911148394122102,6.069497676287812,7.563626953911085,7.568678094101424,7.837587108779101,9.853560990139933,3
8.14590051025324,2.917572293999985,7.729133462424991,8.47010542223661,3.1890825953222395,3.3978885341446303,1
6.192535780842147,5.270237941528422,2.8480130850763836,4.104390410463841,3.4459036867228385,6.061350549317457,0
5.590256563791426,5.649216366587087,7.1126142449825185,5.3097803902379175,5.634172812778898,5.737600571907469,1
6.636670028287872,5.863049614079922,4.561550613881096,3.479799599947498,4.278108527322576,7.131532500044407,0
6.633483511998924,4.912362506040738,6.750422896535607,6.495402821397599,7.320710166209049,6.923889536580866,3
7.316242100892516,7.447203290223312,3.0917766161554634,3.9987657037323934,3.1144182873792845,8.296843617511122,0
6.482790179287947,5.99466924496217,6.3337839849313475,5.1820412889105505,4.743868587159774,6.2053183712795885,0
6.391086806266976,5.54257145305392,8.012741896981378,6.423909763984032,4.472951876930212,6.060343029402645,1
6.276704308078738,6.191504703898743,3.969460432195474,4.533006885088551,7.857776318867971,5.479708819534014,2
9.103751340544283,3.0474968679397936,4.019414903482576,2.9778428594608313,8.272839078370216,9.751323782507987,3
8.716315525778738,4.182710758243665,4.268602984828759,6.151290905355517,7.3010381734162735,7.090514446203035,3
5.3671320205562845,5.881974562277187,3.8057637633534394,6.336345331163196,6.6475292117467255,4.41337860890792,2
7.156247235184354,6.795441958790966,6.902398765511729,6.221533575695438,6.29313313124378,5.572460754679299,1
9.060644222871693,10.0,5.471733712263851,4.846440693950693,9.489090818828474,3.5044761086614074,2
10.0,9.669993034525154,4.472536128306871,6.130888983772751,5.830523282675466,7.999351270774027,0
7.418509783943281,7.628779892733438,2.301035075260581,5.798437394848303,7.734711688776499,2.960068961009053,2
7.680453175641443,6.723397933386091,2.3561253102868145,1.9833694231000887,6.020732416575585,2.93872820034282,2
9.98196437856503,6.363052684492509,6.297688166755247,4.539373963401701,8.809059708685819,9.60757138837915,3
9.336374349224538,4.381147778763589,10.0,10.0,4.250934396646972,4.154522807545169,1
7.375224714620049,6.585409221259409,7.122385501197472,6.745798130130219,7.521898643025827,7.03835546122844,3
5.42726351404234,3.747434217541596,6.096517143948631,6.874914736105701,4.457744703392704,4.552479608592289,1
6.465573057656926,8.23081343495726,5.264572546423505,5.1547589397994455,7.7555370236918275,6.155530111161516,2
6.146485131028291,4.57221614593861,8.34018029843287,4.968127025178289,6.912914233705027,7.01698995361515,0
7.129112331440645,3.8279555167108446,5.681114543224946,7.258578519727432,4.345579714002606,5.540540136218544,1
7.269427983359815,3.574598821966447,5.748833119232566,6.900430998551616,3.1511164478675133,4.79444839586016,1
6.783022015430172,7.594180864921154,5.221727969084043,3.1568190308272253,5.301703702243713,6.172947437325281,0
6.949671167178852,7.628725777593586,6.323330326397024,7.945299723938156,6.696596297052023,6.863375843030317,0
6.474093088736503,3.39636316850221,9.098210054468677,7.418421068883848,3.6436284263326852,5.220050914230514,1
8.767161340801117,2.1140679531986937,3.2801407438934116,2.8611958893869236,9.553287649696989,8.257069986584701,3
10.0,10.0,6.950065091966801,5.756914784494066,9.992660000627572,4.004090026950894,2
8.49376551037657,9.528639739669911,6.7230340305257466,6.831430136970827,6.4339178281054075,8.33767786023432,0
7.006340681408603,7.857448031126176,6.372414205558153,6.5277259447545815,6.49253926859488,8.263083843344617,0
6.495784070698138,6.139013530075534,7.24935590707726,6.8318095830255645,6.3905331516835195,7.188180687670728,2
7.618066104195032,8.415284960604072,3.8326821376943374,3.389742102587708,7.206963359502172,3.1208560674193144,2
6.412351507166386,6.048191515898104,6.351303995421112,6.9213190509370275,4.748803099065417,5.618584657640415,2
8.807244716772779,4.828707761311222,10.0,7.754373799394957,3.4232833606357183,3.0096391782809135,1
10.0,9.126051842176222,4.9163429551270665,5.622945339279666,5.293649704751718,7.936669279595873,0
9.636477708163632,9.77224247438439,6.005379811255618,4.168788166188595,4.041505118410468,8.299996907351526,0
6.131165137079572,6.003905668609295,4.620570026428266,4.886208879142501,6.556866144859038,7.236929437547172,3
9.688394846613978,6.346569614797545,6.732256172772252,6.25756408903801,9.726519766361037,10.0,3
7.997358492013512,6.3139993406201205,6.46616181318928,5.721527858948058,2.911871644314907,5.063671654137247,1
8.007081781380029,3.584171337703781,7.984948582472767,7.377148132672171,3.579680472220857,4.369244623157968,1
7.66951614453462,3.8762991223912273,3.376639968916157,2.9215501276470492,5.890511268665782,4.009419163504008,3
7.897739278964494,8.11382383533156,3.329417691298385,2.17235003359547,8.322114288465503,3.6604007127489826,2
8.785209898958582,8.752879256093454,7.038536334602576,6.320761999273368,6.265748461555207,9.094824358324306,0
7.571674180107698,9.036547408109085,3.908824049543279,5.178969492004601,4.295760427117736,9.918964824168137,0
6.816512830349382,8.388926918584065,5.384371666476266,5.004015555853437,8.175830955566179,5.302167922162944,2
7.843978224196715,10.0,3.6502480517944527,3.0669166106179997,4.55592700367686,7.984489635060787,0
9.32189030711963,8.542225826669153,2.2306996159517856,3.6170731026339706,3.9424637048430875,8.914023361861986,0
8.305103793776457,4.351678192989408,7.266701782328346,5.539968192953367,3.1553607010067113,2.893162833931499,1
9.557113623353466,4.0884063224469225,9.50784063714072,9.549610869814973,4.1901120439351836,5.456270972155587,1
10.0,8.767622693689933,4.212811347402418,4.304434749152279,8.478003686953045,4.0575061964088235,2
5.616373571772147,4.8824681662917095,4.5105220476608245,3.9297781317801346,8.248512229016079,5.99021442266673,3
5.660440058478638,5.525343030689974,5.8835532005811695,4.6301295987710915,7.227714467078302,5.78223720552963,3
9.540087773889182,8.962876661400559,5.834359956987105,6.504508965414117,6.478749158733625,7.922377614561774,0
7.6112929501740885,8.430622591608278,6.2167464886514,4.511853531111293,3.7177480088515855,8.362485033696034,0
9.002567046111823,3.0967292949472083,8.565578876005013,7.674992736502563,3.4335862353196673,5.217819055940826,1
6.344648679138481,6.218274315759247,5.865944580180624,5.025392062852137,5.149631235594319,7.910306014288222,0
9.727929251953588,5.582767218192312,4.3893445731575005,4.520381930338277,8.766781459716007,10.0,3
9.297463034266414,4.426362760207573,7.665022595243656,9.137784131614092,3.0698682203734537,4.23152202415956,1
7.58818342709615,6.1304772355894235,4.193357871176543,5.041258892695622,6.320778067437896,3.3065655973888752,2
6.457600621669503,7.063387068889959,3.87794356548606,4.815806822055517,6.3885475948767985,5.491479901267812,2
5.202468861901795,7.136655956073303,4.810740268328301,4.87496570071168,5.981444094535226,3.1765673937789396,2
8.69421173474984,5.97602244771874,8.292601201392142,9.800477525528777,2.586808013582366,4.922545948256924,1
6.918251414507371,6.837686102575752,6.635096361485847,5.56267994005705,6.953462482755425,4.950746063972617,2
8.633180767028296,3.1138446418373955,2.4930576282124806,3.11649291723892,8.95119808583574,8.403402597071711,3
8.054308518699854,6.698717449468258,4.072377972402013,4.063302632789809,4.215480493223072,8.59716591465281,0
7.4961241122624145,7.207568338251375,6.293664754343463,5.237049621182683,7.325220709047883,6.344995937837962,2
9.227389773533588,6.4425124837251815,5.297960826221789,6.278465576547155,8.729469392451701,8.740713587620396,3
9.699812489702936,8.368815288414964,3.8225566001641713,5.5372626662542395,9.021080022101899,5.280570856636006,2
9.312294064220572,8.799607495039366,6.571642134226449,6.414374712942397,9.207474182774604,7.02165776225627,2
9.883648566652418,8.74393183092577,2.8248341477844443,4.365376090508642,4.651241280251401,10.0,0
8.404539538615754,7.479661199044698,7.918275412726892,9.307116813265981,7.427662922730396,7.98137149235914,1
6.974859034986754,6.359296182456434,7.0176112927012735,6.580873358904548,7.014671275966139,7.145263465808142,1
6.850702966171224,4.826035381286381,5.714750871535327,7.2922371650526365,4.9011434312846625,5.789813637059534,1
6.674530393727014,5.392342851442675,5.941395786567294,5.196385922060242,6.4865231813139435,5.67818222322019,0
8.229121205529115,5.278050846680964,10.0,9.617397680942428,5.841488864360263,7.093415180806116,1
10.0,9.215894623775588,5.025525201279884,5.014438614877561,5.208072397621315,8.965211307169895,0
7.871903056622017,5.517903657175961,8.65303206653047,7.138070482511936,5.189064743907706,4.724184605340315,1
6.0246038896028695,7.031146659183,6.727880756393999,6.495699838688576,7.181308216492121,5.642508782652313,3
9.918740190263827,9.510677288653268,2.9470972268487086,4.052200800627796,10.0,3.252326588321119,2
6.688795145142882,6.809984916338756,7.367847701225453,6.589809308535608,8.511367707673166,7.459409563036045,0
8.696740596990717,9.225577959067705,5.23305267609537,4.5549073727190255,7.667342205684316,4.718169113002914,2
6.519786103419661,2.377998436709269,4.036603707573231,3.323111847282098,6.760503049541848,6.097818736039589,3
7.6571895373483185,8.209399069047366,4.218021065050224,4.33653170611549,5.4599244325886085,8.362243252257642,0
7.968758307212587,9.961046724477916,2.387768601018643,2.9242063021741282,2.088630720302873,8.223537370718187,0
9.233275509352513,9.74220756161471,5.192729485691574,5.295086333042637,6.213664142922347,7.619934590671624,0
8.13059084795137,2.68424670065807,5.717667572313019,6.237500580089329,6.770066339496651,6.835029210556358,3
6.504057608462405,7.165665451589959,5.8111857409716885,5.837741617147826,6.5228035249933995,8.170969100219882,3
6.91239810045856,5.869215668616706,5.397135199945775,4.300063510576036,4.549448089761533,7.486843221824784,0
5.003675716422597,5.4835548930695035,5.371000087184307,5.361345172443861,7.031680678329748,5.9481785370777684,2
9.136119475456022,7.7492347142918545,8.679447042730107,6.147162632065769,10.0,7.315629884819566,3
7.764205001224259,5.4795190810316186,6.374113787997946,5.773747928467065,7.365074541087711,7.631904011299368,3
9.32502021683652,3.357491581078636,3.2242324251889998,2.8040045323275837,7.860907313785131,7.67325760041579,3
10.0,6.545675399728978,10.0,8.265304572579891,5.466698852982309,7.603092842869296,1
8.222743567298439,9.74673523938297,6.663994011833186,7.078179655611152,5.553505765071655,9.946388766265791,0
9.801089504466578,3.3565725245966065,8.710672673167958,9.557957661097744,4.247437079101007,3.233037656621046,1
6.60519058205627,6.0829520969500095,3.5165527564663286,5.768310937761367,4.328850729423212,6.473277284327046,0
9.72338568333752,9.106584824285648,3.8340083789537727,4.0307790892453195,3.861787953638964,9.169929369935858,0
9.252552727520374,1.923888671619419,6.884273025428817,8.649237354436819,2.5640304586924754,2.6928900038534387,1
7.791720345554316,3.0351692174813794,8.28248819892416,7.006639061790201,2.226342557494439,4.270703100421828,1
8.365442864697604,8.881043879381265,2.3993187630333606,3.5728610371485963,9.194054490845026,3.8527941126958862,2
7.388015215907032,4.600024852877766,5.365435495697033,6.258515760875663,4.959965800931915,5.409496921158891,1
7.060997827666421,4.7111864599080295,7.844850413397431,7.07286802451939,4.295465116331963,3.613921435259606,1
9.51651280139887,5.872067482132032,3.9757913600774013,4.755774266750466,9.765468652843175,10.0,3
8.920567179984237,9.113673617485302,3.77894317250655,4.750478379485218,4.666442942680154,10.0,0
4.5428962902569126,6.384349833840622,6.068794826009137,4.818142356629211,6.943381279409722,7.063604321825314,1
7.112392303548075,3.962374598838543,6.487759707991334,8.551350005587837,3.9109502785463057,5.3651678295291685,1
7.953615209252304,5.6965005246491796,5.180844105175956,5.497663540643984,6.672069885583983,5.994669010330091,3
7.971346383522636,1.3505208160134454,2.8952802667930584,4.214937117878561,8.177647348266674,7.439511387542576,3
8.257340875097679,6.678842311271929,4.131193582238684,5.1243601036265805,8.302688779726152,9.664130175400803,3
5.41029781818213,6.161810199599529,5.709547489439643,5.668877365409478,3.7150252839508475,5.8281718948274275,3
7.487947780919861,6.797676464930664,5.670618735108911,6.658493778749901,9.437901673941836,10.0,3
7.186274401299116,8.370421975929258,4.13593217515297,5.0735824158544816,5.789016812651286,5.143279131282716,0
9.880241108435774,3.5078417578758367,10.0,10.0,3.0621185743954173,6.214287162925206,1
9.048543046934132,6.546747597502892,5.451994126991819,6.772357305123072,9.889028428127732,10.0,3
9.071436073265183,5.652922080607788,5.582552588530114,5.216455878880548,6.811642912402971,8.89877784227885,3
5.820582016704586,7.264895691513033,7.0122747637684695,6.515274832973562,7.498828571625236,5.057277056551849,1
9.327268268016272,5.3282325399354376,4.118899556727866,4.275207621680779,6.815768482738626,7.7221400949908405,3
9.695172776827699,4.803866654233577,4.398641116052271,4.694290522640982,8.699000576392672,8.120089876743988,3
6.0327520378589226,5.504697732452556,4.505388935166831,5.975719849400385,6.440472219785593,7.8270443626821296,0
9.240551632069359,10.0,3.162005502426787,3.513478444635203,3.0942542494522693,9.664740013480548,0
8.108359989783493,4.182641705831345,4.29253457801973,3.839939264120975,8.475045549922905,7.545524156430207,3
6.0650643185443105,2.5567209646509212,5.8410628268656515,6.90649234268286,3.4883528660917626,3.903032217776511,1
7.421157201877866,8.578146320706828,4.0672634271764725,3.74633777192432,7.238556628767246,2.3644841699885837,2
8.309497211328237,9.87717361948027,6.935706819152028,5.349360435503659,5.040369908627249,8.673377529283668,0
7.011355106715911,6.76624221865275,4.215993499657015,6.1250609560991816,6.376307246458477,5.377105195015159,2
6.706490377641141,4.315446814754171,6.568343571033253,7.289996569031549,4.671288744785382,1.9948946790445135,1
8.926635205595671,8.097742520657183,4.996820726418712,6.893614353554793,8.719025112551822,5.840482270802095,2
5.864770474383446,6.469904463200263,3.496401041483444,4.3779472987992545,6.887321535821331,4.343024121405447,2
8.505164950662031,3.1941432166443366,8.205666840939038,9.95298003333898,4.398372810099083,3.5190852336241414,1
10.0,10.0,6.652972882540762,6.210805376656381,8.863745575863813,6.1987425093196675,2
6.634123410220241,4.520083627234099,6.704641835931674,6.7672645513122145,2.507988598294421,4.670506417232759,1
7.317978694633097,9.711280545275576,5.0729984077825145,4.212106289308428,8.874016374545102,2.9803932466612575,2
8.241448724774656,4.893794833045833,10.0,9.11931750508792,5.151458684224296,6.011767926270326,1
7.7346007971926864,6.307118506549646,4.7075927744326735,5.346511081145187,6.6987672529413205,6.9713201969866265,3
9.363889309577377,3.2539917799213107,9.456385636295066,7.9013831304685995,3.268683255309874,3.1556642218774997,1
5.259881179631538,5.669698417514726,5.8362800659873955,7.101727942410882,7.4012135150169955,5.711563655412394,2
9.996449178788367,6.704687328194835,9.100148668021918,9.316477117949262,5.52285807028469,6.799995498909692,1
9.523159308137016,2.9758798960894453,8.37842865582007,7.716523235799162,4.367163834301783,2.541567726122536,1
7.236930584210001,7.260161524234338,5.455985640961422,5.683260400429964,7.962704356486793,5.763233514682052,2
6.614106074999379,4.338774942801067,4.979829376377398,7.15259582228882,5.093090370607561,4.285772381697547,1
6.364482496343141,4.5180283990812695,5.984037705598202,7.846392377683324,3.8144904906780654,4.953624406399654,1
8.508888567100453,8.375815619092844,4.652998686060012,4.247079159541812,7.089313479767238,5.33348804780789,2
6.618477773798645,4.185347739028124,4.471913954905914,3.6937890888219123,6.811822260724334,5.805427160434183,3
9.072759841376962,3.7885996242276168,8.59153610931056,9.449327162085783,4.347609635659928,2.6871986938803096,1
9.100373047221806,9.249988905791673,5.944215264842837,4.589943921852354,8.883407343493817,5.71073842143487,2
8.825513619483257,8.692459916180404,5.839765698480609,4.591861599828797,2.9755017367502,8.293471519178627,0
9.152290380324684,10.0,1.8334342448371623,3.2022262684830385,3.334894841949523,8.07901633127988,0
4.9458264609163445,7.76696046134963,6.508891146403849,5.396942754451576,6.896307617722015,5.26541957531721,2
7.307184699288267,3.102099095725831,5.63725594250961,4.2018292701611015,7.662948580425693,9.391586403108768,3
10.0,8.18908697060601,6.487733213282549,4.910283151225302,9.92597488089708,3.7619145538463568,2
5.9438127480850556,6.620424366903922,5.66397271461744,5.6681624175860605,5.45159073740326,5.489300775555453,3
7.884041954707596,3.347384890811572,6.782881122099222,5.801778288508822,3.353866649523921,2.927125438993163,1
8.041423223097265,6.2137670912679726,5.672885701876206,6.5125752271834765,7.205745373432546,7.406436876263554,3
9.736671533221498,9.045802416935903,2.7039337051968912,3.769936430433368,8.428504283566813,3.8385960041910976,2
8.961597755766421,7.804763899657602,6.790078585171173,5.987852632931846,7.023578669399211,6.771784849574817,2
7.492293790599408,7.017635117023525,2.603899171126239,4.044056048873816,7.519291425926678,3.7167805005338748,2
9.126011987214698,3.017505519091835,7.83571289431994,7.1772564236947325,4.549021783371123,4.896014409287631,1
6.176311610103913,8.383894642915664,2.7756860690577305,5.033254398887949,3.6036184947750987,7.041940704115413,0
9.489625539249987,5.5747883119522825,8.218168074388219,6.9142786186329825,8.961608933662562,8.923433338341324,3
7.63796268180131,5.17873128135558,4.920740717454652,5.298701410717259,4.911890441870002,4.442616673610715,3
5.468601948446835,6.6294823900397,3.4849803811901303,2.3881446629533682,4.616975884717415,6.698140269304426,0
10.0,6.49366774058147,5.458061844536749,4.278433441316335,10.0,9.89937558430207,3
7.612095511870845,2.3746916242096763,5.355097693869529,5.898704581857324,10.0,7.990803627807363,3
10.0,2.6949899768340044,5.32929596230114,3.674662784864987,9.433905332620832,10.0,3
7.819839307289116,7.153362926177137,5.364670265986918,4.5790160164103515,7.982321252522364,8.948167134299515,3
5.221367026011263,5.460394357548428,5.961315379612313,5.851775020807196,5.87431623069293,5.841664523228059,3
6.037919843175593,8.17877883694004,6.792851156091034,6.4790229626753435,7.04533192149441,6.3030855897979,0
8.664231373633127,3.871299406124443,2.5393413797805073,4.495205757532917,8.567678075751898,8.29059529999668,3
9.854883103481134,5.296134387373752,6.039424815707327,6.629139553827033,8.949858308519735,8.919059651669928,3
5.151954043754675,5.292979983725552,5.6084378038922855,7.3637440652697075,4.047309317275751,5.341889434655998,1
9.552574059584686,9.053434768846124,6.122555924844661,6.497237844287251,6.719253264499402,6.951200154435414,2
6.763179648906081,8.117821631492744,2.7650634889725376,4.296062159449321,8.807598393367224,3.6431813343707518,2
9.363822272431841,8.43213021611068,4.216438133850174,4.881634427845227,8.756078203729007,4.544289252638258,2
9.966874344385714,5.107421147680872,8.983397984279007,9.373824607418651,5.491426073319491,6.508265796010825,1
6.941687322865564,5.923672107403752,6.853226878548777,7.0783791890030034,5.653335756892032,5.586777585497836,3
8.658298469670994,5.68459420331209,7.692909702714987,6.931411860795525,4.552588589042632,4.688258051806436,1
7.033142824199557,7.379604532225357,7.543445058065677,7.185013620257939,7.717554102993859,8.60372940177896,2
10.0,9.405034601900883,4.233968032002512,6.145875178625443,5.367360496238248,9.938315037813432,0
10.0,8.665855898963098,4.410134886671485,4.333643165945107,5.156071038806243,9.607847552726898,0
8.561602739260515,5.374521151660476,7.300356991667016,6.713773174196163,4.68717686501898,4.6439052438377715,1
10.0,9.015375276343265,6.152100087238447,7.6997110432738385,8.420535378035952,5.594039662348059,2
8.092176285721157,4.215876292948074,3.579124168329628,3.7564903112086028,8.310327881117352,7.434637175344951,3
9.364303644152342,10.0,6.33690053661914,5.170361600093454,3.9622530563223073,7.913549321659872,0
9.710525010212143,8.969621727887352,5.841209470148985,3.4297274890953755,10.0,6.679958379236884,2
6.900427203779767,7.706234176138666,7.656860112505938,6.320278447082602,6.9945403911137465,8.245755862340404,0
9.618378084267585,8.132361022351104,5.005451529068065,5.876335131649525,6.208175168818521,9.638790439169837,0
9.100843514485138,5.7744775700665745,8.878194119742282,8.158503942998433,4.649795764780124,6.257434155784912,1
9.296709776447441,7.079631298846043,2.601092278160922,3.8812245582935945,7.74612955758781,2.7512672184695854,2
9.016243215726371,7.350092708947067,5.146584655053312,5.366698847190785,6.288907068365051,4.620851476796709,2
9.285547436398167,8.702974557869982,5.603210460742434,5.640093960264682,3.918653892549015,10.0,0
9.293839712091446,7.601410653305002,7.701570851949598,7.0638161687812,8.067751034566928,6.30153566600078,2
8.751736393286842,5.215846858532223,8.468302184490765,9.086689684975102,4.026353771313803,4.675662441545243,1
8.383407730732944,2.7268201605445466,8.467809804754486,9.641917547637172,3.065406345354365,3.192845480890899,1
8.73662175800455,5.528148915067466,5.2432585710819,4.54819426015791,9.069659567286875,9.44065798820565,3
7.4525529007598585,8.56673205349343,8.073607080596638,6.1592436617771416,8.534736132131703,8.424973049036847,3
8.955969620318243,10.0,3.5481810195489576,2.053273384797637,2.983918597149882,8.838900985545145,0
6.650679981760115,7.452285591359941,3.848652752114488,4.129812694517494,4.5784471494864345,5.884227108669126,0
7.91970667760938,8.459898230272017,6.963118994157916,7.051225836033465,5.932244565187506,8.292568196823126,0
7.254649790494049,6.623302512303567,3.3778314224609964,3.054678399307219,3.25019259175027,6.803724530356204,0
9.83469377973407,5.063143340357367,6.155141687327822,5.281265231551934,8.934012446510028,9.409166686785024,3
6.767713081241668,6.0970035638851305,5.163382746917958,4.771168219017282,6.306497092064464,7.588934167739495,3
8.35717770805297,6.833339694333524,4.036665886884312,2.9815608145997428,2.66813460103946,8.27402724152901,0
8.20998504657345,3.9304543231288136,10.0,7.55741926859819,2.9352396497522015,2.123199253642035,1
9.49587206766798,4.409392766693569,8.763398688141942,9.263768407777988,4.608012046278369,4.847973906369048,1
7.760356998358167,3.270396300606711,6.368038040110688,7.5055231121133925,6.32168896849055,4.522510760467219,1
7.588756425627842,7.129978131695062,4.724034188124657,4.282490929445898,5.4384187991434425,8.23879556679971,0
9.768512462043994,5.102573654896354,10.0,10.0,6.24610679214157,7.562039322788093,1
10.0,7.775905500278552,4.239215949072841,4.060853473784947,9.537360680719303,3.5222410650870404,2
9.052869783435,7.652402430113515,7.923272089919585,7.779894354041661,6.438539245259343,8.34031624317509,0
9.04469696101081,8.510316131037467,6.805246946679622,7.097904254683943,5.144320957568548,8.197863911131865,0
10.0,10.0,5.3256345044614655,5.141777357220188,4.540703427851471,9.540921524478541,0
7.1545662477899805,4.65531690453141,6.774929710488206,6.296058056867514,6.0596480087153735,4.950523903152466,1
10.0,5.350278429795064,4.057925898188465,4.415971529271896,9.446906900509369,10.0,3
10.0,9.311600092882014,2.275140062234859,3.991587559953076,9.033478260011261,4.653310133458655,2
8.55264120929527,8.832795013895957,5.560679157661765,5.2387641240329454,4.33387114229124,9.678799194631827,0
9.110946684062382,7.58176158687305,8.462312401706372,8.080152557366722,6.570900716083738,7.051710468625999,1
7.860921884995513,5.855218414118845,8.955808419687232,8.5154057422592,5.561605803752562,6.474876720140981,1
5.843616380885494,6.165379509935486,4.549892865381213,3.591368619994659,4.043469827618793,6.645144521294893,0
7.33853798601189,5.422089672998233,5.176768012068622,5.980785421040851,4.800279134443963,5.697576660176276,3
5.5033698900445955,5.601064369660046,4.948499053956548,3.982521890730923,6.40781215343368,6.920213981078,3
8.932639966809553,5.416141869801289,6.631967372443402,7.338113835717689,3.4658817776285638,4.919396616222263,1
8.125139656246448,4.1627720367960706,3.7876328119782103,3.938194022225193,8.970987757038586,9.023757854569821,3
7.908497813546994,5.0319071267873845,6.290939859335571,6.170392849576822,5.924381639150018,4.154399278210532,1
8.90573682595235,8.925738932805457,7.900814691824829,6.2339340999977155,4.5188454130248745,7.7329227531172835,0
6.456217568468419,6.055436395089416,6.710705507220425,6.0871025135484835,6.092492520359833,6.329214351357165,1
5.3466928423557745,2.8552084851880375,2.769539038993956,2.2335381421374096,6.31926010636739,6.991393450910636,3
7.3240898910338785,6.804141469980584,6.160940751209783,6.297052661808976,7.251852882248449,6.38039030628749,3
6.855092872540236,3.2541302833491184,3.5797835804809535,3.40212526360457,7.483922209132395,6.759152769512459,3
9.087551679153345,10.0,3.9522606382965333,3.7589495990128157,10.0,4.2826361206671875,2
10.0,5.743162189977264,4.929657098952743,5.481236876882842,8.957417981791494,10.0,3
9.742505120016736,7.8384099716065645,8.53944168740887,9.283913346244265,5.7818796890915145,6.0132606579514025,1
7.277863494777037,5.551941578205607,3.197713130865351,5.137894320786437,7.051014596890312,8.254830504838619,3
8.869202171268409,7.7231773943511834,3.6239047095217716,5.625628574415062,4.271573628232402,9.208847746681611,0
8.178511553211436,5.9473378529676495,3.562120054731981,5.787371241392554,8.7610179904449,4.997334267356913,2
9.728686178568518,9.753388319039662,5.8996263202880606,5.278918809966688,5.51803152597896,10.0,0
6.654463802057551,4.450326786495229,2.6519327591115056,4.350532812158102,9.55932508917665,9.583246853677096,3
6.577546508966284,2.608532337110833,1.6806167436461736,4.888218652774744,6.814922990393886,6.422844314964815,3
10.0,7.445995996512818,8.672665323376448,7.910798996289332,6.968406325503315,6.3066543968497575,1
10.0,8.981300426396388,4.852524552697616,3.7822438974318784,5.356658386794974,9.84344747596896,0
9.411084175369064,9.736045391380733,4.053439102655033,5.303557232931737,5.561968676737243,8.557410817144248,0
7.687328212798489,7.4017134407552145,5.374972234932189,7.17733889937586,8.490225022573318,8.278056052574808,3
7.081270277390617,6.629625319404553,6.721824959142623,8.034298154144484,6.066646462626449,6.670188677613097,1
6.50162421208106,4.08119396176551,4.227601084323505,5.11330316130398,5.871120081776854,7.298829780007445,3
9.445051891069845,8.160022284523446,3.1748279026160753,1.2567256770473656,2.1693634906894985,9.448116452320296,0
8.637631910977468,9.47016635745884,6.469613774074549,3.940132382656697,7.345445613145624,7.265650723222195,2
8.890098990208694,5.619113770596158,6.904921751837632,6.932865563469848,8.435513427580283,8.21306803251068,3
7.080432010402281,6.611380812265278,7.803975693242797,7.371153220234745,6.844595261994655,6.4162315391909885,1
7.1664349861009695,5.026861567200147,7.633006216714703,7.6236539975947935,7.251299462494693,8.20325603869653,3
6.61808916360753,7.773154752615223,7.355774121655115,6.704217395460908,6.704548454280259,7.298434648486824,2
9.382937519067287,8.960612277874404,2.3726931126028505,2.7501144649820413,3.0990721124779297,8.426647865728581,0
7.801262091770638,4.954893978835035,5.253948493113984,5.296750962239202,9.460230335740896,8.6868781308187,3
8.827859188143908,3.5117344214163206,4.4320767673234,2.2098384504591757,8.352308149682106,8.439875745108647,3
6.5843052014305306,3.9568892082936085,6.5241949006199444,6.063240987057115,3.3322415013722333,3.1152346235595907,1
9.197495478839404,8.372790219348389,7.025535553835661,5.839936693581301,7.9206346476293215,6.193676500914482,2
8.324019978005596,4.975105506327742,5.851609042054751,7.053563481622531,5.515960127075662,6.273329502252946,1
9.562988944815828,9.985769342105884,4.530791438626853,3.2359065555198185,9.00012609330967,3.4994552315558156,2
4.888108963885962,5.40695847441246,4.882079449349741,3.4343824362308957,4.312666621446817,7.091495866825143,0
8.158409071044364,7.194654123782986,6.285921664881058,5.511729224570151,5.278181129725392,7.1474551704831555,0
9.296939859181554,8.39923800568126,3.134938386906459,2.7373128017092196,4.945080413047249,8.172180820790054,0
7.633539045343717,7.4066651342644425,6.732296947909075,5.974212918410836,9.306527804576238,5.5542986672907855,2
5.3905284722292475,6.007766150464926,5.820692739042771,6.887749947118675,6.891074520435238,5.863757886563337,0
7.839976265570342,2.507870935827892,8.265442424494989,8.156167191214626,3.890854219564667,4.446704691200002,1
6.836425575646713,5.647155247785865,4.0865789016597605,3.7926472429413605,5.507198725027216,3.131942641816742,2
7.739753600957943,4.484397616656205,3.5386881135272015,2.868380025281356,7.128618931073458,6.396423777617037,3
5.739433272228085,5.234554759385247,6.709514853597403,5.915543679710261,5.820545988893936,6.607329480560501,1
6.0540484575613425,7.980071245701746,6.3274538990088,6.041206463304254,5.830973411924267,5.165125556086312,2
9.755849191071096,9.71653819291345,6.096412567320926,3.1958787915380795,8.099814673092819,5.875798423294045,2
7.4621231020241225,6.876222605529209,6.396662653611501,6.064609658522211,6.513420670671277,6.996723711786024,1
6.061919597882834,4.926427124147834,6.552027090861907,7.815232308215005,5.065187828978384,3.901708658864898,1
9.105756665339452,5.4720318815867275,8.85965490171129,8.348337955531317,6.209077256617895,5.6245122600858615,1
5.235414710272431,4.643700398864928,6.145522338684828,6.567488500661319,5.34424505836313,6.894907104170873,3
5.7410551421514375,6.87643553126872,4.831263990226123,5.263267244393729,5.386586327004149,6.434645525932058,0
9.06824565598554,5.929985818387478,5.383841451276217,5.604801963505527,9.914126188116626,8.569274837370568,3
7.467310224582887,6.806965228434619,4.240559834027582,6.555656633992984,8.264879088798036,5.112572482892691,2
7.274911443323612,1.9897583766191365,2.9907602265269206,3.8324166936842157,7.728676848425837,5.486677127783974,3
8.323878328885813,8.431449742317668,3.2160372411848264,3.663639829415866,3.5040556341846303,8.16138625074103,0
9.299450624310072,7.337058309921973,9.887216961658767,9.059194756607125,7.436841107209504,7.457132566886706,1
10.0,4.3179337475508826,9.335739111964836,10.0,3.935030681810114,4.677468393877287,1
7.873657926428099,5.4827296861289465,8.13579486419449,6.064130746587923,5.1375559297416835,6.737175718799451,1
5.850517008194553,3.051644996225484,1.9583563037397547,3.7985049419932584,6.486332109368845,5.665776844560069,3
5.392397940651793,7.413821177591716,5.7500720289485034,3.605976843813254,8.014455345800368,4.097592369716511,2
7.069110500285481,5.268028194436477,2.6394495023423588,2.9125926809777516,1.9624228213887929,8.452622908905122,0
6.698433694071067,4.519318533334585,6.564200609485194,6.2274428123079115,5.573573556606927,5.168649057226678,0
9.244692383960288,9.979014359167078,5.64026301950695,5.741902925948463,8.289737973224092,3.0129376441033378,2
9.939390195217454,10.0,6.1818150173107025,6.102564184639312,9.582212905789135,6.734944245430757,2
6.30234613835428,6.90566816293978,5.269183241624822,6.87269792583648,5.866013829255037,7.01646270925389,3
10.0,6.617274495033614,10.0,9.53760543865875,7.326604687955134,6.036520063910394,1
5.2290116167014435,4.0226781596517185,5.188748633035123,6.273197645651727,5.54807793623003,7.376601190088792,3
8.354553250384507,6.414703531594476,5.4121079221328445,5.053908238035928,6.88606607799393,6.481423206417249,0
8.210601010057404,2.522512434365612,3.5312772686969454,3.309520679271831,8.556344496590327,7.651316149601275,3
10.0,6.353832044958992,8.42448658272258,8.832652408870931,6.200175082417403,6.634084994988695,1
6.05029854192038,6.732825752586436,6.697116244639147,6.238209271955348,5.680385139562776,6.412703550692051,3
7.644585811452406,7.935425654293511,8.4293850343582,5.839072837251123,5.938791552692352,7.872831540734271,2
10.0,10.0,4.708729824450361,3.1263842323944657,10.0,4.160561807616334,2
10.0,8.377658147407848,4.5597685754315584,4.134502515827454,9.42240577775164,4.779176922667816,2
9.873547642288676,5.568344317402849,9.077767902650073,9.474690261526828,6.945042335682087,4.147391212339158,1
7.608677373049882,4.040124869720689,3.339470030359408,4.365409915911013,7.2106962970585124,6.185794646740734,3
8.857814841479914,8.807232839955612,3.7375855766036885,2.4402125708684688,3.5468573455319365,7.611778212339146,0
7.447065198841896,5.934329196660855,8.454581691847602,7.967870829111048,5.258336353906279,6.033101387692889,1
9.886370359693753,5.4110214826569125,6.704221106648654,5.80776258613402,10.0,10.0,3
9.62000599477208,9.921223704924166,2.690893697753314,3.93700679130111,3.917220479868086,10.0,0
7.451978628733126,6.542080955490107,7.4664610933139,6.5188995736411774,8.714365567227018,6.950838138781067,3
8.130577910588723,5.483975487332524,8.037689027083633,9.677962485098499,5.889387045595635,6.722805474402516,1
8.794445374917643,4.579230476686493,8.90536844513359,9.26605552559573,4.119830026736751,4.6188389511419325,1
8.734044354204535,7.67097424292796,3.335048114758555,4.418354066845662,10.0,4.484288682904079,2
9.277032895024545,3.108369529262303,9.507821035259067,10.0,2.4326613959961096,3.481429117587286,1
8.01551138992438,4.812046470237178,4.073516770391519,4.653993331629769,8.7764132421036,9.935805882270637,3
8.239443560868956,9.57391535901762,3.2393987747390227,3.8863980312876607,8.90399483708337,4.1294734578672445,2
9.09078794211152,8.33538452827935,5.059748427910938,5.015261377963136,7.356816786202034,4.003284461672578,2
8.296193717310773,4.9856373114846075,8.512729589059733,7.233843345110728,5.413033571426704,6.069104305425753,1
10.0,8.778547462305006,6.047370071024486,6.509154530950287,5.704269675777264,10.0,0
7.782082842037146,8.791892430427877,4.629403967127844,3.9447071244088665,9.497882677544617,5.65235653154888,2
9.49115132694297,8.658490012259234,3.7494652563987634,3.495853459793249,8.21796238863264,3.730966359165802,2
8.656155187338186,7.89929409480685,6.133407090516245,6.550194873289133,7.14231478068914,7.48577554099551,0
7.511221094399018,7.929230976647576,6.738275139651777,6.304655540296038,8.437926069838108,7.022389933534646,2
8.452550669153302,9.251916514628272,4.891669192745379,5.265964320808112,8.612212228532773,5.360860641150673,2
6.775924426833907,7.551641910852062,5.038810998292988,4.472790090406007,6.986018917412464,4.493965368990077,2
10.0,7.941961623641595,7.386755466710309,5.651331366927959,9.678543691394268,9.42398474126809,3
5.371016424781842,5.851848865605278,5.03680895776095,7.549912146865803,4.079324536179258,5.54437761968386,1
4.481898781569256,5.549081232272259,4.40455413518647,6.00751889562423,5.970784687062731,5.500464225445823,3
8.74155117612771,8.846307279089654,5.444375665878114,4.344321324884865,10.0,4.188301731079459,2
7.112131194760874,7.388683455769816,3.741706004703751,5.831407917344346,4.1442825600289215,8.0433946948655,0
8.573695881633206,3.8994010595048407,3.198373530323215,3.894418985570843,7.900266021824083,6.0511207916781125,3
6.4065058402354005,5.740678613574944,4.955922512524923,5.466593535490817,7.43428029927248,4.783612121391424,3
6.972468093940592,6.837544087050555,7.200724167775379,7.34706842799918,6.365538572077279,6.150875515448141,0
10.0,5.472527524521886,8.013036627670076,8.351246776532406,5.603981860577952,6.058153919567483,1
9.15021830189482,6.557004971837919,7.684779219265183,7.924642184066533,8.829630416285987,7.208414495518991,3
9.880773653095323,10.0,6.460448064750328,6.718051484245068,9.458287921461796,6.720230189498951,2
6.432504774902436,5.910963163044594,7.747289746368538,8.259149842835349,4.871205424401737,6.097428168959231,1
6.69287913645144,3.4955965021735746,8.600450609858028,6.368584055521559,5.082601830969442,3.200598284047706,1
5.481347137094161,6.445095526198494,6.540082002158582,9.04843469789901,6.684919711610045,7.764685336285193,2
10.0,9.753122991046226,5.834119650440538,4.140572367275699,9.208235858368266,6.542338370888995,2
8.699122084624065,2.9710848906514973,2.8831408359525144,3.1960852252553944,9.811824059823813,8.19238920517715,3
6.12712071367657,2.3001153190743224,5.847071326534319,6.768308240793135,4.16546549458727,4.648041306811306,1
9.472872198712633,7.079859869647821,5.460047431650022,5.473092703056515,9.637143980832146,8.949560671576151,3
4.91763915000041,5.965879608752427,5.761434108806919,4.048404133295849,5.202331113742584,5.452439801734154,2
9.624636411435958,8.2162519989565,2.654424770242631,3.0323740366241942,7.901151805334766,2.012342642935006,2
8.45597219463124,7.484559004314919,6.563323353408985,5.860821652025713,7.934679538409056,5.4506358373636346,2
9.109999187612367,6.354845646730114,6.685498450466377,6.575559790430481,6.547149390800891,6.795005405221441,2
8.740514370862117,9.153349759801879,6.668864213797647,6.478672145667298,4.943371915453059,10.0,0
6.259960448568128,6.051236027750909,6.129452909507854,6.435639523010071,6.82708062563352,7.128657197802982,0
7.826819215917568,5.603812289172321,4.345074836993922,5.219631591707645,7.198038201367017,6.806662849933735,3
7.277076328245528,5.4406173859142655,3.153597697180962,4.332692349118066,7.10437450867337,3.748894920497532,2
8.885690048791423,2.84265290739436,8.522385347088376,9.379424247059395,1.8179627304341244,4.426880365274308,1
10.0,5.609582631749036,6.5658070264158965,5.155331059554532,8.391313140838855,7.982380743141041,3
9.420266298329414,5.26162423057843,9.502500094241055,10.0,3.8715640438685703,5.1492919965605415,1
8.08921467707395,7.544329817619219,5.7175588210137915,4.104480489948772,8.092202335607842,3.6218126199172875,2
6.308874519447115,7.356835302495494,5.413157544886196,6.1178211586090185,7.1279903374556675,6.242701757084172,2
6.691456202725845,8.019224769769801,7.123407814334568,6.262239076744532,6.812069135618705,7.165947141060453,2
10.0,5.231426379539418,9.352747478519614,8.592255309966712,5.552200037960848,4.363464297977485,1
9.105756266513014,3.5532244405620568,3.9568122708691535,3.3247542978096867,9.514506977451273,9.620975625125256,3
9.692593559139056,8.021020671776451,7.457582965376499,6.681597281382288,5.928544821352401,7.460725222341484,0
8.412402191339778,7.642668054655074,3.334118034136363,4.329371762610087,2.552132330002846,8.93862452851052,0
9.402440896272791,9.607449266684437,5.2288636368722985,4.712008278922536,9.380823492695983,6.613282019649012,2
7.846662855072677,8.923769895570702,4.795813531024166,3.951985450069506,9.400260292607722,5.021739271014266,2
8.781347867501037,8.925965366374614,3.264881338078259,4.0684580501607215,8.02278544735006,5.05614642629454,2
7.983534647186259,7.821186285268076,1.9936477292275236,4.369945269339558,7.474822376711234,4.495692533660848,2
8.609861014397435,4.821359340320171,7.070477103524683,7.891778424869013,3.9561089415798456,5.412169701484663,1
7.555266509708536,5.727872971112223,7.121895353442632,6.240867169801714,6.844819603692895,5.676538790953086,1
7.660977673839747,6.512417168831929,4.735545203196536,4.514269373831235,7.304903491829475,3.746785113217062,2
6.899294195499211,7.040938215059892,3.896897785574747,4.503968061716339,4.17633151370367,7.669675322364658,0
6.179052559524098,6.824927999745402,3.7027939398287923,2.2212965695063813,3.7364929776206255,6.520646085705019,0
8.83129673992096,8.77642510221798,4.71335470104085,4.974184055663171,3.5993916281803275,9.51565256947836,0
9.282632204642718,5.502276423438378,8.167222476878754,9.589594409871223,7.288461301759356,7.517796279437286,1
10.0,7.933330432062085,5.455040968280093,3.7753618320212743,4.225733070532716,8.659699694053543,0
8.113222205632503,8.129295657578822,2.769079531009565,3.2340091512088525,4.555008698252375,8.896711634813187,0
6.718100424898378,6.54365815427207,2.988134048062939,5.957573756776705,4.251942939781947,8.264756569947643,0
8.742863965120849,8.093303084370469,4.901083421299025,3.284111530167319,3.482126522713565,7.660467750316663,0
7.731387787365554,8.372906577524718,3.212578852416495,2.726999296189766,3.5966934624422517,6.9407730559124365,0
10.0,7.438498030840641,6.958118058521162,8.176720142207913,8.468964693684242,10.0,3
6.397260862726568,4.187104678459078,4.202228956223603,3.4134242927357588,7.777674374186285,7.345602474069546,3
5.150274674457017,6.23019767718857,3.3811222769611775,3.506270691731214,1.824245350772101,5.8178811966594335,0
5.869193866414017,5.940871034348865,5.938360108415024,4.929599006586657,5.841656196464755,6.671582357485654,2
5.967515413437894,6.488916877319356,4.103485680043769,4.674952165775897,6.208364022661683,4.241541655601091,2
8.741981253731609,6.812867900963635,8.50058998877556,8.045501289314068,5.339183239945901,6.112394167719665,1
5.6884188232585124,6.292606926391169,2.6063792404618895,3.808425521348512,6.7564796817363915,3.9652901703669046,2
5.176059145603868,6.465536047976231,5.3546397363451215,4.975234094184354,6.249213981760687,5.59577427319776,0
6.839301311232065,6.471647145343141,6.129051892731463,5.710600997881434,5.539760113215526,6.037506815963509,0
8.278050675687851,8.240796439075051,5.152821676197556,5.721075626489323,4.937581890649072,7.978648458061848,0
9.082368308406824,3.6381293543831372,4.7175777483423,4.051611708330359,8.925424100056848,9.567869554941199,3
7.3643478915280545,5.846474915868043,3.3494706154879426,4.711612086216093,5.433033869134833,4.281210493483538,2
8.505459355476118,10.0,4.2609870027390615,5.059072516050258,4.879458347425956,9.929777900934148,0
7.712714529608194,7.256505365520931,6.708858104318856,5.870248141866472,6.30997488102414,5.423690724307726,2
8.790500096156997,4.94591329402063,8.649988437399948,7.83407962767734,6.0677126258290865,4.525912596525672,1
6.8849803308138675,8.446506724074965,5.881973255347396,5.0708557255944,6.710263075294594,5.510405857081022,2
6.330228307059841,6.1267508815623195,1.2863667550212217,3.34415752731994,6.701607158099678,3.450334216521263,2
6.450418571741026,4.9551437859609475,5.0079689234306315,7.605064175438044,3.919591418478505,7.347496938423777,1
7.272888837725066,8.135909930858029,4.7336623480991324,6.135619871371781,6.447376938426818,4.280611384780089,2
7.773764252669402,7.971360687716857,5.033771618008743,3.5509783950814704,7.740798323681392,4.827830663347179,2
8.80910190310847,4.261493519220767,5.160101471054016,4.935639971712286,9.34132338116557,9.517133817071523,3
10.0,10.0,6.430556504717196,7.597654824150881,9.238500314273795,5.010002761811601,2
8.18491413208952,6.285527348439988,5.689586898273381,6.283818143736839,9.044329110741453,7.202155789673004,3
8.250401539618702,6.348951436085725,4.264172481616743,3.4123901054562746,8.670023974355939,10.0,3
7.03913075001525,8.612091203207227,3.0389857116404686,4.100935851420059,2.928280167728549,6.86775496816381,0
6.538826737231664,6.706788501385662,4.848364932172954,4.720594908046642,5.411263346645565,7.089521451844583,0
5.0077296368117645,5.341265347356289,4.311186365069818,3.0040845663081432,7.049663489546868,5.282116343718831,2
8.696944136147927,5.896685759338783,8.251304012023926,7.333845449800779,5.8361152561558525,7.0920929129837855,1
6.896911812746624,4.106026713899689,4.629795488095914,2.947972676433414,6.29283370582207,5.602233932920972,3
8.493739765375365,7.259612297367809,3.5986496934643366,5.260915496952091,9.067514597373863,4.049240824136997,2
7.134622131823156,6.089654965741516,4.519861174548784,5.627727657883747,6.661822155937519,5.4516146260625185,2
9.089138715953716,9.927099357192102,3.040538051320201,4.216034447681956,4.672882754120061,10.0,0
9.682614334925633,2.796267703966185,9.055456407054928,9.802401028227347,4.51429917011078,4.7832800400677815,1
8.540873479117108,8.378417716512924,3.994766385064511,4.305574717289241,2.9490975027530495,9.285612887708465,0
6.680605062497394,8.073113432374228,2.4091585015283794,3.4109423869274855,3.33838121248445,7.178429929619284,0
8.797385785705384,3.979729033208347,1.1913515035462119,2.981574208559803,8.80880984885326,8.239724185912674,3
6.79808178147334,6.726555789214748,5.678886499539376,7.241021294996387,6.896761445918356,5.9837114850279365,1
7.6753426258969935,6.7474079811486485,8.842704024345396,8.962483266302947,7.267676165523544,7.004859503517321,1
7.222031791223516,7.189776365968756,7.85380330269248,7.635566630421168,6.703165074804025,5.979566505687316,2
6.392795282936757,7.1236983893903325,3.7933517271842194,3.298502779330228,4.47697012461466,8.060958258823668,0
6.437245234756931,4.526501739054385,7.61284672063357,6.026562511572561,5.036012221651703,3.676375745624958,1
8.750484127174804,6.185283233526511,8.732535992282862,10.0,4.835736620243078,6.3455263797375405,1
9.392924803636602,8.680310772461834,7.044019314111863,6.9470801549564785,7.632714025770943,9.926299447821005,0
6.7679627641385895,5.922067448366573,4.374477996383435,6.744232880307331,5.816051827053187,8.63210535894845,0
8.790032221445935,6.555256083165526,5.615337358265582,6.169471695788004,10.0,9.824519485710923,3
8.609898967699529,9.153541174212988,4.732243083703228,4.400681255753502,4.935210048328492,9.623415373333488,0
8.504410592815951,7.800043164866464,6.605973606946514,8.183542750517692,7.961284189092346,6.2941151376042095,2
9.879022788544521,5.930444179748619,6.910618039410686,6.898255192284019,9.699550268925405,10.0,3
8.561754618725562,6.367892039898056,10.0,10.0,5.712447060772486,5.760336446512572,1
8.084267067449012,7.799975049631845,5.579546863506091,4.791914443086128,6.995974984466052,5.145680670115121,2
9.061292218905312,5.465031392458242,7.480379796781293,8.220404340155984,7.210010460302011,6.20345063278588,1
9.630594878888832,8.566739748409912,3.3511169983912277,3.506259395839382,4.327115608423975,8.78586828016787,0
8.624474768429083,4.088244035061172,5.508568258996416,4.8798622746998515,6.746106476052596,6.690995601388049,3
8.983490388740472,5.477567567751166,8.558828028218139,8.838047114730601,5.662371201182455,7.0847527609343794,1
7.813161045150661,9.060363906345655,2.0776292460505648,3.683719704526531,9.22228484992618,4.606416091090457,2
9.078087392410588,3.7796099893427186,7.745867807246263,7.429462692092786,5.643625858758546,5.273988663254142,1
9.659059703216773,6.70750241877977,8.486892243728864,8.062302110263047,7.017505790972232,6.992538819808664,1
7.509090986606622,4.026106242586882,3.796541918244303,3.820891642632898,8.32059194165797,8.215167043014652,3
9.600950005837383,2.9006487174480826,4.940588149659107,4.271082742094128,10.0,7.7672149924616125,3
6.668442204300139,7.163980045949646,6.130660197157131,7.4804847273277035,6.505985403525921,7.0264642755747,1
8.581893901102147,6.19068276870903,6.23138531591806,6.125421894080652,5.962515088459139,6.768233961539239,1
6.617269927196755,3.6998033260057954,6.607419920730651,6.522475894155336,4.103980565771389,6.001297035765628,1
7.500315867682965,6.554735582051043,8.513325082945316,7.760928209637869,7.435517391439265,6.151226955309815,1
9.37045298669426,3.8265068150021406,4.422086684470371,2.606066772756299,10.0,10.0,3
6.80423755121752,5.439849095928412,4.532010465430874,7.400353080411967,7.78521992663049,7.726202265611047,3
7.595570024182266,4.216784076767308,4.917571461444264,5.750229768903896,7.209626361063921,7.579574624513243,3
6.575311827363054,4.741170490600883,7.032536318569775,7.429077642794287,5.1935037521373,5.5663252464841255,1
8.253575326625645,8.76362664290406,6.285785637649324,6.143178456698535,8.661617858506013,5.680045087863449,2
8.774193236300853,7.537404754393405,4.956110405261615,5.053968431119656,6.443838129248364,3.8405611378899165,2
8.407186281560191,4.677744222312862,3.779264264351016,3.8667397886485517,9.674045820118621,8.863748140706926,3
6.22773109374598,6.651931304557935,5.952352070844922,6.323863310486168,6.208968018995936,5.648082346188623,3
7.0017223338305845,8.788810166068904,2.9593406315984003,4.424971403735283,4.442847031607113,7.4860975194091015,0
8.875092390258697,5.315821971682131,8.688953227008598,6.826799470909439,6.922281566761408,5.926841337997972,1
6.129612551941509,6.845371216873726,6.344485431564562,5.624945744836118,6.228258327332899,6.550335675573565,0
6.157584281214592,6.162873567227395,8.27800693282104,8.917860841818616,8.303074160276537,7.069702326575972,1
9.354936822365422,7.381027551604157,9.368951272766314,7.272700368159014,7.1261848886648345,5.746595866618918,1
7.924564653066714,5.918541260776156,7.606221413463118,7.452019846000719,5.709381723053049,6.32617564239595,1
10.0,10.0,4.017937457606192,4.236397090815976,2.9157062053198284,10.0,0
9.635988733021707,9.593691593294611,5.046994410839533,5.752660796647951,8.231803489165095,6.663165793210363,2
8.60382244496272,7.728296431815936,6.35202117523521,6.155100014564801,7.5185749578519365,7.091452047528187,3
7.1159774738429356,7.023944229642192,2.9867893589298373,3.1525777349028186,3.592425057870911,9.114011122441253,0
7.579763990757603,8.128014318798623,5.882546680947916,4.738417360375977,6.861837375928671,6.7430420641955235,0
6.954798026695132,6.8095654127435195,4.7911061535517305,4.792936129922397,3.47119609714746,5.863340531012685,0
5.389019477569413,4.776154449298667,7.453282479890497,5.740500737677514,6.062414279121233,7.348007330075072,2
8.716814458999917,7.341443539805731,5.882021250297164,5.0676820140249434,9.158833630390589,4.174447534186803,2
9.004204799083311,9.234102667265818,4.552137018394571,6.6195289535148385,9.169003046655797,5.422347881001441,2
9.461361950173247,8.432534601345125,4.588213164062987,4.586446685441645,3.152440739123437,8.833674575125507,0
9.826675182029103,6.190712849007188,6.0236475183288745,6.849827717421119,9.908113476845068,10.0,3
8.656601017901586,7.560917948805095,3.035723371824437,3.2240691492162634,3.8162020076064507,6.994587491984895,0
7.5419060812918834,3.343218748849287,6.705920426402857,7.914061793966209,3.8404321495315266,5.526274751615925,1
6.594693234093731,5.900622388200894,6.895461910020277,6.849186636682974,6.366585060893114,6.158757320770631,2
8.898647515849786,6.023771228275774,5.942541828595895,5.073739045826394,8.456776516875363,8.073743560840684,3
7.961242152347006,1.6870040172329985,4.139821253369841,3.9250603636653483,8.601888874072273,7.778122222704449,3
7.664042080643463,4.958716957220719,7.446769900986701,7.063346078609868,2.157151169486455,5.7202253746090435,1
6.1605436910818785,5.549974755390635,5.917326519066625,6.00007896283065,6.454769531691085,4.9981429458573645,3
6.727966691471714,10.0,4.693393626936897,7.754783519484413,5.41756662236747,10.0,0
8.203985681266554,8.597048488426653,3.422003930712296,4.117930608247725,8.215397748575423,4.4149688282625865,2
10.0,10.0,3.5638479290835017,2.909106436349927,4.724913874704987,9.537853565325543,0
5.915799236036824,7.146658350739417,6.944025266623434,5.939475098384373,5.95769209685846,7.801668052730379,2
8.626412110169543,6.382246733900005,8.904866064899949,9.630548409577791,5.52002539455995,6.402114880974636,1
9.465842283821061,4.579252098082073,8.771740352464946,8.419153308284043,5.107230289743562,4.772036047589966,1
9.998883895831916,6.949572701184339,5.533275161767028,7.7733398545124714,9.952386571409509,9.25827617052392,3
8.377732132246903,9.303760772939174,4.5520400059872825,5.707860951470989,7.620276429128332,6.4353208774088495,2
6.892318951050402,6.062451056879104,4.579963957927054,6.408483090067305,7.575218506782376,7.1798083172372085,2
8.34027854284826,9.077225341147034,3.4501601376477735,5.239354654253557,9.091612837911663,4.619217159932264,2
10.0,6.548298555913951,6.668642139713569,6.468994059805438,10.0,9.832327856881484,3
7.572680682989727,4.279465549328258,4.812120091023396,6.257122123317135,8.517660447060289,9.11868144140799,3
8.680016359387471,4.369718199298694,9.771308032505525,8.302220978259255,3.584863705146948,2.884948879161863,1
10.0,5.988407419771735,9.729139639928903,9.38754497992513,5.230774137125906,5.242224000271891,1
9.51574102076421,10.0,3.725697482845831,3.886492232979085,8.245702028542325,3.362430958332055,2
7.534359211938564,5.617024394479697,6.374025076839978,5.075811024506896,9.165868898381385,7.966522651349841,3
6.399546487663061,6.741124859128999,7.057996263461427,7.324729781467506,6.285959111511905,7.295129198555322,1
8.980781175565216,6.36833826701582,9.153571544035081,9.619463103011254,6.899860953190607,6.468268156201223,1
6.260248613368958,7.622617521775447,4.28923472749297,3.1907640970324165,7.380426591921802,5.071945706166457,2
5.668666066094481,6.5553223893633445,4.043592550223672,2.5723908049916657,4.302764959276456,5.57763481407967,0
9.37800350523759,10.0,6.141401353090362,4.429219123723696,7.571884031547583,5.461908703680405,2
5.498662425045927,2.9851940222572555,6.292566998099896,7.1423897213620675,3.476140640863203,5.115506815588552,1
5.346455930842008,8.023290055927774,3.5565487257944084,3.1806649430852434,3.5637965216409637,7.026266662213332,0
8.439337180284145,5.928806885194076,8.192897627260772,10.0,4.46997450822839,6.2217700174241966,1
7.650596348725183,3.9537175149599326,3.6536152875188055,3.0583087416726293,5.704465453701261,6.15365650790959,3
8.773565737851733,7.991778335741065,3.935050537311826,4.832062631805172,8.698547518534072,4.440364594094367,2
8.72253857456612,9.843940789021033,2.872814626405324,3.424057683378144,2.5740625722498893,9.707926870086059,0
9.265368636742732,6.357598285541644,8.983904596548257,10.0,7.3320788509023345,6.760772001801853,1
9.18848287800654,2.9524842908102715,4.016385692842465,5.409783381545411,8.09976160491637,8.116216889827648,3
7.732139541224919,6.502622693987687,4.751972371630417,5.052278656426974,5.247390618342341,6.850888530136246,0
8.08282752811147,2.327020568392412,8.893169154975844,7.979023970031613,2.2856695051683893,3.2320353701289495,1
9.329567664000475,8.666940822433343,5.406167672082476,4.397666964822723,8.02672329827811,5.113718340926606,2
6.38522329227477,7.933621822560066,2.166165763574803,4.643310226882508,5.897127978790456,4.854999906012403,2
7.15889439884053,8.428326314826734,3.594839462826662,5.285729842535387,5.383629367364566,8.339166816894627,0
7.007061846518315,9.166382701139934,3.482997605768638,5.368014828963158,7.3975391268308135,5.565587759285861,2
6.717607433668599,5.444657750919656,3.820397276918965,4.673783670423551,5.74923009134167,6.111098223265238,0
6.787564157080587,6.605345024282407,3.9730816160685944,3.712032318050827,4.397349703281261,7.5656056343264595,0
6.15132253756134,6.331428068828407,5.674619143356745,5.517904859752193,4.144652078303792,6.1032692518941,0
7.783496595828404,7.885873353812971,5.995380278939321,6.5133556199250835,6.816357551838449,9.430988951964903,0
5.916761240343618,5.661045936785317,4.599903710173845,3.930623559062246,6.537360962901407,4.5609274507288955,2
6.597075060679205,4.386056969291504,4.091138938441077,2.543840424653571,6.896546978598454,6.97707314156207,3
8.822523691697542,7.864378268442201,4.300385795507701,6.575685428204878,8.286195635317219,5.303604119125924,2
9.086024039793847,7.486156521986945,6.040888384373861,7.897980810912944,9.404486434689455,10.0,3
7.940442339603226,7.689496357939114,5.14845559747814,5.67891443818453,3.636886409146059,7.527235493341021,0
7.745087146841913,8.285579767861613,6.342628332935497,7.374225774088278,6.953959967471294,7.794594733060859,0
7.17472387716861,5.985849911964592,3.5019553168655486,5.390662783839718,5.292484181883541,7.23388146244329,3
9.11853855537387,10.0,4.804256692914409,4.455080184987493,10.0,5.102294436458949,2
7.329830738500712,3.258841137550042,7.547470884159232,7.209421709645557,5.524305357648133,3.099023407327131,1
8.277275761383539,5.721081700117523,9.623623415669028,8.608312811582755,5.341795630016709,5.511076581021161,1
8.748452609332062,3.3626094993672964,7.549294696944171,9.36631417940148,3.4843549110391754,3.3592314552601072,1
6.575891312349674,8.595306613549038,5.5768403749215985,4.2766231174668,4.664542535510571,7.962762518232753,0
7.511439306354595,7.152188233485068,8.26859429449674,6.37188799583851,8.953200524463586,8.159223869833895,3
9.506521108041627,3.864343522086325,4.727915798090422,2.9227863325758543,7.503553920290502,8.007213724466395,3
10.0,10.0,4.904383233864855,5.26019312700535,10.0,4.654426925643162,2
7.355785934084912,6.93070107780323,6.711278807891387,6.475680147912725,7.199305764076738,7.523810420042554,0
8.90343616657848,5.205670245386177,8.68179688786557,10.0,6.66762286952433,6.940164393089396,1
6.783230561839258,4.735121937435401,6.6932786218159555,4.517122396810831,3.7187281617209464,2.9626132408206676,1
8.023986954805709,7.737561306062532,2.867389538449536,3.7814016419478165,3.4636437357544234,7.363104376319893,0
8.655800130112805,9.952505338405249,4.752686167729087,4.833399385869302,4.57927109741582,9.563576790074272,0
7.2654434183741134,3.490645761467719,6.683955143248571,7.658656269769743,4.437001514955385,3.4239108095838597,1
4.754084043189376,3.314414450608118,6.690969198690927,7.554260357600503,4.288667607287993,4.110844953879692,1
8.053483582255847,8.52025801288939,5.2847614158526115,5.127566857372102,2.4811136291824543,7.66984869026441,0
5.530739343745428,5.306807342829672,5.56502307555833,6.625584464987373,6.063192210347874,3.617316279126719,2
8.182459329482683,3.6102739629492318,7.3855117420329455,8.109637910005747,4.545796867469801,7.303051156507882,1
7.243256288807613,4.878938412576185,3.7222340449587494,3.9763796025193274,6.313884668345646,5.943625893268916,3
10.0,10.0,5.032251872408612,2.8920114174519154,9.812473939105171,3.9490382374751762,2
8.481615845534312,6.229026990121005,9.316235585479815,8.391226126506407,6.308555096964301,8.358720562119432,1
6.7622291703352735,6.787265458160594,5.181072541585958,5.5486130881455775,5.71813384041241,5.485136639872269,0
6.181579915516819,5.225531237028165,6.197411779824246,5.331178588816285,6.719259321935461,7.3026219409447926,0
7.848130225963166,6.414928211922399,7.615295390536243,5.622514005114503,8.091044456707149,9.067529680506178,3
8.021303811442747,8.468878895963437,3.2056395886579514,2.7697261813033913,7.644440627043821,3.5561958528022046,2
10.0,2.967770295837122,4.108833142398911,1.9792265715837465,10.0,8.623737171784299,3
8.223897503126324,3.9939546761755835,7.299562438444172,7.814643752018878,6.26668146476416,5.170540763288397,1
7.66767765601147,7.364806557379583,8.022787541387887,5.883723949659276,9.623878467307279,7.237101260153245,3
7.843142618622883,6.7818316586216945,8.9140717728962,5.948893586981135,6.849558541594595,6.771035949638617,2
5.578243315109752,5.788846672399592,7.605309916212771,6.303073715013116,6.274843813345882,5.242309029144732,1
7.516108621167301,4.044235854570859,7.8082103349388525,4.814776232794718,2.9738578416190866,3.4744169686052437,1
7.201166901960824,3.17036143323864,7.873056487399484,8.321305945382484,2.2185258505124814,3.0747588014702214,1
6.651792265922276,9.452987772520181,3.6808845229743863,4.024167049947978,8.026431914400215,3.529957628469689,2
9.603026177956146,4.2776749684496504,8.85238478962315,9.53008619359788,2.7233096189288792,4.491337469459355,1
5.312432654366094,4.7215239832776525,4.807338574123168,4.54789212925037,9.10256983301429,6.631595170851673,3
10.0,5.622032279687106,5.796657017957734,5.023559237549911,8.818162102134567,9.500981186857773,3
9.092636564257218,3.7336457814023607,10.0,9.479598528498933,5.416566862568424,4.299528493607165,1
7.758828656515991,7.661785367328991,4.8922034960729555,5.551306902249227,4.598148937433205,7.347621803786627,0
7.797372070992043,4.591817624242153,4.0407125084455755,3.2930382166319667,8.215036985311146,8.24808873448793,3
9.934575770434126,9.686054146674799,5.633672766520209,5.409713331988145,7.355968680951453,8.12985635349428,0
8.887464478908289,5.39016445602625,9.35265552142583,7.777949573177973,4.212102929701064,3.63154227477319,1
5.805964965950141,4.418614552352902,5.256786007313945,3.8505415513766934,7.575274261528795,7.529003944856203,3
9.770086901481031,5.8668127587716405,5.036139454721731,3.813216313457209,8.387270168860583,9.328867494044312,3
9.791548881001107,4.0119624664196785,10.0,9.837364160525807,4.680075189804114,4.388050267859471,1
10.0,7.816032604730997,3.5258870267342597,4.093787754881788,4.302651731694226,9.863705704381731,0
6.375913982082921,7.062134606171752,3.0647244875654427,4.706790787909673,6.813229578125503,5.040075427974607,2
8.384335071491988,9.315668782171475,4.4932028019921155,4.431133155875156,2.7556889155692783,7.99204375128728,0
7.914067927109916,8.403263686209549,5.853648457803559,6.808018517396161,7.322866433186455,4.977832700954536,2
8.207423500851379,4.946943313262738,7.726226916030188,7.502085192524967,4.165223419452007,4.56703282591904,1
6.933322297592835,4.830563649553097,6.0431427251475105,5.866092127142743,5.454366668445915,6.787520108760842,3
5.460152536420393,6.483333370027492,5.9917697481238985,5.777356628452838,6.834148081607096,6.123664684560617,1
9.547999111150594,8.800297362136352,3.9928241257247494,4.9302420551472865,8.500488382440398,4.086406029397533,2
9.702695569712725,6.269877527240346,9.146936229048737,9.969757345788153,5.437220217590964,5.1293075182632695,1
6.762605072497766,6.555502859957138,3.4898834707708524,4.021593203775993,6.437533534328716,3.1910145007820963,2
8.824466494292375,10.0,6.759648188710101,5.383565337758996,5.164156555613645,8.330135641554046,0
5.415687277088684,3.6896206417495154,3.6794839117499416,2.218340525175449,5.910676415175928,5.8049410154995496,3
10.0,5.362116872246419,6.102239687138645,5.895941780982721,9.028253251352337,9.913955157588155,3
8.643129623056263,10.0,3.3891786839931117,3.594898951449979,9.707079841501551,2.348509553792934,2
9.421730421503979,8.230466395454197,3.552466911719584,4.47678304209189,4.3692377407615925,9.016806208480489,0
10.0,4.908890306012039,2.7898312864563497,5.22841828785706,9.252453618214124,10.0,3
9.582985622962513,5.489257801026679,10.0,10.0,4.794513222580387,4.401424163295433,1
10.0,9.112224763119025,5.653849589114904,3.8101570813960315,5.4008355133787465,9.930075392988885,0
7.855207892729657,4.349275814012362,8.129997856050752,7.667939295025637,4.759593742755893,5.072905253235255,1
7.760185514479449,5.284067657464158,4.959061080254404,6.478006832397719,7.8268468690330515,10.0,3
9.05379252520556,7.127506609017329,6.517771110966968,8.730371972507397,9.630761077085008,9.666193370058306,3
6.805545519951834,5.329837965140455,6.7859230359481115,7.9328479604428965,7.602929871868325,8.92364521494321,0
7.242295870796826,3.3782686667827826,7.117718669411716,8.262126543598125,5.081954442580701,4.1339258927405576,1
9.635655746506767,8.429299788649526,5.816815158387724,4.412210144949744,5.443422994943884,8.88216279434766,0
8.576864340022306,6.930018158433208,2.8054048723871263,3.517541491126836,9.125769940716179,1.881780450867157,2
8.510687497278305,5.6997475619778095,4.324230689078583,6.181244321015682,8.83536266088927,9.093222227259053,3
10.0,5.217904525257691,3.272406548009334,4.7570595617600375,9.260675584346952,8.404926427770196,3
5.029137973261759,6.144062620274508,5.153089492936131,6.556851867288197,5.569286419238523,4.5542352087055145,2
7.915005476841278,10.0,4.694042905179588,5.326529005766007,8.753576492182566,4.7745990014002695,2
8.671446335726115,5.058953822034876,4.517091497738179,4.7418453106644245,7.762266088669011,7.984773813324512,3
5.1150810419348725,7.541700790454303,7.518551075218861,6.708180600348065,5.189496170082782,5.667174023395498,0
7.957147259973614,7.032083454284772,6.974410302280157,6.304451387338324,6.270220068904942,7.471757444287624,0
9.726003807305627,8.821730204917706,3.246321812191988,4.052204459986259,2.376955596733522,9.139932162841156,0
9.069030615119814,5.6701179040232255,8.140930008702293,7.789128138128699,5.799560819946482,7.330042243291318,1
8.201554096305756,8.764721589716371,3.643621032146662,4.909689800024352,8.06554391807038,4.381058709234,2
9.60655296261375,4.566752097269741,8.621242957404728,8.96875418144128,7.772364379221857,7.556904131706158,1
7.02673019231111,7.641146908572945,6.888807185057576,6.055880523373919,6.7085450065122725,8.444757896163608,2
6.677525952042518,3.6923344824014688,7.160682914263368,7.336795133307806,4.486553307309483,3.6910467513405423,1
7.392916528033381,3.1953688150095787,7.165617167177718,7.8310076820690915,2.627065014795538,3.878929234825329,1
6.929919535013838,5.016840987919734,6.408316934288653,5.785378172368574,6.327905443858396,6.822522466637471,1
6.858343108902547,6.312841947249789,5.4372219145802,5.260820494934927,7.505378690883509,5.982119700521442,2
7.66965696829831,3.9170795756123025,5.874279611383439,4.470960861794009,8.503680653285254,8.009327160392868,3
9.590849971805099,4.009806315120761,7.9928893220002895,10.0,3.023712325014132,3.5023689821305375,1
9.872124744345301,4.080619901266141,7.711486085251175,8.444297869348942,3.686948729709089,2.6592740274284967,1
6.878002144758442,7.253706359837687,3.9588382484081484,3.830137421220485,3.9126053661707867,6.373588564815381,0
6.640846648324951,6.324323938480301,5.385591782531892,6.597088627924899,6.051056066799929,6.551970798218809,0
6.146110501547983,6.159001170225788,7.174614408142734,7.964220734302092,6.994286116407277,5.039060493861579,2
9.732658148800786,7.848008900680879,3.6253613452812234,3.2638685204385522,8.801183400673127,3.1065290057177513,2
7.888512902337627,5.1565319995655745,6.412497108911872,7.391406553658526,5.825226525188069,6.603507497600809,1
8.772017757572726,7.976884142534449,6.5404958428751145,5.234616420322439,6.910706298554583,5.8975223160126395,2
5.545564097170039,1.9056665645079294,5.0514968430070315,7.077750510336034,3.6648450771349914,3.4846494591005093,1
7.311307055715552,7.937859998067858,3.6118316516851676,2.7727929988456532,8.304896556056251,3.83195839883714,2
10.0,7.418620169754665,9.107280247820457,8.188470465060577,7.208450663087286,5.888382630375005,1
10.0,10.0,4.678227850610226,5.883669418531214,10.0,4.3836470863877,2
7.875838338453464,4.36417941550918,7.0024342935615715,7.258701483837789,1.660312626324067,4.547442994771679,1
5.352207681162993,5.941101507258478,6.200290746176108,4.801408113639461,5.95657678602364,5.125025738228252,2
6.964819144345738,1.6598253117970194,8.599482445966832,8.240364989824497,3.198712051881895,1.96842140559485,1
8.481426695936168,6.173927421568011,5.838324199098966,3.4831843876033597,8.387758403229109,9.110303093095848,3
6.958505282620947,4.517507324599673,5.702676517719759,5.798666133671705,7.931826373147223,7.769163658819965,3
6.448785632218521,4.617011433871235,5.0939144045384515,6.217925407860415,4.36888462882451,3.138778452279041,1
8.948669309930509,5.631000601356586,6.418414902913854,5.943993813482594,9.830789076404645,8.922165595046021,3
6.849870883813858,6.521848228829639,4.553684053228091,6.948537828432031,5.893857002801472,7.136481869660291,2
5.7474026478084,6.320028081927897,3.9578626535082484,3.9862667310601876,3.328580325783271,5.967219281072681,0
6.5763927437915,5.391805860531055,3.687587807379529,2.1896256802067757,2.612132983063943,6.1588252272062185,0
10.0,5.8838857572655066,8.702096718936964,9.682196681124221,5.36372892929152,6.602735963971823,1
9.247230207695427,3.6683232005876527,9.494176013329113,9.218695910286307,3.2859464094522592,3.1890843040644774,1
8.366889610879959,7.855949365255317,7.432414336885877,6.661888174151802,9.75240426976681,8.814122458742439,3
8.566128580465072,8.748530210576869,3.8141191185210377,4.006507742879275,10.0,3.7646950348540353,2
5.790529178198995,7.238963614916225,4.3296784314458066,4.9041618144596155,6.056986882419707,7.215087585197995,0
6.838541364219298,6.828961663834908,5.176831281508417,5.022985108149779,7.355396944201628,5.364889116576266,2
6.497887755794519,8.084264377218862,4.69616489976341,4.521710244213837,5.138235357961059,7.157525293920081,0
9.305892437169629,3.2799621060138695,7.909799426593616,8.92474101492321,3.0932825807555204,3.246609610871226,1
6.882068586198429,5.121816922334296,4.795656196379732,5.7118219591169295,7.608102281376039,7.7096734989609415,3
6.901168030534351,6.495065445454893,7.185930237935018,5.041912109306152,4.554392114238908,6.04067507084337,2
8.656411833657803,7.788813424422588,6.3980213813368865,6.134811884400946,10.0,9.426632806840047,3
8.351463319592082,7.685137187839004,4.783883914064482,4.127819516283138,6.093800303818492,6.886755810318354,0
9.601405700684204,6.020951974881408,8.554564440852388,8.656271004753334,5.869236444661456,5.647139525935572,1
9.339381691319536,7.250883649433251,9.812580229277449,9.806882292453047,4.6318321470469765,6.068317951998511,1
5.1991231435108265,5.280968930359759,7.283213138735832,6.341709209402949,6.39013250407581,6.514092123618655,3
9.702896906542724,10.0,7.621956478295475,6.9057070370410205,4.712803256953844,8.58721899761774,0
7.236994210636663,6.296368536991431,5.352506718029375,4.632382509445788,7.283657642625277,4.6054455401695025,2
8.672776265185066,3.3888510843880084,8.798278730068295,7.370633940510661,5.807353739932074,4.154610677784156,1
6.65585586987888,8.105693949471716,5.942932784402174,5.626229191755235,8.127928577741601,5.7774433338426645,2
9.847449754450395,8.44008278676307,4.069494849631438,4.940938811509836,8.92529613877511,4.487999662463569,2
6.083215670956571,6.273779854437564,7.350150398167013,4.930846417360315,5.691442461362674,5.205164194307177,3
6.938913972369052,7.72419594555231,7.131735054376694,6.698388965698623,6.76307940816416,7.106472788699919,0
7.685629456379735,3.8450231660264533,7.835595702272391,6.65478282408069,5.060776924418558,4.26392964116135,1
7.8448031663886315,7.425400224431217,6.185999017092223,7.80716018277568,7.2935431558079,6.469993168473852,2
8.019500055648445,4.873732834634547,6.656234418034656,6.499336270403994,4.694555129074038,5.744632088547338,1
8.297710588309329,7.747232769933955,4.711592047509164,5.3216328702973525,8.725237062091905,4.366534560512665,2
10.0,6.523498140507766,9.885083795532015,10.0,6.04326235322118,6.19966686544806,1
7.0030223945502295,7.710255342481979,4.40675847795465,3.015350501001347,4.288854957440672,7.122874456880111,0
7.869276800170824,5.681087054537545,7.749647980278386,7.441302822270351,4.484341520307942,5.28915740014463,1
8.518141423737761,8.08885125918336,4.654868359818415,5.412767490691825,8.795379259908053,6.541588349677255,2
4.80469206019418,5.985015216930195,5.365774856530256,5.143149065246916,4.174527063345013,6.4032000582489506,0
9.337036797412924,4.499919002392983,5.642746176013898,4.340399817980756,6.58347450821507,8.028967232580623,3
9.013372651127765,8.892594858426431,6.750969691093186,6.074852249473897,8.275871683831191,7.976401836277128,2
5.971541793867409,7.0663991044069965,6.793542116796876,6.279607680454776,5.819047109325631,5.837004384249916,0
6.138902555412357,5.2717994979199245,3.021433950179377,3.710094087605916,4.355728371925808,6.580247556817994,0
7.92288950699987,4.187596433447094,3.563318902082312,2.775732834988554,9.337386693317292,9.70731694063626,3
9.257341410007964,5.268416428008957,5.694733924440927,5.192316521538676,7.8925539468922015,9.894027844055923,3
7.915862347557267,4.720903329511398,4.008632440209936,4.059710634688654,6.947474774953365,2.934115444084582,2
7.97911557197223,7.440583948551954,5.022384645302353,5.020950717713102,5.941697578888678,6.337834680226667,0
8.49986052581336,6.2128932180838525,6.543088694053275,8.145405262246626,4.675094351773844,5.115186681432647,1
10.0,6.7326113347280785,9.62937756650708,10.0,4.062391667405278,4.542682954763886,1
8.445545341939354,4.031965907996511,5.855684436284193,4.763200635163268,9.687718685976048,9.8990435369944,3
6.3318361059319574,5.09695315089195,6.781955636146607,7.637556721171172,3.150897454392271,2.7610380702743837,1
9.59010561821673,6.9471678305502,8.333966302431874,10.0,5.702758574948629,5.899779217635556,1
8.825345857839853,4.04722053824384,7.988250996893928,8.027980319837072,5.656966191794634,3.9853920228577233,1
8.677933033455913,8.737859384149926,3.7037609776397167,3.844605127941499,3.6594631953268557,8.376961583012509,0
8.079782997065442,9.338490002130468,3.964132998220847,2.799193775730676,9.1789476783582,4.42933464954984,2
6.944020666497764,6.2644236960647675,2.710053192633367,3.852644587157136,4.8170627549098874,7.895993121868895,0
8.811067379010177,4.210927621702137,4.237784745674313,3.490050516563751,7.793137648930935,8.740758212438763,3
9.854360734381155,8.313627300707342,4.605090895099515,3.711493887050298,4.910977111233345,9.533900598994295,0
7.58833600806467,1.3873625905729705,8.329550041429307,7.014029047367664,2.505770384750469,3.434048273294896,1
5.734615978660872,4.280845365133955,4.36488174255089,6.34106566617053,3.115703608016563,4.568038851602719,1
9.144826504467995,9.196580322920065,4.848870551132247,5.213806247936926,8.887806628137461,5.24523938641927,2
6.635874599702497,6.939024503421697,7.0643176107989945,6.451803581751252,7.421724875230752,5.942023877391059,1
7.1396900138874635,4.041465334709814,7.475340656706196,8.002012532710598,4.979329672436205,4.604927442500706,1
8.19500101540707,6.146011950132301,5.301084975529757,3.4827844493945888,6.887119670100896,4.489539754986829,2
7.771806226257224,7.107554082625542,8.886782351913896,8.98808511008414,7.661863130946122,6.612203558804763,1
6.923548429153941,7.497074825602694,5.879910027341195,6.611333367758299,8.346910121240429,5.702459546365303,2
9.985216853644609,4.285807705033954,9.13278530361983,9.260697487764663,4.736861891430765,3.5736406081008116,1
5.999738471115295,5.831234129257588,6.690528130688412,5.073777307320945,6.741152088493494,4.451821574566713,2
9.441675167851471,8.50432069254249,1.6795860963645182,2.6965475208732332,9.050531243550003,3.364947076258935,2
7.297599280009136,8.403209587239537,3.8174468266278385,3.8631493395660907,8.809621197956924,5.779197936410217,2
9.778390129555692,6.459170429161103,4.943615665851885,7.857077812433536,10.0,9.8562334082533,3
9.660607155203856,5.763816642593799,3.6998383514264317,3.5480744091153635,8.99759856814821,9.357610524452527,3
6.1282000908282575,6.364743740293012,6.9540006318086975,7.330678437276612,5.639904556164244,7.2234153772522856,2
6.663604186076819,6.264529741974571,5.689861145159365,6.113258771820038,7.714139179421639,6.455382948078297,3
9.110792739903998,9.421158688978432,6.366212560258282,5.713449567417118,5.910674524593636,7.502248824002728,0
6.3636252783183895,5.353892392790585,6.781442734330643,6.45580546543375,7.060265543855343,7.2651793632657915,0
10.0,8.57243772727175,3.531941058819826,5.701426242311595,5.464929702708001,8.66530610265044,0
9.344180725217123,8.686713610007672,4.895618743166555,7.090967960220285,5.483454180434035,10.0,0
6.980014977164495,7.078378572899011,4.640448942469843,4.240666671037477,7.514205089180664,3.6612418151355426,2
6.05654634759818,4.716963713131992,6.195592400982892,5.391564233337123,7.029281914129507,6.532404086863941,3
9.962779651410756,2.9460072942857676,2.5562048345208415,3.722488685541326,10.0,9.031124923533373,3
7.3158370172106295,5.886455133277366,5.0734452275124,4.419295856174718,7.7579572600084665,7.589363777151165,3
7.95519991123991,8.143114031956573,4.894802714384039,3.7552905170209288,5.009618624819588,7.684555685520845,0
9.66550270648588,9.39200258337187,3.777957436589347,3.5499597905991873,9.788046885377483,4.137334306479497,2
7.552780538290156,6.400136100399066,7.881973070310509,9.549841614466986,5.40877751311524,5.817922849285713,1
8.766044658079908,9.619929086142308,3.3088422854232578,3.446982019800726,10.0,2.763840624566663,2
7.200724285748523,6.200129298945976,4.951965891965205,4.918723649582006,5.391802177053645,6.805044915343857,0
8.298266225516384,10.0,4.077768228056862,2.7535363621225577,4.341374004992469,10.0,0
6.647701301574138,4.03436504698587,7.5980684806250025,8.231008408579106,3.7450608835166976,4.093634138555442,1
8.657431708330904,8.271473333573025,5.465418074165025,5.6508866756993426,8.951628553934757,6.251371468727013,2
8.636700280679555,4.5616573994416205,3.2490945533336726,5.261063206804445,8.072876666997502,6.9222814316155885,3
10.0,8.163039194028341,4.7134012325283345,6.289190187819326,9.619259175351733,4.53747918346053,2
8.641243695151655,8.37668663083984,4.977539884820457,4.916035608056497,7.124274741260494,9.578067222244925,0
5.394554371066828,4.663820805761064,5.004590250605975,3.57575417529666,6.203456872833623,6.655828739225071,3
9.066148831761472,4.4423544078593515,3.2587295232186073,3.4558046681282133,7.834623538602846,8.314158036245662,3
8.508769468203486,5.620892660216702,7.922279131472691,7.801313593256434,6.083360611095796,5.448901298633536,1
10.0,9.089696583227104,2.0652826233023474,2.9495229315131866,8.916852658068652,3.1827414285474793,2
8.55649416092546,8.67901898197752,3.996995247533696,3.9091606652112354,2.6398595591362737,7.966758052567264,0
7.3710880347884356,5.015903561307626,6.71106141262437,7.031795011496802,4.942285261218779,6.693837725437315,1
8.88124172179393,2.523789990929947,9.145441431737728,10.0,3.063702542051623,2.4850554691160394,1
9.080605082947727,8.454321469669026,7.20368764560437,5.588103868680232,7.9732931165201215,5.699763553259403,2
7.826087190675317,7.60558390493301,6.231364726303815,7.10858522860465,8.729962019296483,5.52427874262339,2
9.387760699077292,5.8744451682263845,3.9479611682187725,6.249216350422589,7.394323521011371,8.496822363068116,3
8.237405127430371,3.0213108002240965,6.4353030413711405,7.4550750712164575,2.3835918724436773,3.843386606771656,1
8.895253856934964,10.0,3.838350202145605,4.65436207488606,10.0,3.239277602475401,2
7.2650691906462965,8.863438984819958,4.786624633530806,3.27975916062534,5.210577000411784,6.386850642923199,0
9.295108911918065,7.386421532313045,6.789531498640386,5.251364098410764,6.0129894266302495,8.844771134831865,0
6.944070202342205,5.216040070794104,6.468523756734317,4.899667527087315,6.592823295651158,7.224545359156154,3
7.334635304773684,5.63999107330419,7.792847886104055,5.792090828279227,4.625379123858263,6.032126477668389,1
8.071815893366033,7.187449899643829,3.7423191270495235,4.59082087212594,3.3924943332467787,8.868549280649368,0
6.877422751474277,6.878853819237889,4.246189207114216,3.017380495196896,3.9156725053238834,5.79019740206253,0
7.186195177361874,6.894677520045072,7.114079855795529,5.6523637489327605,8.007378692642499,5.018131836711398,2
7.396275904500125,6.678774533381347,3.7816910667686465,3.0837496361979015,4.508961661901095,9.359946630143396,0
7.645517765352579,6.27077685753246,7.637996956624036,6.577397425754882,4.735989789527176,6.27609558895917,1
8.35759937495059,5.227058931600166,5.160660227069159,4.091319570975964,8.590447047311718,8.677181950221936,3
9.424430380071115,3.260750099752227,8.782486594092862,9.167409810561821,3.479863271433982,3.7752009209093553,1
10.0,3.0158116357802434,9.196490401091003,9.731858408180601,2.8233886950494207,2.3097249653139604,1
9.452389899319737,9.404233658023458,7.235486191389444,5.816128521920632,10.0,5.4590379232731046,2
7.534986505636562,2.3814086040557334,7.946152049389753,9.139427101527883,3.859840163992192,2.6264490721498657,1
6.707374204747687,6.9385300591510575,5.133028850889441,6.966888756929695,6.296401047019888,6.704282409173782,3
8.477259547513428,2.7030999201059864,3.0233316936320858,3.478308961959569,8.408014548919166,6.862687899222347,3
6.876979893238853,3.0874641920505375,7.6386249224396785,6.326191475179014,3.2218320721802156,3.3594534237230915,1
9.009029375672018,3.7078717753939823,5.796525856373872,6.392584336555783,6.838894900325875,5.401460514559577,3
6.175437211911347,6.70296822267317,2.691010006054623,4.203487211452966,3.198611630549398,6.056153403508416,0
9.566654789226616,6.303557028271857,5.186434838737442,5.917681923989703,9.308245229803155,9.739059122444479,3
7.626587974705169,8.964784804328344,3.300100602878897,4.3749614217919035,7.791800545472674,3.406236142003735,2
8.284629916074705,6.539537987648105,6.262649772237617,6.859622319714357,7.508499516197989,5.692225137288424,2
6.957347763810096,3.39356213433921,2.481226559881864,5.049559212084905,7.6332941978545685,7.779694256917089,3
6.030666222550466,2.7562904133882804,4.337994478296718,3.429228955049209,7.617753424917585,6.762685864342551,3
7.80842449447034,7.2004553944656475,6.125954235418901,7.132374246356717,6.168669666945514,6.162746058351571,3
10.0,4.388924602108201,4.143600687888807,2.566605756513119,9.054745824931322,10.0,3
7.850879673132957,4.849985945216,7.914759793404065,6.669101341104039,3.936835236642067,3.8376800157433415,1
9.377377278964806,5.322002267474355,4.497008405310809,4.785770856711465,4.568546405772978,8.411297999483466,0
6.22140431403664,7.840199798079268,5.5948954304365754,5.434886587204371,4.6972899388119025,7.912820965577421,0
9.680060426896114,2.5366479260845525,3.8868581137161895,3.4797480807848644,8.304637187878757,9.233032657749577,3
9.13994324321844,5.928473229891165,6.52302711183309,6.901140931682405,5.7662419278590775,6.921144096599698,2
9.309067328878585,4.757733595998205,6.440872347163659,5.481339173259777,9.55943030601628,10.0,3
8.434858157252865,3.4201653390316027,6.9390862069467065,9.254547848133175,3.804152022279648,3.908543286492379,1
8.053390661197342,3.5139480532946963,3.5568222508933722,4.052284843741203,7.818647615386114,8.06997490199201,3
9.0019819770955,8.7416930961209,3.788985298946109,3.64661020937441,3.9870287706036986,8.476491967611013,0
7.260636906329639,4.636935484196659,4.84882291810709,3.554950460841466,8.152424160339576,7.21225736904296,3
7.902267001098309,7.119334505777239,4.036173874966435,7.211300186041408,6.547744258697842,7.165998862310418,2
6.967855475191608,6.007625566367534,8.563705149924013,7.273102598194385,5.481838627132851,4.8659925293358635,1
7.766596317864373,8.554788895689553,4.114604730147986,3.220277006062167,6.147721725108017,3.6034808592119214,2
8.049958900844294,6.751913125860336,5.4505359174364925,4.7706850572664345,8.728825879999878,5.306035806365192,2
5.579449075921099,6.7386393221151,3.333921106116939,6.704352731149099,7.896844761013183,7.310595355436358,1
9.916876960965805,6.707069395673237,6.607935570085328,6.337625317654849,7.7085283109335885,8.525177576314343,3
6.427161591098694,7.253248945139884,2.7890131541977787,4.028043887090709,4.645320813964481,8.497246194018688,0
8.779241779004622,4.799111335789085,6.127557501534147,8.551034139642116,5.099494850268183,6.133744267919409,1
8.364440376596766,6.891017229743968,3.002713770553833,3.6748068909637253,3.0940230477916892,6.780391786395591,0
7.401092072803332,7.162915843152234,6.111132541905879,4.894528160473277,6.217301725254614,7.920499600914881,0
4.917727574443971,8.229678945924224,4.903197750820485,4.867317598106538,7.735283592256696,3.6332491752759957,2
9.277159420177021,3.2732892601438235,6.9251150189335515,6.645563715205963,7.634358062761808,8.299702464809085,3
6.921681672717913,6.944966860422195,4.878981679581476,5.351867959491928,5.622164487838029,7.1671586559715195,0
8.356298984960342,6.400366778802147,7.010386969397213,5.988907994920947,7.139651503016439,10.0,3
6.362511863116586,3.9373220416875316,1.2099821965224051,3.6793609870073776,5.350674794151212,4.903172719314003,3
8.000603959746556,9.553128970827899,4.701068851832321,5.08950031840665,4.527271514162848,7.786964050818842,0
4.763917223119914,5.59431456772706,6.686765520196976,8.049905748312536,4.943511341156075,4.287783888844783,1
6.878114267997537,7.556732323592241,3.4237070702021355,2.177079185961834,6.308015430844135,3.6770527562020665,2
9.488105184756614,7.471430348225982,4.491004886540793,6.641883119949514,8.504631559888416,4.200904944386027,2
4.7800936095181825,5.787717404115502,5.337763876968616,6.4760107163566385,5.8220474392541055,5.461679981313213,2
6.075029765122381,6.556800791389367,7.213011481658928,5.17204937212989,5.191124957556851,6.706627504507487,2
6.693637566107916,3.9829573033675105,2.635702805127745,3.5769393066098023,5.976054011119515,5.671351262000705,3
9.441506854313372,8.727940001100059,4.605309767407407,6.227535270565151,8.872307302266217,6.187242775404924,2
8.430717400288234,8.813658255840627,5.552128944981541,3.8064045556414627,5.38653905987267,9.497728744094053,0
7.811585514460671,7.300424479425652,4.871032202080562,6.963995813368428,6.738568955796691,5.064772545106155,2
5.5159140614936,6.440352388020115,4.354240678931996,2.1147399372666786,6.658732915882437,5.687023902960739,2
10.0,7.467116376414692,6.926475316508855,7.334004841759972,10.0,9.558429940339643,3
8.548286396639964,7.526192725623483,3.380573030537662,3.5405740734307134,7.833432040247339,2.5024165376592844,2
8.203851655303719,9.041049235932132,6.3039471993739395,6.664569547651361,6.689170116450956,7.809635332551155,0
8.19864513525801,6.821257179144855,7.201897477479691,5.693245733502573,7.469133513051139,7.224511378220358,2
8.737465641920041,6.47573341327692,7.849771962515771,7.000957030735984,7.678083060986362,8.173477229262339,1
8.548586743847153,8.055392352747608,2.4899582843140555,2.9666565103516183,4.358970790699509,8.622893591032659,0
9.10318311273633,9.010177635479552,6.713910972016984,6.690042373980605,6.249087776741874,9.042101579573467,0
8.842221745094767,8.475278340993071,6.288196719688459,5.6022174426815585,6.56315246775965,8.524021636010648,0
6.29527684618637,5.084948285460923,5.548381319281388,4.5365970064455015,5.87833368557873,3.737787330602985,2
6.734332136034979,7.781705473769874,5.5457407100953136,7.0794164368120205,7.638587642545141,5.653497274247081,2
7.7751196864420224,5.683278190545622,3.8497679232555546,5.929376359530906,9.746498195751471,8.204487995459594,3
7.310816679889051,4.843531288378934,7.048390074013123,7.249125237582253,5.497471056864255,3.9402584164591783,1
10.0,2.288899707029966,9.673565832311017,8.197123732276122,3.483490748850713,4.235150889371523,1
7.793129223116631,3.9174961453863397,5.22485564102312,5.752554926829718,6.891007619706029,8.598139152377065,3
8.556075555652686,9.088680657778067,4.599009700545947,4.796561665286445,9.722498092151897,4.3641945653997185,2
7.815086414897772,4.899617570697883,3.5962555302713843,4.763101695624923,7.37889718845891,6.264574677232007,3
8.86816349440535,9.69989203579809,3.870516397030075,4.54531945806354,9.367190310445778,5.010359460204088,2
9.566648737898898,7.286436252430294,4.399840611816054,5.480645431679803,6.330980772002542,7.997877805838883,0
6.772761235673057,5.647187607295672,5.134130454815892,6.035029023845898,6.2525545859103016,7.901275189695013,3
9.966782483875543,10.0,4.950861451287896,2.8118788040718883,9.607739948612613,4.619244888594784,2
7.52223587588087,7.231490173602449,6.303934856117184,6.884696536400779,7.90708243152156,7.79563236292992,3
7.666244356302905,7.389946070187119,7.1035806612412395,7.547829375079165,7.046147941976292,8.191776964477096,0
6.494142580280642,5.447672650105033,7.921532354783829,6.612857623022489,7.601175463151954,6.797320688189268,2
8.58192135578638,6.431414186355323,6.591356631947689,5.635860499508626,7.70727189257266,7.405124788972646,3
7.995763810898946,7.239948663297823,6.268827252362283,5.825354358561289,9.167871788596702,6.322514708226716,2
6.701445021866056,4.754806655514775,5.405110433877306,6.556434866265156,2.746520376435285,2.4812888703430316,1
9.606628167521947,8.505128305188848,3.2282335554922454,5.850372782238956,4.301832713361826,9.845058470299719,0
8.51317460575452,6.404286188125637,7.3668910959865315,4.679294676926302,7.953488554232204,7.589820242295409,3
5.148079972686241,1.5593380440953315,2.8242198342825,3.3519398855863085,5.514063738787693,5.287348368338501,3
5.670633336582693,6.275849951665517,3.7062052891332424,2.9845298511221405,3.696640403808616,6.374963528938925,0
10.0,7.283049620282985,9.104476651919176,7.678411919488183,4.407519939401553,8.045879646644646,1
9.003548055759106,3.971882995408346,4.605595426800151,4.1679907072383475,8.161141024186087,9.161680302739503,3
9.700522411181668,7.756563922064352,5.5631877468302395,6.49452393862045,4.985694204577113,9.492430756338337,0
9.154921100502632,3.9077764369749923,3.3885240593638453,3.3071498932995067,9.10083835028861,7.743217045280153,3
8.791327431059806,7.0344706706093145,8.810929010001669,8.253904342892582,6.366683469532864,8.054137865311827,1
8.95266606891363,6.620473046629014,5.683470547720057,6.759016611566535,8.511778007294852,6.233270803717229,3
8.57491752562665,5.435245820003539,6.459437651812287,7.537686061403158,4.0253519767540435,4.500967661755216,1
9.460836814743756,9.446738388991987,7.677119561738588,6.4076986267565275,5.117749823764341,8.319226400977557,0
10.0,5.102995969555442,9.397355713358838,9.765953223258535,7.046114542045311,5.414024206788326,1
6.881330803094605,7.227905660289536,6.937027800920707,6.752550320792508,5.382651333408645,6.351913940626361,1
7.799407573554136,5.4180114601824405,8.294656380051235,8.61314456767959,3.2365133256626932,3.3907612800253513,1
10.0,9.0267479424662,6.923982506540019,7.049043741843147,9.377666618410695,4.44094152425503,2
10.0,9.174011098004444,5.347062318353841,4.53573691158263,8.637146526492039,4.516471209809854,2
5.501582617207042,8.403924705479996,6.450486437792636,6.046405182900036,7.542645696556924,6.3596288335468,2
6.585739974052753,4.895522132567165,5.987911837761737,5.771284497388415,7.166109899709208,5.853126361850464,3
8.181326654176164,7.325958784432991,6.689128647350685,7.716136001360123,5.675037027934428,6.484550871321149,3
7.291773386666177,6.882528929394862,3.657655951176033,3.803633582916195,7.238934684330465,4.385776820663619,2
8.106689873653327,5.736280860234717,5.562759426617943,5.708083742246545,9.132263010841198,8.698804328871283,3
7.615341874324747,4.752062908272169,6.730514227558502,7.988094201912132,4.666059504924422,4.490195659360332,1
6.892499683140091,3.5274028011406853,8.701916913353214,7.721772079709039,4.556667535491302,3.1226527633122396,1
7.584719381696569,3.474673728390774,5.550716316608746,7.784534962227,5.736186143429068,5.437058733764983,1
7.059641893343562,6.6964364839063695,3.785203054774254,3.46479382877725,7.074132429528217,3.9401875335133703,2
5.78748844951647,5.532478689826813,6.698388334015952,5.370336677133863,6.840699173638913,6.4463674184941,3
7.771889998345986,5.81242278463104,6.065627947376005,7.110153707098806,6.817466843471025,6.117297791472729,1
7.316277754135757,7.976381104450722,6.7155061820209285,6.972048023528356,5.056453315948086,8.401932900700778,0
4.971986370919206,5.247894444662378,7.286591819321492,6.354410655190868,6.843457287733475,7.188924694917404,0
5.90296190368805,7.505299087360994,3.9994491878867873,4.7917913812375295,7.64449187643548,5.290626077484819,2
9.787761341810103,8.877363674450734,4.909603812167369,6.701161607372288,4.340617555956433,10.0,0
8.915684934245439,3.3360661232682505,9.183770003055775,7.821920486124591,3.1528624333454816,4.82912093817049,1
8.129994894823914,7.758585662437378,3.066649057015785,3.1723082147502364,7.813916810785799,4.808716856022211,2
10.0,10.0,3.501618607879979,4.949004601400383,4.814430072420942,9.51799484110687,0
8.856907571336654,8.488102030676771,6.185263407809237,6.1601169935196305,8.989691863966152,4.548483493864602,2
8.623217875153486,8.950569713118657,5.198542497982207,5.037897786139484,4.359796956324068,9.956738565766289,0
5.5615517853159995,7.098102112432992,5.735667256146167,6.176010924562062,3.992479911454489,4.17405552990598,1
7.263445993487765,4.798836036336197,5.556599117578505,5.000011995082341,7.856769600727999,8.066485898702972,3
8.737731021492026,6.744185220021322,1.8304663013386233,3.9440911701479155,8.424588216445182,3.8108981167203018,2
7.34397570659517,6.349826892191598,6.929980431589659,4.290003803715923,7.329958932512128,5.759512786350803,2
5.571133867839796,5.318648831410824,4.627648228439649,2.883567787308859,4.919848720205748,7.690687712394236,0
9.661290785424017,4.566631263091835,9.177494126387295,9.066920704267856,4.31074808012002,4.139093360428402,1
8.205304417889558,8.954318132152386,5.404720429853117,4.1759698081344725,4.893126825412219,7.923817503293945,0
6.27171755102895,6.986947421447771,4.750220812661415,6.361635673204857,7.173560248824154,5.008070703610147,2
5.0807701709594335,4.5305480819831825,4.882876155885776,6.507940302030105,5.587002842923665,6.891980526760455,3
6.49461408346185,4.734416877807663,6.911367682694194,6.081909671374785,3.6640327789073472,5.579070823786923,1
6.258896843156744,6.690652030106369,6.384760096137189,5.815776745926014,8.306309599014302,7.240535461995285,3
8.947993891880982,6.144942280842635,6.2591309334314005,4.859327419126388,8.114381062602622,8.751988577211044,3
6.641938375117949,7.318846451272609,7.42318597508338,6.33577972790714,4.622032521007818,7.405109471524798,0
9.364719457192574,8.397142605587325,5.432468337189215,5.6039728939978435,8.94587239663319,4.086933191881603,2
9.611428183753011,7.246457606332845,6.8245694520138995,5.322917655402652,8.231786005809196,8.510393150013892,3
9.263897864508817,9.255124709091188,2.5915773157849893,4.721135961303836,4.26995603336694,9.083692851838473,0
7.472602715807032,6.466002642158916,5.980906009560794,7.630909318042672,5.041609016950389,6.68518236361603,0
6.578801320641507,4.8719816048156295,4.568234443603787,6.164665677130405,6.730877764271148,7.568445640706585,3
9.034345735622349,4.2203431718965465,7.018753885143893,9.077422802693,3.4051737660323944,3.11143719337724,1
6.14222932924929,6.393862720750037,4.269652787504321,5.120779226273281,6.589688639805589,6.207528104436539,0
8.857183408357269,6.665943307584748,6.672866378282739,4.316514685666434,10.0,10.0,3
8.521013955988604,5.923834050361987,7.070138547444547,6.981870331352583,5.146090984991281,6.743982860885687,2
8.354714643859316,8.889767396392383,3.914745594138302,3.544061363323382,7.597466103942769,2.619100787203622,2
8.441545934233515,5.034870200866486,4.168980518411946,3.713112075451018,7.9517238883475425,9.496892224217317,3
6.797745436851391,6.258495741084064,3.807652557822274,5.463371771992408,8.691361193441729,4.7622961476083185,2
7.228099660224409,6.693935905648047,7.066077172922588,6.173654599044437,6.699015794656707,7.493899635901878,0
8.107008393373334,6.910483499192236,2.6878618677498545,3.037329970748198,1.920776193797601,8.29632225274896,0
10.0,8.522388765963452,6.14098000480003,4.266246814036464,9.66483431456058,4.148082979496366,2
5.985830635647918,2.413280403750215,6.737244509870116,6.61083074485471,3.377445253049654,3.737121282487007,1
6.57811910526791,3.454839883269514,3.4210896056560047,4.220878783815659,5.934735316857258,5.135665397731091,3
8.414573270772667,5.011379993745573,8.665482450098851,8.539531846025836,3.560734876009705,3.9005549823681767,1
9.355863996739513,9.680283231305713,4.1355005364639466,4.433097199677445,9.180985281004672,2.9419362384482426,2
7.86401447888436,8.623353508256487,5.256393673815717,5.843168478012185,6.661182906377739,7.357874536973966,0
7.5565476211292255,9.082034885282942,4.730021249156914,3.583746450513445,3.51573895691677,7.068074142495063,0
7.061156625901187,6.329847401475595,5.8836362760871905,4.880008552027785,7.410756729642532,6.9740041438349225,0
7.0426511260195905,7.636825486891458,5.873114517686837,4.125831542179217,7.919182452597507,8.113155253989898,3
6.985214415747041,6.9722523819663005,5.011666674049456,5.628777780029461,4.561606038655073,8.63825323970945,0
9.401288504950726,10.0,6.464166111404064,6.125022273751535,10.0,8.060862749669894,2
6.34092519614475,5.324196768324301,4.948529087796821,6.39997369772397,5.461802123526715,5.971934310583219,1
7.9464105240878276,5.109653946051091,7.9028901350831084,8.077602661160105,3.5295692171049042,4.095522937201679,1
8.077979729993132,6.21439520062327,6.338247402985779,8.187507284001423,5.666739742612253,4.367232781864122,1
6.084682583045648,7.962261449500062,5.993685296028571,6.229706119113286,8.234651809600708,7.063596479642088,2
7.295785358015786,2.450010839234556,6.449718606041067,6.392666664325825,2.666820368279711,3.124521136155187,1
9.327440575494599,8.247883201209904,3.606411062651887,4.334456575678175,9.816556974059992,3.0350552840612677,2
6.678608915745505,5.7980298496486045,3.918481638354694,4.926995222292671,8.465080300536073,7.594371021169108,3
8.641588458371567,7.685972204139437,6.550310162208848,5.814252828412696,7.240536110535557,9.225320533035129,0
6.334748955895322,4.466570347726318,7.235435502949018,5.8651713104590115,2.7354797648110054,3.138275811149137,1
7.803737738674075,3.2212697584906116,4.858142636112117,4.127248051108169,8.421159047358838,5.808363280150846,3
9.754759143700829,10.0,5.37964103161188,4.482962775305001,9.308880389135853,6.044731493084581,2
8.293432973927432,8.038629083130052,3.4843285814052614,2.9583102167522415,8.021544808785293,3.771942720525471,2
6.853643839937378,7.5686069988289395,3.865104105449985,5.117638915438419,7.24176544913194,4.109735744544535,2
9.062919283223177,5.9694311115459096,6.325341557390631,5.01458689830242,7.27040850155539,8.522333313336805,3
6.354810720410426,7.954216203910686,7.242024677920833,6.293121833356509,6.05926705069061,4.775915227312627,0
4.705685943791491,5.8000354354939105,5.303417404174017,5.817669118604234,5.08104881728981,6.904599140879771,3
8.325280062946545,8.928416954881243,5.678486567702409,5.990680699623997,8.249786518933782,10.0,0
9.426587343154441,5.446365112499867,6.0303639829043,5.345163271224054,10.0,7.675695019401694,3
8.9583581473752,8.1287625036453,6.490210566514561,5.604405630139904,9.913846427017145,5.6896913459527,2
10.0,4.4318449732342,4.595420539945859,1.840596907894564,9.168706278288832,9.846953417376934,3
6.973984632168004,7.242905791196396,3.9243702064436854,4.074148387947001,6.103583298189951,3.3516245693263964,2
9.675087990329882,9.33168221784595,5.779719083891157,8.550885077315613,5.903558242264321,8.637973759703591,0
7.211171280580406,5.05773839862273,5.165406915421112,4.397142651470344,8.261579673786507,9.410703964848533,3
10.0,4.52032113024366,9.003030905113482,10.0,4.220101538844328,5.869745075926545,1
7.408649595605006,4.777847858161936,8.608693284863845,7.51230921789508,5.293451992149482,6.472042933406809,1
8.57756383802908,7.46499946770149,5.518035260763868,2.918093435894256,8.719527655723157,3.6467057360258397,2
10.0,3.928254758554648,3.981053033799988,3.764746890248266,8.92635880110897,9.607536990204162,3
9.060219178115346,4.648394967143764,3.615414998467866,4.574502484861613,8.557403242323748,9.60765749475474,3
6.387971687049535,5.390748716779998,6.967763371935089,5.10851046580135,5.971185245742176,7.098812661926667,3
6.812289930164914,3.7308945324895784,3.074939954054549,4.164473670180627,5.97808336882825,8.158084646162914,3
5.9397686095107005,1.9069090323640512,6.5089036401497555,6.722376260982519,4.391361030943376,4.790245588909209,1
7.5683520572735254,2.763132404568701,7.339860969855172,6.636338175953361,4.635641252593898,5.127621654359508,1
8.067316994175652,4.719535075676753,4.116401259979154,3.4679273944425666,9.398498862743647,9.780717655693552,3
5.456019288145823,7.339232878121205,4.148302185279642,5.09558168771708,4.949293724476053,7.879133578411692,0
8.11269619799622,6.371667936146959,5.478792763166235,4.602079956032539,3.6565932713060167,8.025378709699352,0
10.0,10.0,3.4139199859487315,4.296693943046469,8.88312235301975,3.180029416981466,2
10.0,9.190244876246197,1.8196080603156155,3.7141537796909403,9.086737329334182,3.213592843488973,2
5.898802636321321,7.500229998540997,7.28274283619738,6.917902441902017,7.2549164360483855,7.349633475161608,0
8.962014134252696,9.228896498670949,5.503480279707046,6.442048294588135,8.994315069100914,5.7908118631250804,2
6.189177781365765,3.8935727809684693,4.040375878391863,4.338859292454584,6.517088276680505,5.4299213178860715,3
7.766851176398288,6.647104139500764,8.042125466906167,6.898992279055739,9.647916668475474,8.809270682820259,3
10.0,9.684295814665639,3.0062347910422504,3.6473672320430115,2.699291462499778,9.585243549186522,0
9.730840494426374,5.35770699593005,4.97453192412933,6.44680196603807,9.914144899237725,7.602710683377617,3
9.635954283046392,8.638304255855044,7.526268051717148,7.09503275638876,10.0,7.842652075865788,2
6.422364203637149,7.387336729710309,6.081576829526876,6.727697100199632,7.069971421423197,6.532716421830299,0
6.557209400431927,5.724885040595359,5.712256325869913,6.682676697211254,5.739517795642221,6.68615496650264,1
9.512465479017704,9.67574887950043,5.15919181279384,5.31572320868121,4.934348010521379,8.938507941094093,0
6.865486614963168,4.780200203070896,7.062998147302824,6.340566768610107,7.316549335252104,6.235959186689846,1
7.962360009962316,3.826916709190993,2.9178829446811947,2.9354903495141276,7.735035557208937,7.3645956505534915,3
10.0,3.827763005659614,9.759545467345491,10.0,5.790000512135825,4.826988184895512,1
10.0,10.0,3.4527073081298623,5.005013383477026,3.9117100105806455,9.901979040084745,0
7.587243721292555,6.924573685183523,6.78971419447475,6.914697941168713,6.28446971220407,6.037991536698322,0
6.044427114716688,7.3958840787312,5.257970210897913,6.324112405237795,7.348153441638159,6.812648124166674,0
8.300490850474558,3.686579444396478,9.908192659137931,8.447327931808985,3.401145393078371,2.6668848630030726,1
10.0,7.968840412685372,6.082769125776759,6.154572492061242,6.07029821920409,9.355873033819483,0
7.912771431067364,9.440439337719269,5.618654056620473,7.10674199769175,7.539703314814061,5.504189768899379,2
9.267925049459679,4.378821928971598,10.0,9.85763927391597,4.732504437001927,5.430200827141742,1
8.316920935129016,3.555261516044229,1.927700047087235,2.1023859499436615,6.4656104169115185,7.8623297512119965,3
9.925964121808697,5.458808258751592,7.34522791242809,9.581293267827817,7.759288893694964,5.81291131879426,1
8.797854781178932,10.0,6.164992679021339,4.858433580636258,10.0,5.65274541535198,2
9.510411869904171,7.698603669335242,9.405531323321474,9.47407495995824,5.595816712775488,7.541189262835543,1
9.64792369363586,10.0,4.313115377267562,4.869511779755778,9.160132870517222,5.065768569282391,2
7.391115818279274,8.479583962691377,6.577294072051334,4.053027424266802,6.746857111977075,5.303853544801017,2
6.664639163442495,6.6215339354383485,4.583814481480553,3.725667507398956,6.739084038739207,3.4445406131778635,2
8.64157355490983,5.228134672270173,8.333068305627707,6.36426262631695,7.128774813177284,6.633925948486467,1
8.827244591513344,8.357169210992465,2.7757670085755497,2.7552162236342164,3.2842991108145947,8.975913391317478,0
7.904266902250965,7.964948571893996,2.9329299808279816,2.521347852117062,9.69068026619746,2.4461085355261734,2
6.75317802445191,7.1028148365526,6.441282669380808,6.4113272303507305,5.649325854256713,7.012719099196767,2
10.0,10.0,5.078226447568817,7.314460830871644,6.903371495157808,8.541828860470108,0
8.296136167434298,7.025654527193954,4.872156691426787,3.5660652638196884,8.799601166041143,3.584371528783937,2
7.822657672840281,5.282870711351128,6.240094522612353,5.315282012702855,8.389341799069658,8.490946752833135,3
7.888350736750789,8.228337279349889,5.231073073215484,4.097703735369665,2.5851550114072834,7.609313879219332,0
7.307319586465594,8.75051393441377,4.567799319631617,5.563567974617168,9.372704969879432,5.147650694108931,2
7.983147512252455,1.7392874013567654,3.0816990846487218,2.2916522616161688,8.168290406706442,8.807697728353423,3
7.176605744883753,6.835429234193365,7.188663419605608,6.574303467126209,5.5490314863851316,6.636748393772822,2
7.227707780796784,5.367578176727345,8.48856323840415,8.538813470679324,3.5520656944327778,3.7695990466612703,1
9.56133953831237,7.852340626633265,3.7145462106173275,4.2653157364139735,4.095781759259826,7.741809439783103,0
8.087373045066863,3.701118147061124,8.261048977589608,10.0,5.521708084088809,5.505913684301672,1
7.600081963765046,5.629723952660002,6.005660414767131,5.546932291154576,8.28978691157917,8.35340821664983,3
8.107237350010907,4.129131804830194,8.147190460784744,6.33194610761851,4.031318043506085,2.3072464196797737,1
8.566918802221457,8.347928640960388,7.054008745373249,6.959815567425464,7.466221648288096,8.025461677404223,0
7.079398943865483,3.7297776893825967,4.290614422131151,3.075556778416746,6.259290263061283,5.548179391714194,3
5.470411632890871,6.343697869058824,4.165822232573641,4.654558121593136,8.31654268973866,4.723659929347941,2
8.287335215199784,9.795109504209885,2.271077480535148,4.84125791013522,2.666529352144998,9.792619569870437,0
8.324850936188453,5.416419607548416,6.961577753281218,6.20772418507637,7.995769987585424,9.266845031107133,3
4.933723624553906,7.667754062967239,4.748973121347715,4.518566522209551,6.334896368410678,4.962771797144797,2
7.685988672126275,7.365941676414253,3.3548580062052924,3.9283740371464786,6.024779964493362,1.2513201837231462,2
7.828060870577059,10.0,4.042277586083024,3.5344418444346903,3.8981012019828607,8.739828291414895,0
6.097558771762154,6.888161244227254,5.267331593579795,5.203953924714517,5.055547320285001,4.995982680142948,2
7.099791323312479,7.108664960856717,3.439051599138012,2.81133873832892,5.4634565834314115,5.918453303608771,0
8.21904853380736,3.41988193251371,4.2258235595577505,2.832214628922614,9.10461097950261,8.857177096478285,3
6.928193711246347,7.1956819034671105,3.5639258391485606,3.2469640718595674,4.726232635817247,7.360238409932267,0
6.663589470634599,9.146936677676317,5.820829145047134,5.435969770612886,9.035379356369052,7.0690515691011955,2
7.698576824906893,3.1532981474907724,9.017947185713533,8.574108255738194,4.281587778993938,2.7695271859634745,1
7.807168219901465,9.698543271083095,4.4786635574352,3.933715049531223,6.9569137573851085,5.633244568261343,2
9.61012868850793,6.484997178828766,10.0,8.214961955482497,4.393440523547724,4.744806598117167,1
9.493465975469123,5.305316811658887,4.146914034217031,4.243021389204371,8.454800572037092,9.417848218612491,3
8.854456693887421,9.503882906702426,5.83413468879802,6.153398777662329,9.853027574562708,5.960232847479306,2
7.779858002914795,4.008298170933507,8.632855340437935,8.162226625711272,4.2888064567424005,6.564463922136154,1
6.432011573144759,2.1811122611184417,6.461901038835982,6.214813774460214,3.3082313083533075,3.7536275539932857,1
7.192415544836584,7.358129536682429,5.297374316377067,4.434060012917595,8.245023753357156,4.413895506314554,2
7.1113480900748485,5.991437646515686,4.674739783314958,2.547947347461433,2.9070395270930685,4.904600931701866,0
7.3320813124354185,5.8844372406821055,8.45021157576005,5.4259020614692055,6.894341489655611,5.490321110636101,1
10.0,4.357820790606003,2.494941822232532,3.5270650944219,10.0,9.040745114960247,3
6.910802461953603,6.205664335390621,6.49871049970896,7.049175656110556,6.103787042547413,6.55357816803319,0
8.88176976780625,7.2831462147515555,9.261108091407031,9.100054428986168,6.57534542776593,6.976862496176361,1
9.805262677719519,10.0,3.0189649804593706,3.9514071739812877,8.223824216250163,4.348861142400175,2
7.191206342391311,4.751935294164585,5.024362667650575,5.794945952478573,7.331119843662811,8.2117804754127,3
6.896414125895669,8.097851783063412,5.461881647663836,3.4437443832673593,9.391536915301517,3.5300225325713965,2
6.1384819296818325,7.798717463476364,3.756371097695205,2.853574634701002,2.5336839570869083,6.632495871707922,0
9.278105894669878,10.0,4.587766333203383,5.316846027050026,10.0,4.805599169964173,2
8.629424221834665,6.539292761475256,8.86594649232924,7.858530254939721,7.710384983074105,5.946629790072531,1
6.9518027754241345,7.098137896146589,6.1935749941008575,6.757820761606978,6.247417651472341,6.586870732657509,0
7.404313947572086,8.104074476782293,4.993690805641579,6.763299045698456,7.0445631592351,6.172882755797346,2
6.141248345745614,6.11916573680356,5.980855122108695,6.244376645878461,7.471496047910663,6.127782491225053,3
8.014606532659272,6.895866935929764,4.787447507807188,5.288885701877097,4.676164288287819,9.324575279276631,0
7.089322230192653,4.282816850805057,4.525210990316683,7.354684247219895,4.493312642077912,4.825347440219578,1
9.18128277788644,3.0278414728384915,4.210070007862387,5.470396698938815,9.354939337123744,8.362683132937047,3
7.766041330723783,4.8383257839176474,3.619604735097217,4.368078464234502,7.0935662142385825,6.227975084928557,3
7.9807728485143254,8.465439464926227,4.963489145595179,7.109449167336376,7.652767444387601,6.735246136062134,0
6.952971158728822,3.693764759387218,7.284018680763874,7.065325174023208,2.5660697693924743,3.543832770068051,1
7.62507139749471,5.012371042771972,8.423788344343906,9.744948339518118,3.9234777876167723,3.881766645278305,1
8.676430933034823,5.405162157846749,5.507178572713961,6.248809804004606,10.0,9.421596809926925,3
7.536355072942244,5.525727704322417,4.295608852077499,6.540908852173785,7.388699976523306,7.976421498441886,3
9.107252797053512,9.37559079855835,4.572955929101022,3.7766661686715444,3.704959864486861,7.89372537850284,0
8.788971716386506,5.0989320341729565,8.34422270053265,9.951102781330942,4.07443195737232,4.463680152576685,1
8.719485279624129,3.5776731073636716,2.4833280595015297,3.5183931225794933,9.799826888627198,8.945446884310751,3
6.2328828088960675,6.910330483652374,5.590933726409808,6.670138358207337,6.22460590021735,7.917017711841831,2
10.0,9.789654506917271,4.003282686573622,2.9809064234302944,9.62925890484633,4.970045488693719,2
7.222916126442498,6.8422486615145255,4.917519725800361,4.666913770094665,5.566680495029138,6.528650581380391,0
7.740962377665384,5.867732065665237,2.973402614382993,4.719413809798624,6.306076728618704,5.216060695472134,2
7.640737641472101,5.017028230329943,5.6228656510929795,5.910270716383133,5.517878591818683,6.158347591219671,2
9.674538115925474,10.0,5.68353216235698,4.622757392053767,10.0,5.3124568040915685,2
8.136093612697657,7.179913244513541,7.962370748162619,8.067344961892948,7.2937175369821805,7.8879444895316375,0
9.73886739505763,4.973588899295999,9.118038544519317,10.0,4.21689035401036,5.315279508476659,1
8.653033451275297,9.084561641955434,3.0768613068802297,2.9568411880573615,4.4804612636433525,8.296873949969363,0
9.693934905039917,5.214111200033897,3.630287858365347,4.459909345101602,10.0,9.656090801530269,3
8.234889504139616,6.6953678465073905,3.915995311201834,6.650799774550711,7.428702339755584,8.378374053152053,3
8.133754541924036,8.092399411286973,6.586721715282656,6.288049487437939,5.126044972248872,5.492914962453067,0
6.369077292402481,5.5387986385807855,4.768745744439434,2.10045274969309,5.94041194325515,3.095899881870344,2
9.883340718543183,4.431103143176707,8.964741381195314,8.696702902129832,5.011555941882426,4.902549798936995,1
6.58057193175655,7.064025721877401,6.5138618249826505,6.648005846318311,7.056464262003863,6.511374964319341,3
6.318181333625037,8.392514284477373,6.603251649596988,6.205029075151197,5.739545764564627,7.30011987108543,0
7.269668410515083,3.045159621499938,7.83272455069077,9.885261093302079,2.734350093687458,3.072846830631367,1
6.478356386461666,6.647657595529026,6.666486838195775,5.913672406477777,6.760140688843534,6.813991628814363,0
9.830349683389084,5.269107206572284,10.0,10.0,4.774046918138321,3.9903284138067856,1
7.263673724902693,5.12816650595135,7.049980945132246,7.821640270517902,4.442475295607892,3.9663521440140035,1
9.633221197110023,9.987295687585998,5.5882542496391645,5.670881656525665,9.902319038206427,6.085533695212061,2
8.26656768840482,5.670857492172298,10.0,9.435131667278569,5.882942809387055,6.119282024943147,1
6.786741086219494,5.475164268942618,5.788379667764423,6.380498475216503,6.319464907086205,5.682572955143902,3
6.794248682939631,6.796107121997126,8.084808339536401,8.425352291348712,6.970830313169335,5.9785792904510595,1
8.921320764563209,5.336164541326817,3.642227447547462,5.326229622452561,8.629995249987413,8.749454219482033,3
8.24447584659406,8.946335261000732,4.846441213784862,4.56725448407941,6.948119524544868,4.265430191159702,2
6.250398070598127,6.085189916148268,3.1104441313113718,1.8658490981926315,3.9732820001238798,5.795378078591273,0
6.612855079024211,6.431667537810919,3.310670470957688,4.452793925194403,6.696289282126988,5.502938260346545,2
9.94376851071105,4.42463665532397,10.0,9.088710319699825,5.067476763494005,3.9864459714007676,1
9.758776554842719,5.924732649951938,8.986230342087202,8.839776793473602,6.0549300056360655,6.9863487366213395,1
8.176290919037797,9.535301904162042,6.150663920460326,6.295344776128896,9.54777303073895,6.186115968527177,2
8.589124396368026,5.814686398896837,6.2218530656070685,3.7432415246032757,8.786677640896958,10.0,3
9.641257186613363,10.0,5.585401112531682,6.226135962061528,6.148328356421595,10.0,0
4.935226986142552,8.226472065633732,5.8301237615341766,5.769272019610567,5.88680270510901,6.606507909329958,1
9.953867644448817,9.72903319779849,4.206576374578329,5.57715508559501,9.75406249583714,5.90261075494824,2
6.724266181571786,4.679691922183358,6.9187581672427445,6.332592864481565,3.7074286581600866,3.2873572094197714,1
9.021895403836602,9.58153946217025,6.328575650320324,8.414599025848574,10.0,5.660852817969754,2
9.224411685988532,6.067387088874761,10.0,7.959243760007012,6.1416407672713165,3.2875285570265755,1
10.0,8.512248674893874,5.162200811907923,3.484459061814959,3.2695381727203667,7.175765695460336,0
6.221632399306248,2.7034744623120943,8.769210515029846,8.937364759269704,3.2022431684898707,2.65497181233772,1
9.160745214443299,6.845735147672621,9.070179888845749,9.081095600710315,7.124462099331705,8.124726855444994,1
5.485528017114654,5.650735609447215,3.4469119385845577,3.0764560518200903,1.9249118464653439,6.858365636356165,0
8.876299322143572,9.044164862784339,3.3725786767638697,4.880466074486394,5.708517107537766,8.402054519745654,0
8.700870964354625,6.381374493722457,6.700874896557234,7.295885871281209,8.85454335822146,6.498006972384291,3
9.029049565837354,8.163995464208584,5.393292878741094,5.984027389949479,4.732560174750439,8.705891168962372,0
8.507700399859367,5.12377580627901,4.590355229239476,3.3422758088514484,5.998731686089334,6.315369655243015,3
6.40533961839302,5.408355140465971,6.5365513586367845,5.58405129739686,5.131402551394963,6.749801359482644,2
5.435447335651432,7.6500705141382,4.702930333820155,5.913053012500203,6.543471012882202,4.9534278933741085,2
8.049145995290447,3.8084471888702973,8.903793003094805,8.08949409217117,4.860252546103295,2.427856618543299,1
6.29880412780152,4.696699583481754,3.196555993331993,4.007761130548999,5.901102903246189,7.031208499118264,3
8.030389826676277,8.79818083831983,6.398914342930558,7.903541305815711,9.093349206142813,7.0378201698953555,2
5.205634240863832,4.931656259845868,5.710317364414259,5.500075682137774,5.102340818793662,6.382779856798607,1
7.0829537050323745,7.652911090121738,3.2566065203079266,4.681116999325502,2.35463826636989,6.299533955704071,0
10.0,9.250712752844464,4.235927128576474,4.55460144989322,5.370582463930473,9.108526468071785,0
6.953209385294481,4.281292683524133,2.4640217836595024,5.033728182685053,8.197415644872017,7.417422118412817,3
6.193906043813648,5.906489870621489,8.206398199211126,6.257131876297111,5.698643863214079,7.505818381363757,2
5.875552441750941,3.5245787278661953,6.562832491616888,6.4723205724707595,3.1985470763755903,3.8170274932462993,1
9.023324705279194,6.141815332714095,5.727268074684838,4.495394689041576,8.330850744907526,7.40591487147189,3
9.450811818425011,4.060695534474265,9.876885458714018,9.085893185212868,5.364071869816952,4.417735706956895,1
9.182579756141559,4.905616680251226,9.114488399864332,9.470448647016898,5.434254566929472,5.708132055673492,1
5.884410545272024,7.561859930230558,6.2402524542704,7.754628262159329,7.6691125726496425,4.459862435369553,2
9.525827546768852,8.638623961695611,6.5216597309274436,7.316309004822694,9.32442272051328,6.3302067237387485,2
7.946653799746287,3.7242001570681404,2.4562401214273146,2.490126409456798,7.413301217057212,7.4531343966690615,3
9.25304967869466,9.626294465541687,7.67329789401245,5.6761121183857925,9.47899644435298,5.17845415921332,2
7.331638934789268,4.182196286463956,7.797815575596654,8.073260300578433,7.5271581569873245,5.67546834518307,1
9.672070405114896,3.7942542146427565,4.438442019444328,2.3742450087243725,10.0,10.0,3
7.775686274867432,7.950018888037163,2.3534595566679712,3.9070238114572393,3.946800495449429,7.411445857289751,0
9.72182611470583,3.6103932813025277,8.980282135847558,7.89478594134127,3.9015373775544253,2.465336088417233,1
8.498390948502546,8.657739913714844,6.595864786749947,6.243350182146264,8.025823025053175,9.567250889528964,3
6.244074466222857,4.800094768748091,5.666498726593554,6.063489564075971,5.424289423701639,3.7875957532894633,1
8.087834770733169,7.834185220924802,4.4562259660906705,5.8997132172567515,7.1766285379854216,3.526781036875372,2
8.018423800759878,3.4721532280454315,3.2553623663440105,4.467414189672352,9.998707947030976,8.083143309065798,3
7.589927429325495,8.039199514684372,6.832721809007595,7.833206770880315,7.684580469274323,7.5364906307080375,2
10.0,9.573097161012226,7.608689812353185,5.6736350259875525,6.37226064417975,9.072729155993327,0
7.3955049332325995,7.235248560329101,6.317259859259283,5.3874310345535825,4.225636374196032,5.891123313599238,0
9.537318591684734,6.394312898731069,5.740584231482103,6.339051433531241,8.421375547858553,10.0,3
10.0,10.0,3.7808487296893087,3.85622085447508,8.413998677755714,4.339221809768734,2
7.280824364624699,9.328147071431184,3.023488353863736,5.479600097475836,4.265094421993606,7.142729372110314,0
8.168421713736718,9.536344884259266,5.256829209998606,6.5559513168494465,8.445845751538101,5.7467479756200905,2
6.543941922224689,6.733623895371348,6.355443212836839,6.317412852119891,7.414975402929334,7.8659553769988655,1
7.927492281432627,9.26005925627691,3.648036913301472,5.238910484068853,6.863818066072351,7.47481247173557,0
9.599613279185998,4.277596185934144,3.669585420409229,4.498770063788074,9.562597705071928,10.0,3
10.0,8.297426757741574,4.264645281869536,4.577329550740522,9.445421004432381,3.8046994930364315,2
8.37524620768072,5.791625581837906,5.96036328478366,6.334013907649176,6.3798402674744255,6.78165137090591,3
8.166924710111111,6.438309093065268,7.202487005256537,6.859464945308927,6.468721467092148,6.629276077115875,1
7.341879071756805,3.7692933452894706,6.309072541794611,8.739991082731489,4.306185706274881,3.5398866986492497,1
8.630766561559787,8.24554955901952,5.049144244371621,4.828303491792298,8.444360345250551,5.973028476490932,2
7.6708505438265995,7.791107107133448,6.524083026928757,7.843929464479023,6.933160485894003,7.254253947944224,1
6.863390620597834,7.739953361763673,3.4681764715727317,2.746804996947076,4.290082989040653,6.281605768089497,0
9.189922409670944,9.501254372159922,6.403715864382048,4.533867875612756,5.0342262799468225,9.869722327679797,0
8.024517811258617,6.136112987875863,8.87096692134,8.392748436968242,5.2242586385901335,4.3734386004785355,1
9.84852833627556,8.921307858552295,5.413502282775144,6.702855717025785,6.510612540133454,9.71191857227099,0
7.497486827504045,6.216984964504494,4.217757359614984,5.746011073426099,5.817925262135944,7.316305889550667,0
10.0,4.334225388431995,9.673902166174924,9.993171946690886,3.583294206843508,4.884992092191868,1
7.007598901926546,5.995648854660778,5.115048930472652,3.6202244643474786,7.257409552882296,5.138423846589511,2
10.0,10.0,6.445965647929054,6.825832092277834,4.931062625444615,9.667734901852604,0
7.555392532508836,6.248631266763386,5.375051823928852,5.352892806076907,8.529141893059235,8.58460373778032,3
10.0,4.539363904738144,9.398615550121622,10.0,5.6011662698866695,5.654524112899733,1
6.541251365408364,6.884113224423141,5.53979201459823,5.744798406589001,7.534551770012264,4.854069725219133,2
8.382174166109271,4.800552251733883,3.245749150325339,4.619623074226976,7.823245209842407,6.149567157994052,3
6.871659761515864,6.072794225335057,5.216453837149249,5.2877012528505505,4.3314085592744505,5.955651503456682,0
7.711020596463053,9.145382832768133,5.206013615571292,4.92349166460129,10.0,5.313409377055135,2
8.650590899794107,8.232502590390322,5.600313453691668,5.231050759738199,4.551109855184652,9.58095144765242,0
6.2992929828147215,5.658146991770838,8.179364601591677,8.64420232622305,5.690650695279346,5.932587280503584,1
6.676607855698689,6.456950417079824,5.557380247280927,5.002934422801505,5.84708459570659,5.779848655019728,2
7.47375019611464,7.318217177346187,2.84578390024713,2.7593816612512168,7.645974937477119,4.209668122137062,2
8.481284825975802,8.489637472491752,6.086855278356296,5.377951023638163,5.655361065782671,7.454578392563903,0
9.903782549290815,10.0,4.542286282088133,4.02816220988717,9.724744185426472,4.913708054844737,2
5.583154934867653,5.433818938440331,4.677017382764421,3.6177427880758795,6.613361068507872,2.477547163893837,2
8.024465714445142,5.257702479071453,7.929425154880557,8.722675393538099,6.936029945947831,7.155061565397755,1
7.170114921635658,8.094053557921878,3.9962607321128356,3.7534808858466624,3.0133897404470025,8.711670705328265,0
6.388862737049821,8.085408803194593,7.097050007243488,6.807436899151555,6.746210650522788,7.116312500923917,0
8.154111390561088,3.4644374558832918,9.766660640464847,8.215737722194403,2.9304200223863575,3.555312435317409,1
8.117785546407013,8.291553365587816,3.47548309060988,5.608171312969549,3.214647428164922,9.59110493089886,0
7.796400180078081,9.232411856816226,4.632678184779001,4.3596489185230505,9.801208422978343,3.2908969084484223,2
8.263862858017717,8.409175982966223,4.87980733212511,6.5151432248969225,6.317295600673245,9.28685025113913,0
10.0,10.0,3.164669404251505,3.9838816338264618,9.479965053708325,2.889194881841771,2
9.062297067200413,6.066390461923702,5.157336131847749,3.8974154643976098,8.698849804642142,5.794904562197091,3
6.7668075849764024,5.481297693627935,6.331560183267608,5.182136929859862,5.704154666312873,6.7845432977556746,3
8.362808494040253,7.202671388664574,3.5438071658030252,3.193694747210489,3.226373929035016,7.441893698210264,0
9.264645441178565,7.387570187115577,9.513551078759441,7.907359506946234,6.690481419800122,8.046512614365929,1
9.161052472735134,6.874642874770378,9.116635193753694,8.820271370860128,7.651033827833958,6.43304104373648,1
9.293071212127185,10.0,4.566125360040756,3.1957323056678373,4.507905845508501,10.0,0
9.636128879437948,3.7592459177972044,9.499836182844648,10.0,4.131666227810735,4.193935003712094,1
6.326675588692525,6.62554622628037,4.522050631689668,6.668738012132036,5.6101795234493625,7.2768637816670765,3
9.098067573767073,4.7692577354817285,4.820099389680566,4.723737887157949,8.32899455359453,7.630617804765116,3
7.640091064357825,5.676088313861423,7.148955692776094,5.794206943992185,5.665767997513352,5.285623505562116,2
7.223061768656458,6.114717052344526,6.49931054137317,4.458204066019807,7.949772701068305,6.136904381863746,3
9.798378909798513,4.641354939318474,6.0335299954512065,7.4710953209138,8.680486387604992,9.670715457658684,3
6.807489989286815,6.693338713421694,6.114045754799044,6.524433438627441,6.877059687641885,6.7106122181152585,0
10.0,8.416514294946737,10.0,9.008935048426192,6.961628120299609,7.075351047554166,1
6.197496657568589,7.955350045702798,6.89756695248763,6.291557645986833,6.64844031691355,7.344141466948324,2
8.980368017312253,5.202948452568619,6.612713213391066,7.915839110212253,3.80063802032759,4.023558350820662,1
6.3482485532602295,6.388436611954859,6.848954924423031,5.426277048602408,6.4298830050261175,5.5480189144969945,1
6.673513259817788,7.759314387052047,6.013275760644047,5.723878593060401,6.512023488649227,5.692314945564636,2
5.992911438219146,7.5191969195777135,6.993131546977414,7.008276484904704,7.158444266138216,6.716478390668109,0
7.101378133750696,7.931540004450003,4.719371229286253,4.200384890310548,4.902733663872755,7.8650770076547225,0
7.092117638502899,7.173783543349709,7.242621762580397,5.323136374178763,6.876014145399224,6.065481621065235,3
9.41330207438314,8.920021977659976,3.9759434930093454,2.2442859786706135,9.457434772301328,3.516473339374728,2
7.082567933506174,8.10979663569081,4.804412969027531,3.844418412235759,8.036883326499698,4.54678864221614,2
8.988055563801144,9.594295384761054,7.146248911228481,6.161055096021634,6.689724332483051,9.39826382475581,0
8.500522066713646,4.336683588506972,7.085276067077856,8.152269737827831,6.012807247745698,5.176839625144838,1
6.724287008664386,5.079145209191186,6.810935658658121,5.969828533091672,4.273542437164522,4.743536471321308,1
9.088515677821286,6.47013501101847,5.4674258850071435,7.597918989777416,7.537311801699436,6.394033253206659,3
5.774771367982861,4.775421274926315,5.860677184366525,3.966185042212156,4.9543788321777695,5.351811814989224,2
8.93127172924897,6.605175168915085,7.219436046311259,3.7012100166928334,10.0,8.654495809364068,3
6.944525472924933,6.037017260916923,6.249430137528311,6.0329082829981395,6.602079175968552,5.960317808852047,0
7.504987621978765,7.508186735726754,3.8619070336248633,3.6254143704301685,5.502690396717047,8.040182652678318,0
10.0,6.208071682957963,4.49157472311453,6.499399115459878,8.254093075626017,9.407411395535409,3
10.0,3.4380984551743623,2.9548523219878833,4.434554549374376,8.318328209786387,9.482838337599937,3
9.369737023119434,4.089116726418663,9.447106376780496,8.742247999681654,2.840422530720115,3.121950504956513,1
8.403358558424989,6.279106206798264,8.303474876830112,6.221544949423969,7.606765992972805,7.027337542875336,2
6.357443922614133,8.196772143426921,4.151474414322798,3.9108359346984085,3.6254158260680254,9.585800790305823,0
7.214013353571177,7.9285391472462745,5.16725364404712,3.9449570007260912,3.6933017345034957,7.473547932209194,0
7.0963894509260985,7.884605408875704,3.3350779732222158,4.389057277550258,8.048635435527471,3.4414517000372444,2
6.673236369718257,5.323434729922507,7.923112056240668,7.54002080824459,4.936809972964019,5.23573713161395,1
7.217335656424556,3.887214014508956,4.792201915394387,4.3107206268144695,7.210239677982708,7.314022117586832,3
8.169432187736675,7.118990253667141,6.253415989098364,5.438525796552399,8.347548169202357,4.122067007377577,2
8.82322625064565,6.661212282587629,7.107834955749293,7.9318146992624685,7.068069112994256,6.218957124103167,1
7.17932586713792,6.121565573964866,7.466673231132258,7.8608709458456945,7.346561622992071,6.718669162239499,1
6.3669911601869,7.576875196821051,5.054057551383904,6.341499192893748,5.959163410287675,5.272684439821331,2
6.789261325653764,3.674702806642019,2.682924008850005,3.5621637906080093,6.968330917031742,7.335316110223174,3
7.216566013230289,4.1860545290069755,4.127423278355153,3.9294140904444506,7.455589868134299,8.623025963921942,3
8.004722919379233,7.62462999865228,4.743590212613682,5.0308371873069655,3.1266787111249625,7.734560299551641,0
7.507139799165174,8.18431098591725,5.384958063808115,7.211901349443386,10.0,5.6742374731385485,2
6.843603310146087,6.6756281838761495,2.003531379339801,3.7053665915196206,6.113789672777012,4.015803056591893,2
9.19217050944135,7.205290868162403,7.599111214153064,8.201621356357954,9.42413223747165,6.109966122246961,2
6.894792206576191,6.461054111976168,6.907489481322343,7.041461800390179,6.617921943532057,7.5349916936443275,1
5.930307485361157,8.136155961602203,6.4100931673031765,5.4780047921582655,4.695596682515122,8.021117962451168,0
8.776722521678053,8.193850523607114,4.1310228254651,3.0241818435388077,4.923014661168599,9.201203790634208,0
7.91060093268773,7.41382068443313,5.016702501283999,4.510714805772611,3.8482791515602273,6.7429671250159,0
7.471662021496323,5.174323575598495,4.778460669840122,5.991366016368523,9.73672840986644,9.087084438140486,3
9.829257166391239,3.0538419123759466,9.444443398176375,9.39073485063681,5.273345997330395,4.391407922300963,1
8.849203704998331,3.8256751096144277,10.0,10.0,4.340288155528532,3.3501033754272336,1
9.835664537373273,10.0,4.9631303068661925,4.002217161339743,5.059525768804907,8.614062517135531,0
5.57590997597919,4.329595908238964,3.8144713580239116,4.128368545554606,6.086290057380327,8.268784867684609,3
8.82787925268761,9.425155483472173,4.542305832555163,5.015015718594984,4.813323594791248,8.443803406862079,0
10.0,9.971642854858414,5.374453499352497,5.492271641387149,5.824568136881666,10.0,0
7.55726265622204,6.713031970249481,4.437546580985928,4.556396244061048,7.7575568318902866,3.8549687855875217,2
10.0,10.0,4.434444436827885,3.7555469028168416,9.834035655027732,2.9357146313151823,2
9.50567191896013,5.533824010530461,8.691695397674223,10.0,4.761915512340625,4.145244635704531,1
9.870386000043156,5.052691375249581,4.842652219760461,4.333729168271795,10.0,10.0,3
10.0,9.80355344983474,3.485460429446547,2.557913443271895,2.7054924805279765,8.902881467754609,0
5.212643028555186,5.6565609850795955,4.6216149805251385,4.8683424505285915,4.529979852171997,6.527076621727358,0
9.469220870022182,8.987969669759764,4.382579068538567,3.410639716244999,4.936305036600932,9.382537733901046,0
9.381713299833466,4.102207457412962,4.694985294434264,4.841096743137712,8.49516934750954,9.184540024142985,3
9.501539649027489,4.153133939668816,3.800907336485288,3.9356920934280857,5.929233515176355,7.665873494366753,3
10.0,9.27097970732543,3.216383819833631,3.555515059990375,9.26147454500046,2.876387667615078,2
7.256281030679545,6.904231286419233,7.257476465782705,7.542348380269668,5.937832362021704,6.430441102152832,1
9.06500834245949,9.445572204066224,4.424931943188193,7.874665844810539,9.005385911066364,5.456485571716066,2
7.894921466274403,7.7290960646487195,4.296204185342205,4.321377180438246,6.207106706406061,3.566541510479788,2
8.503301987114448,2.7332265380463685,7.79253026019697,8.385928568115247,3.5981586296945216,2.2536482035096106,1
6.236228262591405,4.527360880841735,4.686051747718788,5.264204792372547,5.994091318639571,6.9292500951069425,3
6.973057304147042,6.00792793581091,7.5204949904233604,6.904867061087604,4.726115804080509,5.639373400544073,1
6.471170206378253,5.420444477856718,3.2001093990226437,5.536416416161296,6.687689394611173,5.996412919432595,3
9.184272794447594,4.3075029675953385,5.231187871696561,3.979632929682648,10.0,10.0,3
7.481834471536476,6.895530153314564,6.648929181683829,8.037335583422795,5.5011102764384265,6.4539630247635325,1
5.388872590079723,6.7000858381853865,5.511645908272348,6.6109800430223915,6.234685250600622,6.048740869347014,1
6.537088080144648,3.9355905300007956,4.699500291864321,3.9362044335596167,9.114825511061627,8.82585039950702,3
9.569863698319743,6.067523344115859,5.445164124688028,4.811788511019408,10.0,8.466609474564256,3
8.260545604089085,8.395536509036976,4.66461642246515,6.507866749860341,7.68281034571075,5.657123740797345,2
8.93877329875314,9.532159526290458,5.311912735110228,4.1929964420119745,5.435542776575992,8.189657351633308,0
6.7609265468109045,7.498053836872374,3.859182334553675,5.718348714135551,7.053038259098282,6.219264636783009,2
8.02459948588866,10.0,6.387722692908178,7.182346379908475,5.437172422391938,9.622848241564562,0
8.980948514768027,7.789010705140001,4.571740127364476,5.559422846385555,5.4824735340660276,7.408298928846573,0
7.640839522570361,5.340787316227389,8.93511080170884,7.04325413469589,5.759736138222939,4.524192204496876,1
7.83424971626965,3.470101699005842,4.7884871555370365,3.7022661108190102,9.266514824088956,8.74305803881326,3
6.92254167109645,8.316234115243759,8.134742337243683,5.990310906755615,7.65411363545819,7.5011324158898,0
7.266555506551557,7.040707911058529,7.127797670326033,6.172728055331348,7.186670114996384,6.5364725690458005,2
9.21633232211099,8.59645580335998,4.589875669518012,3.888795407628195,4.544344081310176,9.546489792731391,0
9.464049449724016,9.575550426220286,4.827325856550313,4.539115872442943,5.16163335453263,9.624405631612957,0
7.658957832112577,7.277342553070998,3.943077541998809,4.651843271813292,5.836159273058223,6.577997759851848,0
8.959216048419945,7.206257182223923,5.835241831943917,7.207092385399397,9.485917476384577,6.8124343893731965,2
9.313840003995077,3.565367509614841,10.0,10.0,2.3990450478607475,3.441589609549915,1
9.770716573570699,10.0,4.459830749221426,6.426494391572153,10.0,4.45553488828818,2
5.679256239965456,5.743907324448132,6.2061603923499895,4.974766081680857,4.652303734525937,6.221023577197471,0
8.947870745139731,4.749039802154133,9.3834188015802,8.978051693503307,5.710990967887936,4.9455883197297625,1
6.6920920413005565,4.92533416699934,7.8715123821417246,9.578695092468845,4.112259456681136,5.595739929657137,1
7.01053962690234,8.108593015909364,6.416298921747389,7.67254273916631,6.027230974418753,6.131000499984802,2
7.367686045170624,5.603452141920124,3.691307918698679,5.471052710345395,2.8493588319370655,8.248496405143596,0
8.775648262765895,10.0,4.223975884018056,3.696426003366782,2.067762697638622,10.0,0
7.884916529583946,6.229771615357018,7.44010608603778,8.19226815904089,4.919307542334907,5.5550201964217045,1
7.694736957937936,7.296516099514209,8.12508473449485,6.76034142483382,6.206882230554355,7.882536760894531,1
10.0,9.286500884478205,5.471568360526281,6.065149850885827,10.0,6.149840387841578,2
8.462763394291345,4.654015470227051,9.848304262696669,8.94214404123304,5.641908148194378,2.5337624755754584,1
7.286209189982435,8.099648212602247,7.684923043142119,5.632628558218413,5.862733066708983,8.3615350132649,0
6.992836074440136,3.3332971196300587,7.704063918151284,7.5939084688471805,4.955342831378736,4.365214742756787,1
8.894453688437894,3.967997867326293,8.198143197362329,9.955919588290598,4.59052611817074,3.1009702857416683,1
7.204854396776875,7.119592025715523,6.2640564630659545,7.449301742290075,8.31391832420589,8.841374303628166,3
7.18735077231131,4.830254221875846,7.109432152216186,5.875031420337083,7.168571226702815,6.950556801253024,3
7.300731853215696,6.821732364482994,6.63599579651762,6.018178102123145,7.802607811090327,6.695504246906929,3
8.925487623529754,6.0006452104564145,6.505044352803653,5.521274004945773,7.340769385440484,6.621214739660838,3
8.966743421860492,5.015693967852243,4.939829399760632,4.8536440794473785,9.148021887525175,9.94675357279269,3
9.615798413353911,10.0,3.5665500875434586,2.5509959266316367,2.29092222373675,9.150153479069127,0
10.0,4.763370272063947,5.509009981377401,4.873049563276833,9.33471901653001,10.0,3
9.722164039882479,9.467553275366564,7.500817960024561,6.852835157533127,9.004373113845917,6.31679477949525,2
8.856001022958136,3.4194094254229324,9.706652164750203,8.572588060612425,3.0537816504788475,3.1810049127989943,1
6.810405633201645,4.048910988083209,2.8671944809389744,4.364454236776973,7.953891167965845,8.024959529457302,3
5.426831042308947,5.119913112369432,5.588990427175581,5.508483080634189,5.747791947136744,6.6361988783909345,3
7.833921925732178,5.575778918653941,5.009279212850667,5.579714832293032,7.174442789616452,7.002297082287826,3
8.60863008823255,7.016610482340369,7.64408745991744,6.681955793262259,8.040911304479744,7.452805199746569,3
6.959434418463298,4.28265488441792,5.641029220429007,3.9786255933374672,7.740945109298567,5.553949820775064,3
9.00530403326409,2.488322424604604,3.6081935586865574,3.4359902176756036,7.536238295307351,8.075184046538745,3
6.935387300794076,9.282577962049489,4.202643904172006,4.422038176699747,7.518450767409761,5.8105378479907275,2
7.223824159201077,5.139398040091266,8.345520865730258,6.870725919790947,4.928515914097564,4.030983113249096,1
9.312743708941984,6.241926437239624,6.593293802110122,4.801350566189273,7.667214206961234,7.838378904157675,3
7.5681284953196855,1.9911115291513781,6.01311544392558,6.159069901208322,3.4301867891577054,3.9886671254323116,1
5.636789822400812,4.705774245541436,5.948672512685407,5.495810148581631,4.7546710873346445,6.061113144931224,1
7.354156281535164,7.222065545243353,5.489097065277723,4.995189616208692,7.317307630445708,6.445707027481492,2
6.049603779227046,6.300332312974594,6.997379334747918,6.5105865282849456,6.558775471476366,5.645149361257537,2
6.920671766840346,4.2117338845089805,4.93155566341792,5.22589821189858,6.793518250667946,6.250732846640299,3
8.627993799607403,5.019567852929495,10.0,8.501150954129363,4.020821137791355,4.584389915494297,1
10.0,9.535073203861673,3.129955212824736,3.210473622431568,3.9852709911770425,10.0,0
10.0,4.436067413395473,5.528645226871904,6.726941062569675,10.0,9.447617153370107,3
10.0,9.801622086454417,6.05694360743335,4.866670064735768,5.868267192088011,9.613541393364757,0
6.927057853515404,7.650803589537551,4.400094122565122,2.904669710375736,3.5918961232409723,8.221652460602044,0
7.127581790744312,8.040144576132025,5.681598401181393,4.220847170551079,4.854723086071425,8.182774064008354,0
9.751208505227558,4.546061683642157,4.250770390132878,4.565279037647547,10.0,10.0,3
8.402123710339318,9.032655533942854,5.296831794451533,6.157391556548412,6.329121323143679,8.553295735426824,0
10.0,8.579159562094265,5.450893196068632,7.120589851237077,9.4974703744328,6.556117598101786,2
8.564854811895325,9.321256947863212,3.19855376100927,2.389601338581331,8.500520218828324,3.0409090425727117,2
9.373103524158923,7.65267915528908,3.51680432542679,5.182274282890013,8.613201717812196,3.398700140639452,2
6.747042155940941,5.692034746215389,7.040670291320774,6.717028569189006,9.263108667373787,7.1346868511036,3
9.712415112586525,4.813261018286231,4.776497224201985,4.250623726972865,9.331948029809933,9.986116096766441,3
10.0,8.831865929285192,4.038943984556717,3.2527405671501506,9.737813613611708,2.648354740996688,2
7.731853253348691,4.121558840066255,10.0,8.190663223929892,5.216556614928235,5.990060067069108,1
9.390902555105669,9.537568919668956,4.871037446797552,3.0434931898814446,8.975122196002447,4.420983206014359,2
9.530507092999922,8.937817277609234,5.218341897841445,5.115700651548144,10.0,3.8303254308821106,2
9.357899031378546,7.265730956032831,6.755997738631119,7.673851774436375,8.87521138072341,8.597625587626384,3
7.7614052589571845,8.66985747918186,4.647065479220646,5.376522644508201,6.216498205861775,3.474152073350459,2
5.261130569525046,7.0244928969571045,5.524946577267322,5.7310819758307865,7.794063127702765,7.221412325653679,0
10.0,9.828462126544542,6.797823814830898,5.748522566204307,4.547803718170443,9.273355051599916,0
9.377695909901117,6.261948531963357,4.8932212264296915,5.385881625752641,8.29117415505936,7.611659518500659,3
6.685988915209304,4.754234593071674,6.202351154976116,5.938901739650533,5.7420734750471984,6.04168530237676,1
10.0,9.33355954852405,5.796442239956815,5.834726983217415,6.170416772902816,8.89538485437153,0
9.054856965420433,8.122620256408625,5.272290867836288,4.9596416759099755,8.72096830842553,3.6045404545020245,2
10.0,8.864954370800712,6.041951165877383,4.252918068038568,9.503826361164958,5.237012673945968,2
8.609413592746659,4.953503119940979,10.0,10.0,6.006910394469488,6.661565072139141,1
8.5560649556585,3.6669781381072175,4.194658009145338,4.8519478410620716,8.77112254475584,9.861739125193965,3
9.642318586825237,5.353963565892198,10.0,10.0,4.048421248566496,4.758646311764264,1
7.800575145490925,6.510793714974049,7.94018820882982,6.798766198143016,7.692981773548573,6.864277422482868,3
8.111305447278088,3.526370502290301,3.1037516870785566,4.296279720264486,9.206400768300721,7.139548409418207,3
9.612083731367814,3.262008584103145,9.28879023891101,7.737245353960058,2.7266283315187168,4.5187573659835,1
6.7182939307092,4.657725626949232,4.359484088907011,6.040375040771493,7.627721396784283,5.714777248941797,3
7.08036645990699,2.6238654021353467,3.379536397360681,3.5276086218215332,6.210311222351888,7.389432076733105,3
6.601591315062693,6.18380049135403,7.48992973952386,6.3109595451311185,4.258424186588893,6.390057433790931,1
6.735032760521752,3.737267839739973,4.584019401402258,3.430719067367346,8.885772395328415,8.390316111773027,3
9.981547885500056,5.21912637505038,8.270768201588556,9.205153286180353,3.5341481419678047,4.697038204347464,1
7.095383873230461,6.49089204858969,7.695446260859877,6.877915662551281,6.501320156588856,5.782230729097877,1
8.700497892278676,8.157846801807946,5.3963766787023655,5.819399681679717,5.673971740363538,8.984536521528197,0
7.888859955913911,8.424315040475035,3.585032833042282,4.009869109627871,4.15870454277815,8.83264022221319,0
7.8775212005030015,8.681343780894963,5.763376776495465,6.136705695109862,6.840796126942554,6.576757506477685,2
8.121327638360262,3.383556838805271,5.370144898223308,5.977297622319538,4.051624548415458,3.01713843007639,1
7.030554214619465,6.843476590803208,3.9152238767041614,3.029808849334821,2.21037075863539,7.215180285464789,0
10.0,7.763342249618043,3.7136107432365093,4.062359244022853,8.23217583344471,4.7401736556492065,2
7.764461436533875,6.31930412476841,7.251181166977469,6.052349382448899,7.5021209255595895,7.901345648636392,3
10.0,8.511385334249983,5.980324300663948,6.438064220003419,9.584911820792742,6.062226543304199,2
5.193834922749712,5.565685209513067,5.56251785199102,5.690626847649424,6.329104072638561,6.057301445540989,3
6.43676762653636,7.50873311987401,2.487028539343787,2.9662944489235574,3.6824464232757053,7.807182169567465,0
6.7675993801132535,6.871634851114573,3.742365844785102,5.754891096929187,4.307362326613091,5.515683759628748,0
7.913038047067405,9.640295202813629,5.617640619815172,6.235720237823031,5.483873900353333,10.0,0
7.521351548836816,6.28191984538095,5.7062929392072235,6.2255981751002585,7.883915699766268,6.688329093913876,2
6.6709829351807315,7.2465336648268295,3.0552273686929166,3.9728295511432,2.9424363237610582,6.529108280442681,0
7.923381791211016,7.687432010366398,5.712899795904919,6.485832544415559,7.625399871521252,6.447789808893313,2
7.698412481349972,3.152687326414082,2.5684699683069083,3.0777329752322156,6.147803734546058,5.657546710078471,3
7.862549891959587,7.927075218130154,7.052112730395132,5.760729803529514,7.931028961447433,6.8648640006376604,3
8.787334352123993,10.0,5.376953701761143,4.119731211595664,5.384791598536201,10.0,0
6.447531960551791,6.462321267738289,7.197350300167784,5.0339911953085785,6.542721481134854,7.149374084383728,0
8.822392745752632,5.073589051328452,6.8928847043824595,6.7811739376132545,6.123178717935311,4.31286752069685,1
8.215763588205844,8.218672248171806,6.410892937198521,6.996766555195351,6.6194588338480225,7.532792575420268,0
8.841982446125511,6.0868578996430465,7.891461670390363,9.022086407218092,5.91208693914349,5.6833642804415625,1
8.819764013339764,8.518680885262935,4.43107393649719,3.8867635987617617,9.305830082760433,3.6083805960658593,2
7.472233457650618,7.9115465535255485,5.634604850835737,6.397682011187989,5.319380160141154,7.739388346539274,0
9.128357665937319,3.5420750492460127,2.3374711727909334,2.537217248314974,9.496988478223212,7.748425542722691,3
7.3111409971446655,8.361762510287383,3.781627317458281,4.445773865989234,8.242349246697497,4.094092739347631,2
8.201052267297031,4.596765213050512,4.783670178070678,5.189824382178143,3.2377334820068784,5.439555167848208,1
9.088590209384249,3.525438761739211,4.532568490291094,4.289892161871096,8.3885253804134,8.091302984587356,3
7.112077302895204,7.874386954208731,5.201452995304159,3.5009551215520194,3.7783021399197376,8.91391646667613,0
6.0992665165374556,5.72122002235707,5.974694222916595,4.216981738708306,5.340897462676201,5.8047978987121045,0
5.841311027250944,5.9632189075266115,4.383481947574754,4.894472258542882,5.550201188568285,4.589487200880447,0
10.0,4.592672090636422,2.778847814454242,6.946606568248836,10.0,8.97092698940377,3
6.234161158856819,5.0548227429912345,5.533522741459328,5.807495648365901,5.437044503312974,6.721403780850169,0
6.346677542441919,6.014548616852341,6.693754276548449,8.168187154485366,6.765509588684219,6.846517000691451,1
9.676110531943998,5.994610316146785,6.632187456696668,4.330993562018283,10.0,6.768747148926078,3
8.379881769567394,4.212442180334921,7.285916079341378,8.55058990136648,4.164701732858945,6.4035968683259945,1
8.521174740707231,10.0,6.459102273874911,5.609206860017279,8.206741522882565,5.803496749961068,2
9.012911521700008,4.207891531323923,8.290193663753874,7.761096287661917,3.0475041859445797,3.3091330751583055,1
8.33104943886191,5.465670182520346,9.475218355995167,7.729400280779538,7.948444484720785,6.547465564697848,1
6.172260678954674,3.787403561950955,1.6989633828003048,3.5051996253166835,6.744604120065476,6.270271780590448,3
8.920982273544817,3.8035135997649676,7.14685091189018,8.178165337973386,2.2332508041632817,4.253106421495399,1
6.665262305866458,6.975276692827073,5.107914035411894,5.682293993325074,5.066661122339373,6.5103342609425745,0
9.48418574816081,7.5159916534869815,8.777750987617562,9.414510319696076,6.339838173168542,5.94402689095576,1
10.0,10.0,3.236529021672117,3.484158759511446,8.90136273159963,2.831626423862546,2
7.27374660297384,5.977942326846549,7.695623460978681,9.353239823001669,3.871673700615088,5.288253912514508,1
9.244702583034666,6.985545494728993,10.0,9.598936547228549,6.928066323418507,5.751998045890273,1
10.0,8.113804694093838,5.2207048214734115,5.3180725532447735,7.590872204013364,4.992365830421019,2
6.577521917467823,5.2359092209640865,3.928928003906171,4.693355338125105,6.531517369831835,4.1901601814391265,2
6.137938201009027,5.196305526647378,5.05914279595921,6.014491090794093,6.382378549758333,4.669237717396428,3
9.019524461805588,8.977608411066138,4.2506210136050075,4.482323499373535,7.532671534831412,4.722151437934528,2
7.71826043876486,7.20587219784558,6.444966131070427,7.278564403751739,8.69624412100046,5.461665540817227,2
8.706275681496873,7.563608893993621,6.058935594383534,4.933312966561943,8.067294995243998,5.552032436360386,2
6.584242648380562,7.128151742138441,4.601527439153736,3.440648253628851,5.65723893188385,7.1998362456247476,0
9.157077718519927,10.0,7.397195140020572,6.080307937786904,6.282204750069955,9.330578418394998,0
8.702044778221925,5.248865452795004,5.616426872385383,5.019258410982657,7.052288232922267,9.439883111174572,3
10.0,5.013529795139029,8.991723816975325,9.522361422918,6.092928719588305,6.235013687600383,1
9.971519858840207,7.9406432904463795,4.49557377607269,5.090001639498007,9.876970387092468,3.4323214234615707,2
8.15173159998315,4.062508651848287,2.6266988061928176,3.613666840193973,6.622084948139671,8.099296654004096,3
7.838117765991903,4.730584400248971,4.128980412105336,5.317987941271862,8.017566290982339,8.583221154376762,3
10.0,4.452407121273154,8.825460293523967,10.0,6.042754195603958,4.383432059934981,1
10.0,4.656733011087895,9.854168978538471,8.722280912589975,5.515275372304811,3.9252457628561075,1
7.295423493361048,7.754644953935534,4.788842960379609,4.65610119046283,5.6871050660429034,9.895181723658059,0
7.041299181974647,6.223631692480067,6.944313030722228,6.2433715828134755,7.988620967187541,7.249321076274482,3
6.543280876473056,7.9751750263408345,7.502837890097344,7.193508959058229,6.389077140957723,7.359886690435952,2
4.313433225254035,6.5149291125642055,3.632743339621318,3.4920008955141677,3.7076010936688273,6.5525270475821245,0
5.628266856674834,5.588551877675936,8.653047502732367,6.880684595023212,7.315510354526516,8.257875261751359,0
5.731221381633301,6.163918006808981,7.037383921722242,7.969374726083167,7.152045963609146,7.284385989141285,2
8.027716410805688,6.903898876363069,5.97129843936038,5.812319142577647,9.14841508798887,7.313049511895616,3
8.304420905292075,6.929508717377941,8.737959911850506,8.139712305038048,6.240519776923539,4.679357289635158,1
5.070870857566782,8.039504093247277,5.834123824713348,4.095649568605799,7.780227935375097,6.54899250737918,3
8.20725726129836,9.603622980704946,6.875426451834869,5.953897315897247,7.792078707428919,9.747763186307616,0
6.78547909331543,7.633142620299819,4.119404009049111,3.126234883813531,8.162477237906375,3.2630987196469152,2
8.326944010178252,3.9439844481887394,7.93081623182539,8.94773198060522,4.7714581910699065,4.588805768305129,1
9.459143679327175,3.3487774373162975,7.9696805983599335,7.729931345676064,3.0965285228241455,2.537242755670788,1
9.849718235696374,4.012453576572257,4.81535522102465,4.877455700600471,9.42404968834806,9.418184910309252,3
6.538710406667422,4.22310296602686,8.5183494000902,6.750580765563862,3.8991792492888937,2.607205234760551,1
9.418453108980021,6.460942925338841,6.222026056153907,7.043306195268491,9.869358901663755,10.0,3
8.812496107046176,6.327484779464811,6.199586275468068,5.78855049663025,9.685606793572589,8.617827519075366,3
6.530858310620042,6.800500884963707,4.772979228048152,5.130562914409474,6.656419341105492,6.303759007637545,3
8.81479964366487,7.74958767284653,4.314590452837855,5.006912987996023,9.188857289088151,3.907576270579084,2
8.544555937923986,6.91169250193423,6.513335327297192,4.797750782289048,7.348020693413529,9.072572695225501,3
10.0,10.0,4.593486481013195,4.988710335395003,3.954657456594736,10.0,0
8.272388986641388,3.636306904796812,9.429098765286458,8.519915326850425,2.7079354599137124,2.8330431294188316,1
10.0,10.0,6.641456802059492,6.499976195058582,8.643144204989227,7.184197243800414,2
6.790998553702229,6.784156031509072,6.363095876814937,6.337927453889706,6.863134626226944,4.7684007372334545,2
10.0,9.080873466000794,3.4591185017071,6.324714201905705,3.9161713155521327,8.170594983307314,0
8.04037062771549,7.034564608402684,7.49200532904592,6.3374222351994645,7.3355398752406105,7.061401981409026,0
6.493796999797761,7.012138431545033,6.095700187966849,5.700852017829648,6.34445856562847,6.414541669862901,0
10.0,5.7122999034838084,5.994395584037993,6.5186377550051064,10.0,10.0,3
8.872723785050747,7.311610003936746,8.315491999318757,6.710367526206607,8.800157598219629,8.924556850723391,3
8.454756546579718,8.470736669389076,6.475848173814984,6.1676293578179475,7.049467442508868,7.955359399669947,0
6.420418374726247,5.620494209095625,4.427279362822808,6.9705703279838565,7.1903346213923225,6.7119421998199265,3
6.989298251512758,7.429925281084594,3.7093424182033097,3.7287326882163154,7.248841565801044,3.9920219368576007,2
8.643932755100348,7.23286236693535,9.970930953046157,9.47058450824835,6.974322537886853,8.100999615088718,1
8.24461553767465,6.11216210189117,5.937151421205576,5.363062411463382,9.465397183629882,8.94877163819068,3
8.205938082866373,7.368883387894144,8.999722895418559,7.705576648466495,5.9115058422663855,5.959565186197997,1
5.676114819743852,8.385875004225397,4.713340278696115,4.978525079809772,4.492583314144066,7.715606339365938,0
6.33760155010534,6.825302779135298,6.675305115443571,4.794665162866411,7.136211346621018,4.911838909053522,2
5.974918138926091,8.16403776862701,4.048610809821153,2.7226171377325477,7.974885293369467,3.694858661284951,2
9.897424668138413,9.072153363966109,5.247161399590864,4.639148326971503,5.243265544341665,10.0,0
8.959256242032417,4.936084336385639,7.698563764919147,8.658092576583776,2.5726652355500583,3.4361278693019544,1
7.93829469802795,8.117007588448427,3.815067333013701,3.767246623725345,7.927725557108279,3.8217803521831555,2
7.854848519979764,7.654064340516682,4.702881313039914,4.658240220149055,8.801354508976347,4.915429866883898,2
7.019365093453311,3.7079157988081177,3.588717347276133,4.427297168567225,6.378333067094097,7.021210510061665,3
8.24988188172178,8.78372976957243,6.237965607454484,4.779492776125616,8.220456834743878,5.794745895609761,2
6.296564429400696,7.194024855324497,6.046843159897184,5.461897191726641,6.362611562891411,6.546939583263752,2
7.439771548283217,4.39144691132008,7.406276621727478,9.6462273652287,3.306393334264845,4.648705001668942,1
5.667289225488293,3.5183541948926087,4.9499996382324944,3.5847692592464084,7.842546940892888,6.922660738745069,3
7.137455159307608,7.017308894466161,6.147537502361111,6.791013889102379,6.00551933344002,7.237235065519755,1
7.54843884007138,8.086497676685834,4.602898252442814,4.539338489643914,6.781053842788491,5.704419293797397,2
6.802657445172862,8.590004766864492,6.993191268460164,5.239316610895994,7.834637565050056,5.9655069383586135,2
5.467833539455474,7.090669877736458,3.4471747873726417,4.647100946345233,7.154588890578681,3.300715193575782,2
7.397490006523768,4.761557479376362,3.3156397654420635,4.455567220435922,7.461076461135599,6.5295495332492735,3
6.08739713854102,6.618437575120975,4.747247342938494,4.953744265333326,7.88685649423249,6.414438832592671,2
8.419022594471,5.973255060827043,5.655889594797189,7.109636352121642,9.309859097743912,7.2921019519996175,3
6.910578208457691,6.504606118806511,7.097069722100586,5.950013201836217,5.161808740863451,5.40161393082545,1
6.22153326396448,4.291853771455953,6.494172654867548,7.450992608236728,2.8464823089640907,4.945404238588695,1
6.9769970317503756,7.998342391334797,3.52761914628698,3.9257543691018753,4.127776539303668,7.91179264339336,0
9.814933151119257,4.667929010773875,9.668002406640507,9.73871674220546,5.755060207972952,3.9201221433004276,1
8.430035623673687,8.711719227777166,4.633173190238648,5.966769335162093,8.72668201358125,6.27576990659286,2
9.184162117765164,8.45977002888765,3.1322898770141583,3.24143640931608,4.514884069809995,9.264535003555572,0
9.605356822100363,8.690854820344734,6.8153230234656945,4.023914189802694,5.754421870525329,10.0,0
7.045609523567784,3.8650745834999123,5.480461618537336,6.0437269345237965,5.141160544479442,4.65001763969439,1
6.526045283681021,2.607335648468985,8.248621996176333,8.043324479436965,3.785035223624493,4.519865007022726,1
8.624062165232997,5.365271551276501,7.816148417137408,6.142722630715659,6.1251056001607,6.976682348142087,1
7.94980915342036,6.434488141010759,9.620648281152397,7.722994956109551,7.10812595277697,6.716708692403235,1
6.0017863506064355,2.5980724970879345,4.105385894427148,3.2248676357342987,5.262249771340013,5.951341562789312,3
7.831189635779399,6.799094522808763,5.086384913961066,6.649502271725028,8.121918041075466,5.273455271222005,2
7.908025651588581,6.145868765706546,8.817516177753316,7.614332459420511,4.158678219686602,5.77435696056161,1
7.430078478279563,8.126399659722848,3.7410442325607027,4.399578455524082,6.2314539500744655,3.5223780160458316,2
8.388539687317614,9.105753033132856,5.217710036844132,5.1798262788384255,3.9770290622232203,9.795982266533484,0
6.222702386484879,9.645908270133376,5.167178968525355,4.275981158233387,9.148811507992162,4.100725732740279,2
6.852686831124869,7.149236906081797,3.3622315404454186,1.5751405550119024,2.643282970168711,7.071042403818573,0
5.423234442463246,6.3271601073542865,5.176646578135649,4.6874828642834006,2.036090847812089,6.435387129656961,0
6.150989728562939,5.667320060060925,4.9848475731999535,4.291810952927807,5.632276750611624,8.110859086875902,3
5.884703259456505,6.963382287005852,5.862026982937717,6.272684157607627,5.722156119218301,6.9339409160843655,0
9.76752945305367,3.7855057781050103,9.520508193919076,8.741626350592655,4.71962021127931,4.460725956077914,1
9.15292739587235,7.001846213514057,7.967173444805278,9.097140308741286,5.694587603147136,4.984691091439253,1
8.812629341152311,6.311696997844431,6.366923593686467,5.928559168724977,9.497192958057132,9.316347851501108,3
5.902321180183227,6.512866500383056,5.281185100406127,4.843913160757202,5.098244976198612,6.14969559383913,0
7.667472873994869,6.6244673643189875,4.818743054135993,2.994686569631706,7.627695099937606,3.437185427452582,2
9.219008807921444,3.1722154767380975,9.098376389432373,8.739935296149344,4.842312584560455,3.2452828644562057,1
8.670357203652685,5.247098831946369,9.721091848532572,9.017778848237967,5.155709601269145,6.281479484033081,1
9.41187615618494,8.536526368824608,4.554943875052628,6.046044594623451,10.0,4.075643045491869,2
9.695671620448602,3.716649425569941,6.690999794010361,7.2794912494563615,2.9080325335600588,3.2755938875422332,1
7.386038033451568,8.913973112693407,6.688133476946002,4.356443860051541,8.265365469660363,5.082410175296281,2
8.501524612175725,5.344075414584759,3.8599191930068746,4.497769006644443,6.5856186666629295,6.386570410719825,3
9.064071600631276,3.2372044000187907,8.287810328622163,8.072966716732488,3.5939328011351463,4.241178915740524,1
5.872722656545844,7.53529709565122,4.405607155447161,5.81887991687127,5.9570546761246534,4.653007400771404,2
6.201095461802331,8.74727267291462,5.55931140648199,5.8867231903504145,5.976770804192832,8.22706303956501,0
6.782227284269737,5.868234387261767,5.890038409793918,6.549882660817528,6.643468611706223,6.078990518706937,1
7.891053383575769,5.097223188333647,6.309916761001098,5.620769689070932,8.201131122067599,6.758365990962173,3
8.489883701039876,3.4951947779840555,3.6455481923139255,3.509000478186041,8.657739044751043,8.289717513172391,3
5.787054861683733,6.036268616102256,7.318802782569706,6.947040438375035,4.881474595413188,3.6549866776080906,1
8.718690495668028,9.260192049493181,6.652713675036951,5.9769460681545965,9.437210055205384,7.466359208173303,2
8.01575823314481,8.469166930340126,4.8782980929435045,2.9464692074435472,4.104796142337594,8.760503421466519,0
6.304963915587058,4.448232612114756,3.6981404791676433,3.9841340470169255,5.232345263747392,6.472375482182674,3
8.951806464346586,6.491637682841663,9.439228669011703,8.618747930040264,3.607569446107062,4.832300105961194,1
7.095089133588548,9.42403809750725,2.9750957361184662,3.436316210338355,8.254338114836274,3.9739573453387815,2
8.684349248940135,3.086919102361253,9.242573024699318,10.0,4.388980334076466,2.220386686822759,1
8.624392080836785,9.346677591525946,5.482632860340449,7.123683636178924,6.733563556432867,7.782978555496764,0
6.692006577748208,6.368638861788409,6.166940505609119,3.709438797077418,6.3342181328457885,3.1420416077371343,2
7.17489661527574,6.598203245373085,6.363397420294976,3.338793814173589,4.040468869489728,7.869041314704573,0
6.697591582064011,5.625540817948794,7.460685306881461,5.406577586555432,7.324636273505003,6.980811692777952,3
9.44925278949825,4.6750447067969265,9.964332348251178,9.759628909871013,4.145301614753504,3.3198717492814542,1
7.394510554383392,4.528726082810561,7.3148500016052305,8.248246003441892,3.0957625500638977,3.4692652505553365,1
5.837409657606417,7.052101964621061,7.0503496175507765,6.309545477410676,7.6861850622739,6.2833959873816205,1
7.667768369793848,4.698149751378104,5.897055577819597,3.8333184819765824,7.612241214285929,7.000661018765214,3
9.213359948352341,9.927354963741388,6.236232257401816,6.56818676036454,6.127444187618654,9.838151738841171,0
8.181749330503612,5.465007559892985,4.241875583395514,5.52503751253027,7.98758185240067,7.584776795267642,3
6.405602333579992,4.345281222065319,6.950800052279327,4.774952751513956,4.949010290480361,4.3309008112721,1
7.441284085758395,8.891855498332509,6.601893397295243,7.114247934587168,7.434948614856553,5.317957808644779,2
7.3336407826647445,3.2121697806658682,3.4030256089975492,5.001502685151236,7.279936704861239,6.545625104965916,3
8.693556806940704,9.968854104598334,5.450689990626405,8.747652577401322,9.307694590153487,7.4198703546132485,2
6.318831613498442,5.561211329883605,6.301262445740496,4.481277822385422,5.418118470013813,5.043424492667757,1
7.252145628089345,3.1405127231562355,3.840715848185283,4.588451974855165,7.495676464762413,7.177004612820107,3
10.0,5.31751220095622,7.0594182141264366,8.407736607157311,4.811583903935799,4.0809105369449306,1
7.3563120345408395,7.562525175132837,4.552345037672891,4.062622131536484,1.878530681687355,7.688367959437502,0
5.383150971565414,7.7544900416904925,3.201184438219985,3.44859346490078,3.967755462745626,9.338873043265512,0
7.429133467027936,8.98769582265763,2.9954960691838095,3.1872848572986556,3.2176993364642295,8.552507988812446,0
8.229193344300887,3.0873155128985363,9.298425584202953,8.90193588671782,4.668616130316006,5.748749441009276,1
8.09517222751558,5.058830455011952,8.24829862386596,8.733826704374207,4.678863230462856,4.043698578283476,1
8.38775676271748,4.917071756529771,3.66857569230825,3.3791532749551285,8.138853240263792,8.623115995375851,3
7.339232473905173,6.889618624316934,7.591979699063266,7.68352725247995,8.424529472344757,6.976630336082369,1
8.23559453315584,6.359368836986798,4.935198681030809,4.269509453168453,4.872589944338161,5.68379990844408,0
7.898338293436209,10.0,7.019389230865536,5.973718342222863,6.360842252859318,8.82883041805027,0
7.553106631278004,6.634776224057163,7.022682142009449,5.214931960260685,8.645165000856812,8.24560018833514,3
5.028873937191584,5.782256572742474,4.011100567776065,2.9465484960837185,1.778477257139551,6.405056139039553,0
6.69182971624464,6.183573454873725,4.426543910253034,5.016962555475518,3.823496752634807,6.652904829369415,0
5.97352963584946,5.060484825612652,6.567652080827067,4.2146878856477255,7.35711462877926,8.329510787117353,3
6.960377957587172,5.9792766548083645,7.077670560580851,9.16878459120129,6.603905766584017,6.665211653347349,1
6.333828576429067,6.168221402392105,8.031003731430689,7.313298255896916,5.129928365174498,5.677204128073401,1
10.0,4.097378555955641,5.183395923079154,4.900196883497319,9.44254682337768,10.0,3
6.449375098591141,7.8205383084610745,8.820592171947867,6.44631043118154,5.786149229441826,6.189327041453802,2
10.0,9.662361535795366,5.646804987991125,5.119267087682016,5.779408597141985,9.721191314838347,0
5.924006215509937,6.8630754849587445,4.050174305021881,3.817863925617857,2.6356754889531047,6.06188564098824,0
8.587185645013191,6.852416579361702,9.527669082103566,9.218846420029191,4.660642633590354,5.13506232946571,1
8.262309463403165,7.752440593436752,5.528923714463881,2.096001208327809,8.432958009334046,3.72696238730503,2
7.716169689535899,5.73972512165946,6.000482806589255,5.247486273886348,6.82976620342728,6.546518695943115,3
6.414809117425964,4.3559089718193125,2.604467983417886,3.901482011617058,5.677982929234898,5.344477262997975,3
9.285905131619355,6.875916798363047,8.13850595629373,8.471687890528862,5.432581206658268,5.001406323450521,1
10.0,6.126330877005124,5.308217782108952,5.129917804950777,9.897197650841635,10.0,3
8.041174057917674,8.134194041592618,5.761439946679202,6.165035611589614,8.567949909142698,6.455339351255357,2
8.269610033279482,5.699664998993817,4.17772980264314,5.790172897587281,8.846783165842487,4.5839381786197935,2
7.868043268747402,4.773936722730378,7.3467092459679275,7.5785589795796655,5.715977666990486,4.36277129052338,1
7.738939502484575,6.8121634817348635,3.8865504444661223,3.290225576257464,8.029870082202915,2.35271564524303,2
10.0,8.91796886837794,6.494261609327636,6.681029935668555,9.43112914044749,6.7415021992264785,2
7.3131379113176775,4.679173626429474,6.229092116801073,6.02102961154713,6.5306160602801775,6.443053595370167,3
6.443629730344316,4.176543246311356,4.987005565184769,4.136990030752267,6.195792911091675,7.664776177962022,3
8.9637069477328,8.600502254507742,4.368031393484888,4.987712290705105,4.816371678512512,8.78674985405643,0
7.181022681966558,6.420763360885891,7.029595909816592,7.887803586656163,8.58873318502637,8.25175821342273,3
9.65614145434687,9.638734261510741,2.7107649317325206,3.292356476156085,9.279120304168572,4.872491812822746,2
5.666125273270727,2.7067207263020623,3.801636803794638,2.224255034952548,6.4421685385295655,5.485105907763599,3
6.834551860448458,6.279338031467524,3.0053919917632577,3.4844985222979634,6.120559638207756,3.742186579497935,2
9.125014295320373,5.731791744010764,4.656889880731386,3.8079204898730232,9.857379421313697,7.508817058299215,3
10.0,8.594218233822488,6.374185012552018,6.541534996993548,8.996288779508264,6.153842360619167,2
8.133940282957745,7.502005406551769,3.399960621240235,3.2863948846598046,8.082818665936491,3.694239822061305,2
6.134986804695142,8.948112139386785,6.763574443489061,7.866774877580773,6.682898941763997,8.223304848693441,0
7.985298996015968,7.214256454862414,5.877026998944975,6.1443729107947735,6.829641963833743,8.314507327494287,0
10.0,7.254761991586288,4.144176184602604,4.871634459070294,5.057170747528422,9.844580034072074,0
7.940244198774207,8.049942378869657,3.346997083311633,3.677572267219291,8.410670642850768,1.91069764240191,2
9.916007961854941,6.357779979986493,10.0,10.0,5.901508437489712,6.358125965462571,1
8.870813627241866,4.433293848817503,5.413664754447299,5.770022882310153,8.879402105404422,10.0,3
9.150938783163124,6.481936870416053,4.1991209257391535,6.398357504291929,9.742902403072058,9.4227313855753,3
6.5942245790990945,3.561977336804847,6.700100379544746,6.334751248464879,3.293135866826378,4.549578004551234,1
8.346673266476683,8.600492193041916,3.4385108927626225,2.41195714939118,9.4629405008877,2.0481416231311416,2
8.04150338636819,8.31781089237765,4.73839575347016,5.706751281907774,5.057406545147375,8.902057342435242,0
6.797769619264734,7.096419593368772,6.4488590252144995,6.84068914992117,8.240215562293333,8.24255904377406,3
8.562632017670575,3.323021931443324,8.626789572341348,9.316829873699765,4.003364125557747,3.568711154971263,1
8.044210852498033,8.578412096127405,7.132789459983611,7.229685257135904,8.255328307001292,7.307475669229723,3
10.0,9.303455225346301,3.9256192096362517,4.1921785253911965,9.32926061530091,2.234360746487453,2
8.729194445374057,9.807309290115068,4.477179549026618,5.822693140355911,9.591613812471145,4.642774349916005,2
8.783686445831453,5.492116463363125,3.7852475253011963,4.554150525973399,9.650927623727314,9.399625555587274,3
8.023312951163463,6.462006281766529,8.598896978034269,8.534347420071779,4.964693005744034,6.098625084643471,1
7.846023488599758,7.516944038589845,4.985629432621899,5.454803519061934,5.304658008329818,8.049978112484549,0
7.617530424315361,7.52131584476823,7.787918715866661,7.210562456415996,7.009965174754394,6.970740260258067,1
8.441781609272907,4.362817922417622,3.269603814951582,4.685098333752984,6.4614972361261644,6.846097750914596,3
7.506888798645017,8.383618625890426,4.2106087178743365,4.912672751137158,7.543832471895341,4.910990876818991,2
7.455470049388903,3.71239772731687,5.8208838185511045,7.466489166783395,3.4326107983162224,4.501467997649565,1
10.0,3.941933029330762,2.844286822122468,2.2818538281238068,10.0,8.790059081417624,3
8.258165410702953,5.396569812135961,9.369757444635805,8.396252740853484,4.793731421186382,6.506259883391941,1
5.818644907007987,6.446123821352556,5.003429658687907,6.10624280697543,7.500100580695603,5.365189960026264,3
6.760282479762747,8.488682257798734,4.155200648776255,4.124493138347421,7.3038835877653145,2.842457294631711,2
9.293079025315826,8.074605434791001,4.528849830780163,6.484810445652964,5.6884810296204575,8.461154628928616,0
5.4398163807878355,6.788662193523066,5.817587087758988,6.8480038571837545,5.854172237072921,6.587212841595408,0
9.123456405326227,5.188907358717314,7.238567798081692,10.0,5.075391698869829,3.894461520742734,1
5.355486824691781,5.644356095202388,7.030625660064268,7.099272227651208,5.054479577432313,4.988010631256429,1
8.355936463574356,6.584623318501158,9.376856325766735,9.22811336174105,6.863355336249178,5.219944046117885,1
6.605255970554213,8.284498934650005,4.365840434125565,3.0984643905564173,6.322895846044309,3.4946653658690496,2
6.0643345580013355,3.6503935771337455,6.277642184610032,7.271252827105536,2.4208532902060536,2.439593675561006,1
6.580132946295018,8.00148666705514,5.973550232076228,5.821173975841059,4.153254275167809,7.946116978718001,0
8.669898915448158,5.167632865741006,9.764291116764776,8.75767877250402,6.048449844724063,4.709185123621287,1
8.33584872898383,7.8637235587206336,4.729122314084054,6.613625572734968,8.424699117091647,5.385575686607763,2
7.586687529273154,6.435989877872345,9.406300455485493,7.815713922862809,6.6227050956561095,6.993917158890324,1
8.91920391405059,9.914402098915707,3.992376243861404,4.494808881797972,5.231260999276352,9.39477562404356,0
8.752239749247824,1.6315782201918754,9.8443475389586,8.929353687790611,2.5318748196382708,3.5817680839540147,1
5.4405496164091875,5.214248846046679,4.599421824888622,5.637457364586532,5.4425425378262045,5.034617802091916,0
7.655693062226076,2.264786282781926,3.519856349416041,3.338642727886184,6.10256465259849,4.664337518479262,3
8.712234101902013,10.0,5.503980443534791,6.472205935318986,8.929963039435208,5.186452048023354,2
6.091556524971745,4.992885004224975,4.632362340438687,4.505684188005818,6.797826423823669,7.794730020750677,3
9.195773597520793,7.53684298575489,5.700593914164211,6.974816035412875,9.380644145869445,9.558863047090668,3
6.821892883123762,7.4085448395268845,7.597164814154501,8.248533679142122,7.577979792021211,7.754986972633445,0
8.490885073666783,7.214065225549977,2.211260342327993,2.9339842381155035,2.450633069760516,6.539227507962471,0
9.614150886017125,7.622993186876254,6.255611443300567,5.864538132965605,8.898194140786881,6.922107370935793,2
8.414032632530084,3.998277781066273,9.075031612433241,10.0,4.177218192763249,4.468998431079327,1
6.149660925424283,2.92686133051367,5.904417018407216,6.207667334342161,3.4940956315200844,3.3330223929242235,1
6.909694049158502,5.719510694424297,4.414229046140836,4.34498377778541,4.756005711746742,6.482504003604062,0
6.629426740067468,3.8785384717070697,2.9553739455388826,2.2943701362534337,6.36319088275048,7.254405411273573,3
6.462022113309885,5.095521911922986,6.70991967252416,7.492875599857783,2.901788925360276,4.540236596720161,1
7.790500337860209,7.6062106869043475,4.117992021600089,3.6648985855832046,3.4838446324892804,8.559056468355275,0
9.471690173312588,4.755326763104002,9.632350001612565,8.891500677436818,3.934843564886168,4.832464345147243,1
6.741315971696129,7.136252789987051,4.790713149351905,3.6276420112127923,5.112963195365762,7.5914732932340865,0
8.910540654911012,4.52216483656945,7.903242742508719,8.843273512045775,4.91434921172592,6.113273054043363,1
10.0,1.930511992478171,10.0,10.0,2.511329488427318,2.879693716875087,1
6.969594301741011,8.205719647137276,7.485003734405903,6.476164821484284,7.271309697331547,7.1736443878341,2
8.905085220844429,2.7311059921877483,9.203332855184295,8.52671658362914,3.2783512302969275,2.5858945951741825,1
9.645619114978079,9.997995751378458,2.714576362365671,3.8621573572486,10.0,3.810696185829857,2
7.854740917289999,7.812921169947919,3.418806809336887,4.173587138434989,7.533900665919618,3.370802640891111,2
9.041696069547587,7.449989727357762,6.57432320833032,7.318730714361859,5.8815524430054005,7.530276528571909,0
7.335804403763623,2.8994852051902407,4.023936127028227,3.8845934787981378,7.4630988934669125,8.033994221531316,3
8.65769010758064,5.008834180772068,4.8557430073533645,4.737924729268569,8.084778158652385,8.245880006388592,3
9.257736446624792,9.028056931505539,3.9019757393671126,2.260786987128504,3.826916976332604,7.74584607688529,0
9.764527372891028,5.104838051006302,9.05641888772929,9.109385355046923,6.253980023112289,6.459551331657017,1
9.74880167365108,6.542829364931395,5.504432858547987,5.624084615121016,9.747458732203459,10.0,3
10.0,9.859737178349771,5.231514577832371,3.3365575534112466,3.530623308004845,10.0,0
9.924204297438147,9.395688922579698,5.704230511815626,5.1464306624040885,7.518963710574678,7.798371682412899,0
8.492701516554888,10.0,2.571849980082193,3.6758207055585306,4.1972865287857335,9.843218720430333,0
5.28511581117277,7.233997804259928,5.8244510677887185,6.645682933832634,5.9723264174651325,6.093372995285479,0
8.153122680833047,4.677385605844789,8.02550299480365,6.673850110485202,5.928432391887175,4.06952243033744,1
6.6992231751814035,5.441505315406289,5.645790367882544,5.332858249208394,6.867102948740252,5.418017762086203,2
7.734438842275256,8.93640790473665,6.39382699273421,5.686377933699747,7.33463811079402,8.66671550490584,0
6.416226464592163,3.4983212451302164,2.8238017030652065,2.2460223344278436,4.668590932441028,6.413482202604436,3
7.582713508194328,4.020205967899789,5.032591732643742,4.7376901746404405,6.989923309651175,6.137244944375245,3
6.413073205319284,4.139223486770389,6.54000595252342,7.046574058989419,5.824870545084663,3.7272620411791717,1
6.981659481676418,4.525059267641551,7.811386721025599,5.9825481172338115,5.987098679192633,5.734876797073791,1
10.0,6.067398079713138,5.167133681141985,2.573383513207955,9.851238376438307,10.0,3
8.306298328625585,4.996796827971545,3.427634914000622,3.9901371784036903,8.047371528537862,7.849287819109808,3
9.472109243018087,4.584066661472247,9.203030118802841,10.0,3.921612343150872,2.8340352183327346,1
7.9484607202948565,4.9715409617892,6.02257438268846,6.281875608996001,5.27324414907844,5.382891000746505,1
10.0,5.105057987727318,8.27156068737931,9.031246791804767,4.932052649495701,2.2770310127890836,1
6.874870347646389,8.355785866952742,5.9461448971168265,4.949674763027057,5.767032166393967,6.573752552046135,0
5.274287575970426,4.096515484855108,3.1296469164206613,2.9473856208769695,5.514639126722406,5.70708395708359,3
6.165692075232814,3.4226138870693044,6.8765672029631775,8.033233875142233,3.2358980442739345,2.579970542515663,1
5.764694222757909,6.933862941263483,5.1876907439935325,6.254582331581714,8.458125035447189,3.9259407997092195,2
10.0,5.344454722813585,9.555679568468952,9.94911693181543,5.598029518245032,5.427254557665568,1
8.480222733030436,4.1966871103130075,5.196502941906673,6.773645202161921,9.484459160940148,7.244028535065054,3
8.300464120484472,9.263908176735644,4.233536671590892,8.367438112415288,5.4766601668123975,7.702063465285105,0
8.398123602384192,8.22461344786184,6.063704611117315,7.947243577329247,6.437312948049401,10.0,0
7.770580506961376,9.40727053192749,7.452594559553101,7.124738860290232,7.1388099373666405,6.43492321545617,2
9.631838651171739,3.381942126788324,3.5935789305775434,4.615268978289444,10.0,9.960103745351645,3
10.0,4.956314668121933,5.163595431704663,3.970816742632003,9.4431646621292,9.745916868815756,3
7.791440018399157,7.834645540814891,6.649693880192516,6.856892711759179,7.178038074265201,6.363260433690793,2
8.411537087505858,5.54420007581961,4.574996715225989,4.957222108053136,6.426546828472244,7.41745551432749,3
6.838593239100142,6.744777547281174,6.92338196701097,6.783530116907989,7.821100065515335,6.205198559296618,2
6.191981028409885,5.983510712544424,7.281404640794022,4.9066474667519495,6.095584442803283,4.643596703888566,1
8.505475892516383,9.282666167748216,7.00742170528456,7.056418769130433,6.428622365566362,9.384404463288664,0
7.024496314655929,4.770016779790094,6.799995388951547,6.918175922238675,5.1684327000121595,5.410260191092956,1
9.353132398485794,6.701295912733066,9.52952058758831,10.0,5.736045707726919,6.496283534624581,1
10.0,9.815077477656306,5.5454472895447715,4.026772077601863,9.976430810710262,4.474187095751766,2
9.010973443711725,4.959474432776099,9.66836449176903,9.11533698131645,3.7122719851793917,4.240391896080216,1
5.53668327853212,5.86040962122326,4.761182025882697,4.206124362392205,5.73476824492168,6.413357087730013,0
5.3801097349465845,7.229932949056932,5.397802555411484,5.277617390764808,6.942104471422548,6.962231770152375,0
7.12270022130269,6.033898152434149,4.924249369908338,5.2713535685034625,6.820335716368387,5.3375759481336935,2
5.78942204357206,7.570203114761381,6.882740747029239,4.310196525901892,6.350746068215014,5.163841398887717,2
7.009057718370658,4.941976748008692,7.683570683545147,6.725201230676874,7.198238932895388,6.518065204159457,3
9.935431187529105,4.494144051207089,5.8587620988101605,5.035642773643289,10.0,9.471582010951469,3
10.0,5.255682708089894,8.895382360104541,7.76704410124178,4.6169553935606364,5.580480864009335,1
8.088609636787961,9.53476303818879,5.624002375251594,4.7232992466299315,9.60643530254553,4.028590165693266,2
7.088442906107891,6.632489821645994,5.866546039339021,5.035337096509408,5.437574552225586,5.31840349241903,0
10.0,7.803044161467938,4.8203785099631675,6.115724328575161,6.655300580470634,9.257482147524536,0
8.253377818345758,4.3607371441963245,7.70958167677127,8.000182355010178,3.3894054705966927,4.062594704494829,1
6.711797930787042,5.4955905136046965,5.020109507448295,4.901900163011989,2.4902419485236944,7.500621726476641,0
7.603607862787501,9.615742586661083,5.13049378621986,5.801394429203606,5.915529696903691,7.203108158630776,0
8.787240935044084,7.8173714642812335,5.159108842600708,4.469839979787795,6.494583169633835,6.318420965719198,2
10.0,9.764599068076881,5.1944907142922565,4.482734498498422,6.388242480921246,10.0,0
4.067975523725488,4.092958046190658,4.634135303687466,5.229111940475822,7.071892333772014,5.780785848311365,3
8.881563163798488,8.667964541306356,4.103466348423482,3.716697781023822,5.701526177612297,9.311438622980814,0
10.0,9.847599627219095,4.165812175112109,4.09451494823323,9.992063507765266,4.4395184326069055,2
7.694393855113731,6.049040669679636,5.667464684820532,6.397064571276824,7.313514742803259,6.767532278000277,2
8.098979136388929,5.845953989080469,5.022708148867016,5.15005540935119,7.319601034320579,6.655347141893044,3
8.49811716967206,3.2874219965060147,4.303650075997634,5.118691285994748,8.871952310711897,10.0,3
6.917584671522912,7.9063228236492895,3.1679327197721405,2.694823200408946,6.524823290071501,6.053887198801794,2
10.0,5.301535966387608,10.0,9.69764210240175,5.186787292582186,4.192476766731448,1
10.0,9.120682848892287,6.301660473680366,5.313846377639886,6.179297440374936,8.813723761521281,0
10.0,10.0,6.37970752971379,4.7593984619809895,9.572525403529225,5.907939127850061,2
5.754474451553112,6.213180464715382,4.423561562473167,4.648197037936886,5.613121835327055,6.111707482890967,0
7.612860803176841,5.999858615009344,5.541481398819856,7.423353226815371,5.956571473302864,8.551025191642834,3
9.187280710459948,10.0,4.822862089391316,6.329374938273009,9.247883307984829,6.388085774156314,2
7.989118440564472,9.040769427757924,3.025933661718722,2.3024279796714637,9.428692025619263,2.5004412186490645,2
8.36151109684377,9.153175779920133,4.160065301573448,4.316366236128906,4.709291197297023,7.5668093603630995,0
8.011619092191067,10.0,5.346367936836032,3.12628333515248,4.072069213918223,9.684941856515032,0
7.4872323561346645,8.199261425811542,7.5572338058694815,6.8828129431950344,8.618795808717378,6.15629149067801,1
6.702007785780097,4.344258389650644,1.7927425843789195,4.969532799564602,7.172205350437044,7.755920022523627,3
6.6284418065911535,6.167194674018068,7.454589617861345,7.519814269359875,4.392768711537512,5.131216341022743,1
8.856126811100063,8.89541624397758,4.007983149492122,4.1053047233620195,4.068480621248091,10.0,0
6.295535165690802,7.960730353381408,6.435764199113107,4.817387723403887,6.962461982698437,6.082186888519932,1
9.147921209860467,6.9819943502920765,8.808951447689036,8.871867327516162,8.413718828763075,6.40272629472187,1
8.925193942034614,5.371659594043587,4.186462492514744,5.703145438604803,9.350538496419404,10.0,3
9.186510028515107,10.0,6.298681462762631,6.262372626891571,4.3386202659353,10.0,0
8.946041905836747,8.300757938427763,4.109816578936294,3.8926635030818475,8.611480030411306,4.022858068507191,2
7.6208540398116895,5.876935538668306,3.5078663598156163,6.156359834733356,5.2790677441880485,8.375890099616406,0
6.94985218545705,4.06720450126743,4.9310308498003295,4.684411837666428,7.090291006007309,7.462158554389634,3
9.262719049055445,9.813397419249956,7.067569128948649,5.786310750098252,4.805436827877918,8.944312443510935,0
9.336475226191537,5.1586906374932,8.297216448511858,8.611332459660487,6.215437539548784,5.036648204880242,1
7.04487237014023,7.248327050904362,4.181367457602105,1.937879876181658,6.838791832381159,4.837770214362187,2
9.823561198383597,4.506221120402479,4.815922111191333,6.141422987160392,7.622363222572509,8.910543581202825,3
6.898393586520982,3.728255930287444,4.263359090973613,4.080694256760519,7.882012354622098,4.921557231299287,3
9.509958996697614,5.061281003201334,4.9593065731006725,4.224577304291875,9.11172051695671,8.06479682660496,3
6.96509126549479,6.900530131160606,8.377427985698265,6.235431764565546,7.736088808286267,7.346071902538302,1
8.400412861742547,7.508372893262186,6.6559113787088595,6.535506038297805,9.281023571355949,7.429518052775564,2
6.839236195534903,6.387282738945245,5.824385056823177,4.368614417887985,5.527262681921789,8.302599097823506,0
9.007399000679673,10.0,3.6559292368027574,5.97480437939194,9.358938205250814,5.454952272741363,2
10.0,3.923409205060362,9.393840280340081,8.118545113986158,5.055360342340538,3.86487889416317,1
6.342959510578436,3.1898374185016753,8.339390633854814,7.531528744826622,5.116596334689691,2.988924336740531,1
10.0,9.329744989826326,3.6722820336224427,3.682663493047195,4.827733292357044,9.835060880793431,0
7.936712755113524,6.6329280318459025,4.696736651885558,5.629969410739397,7.633212828878484,5.210458866226692,2
7.352306693677175,5.823416433948028,5.4390234629518295,5.9237315229386445,5.388083239251812,7.24812030213677,0
8.750279966143031,5.931472510606344,8.059865806271693,8.704620778158107,6.035536730985951,6.2485349780668065,1
8.867716446359996,8.016471929355387,7.65727996951696,6.369897145426358,5.920961061674399,7.690118777692395,3
10.0,5.983091155925295,8.790834430559627,10.0,5.902509556963905,5.527363201130583,1
7.048276251428621,7.89517500818426,4.766425051088486,3.601735896059697,7.413537650087946,5.178871082789898,2
8.350575213504388,6.4241924046736845,3.592380470898563,2.2894503471221688,6.471553900483641,3.8441239362735473,2
9.18104028567527,5.2871033199459205,6.5667996970298805,6.269864183298042,6.385549046958854,8.289838396288843,3
10.0,3.768978864071781,7.471310388260427,8.842080853809746,5.248774109582436,4.636980098447559,1
10.0,10.0,7.204920223488955,6.385996021765668,5.113883456096971,10.0,0
9.935263323173638,8.859506757657657,6.964685690581045,6.606448082966193,7.951709417986649,7.07212711417688,2
8.631615734599917,8.329793483368336,5.725657787485202,6.002097019195857,5.731976094263801,9.15515980029438,0
7.4068435004600826,4.57559148182756,4.980096746145404,6.563239091931184,7.389285788216708,6.331952267039518,3
9.465723741443604,8.708189881121491,4.310559192559203,2.640982289593137,9.211282027787263,2.152461476739531,2
8.27380599411318,10.0,4.022282139562299,3.6963812399881215,4.012398565208393,10.0,0
6.949048055388998,6.612149474849288,4.967111268061897,4.866770265754785,6.082983480248942,5.272533776869204,2
8.557206313930239,3.6190943407635947,9.11944430598221,8.584003719096739,5.339295982139617,3.8795024266423743,1
6.573743611585899,7.201887410020262,4.719340966228558,7.147552507433578,5.877635463837791,5.620477569269702,0
7.253654003429873,8.534154194231022,5.301986532320437,5.909497062192744,5.907703081171407,8.987049511904639,0
10.0,10.0,4.399540041491119,6.603152629080545,10.0,5.055464224894644,2
10.0,6.579065520572365,9.215626838101715,10.0,7.000134732565678,6.32714152153067,1
7.457736579366153,6.952363244923296,2.399054706453745,2.6798110396231403,6.407053687684796,3.9654296259170545,2
8.581679505321496,4.113430930097464,9.415434555491117,9.298643661779948,4.0047322135937256,4.8772875318202855,1
7.658011101757841,6.318651445376736,10.0,9.936183088671388,5.813591253891471,5.614260932652134,1
5.391657705531962,5.965531243016463,4.627586379542999,6.451785857095773,7.437443001718289,7.272287571817054,3
7.00195653397261,3.758328594571977,5.982828203652939,6.7623066516831845,2.2254301516673904,3.0848488814471606,1
7.836567525941085,5.00410287505357,6.030534857724445,6.575173086117822,5.923023541214066,6.105897719456468,3
7.949881301825021,8.840022756438982,5.515859722316929,2.2522230340143348,8.802038509206751,4.870804379548648,2
7.981249262550414,4.6334147139934805,8.35474087273287,8.948995631958034,5.21231963887304,6.168541272695151,1
7.670575408575982,8.462615335676013,4.135080885007667,4.02451199314485,8.300371607289804,3.8220664259782695,2
5.945393295993537,8.040688538225927,7.164223439613527,7.413382908313137,6.423353802549454,7.162554622165675,0
6.553356166104519,6.739718349208539,2.41465628508128,3.9214585729335387,4.712952936559159,5.739899149878205,0
7.013382903049084,7.705603854221385,5.666860430243677,5.985431069299621,7.105947952432855,5.950549803826105,1
8.832628986995152,8.418322818409326,6.0709854410065285,8.017107013307577,8.724870171349135,7.481316218591852,2
8.081990337545372,3.446045044026691,3.9237115793475317,4.671758762717054,7.683683780650037,7.310823319336156,3
7.77083849097424,4.477304170095278,8.542540066466568,9.468879325042595,2.1296264929516484,4.2196161456983,1
7.662374905882834,8.521644804252688,4.369397921199872,4.86990031043565,4.410696612356968,9.18597512271781,0
6.176954597085514,8.671614618756518,5.941157717207425,7.4393579773769405,4.607590856537113,6.907353514603477,2
6.608425966812363,4.907131844644251,3.5576579423962382,3.784379485067343,6.41166243845896,6.029665057507372,3
10.0,9.065877754640221,5.167779791052835,5.926820711900233,6.077878578087658,10.0,0
8.989671473396267,6.925500118041226,6.865672135852717,8.512307471949779,6.523222342177494,7.953367696847877,1
8.814732280173414,7.892318542582256,5.877182334461254,7.139516442358541,9.619407680655126,9.225403277937177,3
10.0,2.7925328569950905,2.864562657359204,2.678989820406761,10.0,9.30941860936785,3
6.996729226209483,5.271384507712925,8.13524407252316,6.654136185525926,4.265233898138054,5.237178843473249,1
6.179751458055638,6.484994911545391,5.630563072241777,6.7853499124309025,6.629754202987879,6.8899771784325825,0
8.207563663967457,8.41598393967083,6.992485505333992,4.703815988802013,5.729508379704418,7.137822161599683,0
7.579514737860537,6.987972512318222,3.708639365630317,2.477769112216013,3.0092531399470164,8.84927139342631,0
7.979279328073106,2.8845064350955445,2.9897857764400193,3.9820234398979446,7.003947787673963,7.720678032333748,3
6.349392021616533,6.378269515486632,3.6750050144506012,5.1232409182285314,7.022463029716827,3.780261962507871,2
7.4298709050119225,8.144731073555064,7.226429465783024,6.492828462268784,5.961311815606495,7.53096845300616,0
7.1092715378989535,6.114838547662679,5.041008756754203,5.690772888403504,7.621358863889801,6.515668601676861,0
7.925012451615953,8.885225123709464,3.6590870825157378,5.002635209660782,8.018211361978116,4.3102098581038595,2
5.636991725170342,6.9825382089537085,5.80860994218083,7.045268449840227,6.103925533585707,7.55737789054432,0
5.405868321228505,6.268601352512177,4.673730997753406,5.754873028904976,6.206373284177377,6.238820983207655,3
10.0,4.7326442454192605,5.175071289116184,4.535887051442852,8.530469056490043,9.647092917949989,3
5.754571487516079,6.9574827969429585,5.5013666814644075,5.578918310441984,5.476645652608516,7.920186628578071,2
8.63993349004557,8.215070726671064,3.0727662258487864,2.7145493839886035,9.60929293710817,3.953463259348262,2
9.360095634245281,7.909772265382172,4.970806077089063,6.3747656054296975,5.822076736950836,7.677795731850445,0
8.040478726865427,2.505390940030282,8.444112393156509,7.885084463996962,2.7406397523751655,3.354317004252905,1
6.932236957626907,8.989871911242426,3.9474479363018116,5.681208824977116,6.6604168099628165,4.864857083553867,2
4.610472951995892,8.227470995089824,4.129807526197711,2.4355612294989237,4.343273562506577,7.028552898060268,0
7.823909003650524,3.067759758450626,4.417165342132908,3.8545858362596723,7.715141736881689,6.882191378022854,3
9.286719073116302,5.786131184258002,7.718270186554392,7.31293006238069,6.077110437550263,6.581774135484434,1
6.112005414264464,6.222043513991409,4.3366461120378235,5.257286916169458,7.377115140030009,6.955178137424623,3
5.1551370239246275,5.5594994157643844,5.399627493121416,7.527057026487189,6.792745153032718,6.496306085348834,3
6.569881509316044,7.043657883115904,7.047200203558229,7.160153432595734,4.535948678523868,7.263497245286197,1
6.997283690017394,4.531822451148922,6.679611684364219,7.27032295632563,5.404922566530623,5.246132759683823,1
7.197515428599465,5.919732658316738,8.397267613821453,8.003604175641149,5.688209129375513,5.634882893306228,1
6.301996604238965,2.5337127761556273,3.551358715878625,3.2429398718003206,7.36288924842189,7.894088038140257,3
6.473488198469834,3.665531957465385,2.609365967950208,4.199538908990011,7.699695951892839,9.742201697987946,3
7.438534354127912,5.69015064204712,5.443802491478286,6.791161406068143,4.787478294953361,4.584272004808615,1
9.368480094248952,9.977853587581238,5.575309660983012,2.821400589968582,3.7992540012637326,10.0,0
5.17351434663816,6.876316972832448,2.8021246468753396,5.024061038350199,6.685197491667912,2.8713289837292697,2
8.983296613038688,6.611884356017668,8.20477723525499,7.216790483303473,10.0,9.867663676152443,3
7.680458877711429,3.4292686409465962,8.348120506122958,7.185650368379383,4.822897531691931,3.9960313775276415,1
7.684105869454321,5.82421707203765,4.450338415326421,4.729226046149184,6.453798528701421,5.52345205631027,2
6.6990485717196995,7.506307887061977,6.199946042200872,6.215288667550675,7.10317728540784,7.261824036771394,3
7.776060233417225,4.437792863883181,6.56017782904041,6.052649173778412,4.77503356308052,4.290582643729726,1
10.0,10.0,5.834450167772185,5.6030821045525805,6.488498048634123,10.0,0
9.20776680664858,9.725177770289273,6.076799731854117,6.857111164265817,5.960372529642365,10.0,0
7.762114151240802,9.494653916960663,2.929378692622933,5.927204840589047,5.318872374531268,7.880876953515054,0
6.587104514590382,5.039065283927544,7.336863750742944,6.302982761953958,5.886524337038179,7.382874378570616,0
5.277169107208332,5.180150537296939,6.205891716028006,6.360246399676093,5.111864917652877,7.03270155761654,1
9.93496635737808,6.52864518245058,5.701949210583185,5.177540846974767,9.628069211424442,9.065881623340491,3
7.691456127373359,6.637712465317291,7.487232167504137,6.030656844258384,5.8808505508219024,5.25873646841972,1
8.563856878219749,9.62350499428081,5.267635067421617,2.9818243602305134,6.024942108455801,8.405550384089263,0
7.037731474566667,4.999218368519851,7.019652285984502,4.626034274734494,9.029811893737207,8.339596545581784,3
7.664944504254424,7.23760451026288,4.952295324050077,6.068466019643861,7.097659093229491,5.256330319693971,2
7.5824849163231605,7.747573337442162,7.1541588918568895,7.840893331657571,6.304993436758128,6.054132509397257,1
10.0,9.657732015030142,5.8963603109707385,6.537422980437542,9.73158161902883,6.275799679444493,2
7.37587138368121,3.216155573646092,3.1568884111244055,2.861809481873509,9.311781372924607,6.400135858606449,3
7.167804728240447,7.558883461161384,5.816600286922005,5.368797618820643,5.474343445121642,6.771745736296193,0
9.801054729259274,9.619889413962685,2.912493137520433,5.156393591667998,9.43231904424063,3.5636144404269685,2
8.903283118347993,8.623749389874229,4.731288264096897,4.2829552389092775,8.393000807081268,4.530460583325189,2
9.558154009109947,3.892885832958963,1.719239738327388,4.233133021656899,9.12691226224744,8.976559967997847,3
8.034067704263727,8.553104863062782,1.643830842803681,2.434442586111942,3.3830890923464683,7.926932093071253,0
7.385773500119736,6.584369360987049,5.493695599195581,5.145814524208434,8.13555640696906,4.737929021618928,2
10.0,9.601974944004057,4.4831861963473285,3.312289788840331,2.2282516954510454,8.868412894654057,0
10.0,9.059388624143777,6.584877127682969,6.423103267416543,8.543723132799627,4.236819664805193,2
5.765958645168017,5.258448925081857,6.545561829737343,5.494564008386037,6.287958233462889,6.810422765541639,3
7.31969730067412,2.4043070116262113,7.360406668105922,6.985563317637851,2.6508113364436556,4.060431008588149,1
7.160138266332703,7.443442192857824,4.302960561121141,2.7842694216414507,8.089612659171985,3.8374799691959844,2
9.353810769415416,9.694674589450841,6.070491506824197,4.049987740226104,10.0,4.61620367752865,2
8.030487941469945,6.897657208174438,3.6795107671384484,3.7717053277661763,5.66858169133878,7.014040849713718,0
7.599374847978184,8.017588892164156,7.782467203845227,7.174705667189131,6.47999889154354,7.275530059555844,3
8.348519926633923,7.88326426348855,6.126541398313816,6.952854961422985,6.63304736763172,8.211812306870781,0
8.199104872272393,6.290423112851332,5.519603013091802,6.464019695076461,7.205687620118553,9.632868510990615,3
4.995943896757731,6.332018488913587,5.780454590240974,6.137925271283605,6.634054735830244,7.820134019551016,3
10.0,6.2304728675517245,7.237723441690613,6.438031779429832,10.0,10.0,3
8.83806704789436,3.2720320180287925,10.0,7.78221207180003,3.5331216174839586,3.6794683119437246,1
9.551099776337143,7.372811866438823,5.723962126963138,6.430289102533575,8.562534683256162,5.654205404984205,2
7.302099429365475,7.893198690315576,4.302914709360363,4.361127444562554,6.550573737843016,6.117230281508961,2
8.128569871971273,8.763950155275362,6.100353019843819,5.613125897685741,6.980332786773514,4.927260893718771,2
4.9277201776906,5.39319040977052,5.236126501666295,3.757872393337899,7.360785277299572,5.248511933228495,2
6.390245030586053,6.7958086886434215,6.403275185280837,5.7850117249430815,5.250480886371825,5.1960630972990245,1
7.352762573273648,9.948036904299315,3.904783593280648,3.0699715933411444,3.7711497023494727,10.0,0
5.426069616452722,4.945594461597652,3.772091014340357,5.205742693265685,7.268637586047225,5.786420423819748,2
8.09091121098144,6.5807204427549015,5.589232420746437,5.441731384963145,9.162474686966057,8.054267344231203,3
4.556958745000226,5.797957590087278,4.006204281696104,4.574173109154048,4.3691537601725035,5.409295104994749,0
7.621966180833797,6.025306532595943,4.80648679723868,4.248590935325662,6.188457985913729,3.3240308157104534,2
9.46833259893456,7.469155251387582,6.209583438121587,6.9279654587056285,8.904266475010647,6.327336739227323,2
8.764654126083485,4.4378569513135,6.957834931743203,9.451692151939966,2.9753345630849433,4.471713465266269,1
5.832399924191054,6.831252735017253,3.2686310094474536,4.082568911554984,4.844148652318896,6.3832247581410915,0
10.0,5.962023375553429,9.514519901063178,9.286083390078279,6.149898779874474,5.58617666320044,1
6.498652355116562,4.84387800401779,4.23005294441488,6.1760186200837754,6.358755188065497,7.154637354078918,3
7.673660385217766,4.928408079871687,8.954661712078853,9.152023828063374,4.3838395618490065,6.7880673215016945,1
8.697949769158683,8.64893607169005,7.476340123037929,7.716951339350805,7.555700464703108,8.314301001443418,0
8.84854865585469,10.0,5.917013206503455,5.576879191953417,9.573296718925171,5.582402431991858,2
7.931879694292865,7.474653231224115,5.82182702055672,5.952991904589043,6.0724671001527835,7.257862528725722,0
7.928871064402596,5.48685605061207,9.964448590656113,9.962065853386424,4.300848456670194,4.656540590648144,1
8.249566631405878,9.223069391727181,5.542506618796946,5.550561500521447,10.0,7.60336249999789,2
9.274565733952302,5.70126460092658,6.426508470427413,3.5842836437815526,8.463433959616026,9.97442357028176,3
5.860166000868619,6.146118748664911,5.423132414574179,3.8082747098387326,6.37808124702214,3.111171825215129,2
8.823206523830414,3.8925046560326932,10.0,9.079325653148937,4.329832326019676,3.7635036106528847,1
7.7488717910992015,9.375901435476509,4.962913069178034,4.007107728373568,8.42286168768294,3.2273131492412706,2
8.008796862747012,4.998821723435007,7.813286280122849,6.697131365696763,6.395414953973004,6.026770578464017,1
7.0301036208750425,6.692597003873744,4.981749684996266,4.215382077332668,6.784523349392906,6.089970923852108,1
7.1264206594954915,7.697482500157968,4.759515542268262,5.544165690469633,7.2134911231778815,8.427173849225188,0
10.0,9.754142549224989,3.3118749004830477,4.170107779391192,4.569694715935894,7.103830078847196,0
7.750184283964176,3.772491353184254,4.458410015783242,3.706677992562673,5.620575364143717,6.17719335415813,3
9.322953758781859,8.624943776150648,5.192049839328366,5.205363714570175,5.912807770324312,5.972349722070684,0
7.1024196570723435,5.61265585181386,4.098750740942607,7.167622304603291,7.719579984108097,7.627860135260872,3
6.206101102008816,6.249822942196608,7.152084744969731,5.983135677106657,6.136274598753606,8.851999110651418,0
8.95405113565571,7.855131438558891,5.880538441012274,5.719270695074681,6.234478621799506,7.470418600038556,0
5.5229962458672155,7.298337781022368,5.42443816598915,6.547082307977191,6.192499598003466,6.340751354642694,0
8.406210739343353,4.752862798548228,8.065518166032248,7.408275298894432,3.012221788858379,3.6874458636675698,1
5.73952124590307,5.551417515536619,6.480806447166847,6.118673619855933,6.786001498852214,7.332718245540879,3
8.645030094847556,7.781986240425547,6.312567300863963,5.367083281877372,7.212901365844178,6.479907002417184,2
8.123952187585875,8.109609266046824,5.184903085385216,4.742615351280614,7.065823809137993,6.235313907403637,2
9.695853164658008,8.174939392528941,7.051291674765642,6.493242571585004,6.5418168535238985,8.810284068313782,0
6.378863495159052,5.838109642383272,4.560561413475902,3.7385880991847067,6.75238488776121,4.107786800164263,2
7.263689699883184,7.251192816242179,6.808929332506928,5.404139767058436,7.5960534964303035,6.323039619694466,2
5.326490621275492,6.283162310382624,5.574282928686592,5.791971514961531,5.434569148634274,6.549854206765878,0
8.36734390322293,8.44258660563762,6.397146731649006,5.921529601062898,5.853428781704108,7.313324831183017,0
8.835109160863768,2.6711635749898806,3.313860447708344,3.5330279505996027,8.578443185688752,8.169928796536665,3
8.235081198087855,7.651099085028843,5.456272120662933,2.8914658348989253,4.193208207994512,8.94008994407629,0
8.278250082071018,4.387169234707775,5.234957047170465,5.267192105351974,8.43977474593138,9.67532131740906,3
9.271008458506879,5.761988828772186,8.052575057675234,6.089012949848331,5.292283771110602,5.922500781410692,1
5.946957520435496,4.151318239993692,3.1879832354305595,2.8508467237501396,5.87307235913882,6.253081868440213,3
7.365617255315984,5.086079645088111,6.299791092394177,3.9554252304994737,7.270529483394437,7.623041557230521,3
8.198710071420276,5.491736839198976,8.452356042823935,9.447133955671177,4.139001170625768,7.655778806966544,1
8.608733721761487,8.336201646378584,2.4847126021241683,4.1256670765602985,3.483319823493528,9.007068760948766,0
8.161820437355196,3.705773721878982,4.187307887459577,4.764298423571853,9.105791156783646,6.880792154407206,3
5.508387675478162,3.3014535256232196,4.821468510703191,6.98361485951019,5.326595848278385,3.469582171104962,1
8.758773521104528,5.114349751562545,4.652995993408286,4.534285286562547,9.273461446350769,8.767833326136783,3
9.632705697701208,6.877249116387892,6.4436779486517715,5.184651785980403,8.180298077711786,8.154176446547606,3
7.223741772901835,7.161379170048132,6.018864576325755,4.535294029447181,5.520599663916265,4.652675198717946,2
10.0,9.793388164989418,3.3584777679833984,3.502003657518745,5.35865965884371,8.419001796377582,0
8.037417181008554,6.4448855751143475,6.2017396526887545,5.827127572625639,4.573818766004215,8.209950306806897,2
8.89704135395476,5.975638092497054,6.70980975681159,6.320560764670947,5.139697642970106,7.891944474808017,0
8.908519447691596,3.343663363009169,3.415148536262545,3.6387784677561723,10.0,8.13700953629595,3
8.24120582373965,9.829755610237346,6.223947670804453,6.090297323713594,6.6991570896369526,9.451146088162808,0
7.045217691342188,3.908616088780398,6.4179925920717205,9.025491900338025,3.509888151593477,3.1159387836798125,1
9.17973138116921,5.154651778662821,10.0,8.717000820195308,4.9532268177727055,6.8825247082695835,1
7.423649430122079,6.993426549308509,4.518073500610171,4.870023596481118,7.861904305459188,5.221496511687878,2
5.647882149682111,6.67583460037997,4.297229300702817,6.697403377958308,5.674733477154383,6.289043898843792,3
8.791478522063702,7.21841354080456,4.875841015905499,5.02417397110013,7.641604739034185,5.034167488011026,2
8.57360106487538,10.0,5.4153434164068255,5.4326089904416754,8.590765869840613,6.337044105844717,2
9.510344484237253,10.0,7.449074734241628,7.086056300988982,10.0,6.387367583564657,2
6.5937260248802785,4.786935341010042,6.173167664373594,6.223173251975315,7.967050012175751,7.434946940523614,3
7.552771393754461,8.348911359262058,5.06365614575002,4.925267903819912,5.85020119104962,8.189948875861337,0
5.809940041825062,6.1539094934498015,6.770961569144058,6.1281355256490215,5.18176592505826,7.2833512529151605,2
8.988527023539547,5.4645982230049,5.853021428600767,7.890615461525139,9.881290875551457,9.624270379786886,3
8.797796783829105,8.506775845771921,5.094993786031397,4.682621479177506,9.249116668095617,5.70654083336939,2
8.800076845233814,7.821622294482337,4.85505401050885,4.6347390230883985,4.751228173716433,7.882663289065055,0
8.568141962353037,8.065512506472684,6.66293919894658,6.342897690698179,6.473569194047099,7.87676457131796,0
7.794936897221374,5.771004096859801,5.233413066639127,2.6729738731389596,8.453446316462513,9.916402416208044,3
7.519368476839611,6.842359028508401,5.781859307822303,6.122772236318607,6.484775811016585,6.730814374270034,1
6.452908885471536,6.153985212270773,2.8981548184652772,3.3219733985298943,4.76588625538811,5.651082830213689,0
8.359771321718847,9.463836594709976,3.6200217639398673,5.017999906613282,9.29017345778766,4.84180429423969,2
9.311273814363474,8.07727029063334,8.557469162589747,7.785295111709075,6.337754258101583,5.889848926677889,1
5.307295718992011,3.227406700448404,4.980821397963226,3.653340474181621,5.903333774860901,7.720240662203548,3
8.526520678415418,9.079696176506332,5.522460911269711,4.870986641572496,10.0,5.359063658974005,2
8.273198447284441,6.661007342040288,8.856148709823191,7.568265640168546,7.415174510113809,5.632073535621647,1
5.498886853857881,7.151239707171993,2.6560544153717958,4.774630662889412,3.3333092872835306,6.444622839325309,0
8.449013797045007,7.019405599090771,7.4514036581811975,6.225511023163405,6.372845104349229,9.0786776492344,0
7.370019774235989,4.87523190318764,6.459402660424069,6.825339778863977,3.373902655260019,5.464329986817878,1
7.1778791482048465,7.121596193988451,4.1599648304919015,3.2145429993295482,3.0441923693686204,4.157213265605634,0
8.327098986476791,8.504814780901793,6.588096465275479,4.8853489711299325,5.3418442274186155,8.313901972897673,0
8.616529672825678,7.501966953553946,2.6735043009908317,3.2293756282880346,8.710845588203659,2.2416991353290348,2
7.797502232807842,8.384872661691066,6.568223016982162,8.193058816557908,7.696435088649973,8.992379394174707,3
8.435861516545609,5.993048933362401,7.2810316837234,7.334742575136514,6.668468970224804,7.973900588202241,1
9.056990194341584,8.905790914715118,5.349808115605814,5.359519129336794,10.0,6.887156637839994,2
8.019072080218564,8.692800489318348,5.389956246926893,6.511727209017281,5.7565667910985425,9.226348692538535,0
8.335925771395653,6.925962462860836,2.5470179287246433,2.8124437020824464,3.8982316709750258,7.925966721245144,0
6.218360889843001,5.503528579180224,5.21879092188664,7.360348379682331,7.608805779868309,6.976167653885418,0
7.322744494007777,4.80683699224923,6.428267647580827,6.178714410913726,6.526690567497172,7.39778531732578,3
9.792353417571158,6.677414003138237,7.585327803562274,8.082493236375464,10.0,9.822602294740232,3
7.5938051619246565,7.725673880342973,7.6017028896523655,5.947884940951223,6.506722315068212,9.17554392707369,0
7.110262253530485,8.706411001995647,7.203091350798952,7.141193511858599,5.487303182015534,5.958261367828519,3
5.840881708135871,5.968500529900085,4.558436439689989,6.615405678218935,5.0857130500114245,7.123579882536489,3
8.784539362428804,5.637370166111198,9.546752692267884,9.215688863440628,5.412502078098572,5.87878278010517,1
8.255274723802245,8.528122326818186,4.127770353582693,4.289969641992356,5.550604841028431,8.151558041579886,0
7.09421260532703,3.176152511877646,4.688777760055384,3.2186723019524894,7.166835474949604,7.807641780070199,3
8.828416840258056,7.031003834127309,7.524345945653741,5.836800359724863,9.252255262746562,6.959255411707563,3
8.810884896073263,8.265892375724437,7.904911180119563,6.812228571243024,7.676964162190616,8.178057710079338,3
6.365875623070538,6.160561302150418,4.48914482931383,5.232217894847187,6.597073680222676,7.812754637724444,0
8.36944387012425,4.230516541914897,5.245793107498107,4.711832903711636,8.833688768291335,9.448984732633097,3
8.367731318071614,7.32389490660276,4.8642408294015045,3.034305601146337,3.858275050150088,6.753786737614946,0
8.340691018253633,8.147074731368726,7.085255784828312,7.688528284402221,7.802694248250574,4.991999366365411,2
9.41075999377834,9.150541320006203,3.1228431514346924,3.578832624200643,4.051976381614719,7.9619916101089006,0
10.0,5.158019169046817,6.3998258349772525,7.615686495315477,10.0,8.547024080975632,3
6.937492197495254,7.010157900512108,6.679862038603025,5.978177141239314,7.7187084082091575,7.051186906462368,2
8.670617575429024,7.549951840795527,3.0769043414571184,3.733891200118159,6.76981232043134,4.074436413689489,2
8.27517991881585,4.203135459628788,6.046101726588426,4.696577952053091,7.442287302294948,9.371612178977571,3
5.783401141303397,6.160422446749751,5.85567478575373,5.3380103973827895,5.699918622554846,6.402435592203218,1
5.095028145006926,3.5893245955131703,4.004283915627985,3.775821223643698,6.282402619028897,6.1538129644726185,3
9.55959391672324,8.001410745987915,6.782382460591599,5.657262351070454,5.680497923760389,10.0,0
8.047282910294063,7.782017245460677,3.2965904386139475,4.116240260168137,9.374598806453289,4.307775665999441,2
9.076867741646454,8.754704053973496,2.9388152382195907,2.646845678165718,9.298553595033997,2.442858302914336,2
8.342189535611116,7.471846297525427,6.020211223068644,5.71694080074686,7.675894671190043,7.48009269376869,0
4.916768008317082,5.699605393215682,4.22590201869434,3.3043501348207185,6.445006787946179,3.153981246360121,2
6.05227319202992,3.4757548160085303,3.7353139958205652,1.881903043178867,8.742009313524916,5.476409945522466,3
5.937642760357358,6.546430371655732,6.743700532692652,6.009684193917874,5.989831593419852,5.479261038817973,0
5.127384696537826,7.0904307472630945,5.0298644264301,5.52651304933652,6.135901846480157,6.8962842640324755,0
7.879251287634353,3.4986857273464036,5.023365993948928,2.9649512223445216,9.347215867347348,8.233184830678553,3
6.974626623247332,6.081101083827699,4.251797909923895,4.8880729419719176,4.385451776859881,7.406101384951305,0
8.598270384237278,9.866121989788637,5.150410719227842,5.032660156663536,8.820757333649464,6.0773905498178085,2
9.13553038875292,4.807800270480473,9.637411047317354,10.0,4.597675679096464,5.3418397211294355,1
10.0,2.922413784126649,3.2517659211925025,2.372833943153262,9.6606970761289,7.972349038484408,3
9.067124333430892,7.464620596418811,3.986775405535578,3.1305602284124854,9.345840423054568,3.2359683588771517,2
6.925044337037635,2.796949222975448,3.9740852100678072,4.173182062745403,7.835887607223367,6.144734777866891,3
7.503672701940537,6.334631168081682,6.483123931739497,5.877536424970653,7.005639620330653,7.138996214936649,3
6.674838496499003,7.103991046707241,7.334797368377388,6.502449239136693,6.6646420864747125,6.490801915448541,1
4.371639993356988,5.594059708530636,5.857846061325659,5.255047262608971,6.590790832616886,5.586668844045014,0
6.770780370757498,3.9822889616830057,7.367070653304214,8.180224862430947,2.653862390293548,2.6754781240300796,1
10.0,8.449053846246123,4.1668226596979885,4.0103970369749105,5.188347864920391,8.351018526806621,0
7.055715319956965,5.911631199573431,5.592032270133372,6.275092970474419,7.956537303883252,7.5807453755425325,3
5.584204879226254,4.364137508240065,3.5619287219099736,3.9605667143823102,5.998852094992798,2.996653330030022,3
6.9747896010899435,5.852303048707896,4.159691209242982,4.38157521260258,3.6672929076616136,6.7928779337010115,0
7.177757291087082,3.6316451436818786,3.9111029127760557,2.6305767951025927,6.30066005114031,6.246393552267715,3
7.575565625543611,5.121289128707516,5.279521458693203,5.17769577505617,6.71816950776256,6.029528325680213,3
9.80852500091293,4.049442740417023,4.721441980848609,4.063239460765323,10.0,10.0,3
6.099303833971681,3.5761077782959947,3.8694054981296873,3.0574447715363435,6.2882420170110285,6.142965696416986,3
6.31338165462408,5.022525771856704,6.72626756715303,5.59587403865859,5.346647410203943,4.824509307287864,0
8.921161826548582,8.678733056458293,4.861587432753252,4.115249143679273,5.189978351352828,8.358690603284053,0
6.747877206181104,5.954475728117989,6.788282152920136,5.032603603196476,4.767031404973695,6.786294672311621,0
9.424521301997107,5.259051157390591,9.308849817302946,8.153779575990626,2.696332328979824,3.0950365047526063,1
6.066552459814198,3.50063982711371,3.205434431732379,3.295228542653511,5.798860925522799,5.809434485382728,3
9.107105718964961,6.535641253350389,6.651360007765237,7.439657491130323,9.251045237827956,9.877228604976485,3
5.998096386910107,7.0275452328608115,4.851608392433825,5.466897793354007,5.81873254725643,5.049504563774938,2
7.76490943608442,7.347388952453021,6.003161821674953,7.545417660977548,7.54319411752795,7.5531973759503614,2
8.720108421801047,5.815177006153437,6.944866389218556,7.340072060012124,6.126802566835123,7.360843257935632,1
6.341863368630465,5.419065811875959,2.6236455788392936,3.610863703753322,4.46896338899503,4.22571672621017,0
6.867640560644019,4.5531844922335445,5.551577054777545,6.872544289772383,3.680356336258578,4.738236423407575,1
6.368787955346319,6.687703802011702,7.716252836549612,7.184383577826603,5.959548157369403,6.730884481580426,0
6.987938625831237,6.648377814628395,4.497994113425504,5.1040196437126975,3.651424155196466,5.996461080572075,0
7.313932400658118,6.66781914060573,5.380748335531367,5.89835601132573,7.07250125487518,6.470707118513995,2
7.9988813918253925,8.91809239750941,6.080462151272106,6.506623563233532,5.563391615606148,9.754718359571763,0
7.648492889638658,6.1246018686464865,7.93932851020868,6.647063954948761,6.069083916241725,5.565660826741292,2
10.0,8.704564248279524,4.003711599205002,3.8745472876011484,4.199490693712082,9.657842366540823,0
10.0,8.577535210019036,2.575659755015316,3.7275918232501377,3.528663725944439,9.933749884300578,0
6.52675084380207,6.548110221611243,6.388130908276651,4.553690119190989,6.963093069044167,7.146421005333327,3
9.138161500557251,3.918130716926081,9.391820737284267,9.588579642612252,4.212078941248867,3.6062265689509907,1
9.847873934742603,4.793776773170052,4.566779893800404,4.919832540303401,10.0,7.57359832080253,3
5.780297878336137,5.828106689565657,5.393365958958612,5.723782129181921,6.139267495627129,5.802975064100762,2
9.017852906927187,7.485841953249907,4.370350468822168,7.746999481002452,9.542202070184839,4.13590974249162,2
6.830608881269568,7.497183110739438,5.512639518377286,5.028294186850678,6.013333498375054,4.644765753965615,2
7.932527913791317,5.7761975695776435,7.027109638759549,6.104371820133602,7.334822783351332,7.23393775658833,3
9.712071030672105,5.4570178502887625,10.0,9.755621578811905,5.363241124707155,6.1665597465857775,1
7.9482378756215875,7.026885306556339,3.0235221047471788,3.3546568580436777,8.304281030612385,4.131564521211654,2
8.279861988747486,3.1223829030777552,8.64912023435734,8.567263535637474,2.7306312734942106,3.929877342832781,1
7.211218744728426,5.353596670374622,6.351350767233198,7.609590238701421,7.430808852395908,8.010887512797819,3
8.236312815941563,8.200585010033192,4.806171760513552,5.6093256471656,7.9743057408427935,4.087530112835223,2
6.395257518832628,6.966258019648578,4.925413416579672,6.208343110696723,7.09821084028011,4.702261106029076,2
8.875944058821776,9.959366618103738,5.928659229023132,3.9899637824148795,3.857094772276348,10.0,0
5.755112216187307,4.063346255473407,5.914338911932484,3.8600167599079374,6.993027531847595,6.115510647195627,3
9.000211431369985,7.741569790895449,9.796290049240925,9.068386003637068,6.4396439499142675,7.71089587198459,1
6.022413457109431,4.084248160488461,3.4117214228260644,3.392007586645093,7.115336439448507,5.86590731338189,3
6.268906047520456,3.5262081648020076,5.822125058598139,4.563273611131866,4.029461598976215,5.559207898113998,1
10.0,5.0185131250227215,5.031130734266741,5.787013002618922,9.189192512624789,10.0,3
9.906576169772272,3.901503943253328,3.8196595438892897,3.660400279584544,8.452031730504428,9.046498297246409,3
8.17258173337738,6.260507820960184,5.4322226150566,5.856107154012614,9.36725141142478,7.707181441312819,3
10.0,10.0,4.1502668605025566,5.185256053991063,4.160128045569146,9.697340666323445,0
6.228039783050192,6.702464899942889,3.5263190539903126,4.521424703922715,5.4358337306713205,4.387202718515914,2
6.8471154023221095,5.352936085335889,3.6642516027874024,5.990977126043475,5.642334477503192,7.295344638797779,2
7.656841372683479,5.504475022794519,6.751569285474987,6.988300016030888,5.611852585441264,5.87398732575045,1
8.427293868883215,8.033499410686137,3.687934416232035,2.789580997705953,4.572803490113698,10.0,0
9.245493641490288,4.754779447046544,8.673610850864915,10.0,5.605256019650886,4.097398177129545,1
7.254303240784668,7.662631936544341,4.457941925080374,4.375007629689626,6.313053389578458,4.749271776745704,2
5.08167559048567,6.9696205026484055,6.342904229914518,4.55522989027042,5.490659097274306,4.840318813080737,2
6.866470427522321,7.1870212698766975,6.000956913124491,7.960792934011633,8.829256231273106,9.173854642861908,3
8.18880171802026,6.6752401215819015,9.757794153404356,9.365969624719103,7.305254246855133,6.4662407016761305,1
9.224189750482775,9.951544741482376,5.717966004150013,6.8205375445258545,8.387308303687632,7.149331388900545,2
8.237736475635973,6.722919141479544,4.727572340045836,6.199067708642567,5.596565440710046,8.253504592543292,0
7.984399567717098,9.7520645476808,4.902153469918296,5.159994817169835,5.552221390125802,8.601894166013558,0
10.0,7.42971460688654,4.614936515641656,5.726509415711202,8.649039841100022,4.590854793486563,2
10.0,3.50381900635968,10.0,10.0,4.030725435220905,3.4083952179233408,1
7.909058284679723,3.7722428340384155,4.1793387097397146,5.06680104379927,8.40331475043144,8.280186138151619,3
9.581984086492895,4.786544192681696,4.980970285846324,4.718567112706003,8.631259725719,9.146113264474707,3
5.785914243965636,6.254248457218708,5.66329880551204,5.144405117907564,4.976239907634234,7.389241543959354,0
8.730202461229267,9.98212303356525,4.377984426668484,6.918592487701359,5.9885180833299465,9.211375663312158,0
8.527693770121015,5.465398037098231,4.4008751886120425,4.794313519745714,8.000441566833278,8.40004179658953,3
7.964986034427582,10.0,7.897010926293511,6.540671365228996,8.384558596296078,7.586920919670295,2
7.480953638411607,6.4528400757305775,1.9829822681448326,3.7211212790546955,7.4635143127400205,4.142798086611816,2
7.966653100524523,7.955883663889085,7.179038862582875,6.5916453427018045,7.3665092795627,7.833986579960779,0
7.839319828998138,8.970556232465762,4.251448141933148,5.322181613131827,3.7307760503851606,8.902285371405322,0
7.665180296802143,5.640470099106399,5.925732303100417,4.645132732564229,6.712099118720915,5.48235783667775,3
7.733751172118848,6.0208124000297545,3.6373877742014513,3.430602163313664,3.4955820995732063,6.592744718059883,0
8.255650786806202,7.555119897968907,4.780746262490681,6.229354786487125,7.113836455032205,3.6667347238587022,2
9.01609614069859,4.53814307061537,5.261599895252361,4.760990518984567,10.0,10.0,3
9.942420340094165,3.9496598498650717,2.9578794645209308,5.190757925411022,9.043125575456049,9.592308354520434,3
8.92761490878262,4.411836611504418,5.315757200023161,5.294632850833645,9.10416127270744,9.151385063983412,3
7.321054976244827,5.263095315429621,5.852697536508143,5.655491530213734,6.171727946646247,5.354313856242992,1
6.0985937574813205,5.8526719503205396,6.84524847367072,5.924184015338943,8.13137053043234,5.4474964051781125,1
6.5415598191760385,5.219887487222942,6.545790431852324,6.744153756515776,5.47369598779177,4.7344013709969275,1
7.725556357386219,7.332370381854166,2.837723237009356,4.847408186522863,4.642674564222333,6.59153119500699,0
5.819368020818148,3.842778967643674,4.154111927465352,4.345857915052038,5.752946330199246,5.34832880341023,3
7.669314022095839,7.067834918128118,6.967817089503532,6.409531342239355,8.307920356399633,5.658905584655741,2
5.691145252761836,5.473076779889579,4.903887163781811,6.7022369031682185,7.295699317033418,6.062986327347026,1
7.148865672405943,5.387517286128347,4.704760938601744,3.2315087415473505,5.438857619501634,7.502891885652604,3
9.15964687281261,1.8954800340384221,9.482665936823006,8.614782410058444,4.517731255665933,2.560430971103991,1
6.057360423614224,7.18440671326324,4.452928771069503,2.595273586370178,3.380550876896212,7.489920639600616,0
8.152538758193815,9.196470585338806,4.860923281747808,5.801069606249488,4.598480610327386,8.569269029160656,0
8.521080153318863,4.694689644732042,7.538017509353551,9.379246696448485,4.293136723668301,5.390183172223347,1
7.41408961787399,6.001196162341332,5.792418354105917,3.456144852691472,4.709706689237716,6.044778112051046,0
7.407673962127558,7.189565325933921,4.721688883070816,4.560473637337283,9.204666701632096,4.091749970129992,2
9.399845966891776,8.517090084750594,2.099881633351476,3.5534648236028756,9.620278882147574,2.28709300403675,2
8.384577108078789,7.699004150501688,5.419708647980421,4.8000938638002575,5.827867736853178,5.506006050447543,0
8.0573278597879,7.60077395449892,3.8267801353888915,3.9757195956797227,6.754504316193707,5.644762834409407,2
10.0,4.9351466134564355,10.0,9.892918843890536,3.7279860969119767,4.398804457906051,1
7.826422612143832,10.0,6.266898724195674,5.357671265861046,9.33200120628187,6.119372063701722,2
6.036858281132945,3.699925569700266,5.138702233034472,3.860987419051528,7.096069575100396,5.855759166518048,3
9.374249541410823,5.548501732011906,6.722888121945832,8.61932452728423,6.806755855217966,7.50989404053543,3
10.0,8.605148858197394,5.3534099931325345,4.9701526869061095,6.058865290875484,9.578707580433878,0
8.240580699058302,4.461613168837092,7.400897325000316,7.719140236510034,4.904350681789065,6.818992850587785,1
7.675151080132372,4.400714560717018,7.380092685868341,7.829813046321217,5.292468185336055,4.003229776302669,1
6.200783192088435,3.259128834851183,5.183402310694215,5.870668932874462,6.0917561779911775,4.614406571854418,1
8.569716291363914,4.717205108190168,7.626906233891378,9.162678213637095,6.148086895016839,4.681513044971376,1
8.987560327783285,5.116969002852134,9.195787187815057,7.5515490941116905,5.718676182385251,5.581529842867399,1
7.269314072347896,5.142129809216204,8.018342075730036,7.311094824937215,5.057857863209005,4.936353772771745,1
7.149561732939874,5.6096206336128125,6.15829155299655,7.246671879078473,3.880882578421311,5.304657618736744,1
10.0,4.962198919618425,9.303285178441218,10.0,3.9742596955682727,3.6771513065122265,1
7.832253665204085,9.109557029818497,6.287863066349532,5.472360053007408,9.143482851148898,6.039582594451255,2
6.652571416263336,6.342441390031011,4.119241169180595,5.250154327036951,5.364657646973735,3.9533129214093288,2
7.348079568780593,5.135648710026312,7.466547077824818,7.681667875371524,6.117390417941254,5.896541302858199,1
9.30768706584613,5.245156643015108,4.916487689761915,5.2899527936734945,10.0,9.80714754186374,3
7.0845594045069555,4.768721871572294,6.91012800054605,6.849558103636963,5.055902406648986,4.712692549110403,1
9.06309171423743,9.188325890463688,3.464179191763331,4.333250958620216,8.811722114312067,4.6320658305098155,2
10.0,7.74273739714199,5.2926843454423285,5.123474319069182,8.772938029491076,6.349817081895107,2
5.837045911892078,3.948324417770864,2.5015627809952035,5.63419218249102,6.100696803270417,7.357630573704989,3
5.689240079195573,4.324647629542863,4.745263953682517,4.713340931768029,5.8020787927750135,7.557430041646309,3
5.639735047861461,4.847771557908583,5.2454733573146175,4.206639485218824,6.288960559693805,3.98244642733623,2
8.696904026643654,5.702366530376798,6.894456101798732,8.941670818224805,5.153791080019872,3.7256180139174884,1
8.566287597809431,5.353696846692957,4.964218837760749,5.630312147706333,7.438424570016512,8.151055091916515,3
9.205400723095549,3.8604661188949114,3.296474431719103,2.4638466938759023,9.878942460052583,9.820074289292377,3
5.203250880330938,7.003330403164661,5.951849050860723,6.121518795661041,7.233352846534665,5.79380299778245,2
8.899661685859659,9.26779382475702,5.9407957808856855,6.7328259355833024,9.451192346139697,6.198557068408757,2
6.990955632183934,6.435522518491463,7.39918423771583,6.057796605342881,5.856405457136145,5.083282440516877,1
10.0,5.94204666774597,9.726714544290045,9.127220686450299,5.373109443539406,5.648809169147858,1
8.685860591959193,6.904380643517668,5.7312138548885,5.3038953444270405,6.347873001824727,6.860370174590887,3
8.778114461881701,3.999744185117979,7.5079648591922235,8.999542082419103,4.601451361523891,5.948276614720665,1
7.520654865783553,9.92575048263133,4.83075549323269,5.995535835983136,5.2825427631405395,8.718836422063388,0
8.536387404967275,3.1306252637125676,3.718165760137836,4.217522605495607,9.606796383220852,9.538310438613134,3
8.09672910994396,7.649929267572026,8.236133379120574,6.641919649470006,8.330115064404325,7.145805818358948,2
6.750936151004831,7.112404663917364,3.509931006270551,3.730010986144819,4.113923266632963,8.0406687859386,0
6.169752744893742,7.9837391727451,7.492266600457636,5.8437450513637685,4.203335333033221,6.850115735547471,0
7.596538281923634,6.2361179324880665,5.056305561976971,5.099672971392502,6.6374092015953545,7.094856106473862,3
6.798147253089577,5.120418284097515,7.346713207021151,7.211990281225209,4.845066685795431,5.219843554534573,1
7.834195740330474,4.339033905049694,3.4443285062775013,5.331545773199591,7.703807386306366,4.934937969212723,3
8.941679360811438,9.312199686616538,6.268821429630453,5.996088367169789,6.741315373483559,10.0,0
6.890076597354285,4.007675140494892,3.9858460478446958,3.930124774099539,6.781917902748718,7.514825123536211,3
9.2068147906347,9.386691951809755,6.3983148666977065,6.55737459641378,7.73063892109775,5.88603346087262,2
7.567790200017336,3.566630082717502,3.069879907678101,5.194094981666684,5.756792491468147,7.81192619679612,3
7.797673859784949,8.92968942758554,2.875062294843958,3.151637162250993,1.8973425524787129,8.313500524889355,0
8.463283886031633,8.02250489353773,3.2406512927562456,4.770703438685191,5.1300617820738275,8.28182714210805,0
9.881269821055653,8.962271434133669,4.502343491033628,6.913438310969834,8.51818542872034,4.091378322934605,2
9.010817822133903,3.1002664180367194,9.55205470766471,8.800600642982047,3.138267965573834,4.992586756187631,1
5.688655420191351,7.091578055180549,6.585185176164328,5.183919687839132,6.223435269826404,6.56884257328235,0
6.244529294396158,8.26855938409696,7.408013035402103,6.210015099531502,7.605778377822546,6.284255642380845,3
6.159101258046271,2.8526364550104844,6.650950822461671,5.828692957609334,3.841825177711066,3.594217701211378,1
9.315347720996803,10.0,6.921768674540238,6.846119430614939,8.516184523523961,6.067867183815667,2
9.275204280305335,6.765419717369634,9.3533128546176,8.196407982168651,7.449570778526573,6.547838212953719,1
5.351529457253758,6.695877141487965,3.574682991557033,2.475978847138211,7.37880004180086,5.8247626669263415,2
6.835477121315329,6.589138808494996,4.421415101231498,4.922005029799703,6.340927371640022,3.908556748143027,2
9.934485445752935,10.0,5.860623029906665,5.979693351557766,10.0,6.5244729814982785,2
6.890107779646155,5.35589970969662,5.74373539823403,4.353563325995883,6.886161853938868,3.8110285401553226,2
7.5399412441135425,7.196943104013052,3.5487019165481373,2.5779528006327572,3.1459036278854624,6.24382748656699,0
8.788492606693518,3.889214825392415,9.338414230205618,7.705663697783095,4.989437531671215,4.301615933408277,1
7.179406159497551,6.329067243840052,6.22987886055962,7.427882171999884,5.882343653943004,6.2696425604960195,1
8.313593319923461,3.021384468874777,3.7823658017991617,4.308947808992549,7.1684606028151725,7.622733511905499,3
6.4769345552277615,6.074087561026116,3.5281728844722,3.1428568471541856,5.455631926633853,4.665458945585599,0
10.0,9.67810318511054,6.18415302796702,3.778325850328423,9.86939434880714,4.968562772260201,2
9.344170409144764,2.731815224639189,4.9271485337420975,3.2716580193430373,10.0,8.811427479106356,3
6.505525579980976,4.481235081433486,7.6558554609092475,8.023923696458322,5.706785659125906,4.882148692911972,1
8.715075577945793,3.867046993861909,6.96072150985843,7.285197774895358,3.843791931964096,3.570585434476163,1
7.357264469789982,7.302568806932688,5.261399943201198,4.1016057214565285,4.63265222481933,7.546118222057629,0
8.210474588740798,8.28210711268094,4.586515007963035,5.677395747284294,4.6022323174241615,9.727652972142181,0
10.0,3.726350503156808,3.5251572676669207,3.556783797418651,9.512108704224005,9.863151977213262,3
10.0,6.419323913567606,8.533534735679178,8.289786845498421,4.950864281709249,6.54873250550304,1
9.632157636955641,5.761478077483798,10.0,10.0,6.702120375661122,6.919429890386964,1
8.102400833459766,10.0,6.172789956374254,6.744096214928742,4.954610895350019,9.370695267924289,0
8.371756582944407,7.343438494412777,9.809275426745542,8.433310191847124,5.322765221566581,6.2376459832207685,1
6.708067619065703,6.6319854464823855,4.224188261724357,3.4431239473198585,4.568941794206291,4.799122673570084,0
9.232450627794908,3.2343374563947727,4.64086726639468,3.6916783193061264,10.0,9.272964734217405,3
7.110155586403062,7.0593894854808745,2.287433192524011,2.3388869409134094,7.723543546580718,3.9978235275896346,2
7.237349974708556,5.7002783492584745,9.149832134484924,9.508806493681655,6.762976772642879,7.162325317896908,1
7.968094602685331,7.423137853311411,4.674154110004725,6.0534485285585315,6.004602656220616,6.386474651132687,0
7.296254622845028,3.621351896223562,8.374854612533941,9.808005646701156,4.943305162179412,3.999103592435237,1
8.691024737536978,9.149205324227816,7.13761934519475,7.851578236010265,8.89093069379674,7.7840915999582645,2
9.337973988078378,4.5927770657566915,9.511571188940671,10.0,4.4795960887913004,4.836055033436492,1
6.912680904025859,3.3408631500901227,5.726924301408182,4.686164017446774,7.352572017207969,6.972988267447187,3
6.751704782144389,7.991492193164854,7.101833240400749,5.737750405047998,6.668542409376651,7.950812288906059,1
8.173857596549427,4.142407175841361,9.821001690690963,7.878514258358427,3.1327786247076115,2.899442383142438,1
9.24076387667891,5.616202238526914,9.245864166200917,8.86591545586259,5.464019414858175,5.16870388888458,1
9.678692958380461,9.777781417844142,5.896701662308674,6.842197268998866,9.514866323918293,5.436950672221081,2
10.0,5.17510154717981,4.9111708121739746,5.217420146379766,9.28821660121378,9.93677992773548,3
8.974975502721485,9.125487765379244,4.704124596175627,4.1683401544194885,4.8285784072263045,9.104022359854552,0
8.457039759579876,3.133024028532892,8.165589756611617,6.757642002662329,3.370407862911434,3.4128366729889237,1
8.356878523051552,6.5630846589713805,7.217138816705252,7.326276051941353,6.985214773808361,6.287053367812586,3
6.232818750518239,8.60393684574264,5.383213813737383,7.352171743694084,5.159310227663243,8.083184230926896,0
7.149153518380786,5.583668440533047,5.163677686160715,4.82414156702907,4.860137154898376,6.408721374212519,0
9.001323743639313,5.634423620070599,8.900585432256102,9.200962845080197,5.292383895605529,5.819711226207975,1
7.642594637095214,5.219115739855133,7.559547273074826,7.7791483808514545,5.912313936288268,4.616798421529257,1
7.512165984487647,7.71386361849995,5.841592768749407,6.626220892349081,5.9297171830517,8.375065290148283,0
8.970397560276995,8.170662226677988,4.743240911774537,5.014959882328066,6.812115557861549,7.797445009017318,0
8.21720788617674,5.823149355845377,10.0,9.628094938922478,3.883394232211411,3.9588481646384226,1
9.344625514238972,8.85590475555482,4.586167570493604,5.614635954722866,10.0,5.21169258066211,2
7.316452065989852,4.898983374413898,6.233173082376066,8.207121158056546,3.8505359032238244,2.8686768184778466,1
9.071776781273023,9.75870681092604,6.582674557012078,6.079262887530982,10.0,4.759867736258402,2
6.592729487628764,3.914900548900546,5.681929917529204,6.883464195666875,4.626995665217375,3.7946521712409815,1
9.37519053506791,7.151349901176155,5.538689912792384,3.750776877856666,3.9666735402047175,9.27888230841146,0
9.25661304687248,4.0784171587552205,4.473011615947615,4.877128110860572,8.680675000090526,9.479810707075845,3
6.117010853335117,5.195483296042621,3.301400146033565,3.722594968251617,7.0647306271112535,7.777927436754841,3
5.650337052470359,6.626313589499801,3.6264048132219213,4.077876880894457,3.760956630918817,7.435503865564549,0
8.973289549465788,8.223870937209313,7.387134268747458,5.672682153067402,5.757590654967267,9.5756396058968,0
6.297253127870354,7.161579057404008,2.0108590845461265,2.8857979913736815,7.60922013068708,3.5774612424847843,2
7.181880153455272,5.65555755347154,5.727011721199843,5.066729115987914,7.7191532949016715,7.4737379148112595,3
9.292171463591695,4.0006925475874615,9.704236185555327,9.121893942339687,3.265105198925273,1.0358307092445784,1
6.576365506462871,4.58015668928351,4.208898954384027,2.856501046006832,6.8104936009098465,5.489850475745865,3
7.424046451843117,4.683561214840341,5.56841566107663,5.737062333489476,7.190439836961005,7.955973862107199,3
7.542848723100142,9.41552072337422,5.963522179939563,5.706325459045889,8.412224184780209,5.963943081724716,2
7.732034555631982,5.9579455955237,6.18573990784882,5.402250854087097,5.197683426915583,7.672841321251812,0
9.83929460127248,3.9290022811892715,6.78262416532872,4.939437174208391,8.808016084786747,9.203268660862172,3
6.924870129567862,9.404222172783243,6.588597320382954,6.608835105195957,7.582538304251789,5.2873823076024715,2
9.107579928310157,7.449155810761626,6.177304823536627,4.312494746890992,6.337051711018654,7.742631416024734,0
6.512859102643051,6.545340584230368,2.6401316324515554,3.72279201182703,8.068780364699911,2.5871792614768063,2
8.388556850206813,10.0,5.503732730222519,5.050888939116537,9.603758840340772,5.531159497033952,2
6.946270096430797,2.5911923610647407,5.51441354202195,6.515237482664571,2.269676904261835,3.2523855714651337,1
9.155156297599753,10.0,6.448223136906529,6.682045968650484,9.190579652032733,5.535157161277459,2
8.477233393956192,7.475039278980331,6.332654779640291,6.541579030407637,6.423438935453834,9.19862568564709,0
8.600345952726745,5.778114254957693,8.879914921024435,8.827914823257212,6.84622738969744,7.876433159391856,1
8.290931573486656,2.6005326232063393,4.5990664874636975,2.082933271639089,9.316593235288156,10.0,3
8.082748361940105,3.6519105264978817,4.352791066736734,3.0991883700573446,8.314502742580064,7.998892561696742,3
6.0478211170771425,6.183242881797713,6.544636841407053,2.0234658128656995,6.7667119908456685,5.407573412364405,2
8.334970881596258,10.0,3.0909606879958487,5.271877274550125,9.180064422699349,3.8075184289811617,2
6.894468791493599,6.770492056972815,6.78907525638787,6.1257319960014085,6.448473849513469,7.858320939963004,1
10.0,2.469111218046453,3.230939451296678,4.268182009152494,10.0,10.0,3
10.0,3.7361730354366736,3.681479483654659,3.84385291731176,10.0,10.0,3
8.632778534936698,7.951774749376992,6.629892129578168,5.590378749086217,6.439163083341076,9.672083108212501,0
9.27637184238942,8.665548016688255,4.884713187911061,7.465055609168903,8.01799865378265,5.663796019998532,2
9.171606739471278,8.083360555224722,3.7971552162114572,2.3389993244838516,2.3538409963348994,10.0,0
8.952849294550631,7.212201907940683,7.075166607070212,5.944346539680632,5.680073568167109,7.773384819816648,2
10.0,10.0,4.931717506803528,3.6419855359412248,3.5370276492448776,10.0,0
9.99022732084482,8.70186740105797,4.671825234804687,5.289683669182952,4.9790285820898355,10.0,0
8.260612152807651,5.536670966265171,8.016607902860335,6.619388877502283,6.565447801347384,6.784326320632416,1
10.0,8.145545224548721,5.0675706344556275,6.261470697933401,8.613131136046583,4.76514953254064,2
9.598849420312606,10.0,5.420151260777512,5.221399630906486,8.993944933207802,7.503099144583287,2
9.343389347663976,10.0,6.939072312007845,4.583137652592102,5.471502410453815,10.0,0
6.528644318062219,6.588832899715467,7.433783165410692,5.656677461012047,6.935362270612773,6.197865697299503,2
6.361457179898868,3.816459258433152,3.841460344266636,4.431477479686907,6.52078169076129,7.349123173563739,3
7.913372620606661,9.497158820069206,4.74130241222579,4.468513462138187,4.057717125352453,8.278227723074005,0
6.477122606846419,7.947372145943918,4.630379601160216,5.950387016943798,4.769923018650898,6.949914023918752,0
7.849373228245522,8.520901038042526,3.718160004575929,2.705810249016625,9.214189966657157,3.141711546391653,2
4.6650195270156924,7.455269343822598,5.882236690468966,5.033371489103764,7.565975852683817,7.0049332541355165,1
6.447311460363787,7.473613552303257,4.920348681792598,4.21799891277442,4.047392580794349,6.30002585331768,0
7.543737547814712,6.631343849886666,6.46550568106186,5.862891695751198,7.943819879692715,6.613433298205052,2
5.562664837214267,6.684420602778956,5.760668484336849,5.553751318967707,6.380365389499619,5.456913034249426,1
9.247112372355678,9.323056215497154,7.314068370033698,8.183037720449335,8.75957442058565,6.456813315311451,2
10.0,10.0,3.1096336842074974,3.2753364089931734,9.607866567632142,3.040471300283179,2
7.716552793473045,7.3772857559873,2.9870277668309098,3.159594175158692,4.344024933308999,8.568918231280215,0
8.707845851885669,3.1256409515183106,10.0,9.71710519507336,3.3557354248517894,2.7120536520110385,1
7.702045177494288,7.679329418865636,6.359737753113777,6.401508271250355,6.918260614273626,5.679990691894765,2
6.3128321985145375,6.2860809583376565,6.801160005426036,4.927840289438926,7.393028790981488,7.957703752975101,3
7.9496504421935414,6.117558537019525,7.95214303504511,9.692607322068351,5.651496632570171,4.998225563153433,1
7.6627486833582505,7.494036290979108,3.946040701853661,4.992034869640456,3.2731784675303865,7.952442792422101,0
6.249301566423311,4.817801902273261,6.269968267668527,7.630390614601701,5.667242652503201,5.170599373236417,2
8.039301496546349,8.028720648015874,6.592583457628442,7.265325792614355,10.0,9.874860780701294,3
8.317006244979591,3.0381583277670856,2.2854827559738435,3.9713145603673095,6.898281458647065,6.937764440658925,3
9.268214654775749,10.0,5.847439736410439,5.336217731416974,7.145453755941423,9.669591391954622,0
7.145510860737672,7.237425420459159,5.98690928377659,6.292711445483873,7.242635454101746,5.434995296022489,2
8.049068081970349,9.701224834443593,7.455364273327583,5.663292571853151,7.375634760292281,6.194442161082639,2
10.0,8.560780115043354,2.577610335114026,4.071437448861666,8.652942498796381,2.576568988629199,2
5.679227001016558,3.7937579855191137,5.7543056559208114,7.403578098363839,3.6718263345021622,3.7000500465342605,1
7.919476722746111,5.942157618731095,8.879392047108372,5.771469692733495,5.229402723726605,3.9234954033700715,1
6.693534602543254,7.332908668519034,6.28402932843481,6.161819815942524,6.8577534315630375,6.453131882714485,2
9.348291735810017,9.103303309645645,7.434651435722303,6.072373317058833,4.516526529002534,9.622690216195595,0
9.482066535686302,8.621900258827855,4.928390774634609,6.037038336917503,5.7970485948070545,10.0,0
7.441089196172065,6.81429354490242,4.357362282290098,3.6891137331368844,7.1594967089135375,3.7882043152284606,2
7.125923054953177,6.965239637631988,4.630122809224277,3.2038238922368816,7.741787186766608,5.606142810001096,2
7.919759406301173,4.834627631010184,7.270825640577328,6.587597702818703,4.3612450636859545,3.3627461789198723,1
7.745946414797457,7.421492274389722,6.099790195600432,8.573115525332367,7.3802244872690395,8.940430480091822,0
7.035187530849643,3.7804592499174263,3.42734702766071,3.3877302247914804,6.275532054606994,6.7878787425920315,3
6.019205897323188,4.871975519837607,5.901313249411252,6.616661807575188,4.415026848928505,6.106008653082892,1
9.009946633901068,9.703270850958752,5.602809476309142,6.588578210414472,10.0,8.010230029622235,2
7.886438204859449,6.2633283616939,6.4577636537763405,5.602016919821776,7.950516540342174,7.961076578384067,3
9.25079334812637,7.258771236044745,4.216992821784835,3.0497304032811594,8.75940754821279,4.087061190981314,2
9.89604302753101,8.44124124957447,5.930776248182816,5.155233371362196,4.076022606489191,8.937689274872069,0
7.8355089038997265,8.097269449417894,4.838282112219161,4.676435710519589,8.65386226234901,5.26035361525588,2
7.088854273656455,3.28085957655454,7.482772359574645,6.089814782853318,4.871300106264966,3.809405358500557,1
8.631340824690488,5.059511391941771,3.326379094505541,3.3881283511935827,10.0,9.592551608289916,3
9.37688591984492,3.3420927685453483,7.25227281661777,8.824377677804259,2.996995086456116,4.282003320947573,1
8.619643582617838,3.389217075528575,3.6077594420305035,3.3352241693034577,7.241453884590312,8.142300830202894,3
8.269866571065402,6.799088781184554,6.815426191047487,5.5709062745642886,8.396519942133926,8.996252998171492,3
6.951447642058623,6.305256610862865,4.295390867012975,3.735869061897507,7.567470574873701,3.9197014469706595,2
6.649919372769857,5.5291283608801285,6.101585591934797,6.806992189543062,7.534847149753469,7.104777923255738,3
9.489857135792551,9.404822234668062,4.996508029737656,4.335066990041666,10.0,3.078623339543336,2
9.660695066264042,8.162497187018694,3.7285737055384347,6.62358312604253,8.383819033538906,6.564678126402646,2
7.53090010537174,8.7943402786566,5.523129809540594,2.443493782636116,5.174282192882552,8.034643861481124,0
6.2941098901866175,3.6630578070135535,3.803052726200448,2.383674434249514,6.129890336056875,7.238578521773297,3
6.2330868542742275,2.122415332589368,3.76749143056405,2.5340773963172003,7.119154967532002,5.020865271302194,3
8.710720443135033,5.912614887047784,4.550046692728549,5.025353400044225,8.259381641055018,8.785808807957434,3
8.928852765207857,8.940371787477508,3.3147619120698075,2.7669120611382576,8.686819490906155,4.28490090367587,2
8.721935953747863,6.78962930368211,9.491983203775588,8.099963131284534,6.468002063743522,6.882218703969208,1
7.506549584102732,8.429776100029539,3.8397313625044904,3.7172236506304595,5.9429483615692655,8.543983575440643,0
10.0,8.90472812187271,6.272229705979679,6.569290346786295,6.609154088901323,9.20659494851385,0
9.244816176244738,3.5432595001896536,8.8767282796311,9.450086180396413,4.990039139334774,6.597687782129668,1
10.0,7.608902582384433,5.549198929133541,5.37788976318223,9.773785697288789,4.792404376095395,2
6.845843066362225,7.795849394071134,6.855930021413351,6.271975072606491,8.113760455528373,7.329033294963301,1
8.78603319492008,7.944961104496346,5.3622762876467975,5.9504610009364045,7.55207345158961,4.365009701037066,2
5.7810250739881015,5.8306841334101875,3.364268339010329,1.3771191350189356,7.831318164344579,2.7045514388956646,2
8.937941361228317,5.047359495085093,6.427252006865789,6.394965883573093,5.969079571083527,7.621276671339929,3
6.789318340922859,7.936988684881518,6.368457050601026,5.230907045476413,8.36414551782334,5.933939594558479,2
6.430881312458782,6.798776862349946,6.152790310807665,6.328914513329752,6.050859707209717,6.6713954521375065,0
8.700601556961262,5.1963149912219775,3.796065688074325,3.1530861664306933,7.769104723617944,7.7441079915821085,3
9.93594386359552,9.699824500156716,2.679697586997281,4.384835784992743,2.493506753338627,8.796295811015316,0
7.975359602035911,7.93409748309126,3.4484258557948273,3.618389480857296,2.7995538483833737,7.087131573614433,0
9.23212753173561,10.0,3.643304573738793,3.3368001973814523,9.212045737914234,3.0793918214623917,2
9.94285601093806,8.957036095558605,6.574294488517438,5.056100040377086,8.05933835456886,3.862108214238834,2
6.473691823746513,3.985456929989424,4.036797733328622,4.209387023416661,6.957449656500914,7.558687758878751,3
10.0,5.954676893751739,10.0,8.94022682268606,5.911001061468593,7.699476966294935,1
6.287265069517711,7.240949284146166,6.664968850733746,6.6072728447741,6.378602250964256,6.627706399653915,3
8.445152595812768,3.001785960675496,7.735985718780774,7.2825106875642796,0.42436472277770854,2.738114330329645,1
6.841039600918847,2.285964864708311,4.105180408566314,5.014323833920975,6.916884808738152,7.501964721380985,3
7.000148054257565,2.714591726443235,3.9145756305021115,5.295398809632243,7.737451517163124,7.126977634598502,3
8.084335495466194,10.0,6.128210307675026,7.111396441436642,6.1298602015638,8.0569073912773,0
7.971216206409697,8.290746266041394,4.13415453788684,5.344308855920263,7.938379571344407,6.042280881559941,2
10.0,6.340290367536192,8.298292979020667,8.57692906954962,6.6590479947089625,6.075615387693477,1
10.0,8.038694190069108,7.622330062117425,7.189925109421413,9.422245022810332,8.386801192047155,3
9.002961514704612,5.269293265509887,7.273407557622926,6.515303902278316,7.61550488539988,8.512021759161389,3
7.729629461176923,6.967349065410023,4.825999058077878,5.050903562017796,2.829727898665635,7.308505689216667,0
8.90662155085658,4.732773788373193,7.5965745929122885,6.839249380046546,6.509925922812478,6.289224362764514,1
10.0,4.589783261540021,4.276064723158456,2.4503511056750096,9.166820405210476,9.751605781679057,3
6.075296810424229,4.13566647642697,4.195244328588398,5.25105453605398,6.44823719267467,5.74201173942545,3
6.661752756857746,8.419292810884784,4.00206905702631,4.351314017746326,7.450534035142818,3.932748923120858,2
8.498835207580262,2.6741728007055485,7.860262248277623,8.56571029636016,2.9207255121433997,3.3770267129823592,1
6.496028230237987,8.203006948776432,3.487516633865735,2.6371104747475433,2.619761674395868,6.350400013900795,0
7.826907885351426,7.886911216415004,5.335350969170859,5.271386127477285,5.396207922938899,7.5570152792384055,0
7.435033186707265,4.834725362826753,3.6053246630105003,4.785833418870851,6.915677401504538,8.145528395999317,3
6.512696684222098,4.483049151681235,8.541035624614583,9.407291625260374,4.322859284860282,4.406908603168711,1
5.31418972637795,6.069792617336716,5.140861987295749,6.842378353671941,6.6917188599979305,6.738406766309733,2
9.494205015324242,9.11221731013844,4.09789480911876,3.1839422646746853,9.873949962136841,3.9558286229747646,2
7.812249021870723,8.602758637414093,3.761782528372966,3.6851416836303565,8.520193071565386,3.5147900191849777,2
9.076116029733154,4.903280411041058,5.4368609337123965,4.890023695593623,9.805251182416931,9.54909448962324,3
7.1482692884413295,7.071019240775704,4.281960566896917,5.787709929930398,7.865777435349805,6.657447462613114,3
9.731764486577623,7.443107491155611,3.959241738622211,2.779484469547736,4.677638256181548,9.706619194839707,0
7.586332743379586,6.765875202148444,9.318816340016756,8.428993874489429,5.603276281081473,6.989372700115263,1
5.372211221809077,4.641271400169829,3.4536877937090438,2.995794032800599,3.2835089983887764,6.012966637638759,0
7.669198492740002,8.988382648143606,4.570360258168387,5.197957266664638,3.8622003159009473,5.694536377409685,0
8.159507979678448,5.200158258672245,9.276474733404221,9.961088599520766,5.067098366490736,4.7153927774923945,1
8.822909497777303,6.894628283733624,3.566678151540434,6.851129828921969,6.0718024983030645,4.594816950491167,2
6.258434407376555,3.2407973986793186,4.732678591017793,7.315689579699331,3.7628961347561063,2.5207446257663917,1
9.409707181187903,6.01651654978859,9.463075564337743,9.439221006953472,5.977509424149642,5.660199801765183,1
8.270568217661323,7.39395261976145,5.776408513110685,5.100808240479127,7.352910544587051,7.107833702520457,3
6.950704277326785,3.7167869618872915,3.064511247961113,5.620370816832606,6.728178599087576,6.530024629334164,3
9.266288590775797,4.4565114670070525,3.4992977101631144,2.9752723449394303,8.87570809532657,9.427714383558307,3
8.775928837902834,8.92624204431975,6.3599215283544,7.454562310188787,5.761362310740169,9.356210194055596,0
9.614516057567807,8.459913840089612,3.997668491715436,5.179738965098245,8.255589341026893,3.015639794230408,2
8.048753741404894,5.263037460236253,6.98268901455706,6.969783759117265,8.677913634347298,7.853228811719157,3
6.17390434661062,6.65829479393628,4.970303345784638,5.146317288546588,6.613775339635706,5.917841254861935,2
9.405224382941908,5.448348391865465,4.980938210782946,4.379582176133934,10.0,10.0,3
6.824920742867151,5.446759161457736,6.475907894984502,6.421849815486744,5.6549829732111645,4.946121979786103,1
8.546807805468909,6.049228706057663,6.366169125337335,5.139044247872721,4.492964758485371,7.951478448701192,0
6.961168061413276,8.098003994102504,4.8870508944484286,5.249611591712944,5.991209226296428,8.523729604262707,0
8.675801421351812,5.861370690561596,7.144539291779699,7.363811462604392,5.651111691606469,4.742975905978471,1
8.586957372422418,7.507162665946713,5.970712137282556,5.700520036718682,8.190975401631363,4.794602001345578,2
8.924847385963444,8.538840653408549,6.9980961840052345,6.320906450981418,9.032583497372084,6.132650502900046,2
7.599045511131958,3.8150303036254076,4.286450912900568,2.555863817774875,6.453519323183774,9.243568290300843,3
6.138883206660125,5.383112314515178,4.963193897788934,6.251234229529097,6.024701583236457,5.645016672728595,3
7.8753745431643,4.894459345964651,5.67743753322564,4.035260138131981,4.694860351162476,7.386083710272786,0
8.978230064617524,6.242575593586761,6.490741286802565,7.8544384691952365,8.356405038005855,8.169072304683187,3
5.115216980446103,5.846155839373658,6.074035400037426,6.54151414119721,6.038853627635926,5.923158363170386,3
7.95465617565147,5.735169042706809,5.152746981997431,5.859068441901667,7.953716653710682,9.466885941830055,3
7.146362666217749,6.166082456087023,5.446043905623145,5.06967905056927,4.500386587196748,6.52148308502036,0
8.891772144351378,5.639230695261718,6.716644785378846,5.756744805544324,8.321174735658344,9.413851504606106,3
7.923368771756123,7.741155802677304,5.043142484547079,4.1813331238450395,8.499802999840536,3.452108728309647,2
6.353444462982526,3.572770853835232,7.55479176333671,8.234679027334586,4.64182337157999,4.857213002315223,1
8.994163284425978,8.463101661911905,4.837999257364093,4.050970805955991,3.170363936359773,7.9919446792528035,0
7.942131242458304,8.95547670184865,7.4897137844853905,5.434657305520635,6.369871336020323,10.0,0
6.080420740977816,7.264077500447289,3.7457200308700584,4.28382020429053,4.7574561812835015,5.993286204265409,0
9.511961357798375,8.481247399515473,5.937920710608318,5.317926668448839,7.919511614538138,9.193249395998079,0
8.99282175139771,4.4850137258729985,6.916780517937628,9.075199083749617,3.852180365287509,4.133716763938992,1
8.262705222906549,7.559491934924205,3.6203632602235736,3.4484164128547103,6.738535874443159,10.0,0
8.039838804544216,3.19266007030478,3.518019045978739,3.899035330260846,7.606258725949308,7.180337771240363,3
9.036727260170785,5.478902764919563,5.879662969920063,6.775125457808632,9.57137916365618,8.876518525061865,3
7.651662847685487,3.4071632678787718,7.321803630665708,7.226500911046104,4.463428824318786,3.8421899807720967,1
6.884266250311183,5.2715895274154025,6.74510518183207,6.740517403424752,7.213191357950484,4.43810355848415,1
6.247535133447742,3.502809428985638,5.8299440390191295,6.213574896010881,4.557703505353763,4.734289743809687,1
6.729427950538521,3.9121206181814947,6.559432906344536,5.502564859880133,5.5191534804423235,5.471348639340064,1
9.018836181199807,10.0,3.7796085407361915,3.0031140292115786,8.449968742383586,2.813291075045176,2
6.234566539186552,6.285108523211743,6.152684116538738,7.145740959262894,6.264373953414205,7.151720167270458,1
5.11495057635725,5.672277505670228,6.840099487651038,6.141242794240102,7.328668755484302,5.240669640794474,2
8.58710176559533,4.0367563733471306,4.322237901931912,2.1617400060908496,10.0,10.0,3
8.183338302853818,8.761614776747969,5.869532478198188,5.202310020594632,7.779263751406641,6.620733034022313,2
7.902661140353395,4.148256385081409,8.447587589183069,9.546072995123138,3.78015225673071,3.803705433101619,1
9.306256573644344,3.172010058508798,8.257981253098276,8.993891982987304,4.769245768583806,4.974607002030752,1
10.0,9.352890975942204,5.2341187604539865,4.918027374531924,3.43310005905047,9.15017036515523,0
8.112701990842373,4.1961648811240835,3.422889338433739,5.3725773750287384,7.527553558370717,5.972969131954372,3
6.9274348957879885,4.447809885133387,5.257246709086388,5.626137635405358,3.961136058473453,4.64289434173159,1
5.901717385853041,6.227552775566965,6.458430649534949,7.481891201230031,7.407877590053288,8.004244562317062,3
10.0,7.449214131997893,8.195184442138283,6.454196256341416,10.0,5.6933450948916775,2
7.600045439922861,5.5923041011634265,6.144352357784332,7.030054125437547,3.7665407778559667,4.056487740179412,1
8.887691469885908,8.312194249744852,2.6464142732673013,2.2844810083335947,8.46740886830942,4.430718611145543,2
8.331598204997102,7.3687452694528845,8.883260186560198,8.780142767345165,6.1558164544434355,6.836306789973215,1
8.967070920256408,8.30360489407826,4.150459446984886,4.228459979174274,7.757176265333814,6.124883259775097,2
6.764548575577122,7.482193106304319,3.719713929026916,1.917585385350337,6.817575041884477,2.824371544878455,2
8.4171188144308,4.845014064355532,5.265074839684801,4.818620614099615,8.099379114179156,8.832065153197963,3
6.064068517241635,6.736560844967324,4.490444925930515,4.4241446236451045,4.543373167200983,6.60781744628027,0
8.66012601009487,3.215290984148021,8.574621615795555,10.0,4.277417628871078,2.921694517384831,1
8.172218899122042,8.686577076188138,5.838079151385534,5.347249863347486,5.7983325951167535,9.044848224178219,0
8.314098273641816,0.743716129507666,3.074121055831685,3.106488071336698,8.222347642624642,7.781782229901655,3
6.813528046406649,5.7778079951777785,7.3712904849978,8.095844441192291,6.083909260705218,7.23882996926573,1
6.317997800780115,8.296030452154058,4.4645680219613615,4.032936997877291,5.774172743658003,7.45894713359116,0
7.348398944411161,7.329782861238136,7.596159639479384,6.116233954656196,7.361121476364507,6.950514887625649,2
10.0,9.79672260299708,6.175454858726241,5.46169331667722,9.292909780320938,6.211171929306311,2
6.50852289331366,6.160472926880094,5.3631641755870785,5.846244569536639,6.589125258735247,4.356215919889253,2
7.086500009088915,4.052681789801234,3.1229331455817992,4.449314348383129,7.900981485949485,9.062308371394545,3
9.355806313082685,9.117278565867338,3.2673056239634333,4.558628171997369,4.315692130949875,8.916193958228032,0
8.85083817947898,3.676517502870884,9.347913883981114,8.719295881491346,3.924236259768729,5.568969419072736,1
5.556361201195785,7.204191099562493,5.302803580783159,6.122298140334379,6.285689166222056,5.592387253437947,3
7.441100080281877,3.5359157774572916,7.4683062085468945,6.903130199196028,5.283256257649137,4.741428521753743,1
7.981008110695563,7.700894722067276,2.4781576643199044,4.173016144522301,3.5867106010510783,7.9480910186898495,0
7.728573285510469,5.414616228980924,10.0,10.0,5.766739922149296,5.989457797832989,1
8.418428243910766,6.249490718012759,7.841961115518569,7.111029715019339,5.8683067103921145,5.082801492133455,1
7.88775210758751,2.092254246922291,4.680659954397302,3.9365134666679653,7.957236890222084,6.980707427054658,3
7.770220671136732,4.761887607293746,7.021426586294585,8.744603073166994,6.524301503195748,6.327650470739862,1
7.112118451510298,8.676383217910175,3.481816084712208,3.4513225384405963,4.426702085493469,8.768359754424273,0
8.636646457115967,4.530171624497834,3.9113213509557445,3.8536309955238917,7.211758648461621,8.228387932720604,3
7.758367785645131,8.548215435527181,5.284503702719178,6.3846970827648555,9.556095608552651,5.192456274524896,2
8.312865728489642,7.980986435670406,4.487099548000504,3.455482485885968,6.714569699462894,4.5691989191269915,2
5.562038190025267,5.882894366258207,4.006382510337302,3.7898881332097227,3.4820444558593437,7.166505808904417,0
7.955045355236365,8.221277415566618,6.498319986956805,6.512495472210092,6.557208458347769,7.249123839038952,0
9.047558575604226,5.655783371223133,7.2000662790653,6.233806068967133,9.51531346204105,8.733710882836423,3
7.131816706272835,5.420407027254329,5.925618045740391,6.037541942252805,8.305552901302274,5.765463188210493,3
10.0,7.050199083539441,7.558787750945947,7.074688649537111,9.151388640722146,9.44807727039306,3
7.022164716935992,4.619318233026654,6.707832392565785,8.221171260793762,4.18064192356944,3.263131430910158,1
7.635607001073575,8.171972620828326,6.774050864546327,7.225111225470707,8.196091587843574,7.576819430586678,2
6.724464856284826,6.509525377803014,6.009252104197679,6.256456230625498,6.373087769636441,5.92144296216333,1
5.604132847891165,6.7318447492201585,6.1500504509675755,6.794444122401961,6.724916624521118,6.990438061717602,0
7.003319048306213,5.6929121295216385,5.61921754114042,5.187784781852384,7.603513421459755,7.747275349644289,3
7.336560561376866,6.442976149830059,8.182989470583099,8.433723381141617,6.114664049094498,6.866528651230406,1
7.459828147054494,6.547282487757736,5.420496693045549,5.2105726072075305,7.6182395694119895,4.5532716242564,2
7.7876535652927386,3.0901609262033785,8.027494040434588,7.2129432740931,3.093824716723044,4.2843639578725465,1
7.425920048511894,5.503973817567064,4.02316163207184,3.2836597038220843,7.2048057227641245,7.132138736135968,3
8.652220809343575,7.563251606259497,2.716111173102651,4.315478925564923,2.8795790562126746,8.113887683934237,0
8.275162102994274,6.983137016688551,5.311521052419038,7.790061417531537,6.808885849802285,7.510859544019565,0
9.790526778665752,9.230498651719861,3.138341772596056,3.6452855426856057,7.816686238991753,3.607958576499944,2
8.178118066781634,3.5785024621742165,3.934090285390808,3.1751631479814484,10.0,7.308221749622863,3
6.425121234083247,7.658327855243854,8.035060835686993,6.438507184822451,6.787043349852249,6.792221249333176,3
6.411014076162225,5.22891775040606,4.639235677703187,4.618630437047727,4.8575556148541015,6.037268002153958,0
8.05943479120491,5.626352674604819,10.0,6.845241863912605,4.490546957334625,3.45536905768384,1
9.27627932557349,7.1509391530421205,2.9296753845508263,2.651229434966493,7.981581987765977,2.6790127861321635,2
10.0,5.477316039046537,7.283793635004118,6.4435920861996,10.0,10.0,3
7.573046429954932,4.407514230216105,7.513647858290214,7.919492199185096,3.3881554560584792,4.698406143015438,1
6.74397989526446,7.798976066753929,7.980862230846342,6.37728821750945,8.256830729641834,7.099785623063431,0
8.798282198324554,5.960880673856329,5.1024328250663755,5.234936955862109,6.595263199386691,8.204292245804007,3
5.83874508737872,3.604385575434437,4.3192292418776415,3.805501727996052,5.019389721635019,6.887151202398015,3
6.379337467362549,6.835737590937699,6.723795527583553,7.683402861925897,6.332349954292943,5.66676515886185,3
10.0,10.0,3.4792814488522006,2.988577022585314,9.23317295020653,4.2250519517946055,2
9.119341680974344,4.286132094703687,9.83211190802675,9.456664700803938,5.544509668776992,4.6846834584867905,1
9.141930747004894,9.601161169647218,2.191481182251015,3.2632354019054914,9.675520261538944,5.423967085030004,2
10.0,9.026267564477148,3.3866819121087763,3.3853110332375294,10.0,4.236450113947517,2
7.760782557682989,4.556909528665512,4.959324443102857,4.103923947892151,8.431917862891149,7.729223923644923,3
6.983126117563123,5.5932343858535845,4.255406833768391,4.489168096442822,7.114748813257352,6.60091562511665,3
8.933702077073129,10.0,5.128949954857784,5.6196691989377205,8.903135871744183,6.286978323405576,2
7.375983926686373,3.720073210086373,3.357801926957054,3.0884154752824773,6.2180304309312975,6.446626655909944,3
7.761567659461064,5.279702009974129,5.76426511589243,5.881528145756565,8.867006660746876,8.890937923089009,3
6.03267598507735,7.986136671483358,6.352323784684344,8.189297178991682,7.457849201341488,5.951495857775314,0
6.239012519016273,6.130883600615928,7.776926162526832,6.6610708189342756,2.6918595549971243,4.532856679779973,1
6.619726084759153,6.53236209907875,6.48918666290456,6.37665605649804,5.326212039483304,7.134723534284983,1
7.210579261742781,8.06728971465103,4.634880539938996,4.60040333541029,6.782902719080395,5.428077634795714,2
9.715036171146432,10.0,6.544135814747555,6.904030988974059,5.5868690944568655,9.138518496942655,0
7.096775562194704,6.81925859015319,3.1008235815092533,3.1931746943627193,5.712494821508212,1.508305472114999,2
10.0,4.582628209487241,10.0,10.0,5.298877991428218,3.4210328035607094,1
7.4717890566107785,5.455946389951838,4.670212196483721,4.600873077974987,10.0,8.185847622362418,3
9.841581637602124,8.751272258293332,3.508399509459698,2.8790330085482463,4.872461844157546,6.828205686614423,0
6.302692551831019,5.167971934501683,5.452897139582827,5.47065900371854,6.450423747603511,6.10145948864578,3
8.406133666798132,5.156620025128717,4.767489722384003,6.418207000005829,8.332366584421482,9.772047566137577,3
8.212195574827467,5.357578821868962,3.786146223280703,3.8807298495927913,8.145885619324279,7.863041930814016,3
8.848574572328863,8.455266940526744,7.31317378579272,6.320801429965874,8.328812689619593,7.026261253293702,2
7.044886667909999,7.695524762239181,4.783084863138454,2.6978343807174046,4.627532301967699,8.415776540750143,0
6.000220235648285,5.4733994525599625,5.4942243535998525,5.461799194203115,8.752195049375398,5.710122601403526,3
6.920317023216388,5.702328064269253,5.3875571686379455,5.218617621153244,9.268920013329417,6.925395279660596,2
8.789209170477509,1.736941924572137,4.027698335976766,3.0211171816743514,9.73137709552449,8.390324829470206,3
7.6344845732654,7.590664429954567,2.8773855826097505,3.7258336952358073,8.016377252454337,3.8255360545396107,2
9.766583968287168,7.978127882004269,5.125361687876072,4.904085736065223,4.840415301498925,9.174609640033736,0
8.210078969678023,8.710940523293901,3.2096441150759256,4.914334623857189,7.6461184101085085,3.1148404535501433,2
10.0,10.0,7.3395233514394,6.205503114168931,10.0,4.861945140466813,2
8.400317502732856,5.674931268870377,6.080566419776431,8.490071465913479,6.428455802552666,8.40465143880834,3
8.521837420723509,3.5236617478158716,7.511498971677383,8.523550923285418,3.331866710739475,5.1354699851873535,1
8.729562802964562,8.692687154326025,6.347069111866137,5.997114398883982,9.57117239841405,6.619172678570726,2
10.0,5.57361317073188,6.203898132783012,6.129601451373818,9.350078025467528,9.373041836559107,3
8.432140676731422,8.086353583617296,6.084887134113172,5.203363713728649,8.272364334664138,5.600455483111877,2
7.638066319307184,7.128368383821638,4.6596209317710775,5.5754753929695955,5.374024387515306,8.069618405042066,0
9.373610468788332,3.990303577554421,4.561900161150589,3.8512912762413913,8.442190263115242,8.870801866323536,3
7.403648038898733,9.605400349919126,4.982606403335673,3.657912178561365,8.51349914949179,3.745608057993731,2
6.717688871595755,6.96977038655325,6.612651605846719,6.405233563998488,5.400685856382801,5.891188475682717,0
7.576621332610729,7.139013448137435,3.8248867429565125,4.016998360790768,3.9374539467337426,7.901955570870482,0
9.790049096690531,8.225439264010873,6.5150782538256315,5.847514862337809,8.88085778226679,5.556475228801641,2
6.7903451881494945,7.1575498155852015,5.882391844397983,4.67376648400182,6.3043358496291795,5.33534748594411,2
8.051977653361451,6.527766511432653,3.7241359272028087,5.298864357719342,7.633246137924641,5.410259515019931,2
5.928351324264068,2.323769195660028,3.919849135896918,4.709574129593712,5.355162913278231,7.868268771171751,3
6.822268857664375,4.708930717525495,8.207137109601552,6.6315668834129236,4.605946078297174,3.7165522044280253,1
6.428878278936125,3.034447850410963,2.2545582619688456,3.1836109735887974,7.624342458989841,7.967706446524945,3
8.220918182974993,4.754004260604097,5.44844458798989,4.78081532507284,7.215018876778222,7.117523329051456,3
8.960523366213025,8.317409047360211,6.068697844762846,6.105952609465675,7.595742346704738,8.040765826135864,0
9.27674341777621,3.4252475008597205,2.739015425731055,3.053526737211029,7.086652956388192,7.06080033782249,3
6.580394435524354,6.596899233921905,5.13889736721722,5.766760217382626,7.9976623311498365,7.237369322009227,3
7.423700013728403,5.596365656566151,6.968068898942264,7.578684521835559,4.907932976884354,5.386521915419567,1
9.40841856538222,10.0,3.991574130026774,7.108689915721401,4.591647117098867,7.568557021077164,0
7.176361778841321,7.121436425333974,5.236721607611643,6.557749417100663,7.798005345926256,7.672698617708269,3
8.075358428594498,6.744778586953801,4.418290480587661,3.605236120066403,3.6630733630972103,7.193122815164116,0
5.746262736265734,4.838437887860199,4.742548187033468,4.455393738920691,7.559276067745311,5.0345010577023235,3
10.0,7.625339094035997,10.0,9.039074373176247,6.754298180225916,6.697134775042786,1
7.5179028915411115,8.434694910229565,4.4131651307562185,4.0046486464936475,6.1479784154034895,5.646021712883682,2
8.32191832814433,7.922559775524398,4.313938497800664,5.330268821104198,3.5953910933879496,7.54827419510009,0
10.0,10.0,4.98017320896464,6.925218351320774,10.0,4.010791538856481,2
10.0,8.09670280176184,6.6296174697289505,6.107242741866731,5.484534895994509,10.0,0
7.435220625532312,6.8767634473750805,4.972945727289746,4.300966176009188,6.81890951121945,4.972419043125528,2
8.769327738312864,7.341724161223031,6.391617798820875,6.190317689750223,5.73721138751692,8.553298046604395,0
8.030161320599902,9.84261971024425,4.671872670841876,4.8398579879165675,4.213970823224436,10.0,0
10.0,8.923370052232245,3.1854486860802487,3.560092149137972,10.0,4.085625454649375,2
8.288251449409973,9.22255623735732,4.260542533903018,3.571638784721368,4.301946379766206,8.26784169768902,0
7.760945131509496,3.32587328457136,6.891588503295328,6.431412603085719,4.27574927277137,4.656657683434075,1
8.232463105644701,4.237235674135486,5.904314708513892,6.919097556346456,4.787156275633356,5.033803606387102,1
7.456148755624025,4.943933060255035,5.561413178589342,5.074472949146114,8.970927682283545,8.107588497767763,3
6.726779502518264,4.101077553401337,7.0541118669666805,7.750342870901398,4.067356197618768,4.732961356819317,1
7.3150663827411755,6.045701550299416,4.268070254060017,4.616766922143965,3.385843700207536,7.062383645202195,0
8.449503488173674,8.524122887410238,2.9317774993869357,3.3592753817992937,7.643710139089898,4.9430327444714255,2
6.816483196771338,8.381584021043725,4.192475018860757,3.8636421255593154,9.08483253606658,3.4985535441515294,2
9.030231127267026,3.1277303062599113,3.1402659822372425,3.488926935477768,8.098422856307325,9.837417285533398,3
10.0,6.040647706330582,8.226037334650703,10.0,5.795567212007937,6.1163863221144075,1
9.718993279342836,10.0,7.379268913227189,7.514189605809464,9.803379312179246,6.181793950560783,2
6.864637180263609,6.4093197375763795,6.835863109672008,5.935625138280302,7.4178944580687025,5.937348456517808,0
9.008911901730514,8.037117044481661,4.378478376274791,5.516555275753421,7.835014231458529,4.809084417491534,2
6.7500300399734945,6.441320383735951,7.152835349603219,7.307975090559745,5.851075647803786,6.090653874238108,1
6.643472849435179,5.190436923858264,5.770445476449907,4.726780863904288,7.774417052795456,8.113180563319943,3
5.848149995851712,6.17818829036252,5.570896960689964,6.450382705486043,5.91517771425218,5.658841307574047,1
9.611284012658714,8.604008397951784,6.807631134533937,6.766197922795116,8.16408412059016,9.592571340858292,0
6.7840456187780385,7.199076905183954,6.783322467727813,6.389188250795031,7.3985549026694315,6.417464794809457,0
5.767309442753135,4.572127310420946,4.813347775924511,5.1625078740805455,4.499234029938281,7.140843365529923,0
6.2707678371727225,7.552452056718361,4.938747469877736,5.138935186332612,5.274719165657306,5.547019836678937,0
9.88684345990958,9.179848161003102,5.8639768247573025,5.601430618341712,5.799108461398935,8.674665792884877,0
5.567118503784259,6.365961764709649,6.991837197836534,7.615003552532605,5.381402689007787,4.427976545457991,1
7.5435002620984655,7.4086683756663305,6.572971280298877,6.452243907626911,8.066430306111833,6.038265639296647,2
6.3691884978875954,7.404424868284241,2.5883283190314272,4.43164627777844,2.161984042657243,7.452379479682022,0
7.48121981393476,5.362648886068898,5.916987859066755,5.0044832941797575,6.125321701308859,6.166076743322017,2
7.884672923469261,5.298097037847474,3.766040391837349,3.78614916330403,5.091565734343863,5.9393202120970505,3
9.570846668109104,9.074338721620558,3.4777950389623324,5.227238594409123,8.559502470555541,4.716918352119593,2
6.532495423254599,5.945887051062925,5.515320057730917,5.548178653263307,7.578371754821693,6.072397845818607,3
9.576273512353975,6.613185313401232,7.825167230121279,6.975408163302271,7.414438402288617,9.287142213662603,3
9.924268187006172,6.808097994016273,10.0,9.47365236642164,5.518879029005209,5.937368308424392,1
10.0,10.0,7.00059791361815,7.053011450114234,10.0,7.076228215805854,2
10.0,10.0,3.633402743126487,4.851616506878122,8.36034850625977,4.309067963341407,2
9.505093880899867,4.553001654794941,4.860737719617763,5.013402078981358,9.321325053337784,9.857742862201267,3
8.589440813687897,7.005142107264876,8.419229885202583,6.771231878428852,6.8610107437879115,6.577011511733778,1
7.394569920467861,7.833308682505802,6.597591763655839,6.749024217367953,5.884133241453385,8.605886067400434,0
9.765459746756175,6.5786101181977665,5.977289382226426,5.792019896453193,8.757615822727859,4.6850869822796195,2
5.669954946734134,5.690940147630408,6.580115500279691,5.922915480389765,5.368519182199969,5.259110265723795,1
7.606790520864549,7.929788836821258,5.581897987215281,6.06045632720947,7.020572367905511,8.31773816507001,0
5.480405219969035,7.211361584930041,4.568882628724074,6.18375452799727,6.300254612279308,5.117539568911033,2
6.061737672325996,3.1257693261745385,7.381463537117543,6.469335356208091,3.174161318969142,3.3268305727702847,1
6.690503071459595,6.175788415292376,7.728917848932161,7.636495321781697,5.337594774577401,6.298837789429809,1
9.682652037850934,3.444186603447969,9.319554844379034,10.0,4.066320156650888,3.8045691992135255,1
10.0,10.0,3.4976558082054408,4.947021466311571,9.700991540213648,3.8767726777856346,2
6.564381607389838,5.190851564915716,3.244931838385974,2.014771350461346,5.481639015685787,6.524087906587154,3
10.0,9.771919190195433,3.4995126722963388,3.980210873469693,10.0,3.2481901970175127,2
9.312517618314358,5.328658466376353,6.100014149532914,5.996509794344723,9.208790108144445,8.900115451531738,3
6.174195561864449,5.153536643879486,6.332640696791332,6.186425491028853,5.679165450897094,5.160612998997002,3
7.973122715551353,7.0760809878850965,4.7480784353067955,4.208589405052021,3.494753117118573,7.17155513218258,0
7.1263450495348355,7.551457885277582,6.19690190818146,5.588440101853667,7.956966318609952,6.273112813987532,2
8.51941846658612,4.341298981342097,5.716961930607883,5.102292262301607,7.288628002465886,8.659956128512313,3
9.286721717660386,9.866990948446714,2.5637296195934995,1.952193769860374,2.948571072761862,8.96355654866342,0
8.104413970750043,8.98277215303413,5.254357845763236,4.830423138884038,7.788207295313547,4.971133456864374,2
5.384204192520477,4.88030117300241,6.055844681135458,6.918098557907615,4.0453136391611295,4.696058811442185,1
9.156676145272868,5.64140163947756,8.368894574924163,7.888856588923563,5.317912242878873,5.65893356437399,1
8.562535092578514,9.026325662590352,4.293356675909044,4.991590149246088,4.13214772804002,10.0,0
10.0,9.403034009603713,5.96148202333446,5.335550806327276,8.594681333410811,5.816459865253148,2
7.676895207762304,6.215059473611415,7.827943147833747,7.8689772732008505,6.691942448585298,7.51694582660352,1
10.0,5.72298558918291,10.0,10.0,4.0543667115068684,6.0677695220407735,1
7.695923104664673,5.494913904873369,3.742208467581544,3.7408884572110592,5.74529213209091,2.687129307823914,2
6.9039296478869705,3.623254327926392,7.285815587809859,7.275583794433893,3.633869402432521,3.942180569704057,1
8.511004375073854,9.743349880837986,6.547199048208776,4.205132169045912,4.473132598156433,7.987571494477012,0
8.090545671606792,9.837951062773005,4.257521725646994,5.08822658204492,9.330844140463606,6.055698195866377,2
5.5264825373228295,4.178466306257811,6.556624574009048,5.638085224686809,6.5238148683298345,5.860876672302001,3
8.617996268958379,8.924619854186666,2.498632335955455,5.037357780723072,9.806409350602205,3.140744745268749,2
9.960385777889108,6.709627192436301,6.543405414964901,6.812454909574532,7.134642863426808,7.350552760772668,3
9.385039588016115,3.154396138396102,10.0,9.48074453052527,4.461060442549455,3.5556943548666027,1
9.278459063551992,6.71638664939781,4.873861090588771,5.503355942658025,7.598711235425672,9.938267047387408,3
8.641617847215443,2.840140625358214,4.518609829795507,2.0846239310626475,6.904985788511383,6.352904410082911,3
8.632945000492874,8.972324068365953,5.09722835964068,5.042715936211355,4.284773721149973,8.891792225592294,0
10.0,8.847531243314537,4.7907895681783,3.8646788591520167,4.58785011013473,9.918089050193585,0
6.548780909932242,6.89780182082903,4.134209502562013,2.4775374244823345,4.07142821666784,8.832445002189656,0
9.558510305361295,5.7706312362519165,7.6445558950009485,6.0193196402637374,9.467469810721617,10.0,3
8.855068821263147,3.5310028135265448,1.9427184750775313,3.049657334008095,8.720796606056027,9.826307487830505,3
6.847346683661609,3.3562942490039793,3.279187387498817,4.2901071691798025,7.157299934878408,6.135991799158832,3
10.0,10.0,2.8687430546977706,3.681971082700615,10.0,1.999106291806956,2
6.424265949661719,6.600199201809851,7.329634783045014,7.497799842323045,6.303947952792022,5.0570436585089285,1
7.293074861767598,6.865424835285363,7.072613258931529,7.38496458014677,6.067914560802499,8.502520870397248,3
7.593881366790525,7.19724935638384,3.536137412836781,5.884322204396201,4.943735844215008,6.761441975979516,0
7.2891925731096086,7.034236854592356,1.7524992849010665,3.653504162987655,2.7978939126071327,7.704628968742358,0
6.014696769013554,7.758887725795281,4.850752359073051,5.698645197196273,5.824483013386855,5.2294678537282975,2
6.790630367831328,6.389248251003307,7.174299289070975,6.376522667511499,6.748856180097596,6.451770597772892,3
9.083623042238063,5.24416990858973,10.0,9.359291708154421,4.294426635550465,5.360301782880857,1
8.232519271745142,3.8348803090903343,6.851046975213464,8.322722367458269,3.9529906451887427,2.8603535319008553,1
7.005210341137312,7.806750867081549,5.211681414857626,4.99642624426791,5.955970010620078,6.055940260200931,2
10.0,9.10702309662444,6.832112104967801,4.529527206624148,5.604394359856573,9.995752402503387,0
7.515841735994545,7.381286930532495,2.227730886368278,2.5399552659252844,3.268191464136658,8.311847324546397,0
5.87532508751363,2.827513778768692,4.089831345299475,2.5434833857451844,7.455811439501298,6.97700413304051,3
8.637410014886816,5.804284092848659,6.762527328190722,4.203475088148722,8.295918995559957,10.0,3
8.684937342320575,4.9776581631113235,8.038555654048322,9.25375500423615,7.625711443538085,7.057617604204665,1
9.053849651341443,7.963061829418288,5.126909739781788,6.872403253209697,6.407343250227549,8.417605334607998,0
8.367496472751528,8.750121357558962,6.361905237555116,7.636489422221782,6.2149723926312985,9.269090773346182,0
6.850713623014753,5.92357293553756,5.256707551611914,5.585102436756815,7.197472604394481,6.541172451045667,3
10.0,6.351672122018481,8.334089814615917,6.635098846147165,7.990280484818092,8.918367768139527,3
9.436133541472131,6.210663104805274,8.427985148779198,8.731166148287052,5.044217062047405,4.983159300608476,1
7.358178015271649,7.996573380076714,3.802548848878881,5.457044326636176,3.293269728390784,8.2687828907533,0
6.044162525801239,3.489376773820104,6.072712299815238,5.253530600663063,5.295207236174179,5.301646020683297,1
7.484582539426099,6.570460720240085,4.640213031883302,4.427492696106665,7.384572612751024,4.281314450710634,2
8.065641314501747,5.839437679921539,9.008460277307684,9.747544430651319,6.03928007765471,6.939405680650591,1
9.185908518120453,5.665019452561586,9.28623239337103,10.0,5.553524171626054,5.349320638432944,1
9.116189935294429,10.0,6.162668684294937,5.596674441450476,9.282484964482856,6.979745220844494,2
7.867612326066673,8.473298363481362,6.437625018599548,6.620683537751801,6.394451549805098,8.889016090811799,0
6.654752161049834,8.24339558939755,5.216579013136883,2.7634657431982026,8.607235595005859,4.9803918699193055,2
9.866809367568235,6.77429307505603,10.0,10.0,7.085659890660562,7.100078897963907,1
9.742410696378837,8.542319315774927,4.649344762417495,4.237025783772248,8.175406140380062,6.2654693937392825,2
6.425739775360409,8.317296836618443,3.728940173645998,4.084273705415502,7.461842107495808,3.5644085677169084,2
6.986975245446546,6.845869581839106,6.16957370755372,5.203896419319956,7.868326594505352,7.431160969085669,3
8.681177977310064,7.513229223114338,8.508105102457682,7.846784006339052,6.188215063206663,6.505807901377492,1
8.789717413171124,6.23618398162108,4.797311608630845,6.220250160138559,3.977473939129866,7.105371078946283,0
5.9011754245950785,6.320897022541887,6.025345278400791,5.930803018482894,5.522263496289058,5.218839969294171,2
7.831522016462491,4.194647860025674,3.5988422864112297,5.069208630791353,8.142327038598557,8.320087648850308,3
7.136593986979108,6.069506678171858,8.042258204642428,7.076674467477613,6.950167396361861,5.913110869029364,1
7.182245935097797,7.792488458322537,4.49032253963748,6.352012601295083,4.422121527780959,8.986076182310715,0
9.823789631556554,6.463930575887611,5.299213250237022,5.921146128583352,9.405224257102175,9.881320910944599,3
9.52304047934901,9.42766255139742,7.399401555455496,6.905424884333135,7.4654272210881,10.0,0
5.229613825360881,4.875719575275636,4.218462938344263,3.41209609713059,5.236228806446462,6.3679280307415835,3
7.248514438232908,6.4913684575628965,3.950590305122164,4.985998225530633,5.781137704307563,4.386603630735751,2
8.13753102461149,2.573692983302223,7.541465065404784,7.068319103339345,2.4239214915390743,3.226496756484682,1
7.736021129867411,6.134986038454531,8.118670446210785,6.985957460497307,9.053397513887605,6.974014115555189,0
5.823539279074205,8.452926371321153,5.056966066710565,5.682997676109011,7.026086038260347,4.618867941326869,2
7.0628584809318715,6.658374407134996,6.203965857452862,4.41802956755939,5.8962918187238005,6.670762141749009,0
9.323294072843293,4.329579777256717,9.094624370925034,10.0,4.345155691945649,4.904516326823954,1
9.875647187907926,3.8550134672859753,3.8584385989383034,6.009906187576224,10.0,10.0,3
6.976852919836771,5.929117564832653,4.421114214166185,5.060490012520608,7.474380827646797,5.617741084798492,2
6.257293364996521,6.8781589633675555,4.3576409543728625,5.043463498887838,6.507687925822908,3.34181677135244,2
5.664189349968351,5.534281656111025,5.181274876511217,6.589423775473692,6.1797979063123405,6.934478694296228,2
7.514556680956271,8.436133594876429,4.318949761192443,4.8520446059428455,4.558538457400902,8.384672663527905,0
5.933303948716727,3.909392568207519,4.904983654605067,6.930156262973475,2.4355654993060085,2.6230696619477616,1
10.0,7.636232465237786,5.898544194526634,4.77300251961705,5.112271469410523,7.224217902873649,0
5.44117522441767,7.315474495870453,6.30755014739079,6.375485740827826,6.999891344126501,7.793156251194424,3
10.0,9.662660050341152,3.778327750626754,4.727285794424403,8.047401072863197,4.789066587753829,2
9.446682850367093,5.338102340637688,5.959410763369948,3.920735952657693,9.312260648066461,10.0,3
7.389125679838757,8.078376515943814,4.210974070080965,3.0706403999214884,6.998894012973882,4.625346964572198,2
5.953120402079207,6.897907897055367,5.533384342073699,4.374716119879525,7.535018674319707,7.654754036948113,0
6.360233992465697,3.379211182364296,6.959880469394676,7.498706638115878,3.697305580375934,3.250041889544863,1
9.149162044989868,1.9077485051225258,4.350539721196041,3.59903057940244,10.0,9.686425745970938,3
6.792737338241928,7.687259941101927,5.281723312552428,5.243002368761023,7.459839647847352,4.234641191402741,2
7.010523478184474,5.322558699935449,4.610424145552788,4.551524151099944,5.6387511080392,7.283783532090038,0
7.7214540246980405,7.984033737813966,6.344499978976137,6.36225282555967,4.165019462374754,7.659369143546227,0
6.436752111152894,4.87671747519632,6.217063354764739,5.975683357129802,4.466438954160598,5.458058385487458,1
6.827225689628029,5.688521463537212,5.83836904743894,3.9315572101924623,7.754976819961498,7.300589417624063,3
7.460113348187637,6.5902432942901,6.532043143131268,5.6545354250551405,6.826687605525071,7.655811146118674,2
9.451921155169018,6.310759969089249,8.887770399605207,10.0,6.828248328891998,5.481111688996755,1
7.113525319567582,3.717353714653637,3.483790383423247,5.919649756361955,7.255262833290295,7.019631808952109,3
6.007755959036388,6.537682558942283,5.9939708841064485,6.396753436490456,4.308373399586539,5.71100454738381,1
8.224493240327151,8.665555524290028,6.508132572311069,6.026798159430206,6.317435638722347,6.589417785417149,0
7.168774585160079,7.048912984051213,6.023357627443828,5.533117906742486,7.2034068387612855,5.022819642258338,2
7.216227586851736,7.995707980470547,4.276129194898954,4.599768973559055,7.066368982553003,4.693515521277775,2
7.084992315774437,7.260898226712959,5.601995043413817,7.362473747488723,8.79458640755338,9.894947241452977,3
6.515160295131051,8.220021650564346,7.210238041270461,6.322136369923755,5.770640912479941,4.858026176674465,3
9.821046848355241,9.667082404082414,4.736472076675976,5.478682798841773,4.153285610565981,8.584033083065654,0
9.290620136944758,9.42151924359857,6.061778932506665,5.710062233835649,8.104111798893355,4.3426727745961635,2
7.594335447098505,5.218277388317536,7.583787318623182,7.088045719310844,3.474738996927324,4.192926727998149,1
10.0,2.911351954586366,10.0,8.491865385751277,4.270140734876461,3.516040431687081,1
7.310152327711498,6.592539653478489,6.129340006850108,5.829026144391667,7.9386450199282015,7.512094936671672,3
7.887537736439658,4.385493830723627,3.4249881554310706,1.0847745560416873,5.794175679018316,6.991577497130647,3
7.922699121028446,7.275528592791672,3.3325416931412817,3.3279213501895453,7.2619137617161025,2.8795335179751946,2
6.077207200538351,7.874108847773074,4.989082341754347,5.378000165762401,3.518811931223238,4.873843599184367,0
9.479445835748312,8.570468949287148,3.6864150711514942,3.082764537735472,9.052512860138412,4.0055502386627175,2
7.851097638641889,8.03298460623693,3.35538060791574,2.461522349148754,3.0088504809496968,8.002319756036586,0
6.373592059316662,5.758536671359088,4.082989318542656,5.559070336096248,7.79548649429297,3.141243772276935,2
10.0,10.0,4.054589711629595,3.266836719155724,8.902020585314563,3.930366050330256,2
7.155495802683395,7.180006314742126,5.04270244056668,6.191766823733889,6.709267791233459,8.27921018235693,0
8.741161073163491,9.39432957055058,4.388527208097304,5.874178802387629,4.847343030126964,9.105977282285814,0
8.514668135792085,4.451374566827814,3.6920160238493915,4.115603400771234,7.851072075835667,8.370510896137294,3
8.14185229974175,2.0805156282067054,8.713289843321983,7.893469431094511,2.568591636459317,2.3628713245322617,1
8.423553564556432,10.0,5.138811012455365,5.732486988430014,3.5332351033332046,8.742842937120054,0
10.0,5.489646339942276,3.5189617852854305,5.318035720471469,10.0,9.936053028839016,3
6.262809287265309,3.3311525675280373,3.2296990762072877,3.062957023586897,6.674096722624664,7.143140270580338,3
6.940562024600816,6.704625022633342,3.071321443257732,4.36437451231012,5.747516981829033,3.761369411514434,2
4.265388966769095,4.066346277769902,3.5119724251695894,3.915793644609291,6.957104079772793,6.683454070236012,3
9.532017068446205,7.372634007444457,5.559559545354034,6.422916236617553,8.250021001470449,7.158584340983091,2
8.805845452424892,4.7935474147415125,3.8311884657216435,5.079615330879033,9.77390943974218,9.07860717446432,3
8.52482219774225,6.8156547974751245,8.595374483648918,8.597990604146817,6.269535671035818,6.921655761178755,1
10.0,5.16022120974173,4.7586147970505,5.985187558677338,8.99425959964959,8.656988578175177,3
6.982753192250934,6.3719864496887615,7.924425183828188,6.932230214964415,6.0681177818688194,5.93163900534343,1
8.426701352185166,4.758224086846237,5.431090180710003,3.965605050289677,7.676519220713402,8.190834886527211,3
4.4865360618349515,8.016026178965795,4.351572468958108,4.738000509947998,4.825966197904594,8.031420950851873,0
10.0,9.196766757578548,6.043812679202677,4.245975337309817,9.946508047348312,5.13764355395168,2
6.175315318513664,4.272270274811524,7.178504849700703,7.356381641370913,5.318380586362541,4.644329074523702,1
6.0633648135878655,6.66397188050544,6.873331947120409,8.038861423514993,7.838046096871616,5.908166370189354,0
9.017815323536977,10.0,4.923702410985516,4.469157135852343,8.680725479749915,4.600627241205299,2
9.084863787455468,4.579031592475568,5.031031943063633,3.9761983284535067,7.4041785365517585,8.104524839097538,3
6.4480338062128695,6.43326978867845,4.322785832699488,4.260400725738204,4.916170349322973,5.342276703594407,0
9.985611638386203,10.0,4.550569931198375,4.576230788159265,9.573818101799947,4.439939767941159,2
8.338472458804583,5.277611007982674,6.4602137882975965,5.739987283435556,7.645341289514458,7.3881864596568905,3
8.955085713526323,6.9698375909250645,9.995459240777834,9.781726410957642,6.414865951745258,6.40029535780867,1
7.286121262884651,6.055138251849446,5.797103013299166,3.6072566321654778,6.90893869071475,3.6251536895498244,2
6.019917220937818,6.071999401486427,6.321589739443969,5.5063147707684985,5.14997559729214,4.253871730637678,1
9.240622880876245,9.40990658633652,4.394387157100625,5.538646666563852,5.308978389475474,10.0,0
8.171641127495569,7.799347341829784,6.10435121835091,6.33149651681853,7.504305636217428,9.090853521723831,3
8.163413469525963,8.553242179673092,3.9466392365640255,3.193776942587763,3.7682917389534167,7.203831683010075,0
9.089998145897463,10.0,2.810019807300255,3.6842365753665502,3.2862601731417262,9.664132464630919,0
7.706533676639326,4.673285106326382,9.163786980753889,7.979347089133463,4.559835634101233,2.7366338797756677,1
6.969989398452983,2.646160186781816,3.4093960754542474,4.617905155162475,5.564075052420773,7.056595664773198,3
5.510391686098153,5.989476386471063,3.332664714705971,2.991333018588631,6.494428082544566,5.454553539237162,2
6.222488170699175,7.01763830586189,7.058693191624826,6.603751626775372,5.3781697862909565,4.891612918580921,2
8.224801827845358,5.699987990352836,10.0,6.926554540614711,5.6101224389737725,6.473203288569009,1
7.5635746093292004,6.593446503699,5.53959870320544,6.702855569669653,5.873575457582993,8.19506945901155,0
8.729960943905468,7.324217979009888,4.223743351022068,5.248544218097062,3.6032669320998467,8.470725262789088,0
7.687963996527177,5.606704349975352,9.141125536949039,9.330874217909907,5.811957616850896,4.211061243787041,1
7.064371331070596,5.851662242876952,7.6422285382705315,7.717620006629815,6.070512448623933,6.049396551632028,1
8.570091444762202,7.453458552887295,4.800215231969992,5.883944727721662,9.917524203109846,5.0403020975028126,2
9.650497142144992,9.062229875749777,4.865416633332343,4.1929891439462015,2.8175330610066407,10.0,0
9.242149256376784,10.0,3.343622298056458,4.4726901052101535,10.0,3.872221187650828,2
6.053088617526994,5.834182536788952,6.384522334603902,6.307678069078612,6.10223485415251,5.376237663304518,0
10.0,5.842076409963717,8.376319520148023,7.671113648162876,7.686226516559342,6.558226684644495,1
8.487837718325391,7.662193779206836,7.251581046340613,5.73883033353323,8.817931349206404,9.770940969914177,3
9.685868486045225,7.039221241839759,8.592975569413703,9.04924792796817,5.872011994286831,5.525315363593625,1
9.64819530811865,9.877210187775733,3.926491193716993,4.340823899160364,3.1909067051159687,8.518626743108022,0
7.2452374985588355,6.877804449533061,8.366288294592097,8.111258133898495,6.118932405313463,4.329473783947902,1
10.0,8.848765830998143,2.902932073077854,2.9378258706568876,10.0,3.8462284423463307,2
10.0,5.357333740527322,5.703940492817361,3.638658405345861,8.585585363018355,8.311158665279534,3
6.994352372635228,5.693020512898734,6.796791879240736,9.001251723331032,8.003883870615319,7.47968221685145,3
5.859733114007049,6.890812064127756,4.334947657841674,3.453329360791278,2.2726703211457924,5.632955647128704,0
7.273929665183538,7.020914896361587,7.126161477941239,7.501043503721299,8.466754366749095,8.973868058166147,3
6.8311858822404705,7.422808926782473,6.2799954256420225,6.104554405728848,6.791186260892602,6.310989251204726,2
8.571453319427576,3.5053803049985266,3.02395703462333,4.714359617443424,8.961165522419634,9.208918679271308,3
9.861565331703572,7.805301572348872,4.09792438214787,3.690482601397836,2.065447633435958,8.783514834519172,0
8.979799083386919,10.0,2.5914638161778214,4.172351903556715,9.224202895389487,3.495470188840588,2
9.62088059100681,7.47284258229958,10.0,8.985658732864833,8.393904297616569,6.899809087247249,1
6.970272257017167,6.704168239813786,5.289291143276141,5.69067547319565,6.557079655389869,8.215141414153813,0
8.762481666772993,8.412240975009594,4.560414954660694,1.9222379244716286,9.125080311122147,3.023973881069228,2
7.695693018541553,6.682606781765363,3.581483141029126,4.377068191026951,8.229026513722044,3.053812014795219,2
6.469294666262817,7.050351764193122,6.622814565117992,8.494686500112131,5.7376038054571215,7.7211668842475945,0
8.873292168260837,7.020498242110918,6.707075139303914,6.905368465715432,8.22403931184636,6.006980466424082,2
8.023543266158658,6.2560255557403535,3.828745208623453,2.926411841821565,6.0929758092811195,3.894459755132389,2
7.232038796637319,8.683463601918726,4.0764669700816665,3.1812453324215264,7.192147501753986,3.4478983976530118,2
5.342948115253692,5.299480269001637,3.449629136533146,3.5391949156766556,2.801836480762676,5.970249119030158,0
6.637009116895648,5.355729235275393,4.811922442633607,4.333184254373909,6.6244524133572265,6.149233420764696,3
8.316725316471077,6.476532780922266,3.585086166203648,4.67048504721301,3.9769361367472205,8.329781214009365,0
9.780197528808163,10.0,4.138637942620119,4.745333197734649,8.790307980578076,3.581857954915749,2
9.367092968229972,9.396456491871623,5.362764355239496,5.918595965999489,6.097712276554256,10.0,0
8.99019894820678,8.630739569089553,3.3308712633784987,4.742075797675443,8.560542002083263,6.097855409804923,2
8.8165875154406,6.029441943784779,7.7199508308527856,9.950794693971986,6.668567329109325,6.18970884133257,1
9.102489116028735,8.622094274943864,6.393196261829561,6.323127332262135,9.096905897132908,6.614437198898286,2
7.970252809665748,7.513460134840344,5.73166784970817,5.507869269133255,5.726673532940129,4.305930790760819,2
7.080968358560543,6.569685159021051,6.301601603539582,7.3629728946850435,7.811394201779119,6.172522489940834,2
7.8801507104872845,7.296791620257403,4.390295860606119,3.8820855446222864,3.890259108423612,8.100238732175026,0
9.176859698029565,10.0,2.957906147051094,2.7505794297904815,9.508016889820855,4.030662837323904,2
8.889677215518047,7.7015335550024755,4.553970977661797,5.414477005997632,6.63524603402651,7.0975127573758146,2
7.632103714619886,3.5305406118489664,6.320763531227781,3.924947115004038,9.099303147156432,7.868455411526407,3
6.522548034726302,5.893119163701355,3.311352285409006,5.466971672772429,5.861377148082468,6.661103220909861,0
8.980437083877135,5.1097535747178,5.027133639912666,5.184936427036424,7.3265298282459845,9.30974916890055,3
6.6535937176637265,6.546923855926442,6.536438195796548,7.013519056095834,4.27864655335254,4.531830311452615,1
10.0,9.22887825110531,5.927760767254105,6.551716548038662,6.006802180358848,10.0,0
10.0,9.186733148688969,6.213904782392685,6.054955532361321,9.37001865329863,5.887767337651855,2
6.728030451726259,6.502160886647689,4.065525496670363,4.178694106557811,7.253295456120255,3.1210025499772622,2
6.950352093846614,4.463124883846097,3.0589962532978303,4.720460201592521,7.650765266271339,8.068993732768849,3
8.664046134333342,9.028086569885382,7.322621756142196,6.600965166512889,7.9475855334075245,9.808362679830052,0
6.607110980551576,7.3910425977424214,5.033479560463933,5.239987880421473,3.7570377095965957,6.949216199778674,0
7.943188443751413,7.017223537348768,10.0,8.88705892197547,5.735765199809175,5.285092304427552,1
7.930553501572894,10.0,5.790279289302383,6.567032286888019,7.687304116625637,7.0094729430509854,2
5.956581809686016,7.468400056999327,2.632923048337093,4.044026420973483,6.056143885724845,2.3995691903492653,2
8.305431287325689,8.926461775311008,6.154943517485948,6.984715579439515,8.846481568821593,6.681770233094361,2
6.486199870225593,9.997262986026065,6.372752243480882,6.030780456936469,5.784223214079466,9.259672074962442,0
9.434002676617958,5.656452244626955,9.752519644340678,9.980883497163251,5.017072920542143,6.06261475237842,1
5.996123798777137,6.718141219587326,5.877745661508968,7.91544948295609,5.090528482241374,5.837798367943895,1
7.585356791876024,7.022052926109991,5.252947402837061,6.841852821549753,9.00242018105582,6.119678994346744,3
5.640427471878921,6.422854486993026,4.046424898392411,4.445943519962513,5.343560186897618,6.198540684712424,0
9.241221547245836,6.970722153041749,8.96329176643685,9.866233071932527,7.097746798330139,5.17028718073044,1
6.6087740326503965,7.21217871292594,6.522410427404314,6.923651316737031,6.594849224070524,5.472491025557717,3
7.815770537714296,8.381661127531007,3.8723179556627794,5.012874857019037,4.714094245688841,7.574808599679862,0
9.594066928252776,8.412416769747594,3.033332182454924,3.8433248667340787,3.668702443851647,9.24143121010228,0
5.959977325711617,2.7401247788625356,3.5078284469806804,2.2268682326515847,7.304135638246832,7.943330932169155,3
7.346523853332225,8.810210050640112,3.1840986502941737,2.749280900450587,8.908377781785969,3.1231533702708965,2
8.155226492225337,4.120280592358192,5.7015598326539205,4.264899463602001,7.082751089895107,6.536234653384237,3
8.833088197668168,8.598822811124203,4.916105793120519,3.2121826779599107,8.804790622697418,3.2588679279069748,2
6.864135576342867,6.506816687046724,7.063482472089163,7.468214492780945,7.3858312166774365,7.712311125633894,0
8.553620240369693,3.288179179471796,7.873470013380815,10.0,3.980837954071717,5.6647063794534604,1
10.0,6.773986193448056,9.03236692172866,10.0,5.9150654729661625,5.8399972979817,1
8.46565484122746,9.716886715635177,5.737991765132188,5.761703470540199,7.34552235150249,9.111036394143174,0
9.855486375306896,9.319932904349349,5.322154938722015,5.559623395651562,4.731708330020388,9.680652007345758,0
6.773546771742203,9.349728216482847,6.531832381872535,6.07605073758685,4.988206327089363,6.584916722374416,0
5.509290404599193,6.344891395079257,4.694107542488267,3.9450670995344366,6.689631980916411,6.339894133649669,2
8.220497528908806,8.355194714617921,1.8699400045148935,3.356403651310588,8.091970927970578,3.0272300672596004,2
7.592811272325887,7.094671391333159,5.209977172715697,4.956511004614079,7.255943808348672,4.25825969214746,2
6.804886944027061,5.833430904076249,5.644201712057917,5.946843328179482,5.955756464941951,6.2177874844227965,1
9.320158066747933,10.0,2.5840403943957537,2.0814965790544804,3.2419930929140617,9.641660196955488,0
9.843372962375687,10.0,3.207632387613902,2.8848110849342894,3.204657351019132,10.0,0
6.871404702447869,4.287115291086519,5.812174935747119,3.6968477757019347,8.372245293865952,8.712091290729537,3
8.39986728651334,3.593970387404021,5.004010284267805,3.4802034312420487,7.263413112130896,7.145826904242528,3
6.539936518346095,7.014281682072454,5.0916999624187405,4.468806981910433,7.26962885026728,5.150850401664996,2
9.81710965234568,8.50448446036453,3.8470007620807563,4.692233798381769,5.290299834750124,9.710575024632066,0
9.379485620557999,3.106518619287265,9.354387187609877,10.0,4.011286795727728,2.3414456517280167,1
7.46826419912526,5.970619150107601,6.929944053588477,5.744679370976739,5.585968556029056,6.1018464773257355,2
10.0,9.724994618401023,5.870313703297764,5.71500010529872,9.549699696416251,5.341531250669652,2
6.711997827084401,3.758406128605772,4.583547751993395,6.028184992198433,4.732801109341224,6.470933268045801,3
8.538327606036956,3.98516618620309,9.407207392301222,8.327790331297383,6.340623680554288,5.204322969206573,1
9.795197917392203,10.0,5.146094575911912,4.1068656569603785,6.551590120871423,9.591744633305312,0
9.309235182088493,6.611454143246775,8.207590573376162,9.17241097112887,7.595724625482482,6.590983764050638,1
8.464989429622921,4.195474517356006,8.520765790272597,9.171130294799895,2.7071135320988278,3.4959996853263644,1
5.160588894246179,7.208209836079057,4.701320771580663,4.745643261026658,5.256323906101799,6.481674417878194,0
9.084781094449186,6.517785055999832,6.196339766993331,5.3196528238395775,8.08069310384464,6.916435049627532,3
9.137580513458847,2.949634006664426,9.499222164971581,8.938730283826175,3.304922864253528,2.584858514725076,1
7.604581952244229,9.04756726621371,3.6513424510891506,4.141123389546712,3.6914708279501474,7.653226216807742,0
9.270094018966077,5.648765845650481,5.792282334154629,4.92510407070907,9.519947774803475,9.55808258097992,3
9.072531226498816,6.364224661616387,7.830264498424804,8.439687355011376,6.738034018036254,6.598609992106442,1
5.201473808201828,5.532129013631664,5.900786851694459,5.566588083177002,5.86966020923178,5.111113677519108,2
6.921184621858556,8.530192992446379,7.076282454085366,6.885035151632822,7.867286302562214,7.12703572904609,2
6.65963350186166,6.630427908794085,7.822443335445067,5.259482695212185,5.6501794446767954,6.511956430049203,3
5.830795297642104,5.6535198502491415,5.486661078838149,4.844619265688267,7.105284779013948,5.644077383741656,3
8.900410803613699,5.560264692763476,8.256177624908602,8.507398983524569,4.167105978141556,4.689209967841409,1
6.3912612529608985,5.364731429960572,5.0164261590625046,7.659359041528582,5.141047709318917,6.552812179212476,1
5.5768167548412775,7.099003745424919,5.574789053817611,6.017205940593103,7.508352669322097,4.257832400630062,2
7.6869158595590665,8.865261596626121,3.572432152537212,3.919796539581928,4.1454028659864965,8.132601248931032,0
6.332464170359883,5.46478071555145,7.035204262201173,6.331594721791145,5.833824351999203,5.868593229110588,2
6.589793593648419,7.997578094514429,6.581966155763492,5.331704558159181,5.950643208088158,7.270391372442009,0
6.778875589673115,6.328537742225519,7.052246640213483,6.826341833183864,4.699421521315631,5.645945985060039,1
6.169720440510461,8.871688145954693,4.2035477432967525,4.0029753856600365,6.677594180198489,5.37097274532152,2
5.658270060627729,2.742515994810073,3.3146003766352803,1.9975911530754924,6.490343617282257,5.8713177225127104,3
8.752125772425934,3.9476959467632167,3.355118868918973,3.5264575922199244,10.0,7.810560084431462,3
7.953614673601393,8.500131815426963,7.473181471895863,6.474195351566203,9.51931687239344,7.228904199015323,2
6.165297286203716,6.3802388970848165,3.9077320578407977,4.850711250811675,7.486477613038788,3.5192541028526416,2
9.080788897393502,9.187635680617246,3.427785015551775,3.8628924446897157,10.0,3.809742580626238,2
10.0,9.678153546317379,3.1000122481359575,2.009021773137155,10.0,2.6713597741380335,2
8.977297420384344,9.963051673686355,4.309183442347797,3.53391220999046,9.879754511705176,3.0157984232157005,2
9.291272887634339,9.276157449934837,6.088432544095751,5.417117722184995,7.995326172452115,5.219636634068108,2
7.617909410055598,6.787098410798103,5.470281876914897,5.0226347941046985,8.268475902945319,4.542357867560452,2
8.950329983829636,7.187556041382963,6.2759736618060185,6.467197602202691,10.0,9.424852649782231,3
9.667235915444301,8.462904938704177,6.995202754047697,6.7323092487645795,9.168765327354675,7.995177517184506,2
6.835346194457047,7.616059759870482,6.850670469354622,7.4119713867161385,6.764233239532275,7.31119164664429,2
8.585316822513432,5.2570511620067,6.895988113461147,6.009243970861277,9.971259665877287,8.418241653330908,3
7.759506547627387,8.939477434884939,4.418498574093022,3.4448311424447615,8.532749777105574,4.563984283483416,2
7.8093096374790365,6.299025279463273,7.069712944385987,8.370632023630522,6.553945365720605,5.196334130494847,1
9.135791306082648,8.576764952204877,2.444932314251081,4.19729971281585,4.552052594206287,8.284472096421968,0
9.187322355301689,4.600450851851408,10.0,8.406806224892604,2.987680996294129,4.866908292918079,1
8.91550992653359,8.222432258957229,4.5873348602656705,5.258908857516964,5.878356384443424,8.469865970275713,0
8.663997583996574,8.916899478401923,5.668865413720194,5.168613896293777,8.057968632800623,6.584493198758574,2
8.18199812709507,7.0165742933350685,5.314742469096465,4.0438932200919675,4.012050834313655,6.0299808654634335,0
7.826268494070892,6.186431822640893,6.007841051565912,4.901719557318061,6.778953361340156,6.056181344008967,3
7.327779348976051,8.699706508124887,6.947628115735124,5.73292747065479,7.010541680318645,6.185069263127952,2
4.681241181292398,5.146050928095617,3.2274885648237297,3.2649987943502268,3.488666579709648,6.5574593359924,0
6.588809433423357,5.74853910890504,4.4726139339374855,6.04094259255368,7.276939602403627,6.94427430082278,0
7.172026984302388,7.541288296288513,3.821913766697916,5.189170216966413,5.5575687089779535,6.079191639775056,0
10.0,9.426915308452479,3.6782266646967594,2.488951362530197,8.726307739184126,3.6229258338982,2
6.474568947383435,4.91134154180567,4.773182579339239,5.82485276718401,6.110760372385755,6.498172150041237,3
6.437447291839069,6.763514662812252,4.697663465400063,5.753612692156453,5.76968453281058,6.031972788662261,2
7.956444727909094,4.874427332345537,9.339080077274916,7.89943616411554,4.057108144661518,5.550974147023073,1
6.972150575123729,6.84118397113308,5.685619556703757,4.966548173234351,7.220026062397378,6.070229674188445,2
8.730794882499612,5.758790655266151,6.9692085754367,6.86712147323827,7.678416033636455,8.008252271090697,3
10.0,3.513225051756377,2.8563253662725954,2.271953244656004,9.90546979571624,8.960177302187855,3
8.354129044384091,8.491126708454717,4.3198151216445595,6.128073562406397,7.478001342500389,6.782655933847439,2
6.487736838744724,7.007072982824981,2.569668652415198,2.4576925550161546,2.958709914208534,6.137062465952836,0
5.633960780309033,4.476653878162738,3.10873922906326,4.536571798361339,5.8651923972030495,6.903784453153112,3
7.052231110734363,7.546738672458433,6.616314949308078,7.383328674365181,8.790012107266236,7.400033407316761,2
7.984846044200644,4.757471200088159,5.333740680943888,4.696653302117531,8.670524630364339,9.947529996228393,3
6.7071668964465365,7.546559620699386,4.72336399102857,4.9693688718008175,6.933009253380308,5.908346968259963,2
7.319168997847819,7.969877402916352,3.815397945089142,4.7465496834394045,8.273060121886692,2.9956868669507046,2
9.139883953369795,9.130673202027705,6.979644788103346,7.2748207233965925,10.0,6.120890250397197,2
8.903530545924514,9.332762069727337,3.4763715310902477,4.292097767256164,2.391876673271295,9.702329260567994,0
10.0,5.290065885844831,2.829574274477334,2.4844839979244666,9.492579793665556,9.310888641358948,3
6.565097832940274,3.0557016446979723,6.4365583816273695,6.198087281958642,4.120259541060623,3.9290159858763767,1
7.094486488306224,4.750372126849127,7.446718304680204,8.097460553898696,3.3941667063139738,3.4682442895667513,1
6.664773794535078,4.743123966364566,6.9966351291512385,6.980656875649031,3.657716364402946,3.3509417136464466,1
7.2278017393682035,5.735672361213152,6.326722213446256,7.755484641129227,5.9735282120747275,7.892551343549878,0
9.332117819468207,8.742113858231368,3.801694326976383,4.990635016627402,4.834342050043732,9.285046922189515,0
7.433599239332435,4.754821927833111,4.875996218852968,4.204634201828435,7.618975427633706,7.503355703744337,3
8.665029621750287,4.262780651142293,10.0,9.130730019427014,6.376190105674302,2.955319215317358,1
7.584553306293651,7.377211943567524,3.921921119744317,1.7553748899762902,9.800685736273408,3.668870938152306,2
9.64965019625103,10.0,5.431236274885531,6.840006521798383,9.63405959424296,4.255612138029327,2
5.29516127218653,5.4523253042555675,4.262679236085755,3.619112092355767,5.836481883315061,5.344346091684669,3
7.682356271638508,4.317743931230384,3.883662405257157,4.034747003854402,8.609877282350261,7.694734702845539,3
6.408223499361729,3.1789854373411197,2.3980263177953205,2.506863236595719,4.849923500617987,5.089543018692501,3
9.470696351704953,3.036395529076498,9.128133454588841,8.782071802515825,2.476143129485803,3.473093601289939,1
10.0,6.765292183179664,5.077517273467822,6.3190746734472185,10.0,9.010467441134917,3
6.350207187390432,4.761209129214691,8.47707136659464,8.261428919990033,5.492600207273745,3.3000465036487117,1
5.523769302508169,4.665293983566539,3.7681065295169507,4.160055640133712,7.2524539096711305,6.096703948602082,3
7.525048818428701,6.294764051974284,8.022291864000781,6.9190707276956465,7.220420391411412,8.107068967355168,0
6.805812743389549,5.728328292536901,7.805443147513376,6.9071797145458165,6.950574240013544,6.578049719994925,1
9.770007660652514,8.194245547583588,2.371746482796152,3.3841353800837686,2.0548216183699632,9.21409984933594,0
8.642826685583309,9.05876386497252,7.792440795398013,6.441760184000767,8.338551344882806,5.997162805425835,2
9.407044405920807,10.0,5.568589149287533,5.179612519488977,8.030001188073973,5.493450113638821,2
8.608312387084744,4.276306947965448,4.199719001009309,5.149492442196663,9.67818990642512,10.0,3
6.734033651213125,7.079106096502207,3.0111516657602078,4.151076959047052,6.398079068988179,1.5139011267838467,2
8.971283333265795,7.118528367534587,6.208188660307894,6.454559772273506,8.137095228306459,8.91483417165436,3
7.565922202823584,7.4900685445229955,8.570495224451953,6.493949184305014,8.486051243758954,7.208843910168028,2
6.956936691464797,8.993220057666024,4.87833619523912,5.133117901288497,3.7122184764579673,10.0,0
6.592069239108156,7.189094892764844,6.232104003064116,7.072557736882827,7.246913605813749,5.549410821654949,1
9.318179563829812,5.902170995657941,2.7719031380522443,4.767489625884154,4.7935810245440456,7.973354657999563,0
6.2689032766744575,7.310021033585988,4.891545821541839,3.1872631599490413,6.842348515277709,3.8905557751883255,2
7.571537929329334,5.905231525936586,7.270530526240685,5.850308258703683,7.089223092962686,6.6327336971264135,1
9.14339063406895,2.8306135974076048,9.71497955310547,7.802818502820879,2.9471097705459925,3.2330128941664924,1
6.097919951161713,6.534054617823552,2.7461550639880006,3.6845795436840305,3.2373140205858992,5.896267035686377,0
6.166057392880557,5.892565465499998,5.655011594210328,6.020868151400521,6.28752087920473,5.180097829243097,2
9.439798962733521,9.53589155259627,4.517315750203595,7.396876601068737,6.4146656912228055,9.839141673243763,0
9.107306462333632,8.786389003095039,5.309822228205684,5.59367865983682,5.424092261566255,8.622049357478017,0
8.487696792968496,6.776245746255764,6.5497942511697325,7.392957844066747,9.439407288079796,8.628330400426913,3
10.0,9.690173876986528,2.607604659588516,2.5468551794554353,1.5538464732733022,10.0,0
10.0,3.7768058858649725,4.66052648075978,3.706752208421208,9.946590674463751,7.791999212168269,3
10.0,3.5613223668455634,4.842109282039715,3.587961225228733,10.0,9.738985818835731,3
7.6391556788862225,7.373683919572984,6.017291469508163,6.063452001436069,8.157592214441426,6.210499817301338,2
7.957569641086997,5.424782405633424,4.181145909910009,5.222112271537972,8.4786388029635,7.055372130025858,3
7.552671686152202,8.528282625654748,6.667696040374777,5.399449459830488,5.449756175066887,6.533091505001326,0
7.038746391166074,2.323978625570395,3.8199036785351965,3.593914882755562,7.805478173430784,8.265185852359016,3
5.154329186992658,5.725902137651452,6.129174578254267,8.039320034851507,6.831217435464299,7.414259762165253,2
8.694917326350652,8.12229398499472,6.675599291650442,7.617406439562435,9.118912995881816,8.390846053240955,3
7.095442593302466,6.980643498660108,5.118250482330231,6.096953191834371,5.812304963696629,5.701318790846167,2
7.27640144884584,9.945620906185528,6.261329979097001,5.324007697795223,10.0,5.315091423188013,2
9.411409406060875,5.302695957916023,3.962620384229143,5.400654106059453,10.0,7.940693939686708,3
7.188848942814705,1.9160968003182002,4.152879222811444,3.7157257122545673,7.8489087891686715,5.395125052378407,3
10.0,10.0,8.017618660324636,7.115375587573595,9.573307400100989,7.118696835044809,2
8.504019457382242,9.111826255514622,6.028170222858265,6.240469731108191,9.155812270948065,6.51803469301749,2
8.803178132364037,6.0104762283273665,3.6720953499192515,5.670057914375221,9.002607990454353,9.3303479595533,3
10.0,5.62156951079756,7.12924791370761,6.277880447636868,8.714246164815254,10.0,3
6.656031692874487,3.0080575027212495,3.12314725734514,2.3669282001655185,7.03630364023131,6.048760592295025,3
7.706346505428137,4.421836855504231,6.6145409370884485,4.474554814897342,7.8656235996323325,8.03740844018106,3
9.164972686649019,5.298150155431832,5.00530255436188,5.467107594641042,7.514852497114567,8.02414276303044,3
8.717757904358526,5.994395453479368,8.627012864727098,7.6235769067315236,3.685227961170124,4.872919407794487,1
7.28019813520321,4.011117560465076,4.302590048336598,3.598822016695588,8.438822231964448,7.7389156668207795,3
6.0051990961510295,6.257568904446852,6.312885199271019,6.022128649942412,6.529833207379582,8.813840095086027,3
5.543689947966472,3.3906809333483396,6.695584564260184,8.277959465020011,4.399631422081049,5.169039895641445,1
7.256692548221548,9.338866996792994,6.167667638875467,5.4829439832975115,7.0867342862486815,7.1378219267440475,2
7.441616219785905,7.092426213213704,6.334589127459814,6.769400426513855,7.142504380793527,7.8951428319838906,0
6.716722423141211,5.730041130594494,6.531852729378829,7.054786000427113,7.471057565802515,7.17991043390451,3
10.0,2.848942568013137,10.0,10.0,3.894306036732586,4.169368513511668,1
6.366392009370117,5.2843034614228515,6.064328235144011,6.301337982423914,6.6877467942910975,5.902998222941728,0
6.475829116928393,7.9279496152538895,6.115210477210489,6.707400614309417,8.477633249315026,5.5367139601713955,2
7.915917321539917,7.037597815707037,5.608977733598681,4.091629724341069,8.45916610315706,4.463547600171255,2
8.881304036212764,4.0536307296884635,2.7778591974047226,3.2123129262675985,9.147167970902723,10.0,3
8.398937126405448,7.711732043667591,6.959265979127095,7.126606800093678,7.605843660892658,6.547885456922291,0
9.975929046108256,5.955672972257831,6.331810471050977,4.113625211472747,6.680549821056772,7.3220412665819685,3
8.440780736584216,8.048012805513835,6.852526821279055,6.742237448631713,7.188338638807156,6.812856411509165,2
5.70510899231691,6.838520543201617,6.535482259957149,3.907061834348926,7.488012153648618,7.421338889482426,2
9.352042365041425,7.197656978363121,4.548353213912479,5.040496873379101,7.865325030442902,5.1639408848506765,2
6.0287017805848535,4.368786091059409,5.271460769163277,5.43837176352449,5.644177316011023,5.384207126242451,0
6.839622936458334,6.4487415724888875,5.467213525876529,5.279759283537729,5.367832111516591,6.570771380774709,0
8.667723190250463,9.933720439340648,4.09022999125815,4.2007343182250985,8.824537413730196,4.090787835534247,2
9.471850637927078,9.447438461185449,3.248478802770942,2.4999044218321353,3.302266053069435,7.949034322899079,0
9.102443787777835,6.168440948069913,6.985779260619315,6.492688306841924,7.682788826098615,9.536147152294282,3
6.092627429736124,5.962442036730369,6.678781290303048,8.624693297510637,7.346983752508895,7.428117349415304,1
7.78783674638795,7.123278856268627,3.8724044780981397,4.484169715834923,4.711585551407042,8.401987861277453,0
7.256791775762943,4.453315237955029,7.196513279908426,8.761476952144136,4.837243686987539,4.498255569982177,1
9.681868264152,7.7178152898746175,6.381603449599859,6.927209399332875,8.054577075091682,6.300560093411168,2
10.0,8.394073214353925,6.307133956603686,6.7064607253580295,7.262521437126864,9.28745454697064,0
9.446434658827618,3.135993409377286,4.050891182876733,4.662924549204331,6.8184244465489865,7.89022786910172,3
8.779113582294748,8.9670431942753,4.225144155944968,4.003890813786035,3.154493138086348,8.586890768026043,0
8.160471241791766,7.6544859680262,6.46103383401741,7.385674990104539,7.894152759097658,7.659286757665976,0
9.88216603791465,9.477676875095222,3.164787747831528,3.592559578792673,10.0,3.7200864824410473,2
9.713230003237635,6.1155111908751465,9.405667957697315,10.0,5.420830616155354,6.3803233664132,1
7.814638968933404,8.849257031536709,9.251501228483527,8.923269285808749,6.420512734297955,5.968521304856026,1
8.034686553524793,8.849318255045194,3.986346850583913,2.2523808514577,8.990381720821475,3.5177811684573976,2
5.90655210678663,6.809270786602433,5.1114602991784475,6.5135595184559465,8.000683667418926,6.661044429028626,1
8.67418603536919,2.7922176758234007,8.343370387429072,8.491786387725492,2.934306884421594,4.302752413802884,1
8.42771037536843,3.1280249293970845,1.6967925795344518,3.851948206482562,8.311328106172859,8.46297142729074,3
9.995974313340406,3.6159572921871344,2.6657013789867072,4.305156955631594,9.240653088286702,8.531255757527642,3
10.0,10.0,8.515537304975378,6.950011677224813,7.160087106982173,10.0,0
7.0619226250031595,6.481803239035886,5.728266987817187,5.064995405166853,6.283603096127256,5.3232708280550245,2
8.703391731614976,6.214110297898526,7.5294234372730235,8.569989607621975,5.343768997108431,6.046937270285044,1
8.389779169349096,8.445752534000084,4.398224704027633,5.040499677748513,2.599357953208764,9.64590899579861,0
8.055304415261478,5.491481479559849,3.764413574859839,4.3940717486677325,4.091876948360637,7.3322620452641205,0
9.087078376501038,3.765065381299654,2.6378136950835867,3.258879146955242,10.0,10.0,3
8.440853703132987,4.780779015559154,4.577082302473298,5.572611857344192,7.36534863868678,6.449484188133623,3
9.512190017951454,5.66402035957247,8.444852632763519,10.0,6.725049792786079,7.57748141245297,1
6.760986094888711,6.5535569882241,4.415084437371659,4.673162228100224,4.965744896637434,6.878544537607773,0
9.83990222732561,7.242416031127266,6.439465433607527,7.320717134594495,6.183551330850355,7.572219438257142,0
6.30402747446404,8.072173313309538,5.605841444130576,6.6263284086886935,7.1691251185941,8.054445243315772,3
9.438456080354083,3.018120511535818,9.354426963087873,9.668116936010648,4.921053210820092,4.729920587965179,1
8.898417922906525,8.03211517014005,7.503495112677952,6.34444449036501,8.541386605953484,8.98283816191903,3
7.893157086828858,7.369144138775708,6.335541187183766,6.959947594090994,6.693153645065656,5.771918441039444,2
9.486794735696852,10.0,4.329078118722633,5.697546680827166,5.279584007841834,7.544463887661839,0
5.979717015459447,5.801657894951686,6.5364432649145545,6.667649691194497,6.439540413629924,6.835368141468339,2
7.642194216660837,7.493055186075902,4.8342808870764955,5.973422729589962,6.134750754917479,5.720271562265676,0
10.0,10.0,4.463146183511212,4.511122358795326,9.533482385936372,2.8564976652413483,2
7.799133308875291,3.473539582856265,8.630450142059736,8.83453012680389,4.602175213418581,4.6620490056131985,1
5.323206522914499,7.2446089426625715,6.75627195365081,7.546936263887174,6.521794521965082,6.52132449157987,2
7.522416058880932,6.807616533312992,8.716633628163235,7.51109829954359,7.974115724418941,7.181244449553198,1
9.26667497972318,9.074196283268972,3.222413984072374,3.7037272107528474,5.148882311298239,9.85671712411254,0
9.105032627773538,9.231702022151042,6.95656606214483,5.796950989047808,6.967241324498472,8.575198610005671,0
9.726054994338018,3.1628237215238,9.823430242016423,10.0,2.4724495913105735,2.2951724749340388,1
9.133422415800284,10.0,4.791707605420322,6.447346033617061,10.0,6.158682319346608,2
5.1359592216232866,5.570860304297032,5.545035474910485,7.529576939648291,5.530460916308641,6.0332132049081535,1
5.1976043101738725,6.353210148362549,3.69412560302196,4.700730038438747,5.410810179373769,4.4442549968029,2
8.00772772239112,7.417992041236042,4.269329904615122,5.333057327935336,7.110752537417014,5.785928750695916,2
8.931515173309716,6.469870968498608,6.370103772510898,4.836184759786164,9.761425204204581,8.46797748356684,3
9.536685492107981,4.429033667740364,3.562723167535575,5.015486628354168,9.81693479643509,8.855249061139014,3
8.036677501639893,10.0,5.200295678396868,4.892119218049633,6.684093598436267,9.172808644306972,0
10.0,9.615139495847226,4.9736128589867485,6.076936832891686,9.975673155256963,5.626632727103119,2
6.629619536424119,6.421926194420551,4.215884114170829,3.5006874460961113,3.894289528041843,8.52633246896983,0
6.757282431648479,6.841990128346785,6.237201801332795,6.9903102915391795,7.164680600407242,5.543630819017604,2
8.230778561330585,10.0,4.605772162917111,3.6695036806847323,4.7667939882362775,10.0,0
7.508659012206572,6.946398164377687,6.162302842532847,7.071307295231259,8.505891160545255,6.215407416605749,2
8.509434686724905,4.5127969717463445,3.3576281326163513,2.9347007146015223,7.670168451790487,8.36923140792526,3
9.24766823045941,4.596444280257566,6.187256663032112,6.4956351822319895,9.888231329866848,9.62831248625674,3
7.306239874401869,6.965428631434706,7.1775653868301665,6.988037497940155,7.47287494190587,4.891428768072705,1
8.43175216150197,6.165392000975018,5.005692869910311,4.22544634132827,5.6574222424824745,1.8460098069422926,2
6.8838019039911025,5.6879165954877156,3.3569003489202065,4.778064560663103,8.078113646308175,4.127334524643706,2
10.0,6.542946550877806,7.2151729422566815,6.425225253437221,9.52524835816057,9.811156822116033,3
6.857343505128765,5.836420764792258,7.586450973085504,5.607157391997087,7.489379793311076,7.142268917035722,0
6.885452749548901,7.37987801142882,6.429442872613734,6.264914585747922,6.713687443685686,5.877308670365143,3
8.523300949566998,6.191679509997516,7.6704893828064975,8.753345964478646,7.131724105659728,6.975785394056325,1
8.317402258198179,5.825252748410493,8.160957413019629,7.816296773996887,7.784283914008644,6.929934027460476,3
8.457321392789446,10.0,5.006339535667817,6.7232900899436645,10.0,3.82416711790846,2
7.2911584072995606,6.385447447893496,5.191727675372583,6.635272268452445,8.51876180639492,9.882670831776505,3
8.189677131403705,8.598144584886516,6.038951200112212,7.354116300151595,5.641634672598776,6.911117627894138,1
8.505955435349437,7.921118468799223,4.077808924187713,4.994489079212823,4.482120371071914,8.273566980917034,0
9.230001104397756,8.539693978461596,3.611245552703767,2.3003248693494607,10.0,3.5134180829816044,2
7.682317157269961,8.596920525080954,2.995711126251181,5.3935362054579885,4.984848934917927,9.18885001882161,0
6.767641073033509,4.323639199287112,3.931368609267336,3.6164197210545685,5.218479071236579,5.711858952775201,3
6.688340773390329,6.800170722301171,7.989575927546986,7.501404828456347,6.0289233168441525,6.719040201827658,1
9.926211954421115,5.938646882383021,6.1975585486207,6.030167358033507,7.7449760174583355,10.0,3
7.233849957645628,3.7026122630075053,2.943994938112809,3.259253822165686,6.271343903730848,8.019989124044121,3
10.0,9.231792610496756,6.270685424371954,7.732870141870017,9.823084270579319,6.769628171843109,2
9.474697392923053,6.59969959642649,6.411869465199546,5.500406085610807,10.0,10.0,3
6.99258616558706,7.479446785146811,3.7508971639530104,3.775219785168645,4.502509659625415,6.6862511592625875,0
7.306087126741689,8.35418556419101,4.906675510175579,5.812068523872629,9.717700477622465,4.093501314453821,2
6.84771318178837,7.890078883936676,6.180904950804237,6.2197502188654745,6.345203194379965,5.896569272962532,0
8.144663658543081,6.398100005096731,8.998228765278148,8.02307934627924,4.312485944330042,5.97967172939722,1
10.0,8.032163796748662,5.061832284969404,3.4576244852023192,7.344851623116679,3.2786931615353607,2
8.793122046360155,3.0649360175899867,7.140687528765921,6.854727779869753,3.924491412816659,3.9633985817411186,1
6.791723474204821,5.149554800135635,6.972652610660177,5.944001086654271,6.0956714165148185,4.471309303862304,1
5.64256806036255,4.232259565188924,7.621500201838616,7.490102882231855,3.3491552527212645,4.137761660803998,1
9.225919409015944,9.513185543872398,4.804376105642195,5.516573057533257,8.332235607625867,6.336797386109625,2
9.367261516802824,10.0,6.310478656668689,6.173928584000492,10.0,7.504744090396758,2
8.10332633351055,5.337978513347302,5.07114510616517,3.643936144392264,7.886186538946184,8.077893943623021,3
10.0,3.2159481652904622,9.011521419172903,9.561614203910066,3.794802534686999,3.9506533914799746,1
8.28844857412332,9.774522058726712,3.78512216113916,3.0922316864430446,9.07857023625578,3.690259613216534,2
9.993481541451924,5.491396205622197,10.0,10.0,7.135625618959256,6.359450116262243,1
10.0,4.822848995040586,7.8307758754771974,8.242977546196482,5.987940076965613,5.972531679215339,1
6.342965229252928,6.766756912161597,3.9193048861224478,4.456455858632499,5.647998977096783,8.173265060389314,0
9.492489050775193,8.365290475263869,6.175751709356951,5.447460353761949,8.38512654851548,5.348450619873713,2
6.171464424018499,5.077319512420857,4.043594026098374,2.2467548587546355,2.9914809417959187,5.774602676128097,0
8.08780337453373,6.519331883293562,5.25212861696182,6.449947263495584,10.0,9.209640845282212,3
7.38821282647343,4.647058131745302,4.451120186545298,4.1610500090275,7.739916284209877,7.151526292555146,3
5.367392931114076,6.991781767460379,2.3116927350989194,5.240664431626232,2.7891465180583834,5.975844719826325,0
6.7351436552677475,4.733437596251235,6.38558175692626,7.427004947411935,4.767706492483289,4.730103183040157,1
6.53940002493078,6.523600941617528,3.981619459393245,3.549420160365301,4.287595380453187,5.1623397763984675,0
6.679084344001854,4.036125110277178,7.121414984230004,7.060218954192175,7.002621533251366,6.494594009196968,0
6.929445796680416,6.998452785072549,7.774938974275249,6.4906936334736685,6.528689642756374,7.475043663305419,0
8.788892888061355,5.064508989339044,8.543003140864782,10.0,5.876341259268358,4.7506011647212665,1
8.481148423055593,5.6549882075402405,5.592081396428113,6.199831773560596,7.53084790769157,6.7822176916631,3
7.122175868305898,8.171664012056599,6.319151500620786,6.76949626289096,6.287411341332445,8.613245329188302,0
7.9635142550580635,9.075217767491642,6.08812793679271,5.172681381141777,6.193134132227155,8.469746167800299,0
9.011529205757896,9.750225605501377,3.1768948647964192,5.053200713931882,8.341362814462698,4.674430456577456,2
5.807889951995987,5.691795207443679,6.2955338018784355,5.511131001974562,3.970408340467228,6.2205337885357155,0
6.646334299601372,6.790725074929,7.110549014068415,6.1801490301199005,7.0823186544500025,7.564590321819396,3
7.871989267779236,6.081067307538759,5.837252434557338,7.080077380195158,5.5844239962954285,6.248333509446901,0
6.385681189580033,3.7346754402909075,7.4472038318747025,7.37047817997635,2.094343421395038,2.3121044902152397,1
5.009075366363881,5.3593757484018765,6.805862266626573,8.194637873820067,7.2179973823071055,5.632329080849692,0
7.475823799814002,4.441468673127899,4.959855230973159,6.452298591569613,7.876713627459011,7.552336919336356,3
6.812731129525959,5.664244214495327,6.497226997424588,7.149406980786786,7.278739002993069,6.885871366917486,2
9.907399996001594,5.755587175311458,3.558901475285718,4.208066079784724,8.60411645383225,9.1517904288043,3
10.0,10.0,3.172349704106984,1.8607406854812525,3.3222552211069623,10.0,0
8.870610757601288,4.500241521265869,9.162421843720033,7.6480839764037505,5.574809747301825,5.40761653110712,1
7.640462555246048,8.646122620579881,1.8970622179834953,3.011083825510928,3.169448533171483,9.130248656728929,0
5.675600500263864,7.384513389337827,6.425288825332463,5.604388548251845,6.168374872377515,7.00900293521744,3
6.470311571891225,7.303871894959883,6.884546580363969,6.552823363508004,7.736103465288147,6.582449721399761,1
9.84748464121637,10.0,7.401160158675573,5.086510706426956,10.0,7.197214691944972,2
9.950190556514775,9.479439834788886,5.964671594080965,5.316307156285139,6.736724694217436,8.754506044002136,0
9.809813687249937,6.277561683985008,4.809504762585616,4.633354325891062,7.905982336472466,7.404015484236635,3
8.410541752907237,8.14673433631696,7.325954803272361,4.742138535931641,8.98304019025155,5.272987448119237,2
7.817270748766125,6.025830740861059,6.85837483655293,6.666059429500396,8.977272687510403,7.253117364606996,3
6.70467114047854,9.2080887938778,7.485569420066369,5.631517370885206,6.293043718904672,8.648644634231218,0
8.38330782688815,9.02611083064996,4.071334615231943,4.324790252753061,4.973578286852643,9.021813478889568,0
5.743159853651243,5.406167262658924,4.946980837332517,5.054066468507607,6.240717438590696,6.782033787249359,0
6.921303178572878,2.894152616440191,6.580536995737577,7.399775247308985,4.5004787281239995,3.907181227705708,1
9.696227245859959,9.958525113642253,6.107977521861229,6.033613346576381,8.306290300746308,7.330688838374118,2
9.577456331818741,8.534946184287055,3.484673898375732,3.000226569159433,10.0,2.2366619236567957,2
7.57588008144851,7.111907491880822,3.0858908811276886,3.5246303027295,3.924184266926782,7.895796287128485,0
7.054519931495347,8.347523335334717,3.352921943562156,3.5160889828752047,3.9895727602969107,8.17115155855129,0
7.805330616723971,4.657672479195768,4.155745224678365,7.430250362959162,9.78318207274304,9.248548868763839,3
6.736272429492429,7.669051315768828,7.1589830652091795,4.557837076321351,4.1675504426462595,6.551818386789876,0
6.991906388879036,9.008764774020587,4.396278219035547,4.890433538041285,8.29504055497347,5.290347163223599,2
6.461156117433371,5.2606588795123015,6.524245254685007,7.382195175456202,6.020898259411206,5.813307698175569,1
7.860167444272337,5.170097696724476,3.5949873431704837,4.300969642832294,8.469554324621575,7.98213041528678,3
9.176367604828318,4.39989191063782,10.0,8.515212722267718,5.555607756359607,6.406522244514677,1
6.555191377106191,7.557996257219055,3.6293376403863453,2.9094271080232423,3.228358254946699,8.03564148954328,0
10.0,9.64911574040136,5.749265645076412,6.1018738092993425,6.6997379475766206,10.0,0
6.152506922733587,7.413469851323191,6.548472347729406,6.581401603891809,6.518154016165825,7.155234230895383,3
10.0,7.071391624431856,5.7832943397090855,5.512778694963803,10.0,8.51904954399975,3
9.755664459181476,10.0,3.1978144414966105,4.851159133133521,3.35989991555793,9.371578551407763,0
7.572973316246646,3.3678308808063497,4.217241640262155,3.556276468721512,7.294709570688387,8.65903041299948,3
6.826076466900194,9.206011813173351,4.057190524048977,3.2628599812099983,3.5285010318705683,8.317140207533571,0
8.962341990045267,5.467496966308974,8.874230092030784,10.0,5.630164995845608,4.519355835207407,1
8.819003238709406,6.6006183360889,6.680105676822854,7.715877402602771,9.537596471897917,8.092582680923291,3
5.80489078131002,5.692550373871671,5.083300493213871,5.073463485035659,6.038556241930159,7.42198831772807,3
6.691321945574863,4.512407256966465,4.0210760693677505,4.521173425114388,8.695492908193618,7.708478602288146,3
9.708166134173698,3.9853959931687704,9.705244694900598,10.0,3.8168985174561807,5.201495404854822,1
6.251362524546348,8.655001044846706,5.602319214138783,6.024528679186135,5.602441529166533,7.177013838341141,0
6.533124545784901,8.298585388050203,6.917414227058611,8.528579302095588,5.715757325529021,5.967820935905912,1
7.5121303215263815,9.02535814757439,5.450447222553118,5.902974406046221,7.494844603239946,5.786394887753211,2
6.323915751349658,7.491799136641369,7.635360930918084,6.866192729304457,8.027595319409878,6.236085865615897,3
10.0,5.54482218528066,5.785239302251922,5.344991978986973,10.0,9.2782538105354,3
4.787016831700813,6.238956928007892,6.574329483328695,5.267414861068682,4.596490072733673,4.575493771542183,1
7.458129621113061,7.26627462470293,6.791044239899644,7.468089069991198,8.95834987584068,7.7138050182549085,3
8.426234347058854,10.0,3.031581524058124,4.225777033146122,8.521052660398608,4.51251161610606,2
5.410037966010102,7.302574966192099,3.8395302444043002,2.9222769692538186,6.205751794534325,4.428520002880174,2
5.77101239574338,5.337904933235716,7.196836474475722,8.621297800439635,5.579917119701342,5.192984209785809,1
9.394983347688306,9.889784216635682,7.416762833451656,5.317730694134552,6.847444275568526,10.0,0
8.19720700382937,2.330354837205232,9.159227182461482,8.25883227099782,5.1485414190686525,3.935505081865892,1
8.303591355108498,8.136747429695582,2.7306349546801036,3.921919751480422,7.398484669774898,4.155830168060709,2
9.85261289947551,10.0,4.212506430427466,4.0769720974831,4.0855618265418485,9.740562708315247,0
5.580625760581656,5.706016381256543,5.528322761742692,5.713877165350069,6.518024751885933,7.503169813205324,1
8.172104388259088,7.870030004766608,2.375573322419457,3.8166293747962747,5.818147840090619,4.315428803094446,2
8.746636507820623,5.802832899211076,6.655428506915292,6.519467100112008,8.273673988337594,8.954460222024428,3
7.989834851039236,5.704701747533995,4.714022512684004,3.1371133488585863,8.012644559926963,7.483014866236314,3
9.391173524392157,3.289210027354331,9.871847547536978,9.476086146858195,4.15200903848804,3.9351798848260833,1
6.661694254616588,5.798600603566472,3.6103413531637374,3.340583527107966,6.164981248466044,3.642220689434055,2
9.285665305225123,4.515624351355024,3.8928841361626696,3.0415488696358635,10.0,9.306199735900268,3
8.200644506914518,9.39381612179796,6.530484192152653,6.418530810351493,9.363023132315416,6.065154805882581,2
6.609436026113038,6.2950564994276785,5.27399332703459,7.788822388366426,7.073021738090391,5.778015996589575,3
7.966978609715131,3.921015817217534,2.098567151132432,3.312170918295751,7.565648084065933,6.092834786483735,3
8.910188094545866,5.927860437710481,5.629321017455987,5.033884753825912,7.466683750816923,9.217996587858329,3
6.598929572353092,5.647337681291544,4.60626776811598,3.556207940392497,4.591982268300264,7.863064761596203,0
10.0,3.1643863951648576,8.080082339082566,9.529582069179822,3.7492635915738575,3.867477259581202,1
6.499900184474538,6.567136223744528,5.400432743746139,4.584258754128849,7.9859917101267195,5.295733458162186,2
7.600500770303596,7.3275587785897,9.604379788606726,8.367360675263667,6.688054396742753,8.61658413193767,1
9.5930447967103,7.7153323249249315,2.0217091547555643,3.183915254904439,7.1878276328788315,2.8169661071150367,2
6.643173620276535,7.387461921535526,7.742713511189645,8.010078802906541,7.646965242758014,6.073899266544928,1
6.806997040530644,7.764878848553921,5.176276515218468,5.299127142879273,5.2282690212124745,7.6298731473779835,0
6.95289522231205,5.331540461721192,5.142419608190721,4.592756472818241,5.862771113905348,7.467354336120614,3
6.615325148164773,6.157481583112343,4.418884759421707,5.704228836383294,7.4630833671380294,5.798871932903588,2
5.929772290205796,2.4747139780795386,5.365631702219737,4.746433083360148,3.6509048256761156,2.854025671409188,1
6.0180283653814755,5.63160445369302,3.95675077790471,5.45488099673811,5.30664566430446,5.8027543538428406,0
6.863396632676464,5.115889932721481,6.060537382135495,7.350653900249533,3.6296955070638286,4.493653012203051,1
7.691884855714562,6.563718553766494,4.713689106573836,5.20243045993354,9.251604922612252,3.576593364819573,2
7.822997260472484,3.3818281387698157,7.584266173927294,7.85205871585271,2.7442431903850433,3.013929585662733,1
6.854774115762875,8.219621115765895,3.939827206394604,2.2428558331318316,2.7025403799834895,8.388433888051173,0
6.677565958936101,8.330539043510619,6.795863048770767,7.057266909208499,6.1666008651993,6.7339215556581955,3
8.856093945874065,4.96602872190139,4.760663804165771,4.738731583762026,7.777854675774452,6.7978973710079025,3
7.210762333120222,8.01206669014353,2.5702031954049476,4.475590434632427,3.729314512967209,8.071958065073039,0
7.829380516759059,9.472025458851734,4.927166183708536,5.9429396557303935,5.841092485081358,8.487092199254649,0
9.255014432335763,9.208968950255013,5.132565217975221,5.527908771139391,5.921864332314122,8.431314830628239,0
6.704438251517917,6.909787630348385,6.861236689629486,6.991115156346996,7.3713658563774525,6.758022273122869,2
7.0498190188398935,3.2896654496012103,4.612876795756915,6.228152100290507,2.892574745967608,4.223296970775262,1
6.26312222657,7.531638966522973,5.912552543410091,5.097520353726051,7.6920931378842115,4.6157795191583375,2
5.735946792165015,7.045323472381657,3.8278077477690555,6.378251463679504,5.13092746138781,6.250598180060011,0
9.286853375253488,3.6860821552129055,3.0239783312315636,4.42942415666425,10.0,10.0,3
7.81835225674864,8.680114569403496,4.78626177979322,2.608750924300222,6.599672294404656,4.54168908141515,2
7.788444733421988,5.091083251282333,7.877085122265715,5.095383338707697,7.991083121587384,7.5269494069811325,3
6.1900057061120926,6.881792299512973,7.413771791756246,7.310033764453584,6.217033168000513,6.9738437825289,1
7.948832302415583,8.130739420949668,5.791531739692144,5.011837330491097,6.03928746975868,6.414144152275201,0
8.945530178376204,9.55002609003121,4.5550119486540614,3.3514222875636746,5.33917426026063,10.0,0
6.499063630984796,3.8765489868715908,5.784370742126705,7.032448299236035,3.9848327250415125,3.558073857495031,1
8.183550555245189,8.60486659411758,5.781819062812328,6.823926768593181,6.532201159469084,8.444945635856435,0
6.009113529104512,5.158637972151628,5.692320879759768,5.334902854381747,7.214392892237974,5.544261462030458,3
7.896007197559511,6.7451520656019746,8.757952670805864,8.900060446219126,6.971960529582034,6.755671410214114,1
7.829982683196725,3.797342375923984,6.418762240103566,8.204454778898635,4.191615278942487,5.30886922764452,1
7.0580243366268585,6.760455685621132,5.4045055788019445,5.379411109908362,8.07754658730439,6.4358677041743855,1
6.431513931236154,5.786921957184287,4.897699897578346,5.786410356983382,4.399175921841339,6.02700348310808,0
7.789240920895665,9.277486816987635,4.80689374175808,4.678028434102335,8.803767991806744,4.0454312344222325,2
9.514989605311097,9.032069625177515,5.8661995186790055,5.283065773274746,8.199987812363558,4.99851975443227,2
10.0,9.421860755086419,5.789899967305214,5.41141095907304,10.0,6.007820482485586,2
9.595590986820776,5.285467724340907,7.704460667937422,6.120363334040476,9.507224022753057,8.629479404627707,3
5.2027650282672475,3.057126781670574,4.269068181959612,3.3553201845969296,6.129777641062193,5.5482988380126015,3
10.0,5.6037069542720035,9.592023705878612,8.490062546397573,6.5855808097538,6.541175489772698,1
6.6956262255963015,7.14464979803191,5.007342672978845,5.559330353615288,7.102531099650302,4.778035483337399,2
6.049232980272183,3.309755696503125,6.477423411179024,7.050504368723019,5.514161519034875,5.123286776082198,1
6.249167964659696,7.37186934953558,6.534377402162271,5.8390020536357765,5.324735171668964,6.573875587148574,2
6.36283960344937,5.66276199002884,4.181742126535214,4.110113070606773,6.0754836484877535,3.561141165911335,2
7.347580431141872,7.656928798257201,6.282121642450647,7.184221934828567,5.119598681876722,6.532393069721144,2
9.113942600834994,10.0,6.342274169679189,5.414867309421351,6.162765153300381,9.689791400987003,0
6.896729445137307,3.5718536481220435,3.489368214649061,3.925844020542667,6.851891762443131,7.9273919617387865,3
10.0,4.41318171605972,6.422900015694034,4.62216037895959,9.404555712364466,10.0,3
10.0,3.6450516326771214,3.857186264006365,3.1263979411220015,8.893016583987436,9.410267709373924,3
6.267031676727996,6.7925185376548685,4.8606959114574915,4.263914871173249,7.122449084850676,5.595280524833276,2
8.024720813660817,3.524439070934524,4.755191837473273,4.35398130363383,8.870445444086444,7.464623658487729,3
9.979657575007815,2.553461635608029,9.343808866606818,8.626979870782353,3.971892474339501,5.196583481628514,1
5.952380148897944,5.88323616896498,5.181834549959116,5.536099166219947,5.216258821181678,6.800833770950476,0
5.405368550385777,7.78920165008552,4.856452850226077,3.3335397222837146,6.966578536677117,3.3270560713258295,2
9.603244557423867,5.293470543944138,5.419880513651194,4.707335679906094,10.0,10.0,3
9.612698900307736,4.0330509314178125,9.799144097443728,10.0,2.7078764746651736,3.5000080765399253,1
9.289543247454656,3.674776419446379,8.613273427258433,9.00401758882931,2.8141934611395008,3.67325554440933,1
6.180129093000808,5.799511172746484,5.720808327618182,5.385835175860931,5.555689568621153,8.240618041115845,2
8.256301645627149,5.050394521139797,8.191082667293992,7.494474160558276,6.71130273571131,5.367011396603969,1
6.459578975045841,6.786473418342553,3.637640239853842,2.7781311315703148,5.5243078659685665,3.3256160663650114,2
7.244992761845309,4.251003669108598,8.827737688108687,8.455191813833036,2.8211157867931154,4.2221415977709515,1
7.1497988421892735,7.787135857518925,4.978582797018677,5.74737609467222,7.5996521403041335,5.647964253572765,2
6.419318256969877,3.3297326385410813,6.778597217707505,8.598523793963098,3.0712259066222227,5.3236181420440225,1
10.0,4.07124165826588,5.743668900469817,6.622204496943809,9.843937796249417,9.176753762613018,3
7.207074435302702,3.9302330261462024,4.0907076749977085,3.8720636223397804,8.822746828856776,4.983659268003835,3
5.183352267223683,6.519830746383219,7.162320803002849,6.373133386252509,8.015506028262624,8.368047730413092,3
7.724102794007288,4.54062448060059,7.233430260517878,5.697867674015707,8.452831712424699,7.908196701916193,3
9.49370743535907,3.166398208094274,2.7209884552134027,4.299445342952122,9.257972779085229,9.962692984502326,3
8.958022993984692,7.390161021188675,3.2934184219054767,3.8855865984623446,8.459379598165944,4.359050766126583,2
7.070453732412698,8.096221553683712,2.882799333333092,3.435261036345789,3.4127958606245348,7.4654553994544655,0
8.055680331603964,7.85789774128291,6.654840147749548,6.60356785838537,7.1776446409558154,8.258233303902442,0
8.190116670870353,8.078967318831946,7.737964142317501,6.27215139522199,8.033433783730267,7.945323268770929,0
8.432146226055256,8.936562158673654,5.852215129595102,4.994396804900784,6.110534607792458,7.105494709633126,0
8.245053208503425,6.031005401038278,9.336132360764937,10.0,5.277423349374867,6.341589025161971,1
7.687399385620326,8.078632881059507,8.169596093168865,6.610013213123483,6.6916706228138345,7.2822580251729825,0
6.723912292374177,4.549015343280098,7.0668183865779906,6.337417194768321,5.514551346345223,5.097821791275535,1
8.970109284503934,4.3507753835544465,5.797566408611972,5.08874568967537,8.206093120048395,8.310899448150678,3
7.459297152944976,3.8853521232876522,6.849098415451943,7.636328124320518,3.071548282775709,3.118438410786789,1
7.835632544401459,8.025817158773929,4.293017645815474,4.056966877782221,8.611390326439064,3.029411359282608,2
8.620342878318395,9.257798914540357,5.069016696693854,4.44290044759357,4.2721339007080905,8.581015713841323,0
8.038711753875617,7.228332088928785,4.207615308817266,3.8001997087137034,3.5850351488323864,8.8795554800692,0
7.779475052945127,4.653383921440509,5.720690859922088,5.431446595598358,4.898304606307805,6.699910204018806,3
8.163397697706676,10.0,3.01783002782452,3.2600459855711823,4.0559558374246585,8.682045592475204,0
7.126751123301421,6.105223145531249,5.141317308841171,7.1619885398981165,4.616613457722719,6.285457866335715,1
8.176616218252352,6.898047882511444,7.30823292361637,6.859218690098226,7.195615744736467,6.483068341041658,1
7.753853561412016,5.7405487816813014,5.460203216892369,5.437912531478116,6.914450811603254,6.521307163848098,3
6.1320747458533065,8.164341934079482,6.25990788404035,6.68454030108641,6.201985407568731,6.821034436501283,0
7.2482351149458975,3.359982698587088,7.503050038058409,7.840110981678013,3.629873513964775,4.35502957046636,1
7.946507290521569,5.230305638546685,6.698868441907695,6.591146238466533,5.531139555970272,5.110456990230681,1
7.962846510049343,3.2951165293604596,2.677967087333643,3.368443752725564,8.937117937328829,9.388571549895866,3
9.989273269479977,9.360278046316974,3.577879124718832,3.3186722232639903,3.3908404511300576,8.95619830499841,0
9.465518630654376,7.919780779211608,7.111490733086446,6.4894450500439875,9.23207812524437,8.6099893511603,3
6.379278325745636,8.272452287638526,5.417419087361304,6.331391025274856,9.70764972507034,4.675686878507192,2
6.198825357035346,5.946275457670812,5.34325837721482,6.646553512703542,6.101658761005378,6.407770372065094,3
7.026033078638318,5.797663605969845,7.4951075688592566,6.88149533696925,7.3098041958839195,5.689316617571679,1
7.871872216773324,6.9132565574937725,7.24454559590853,6.111072609811827,5.635500335229671,9.116284884594839,0
9.180761231785139,2.8424996351326826,4.505557609719341,3.981233742179589,9.091630002653606,9.970008502048932,3
7.6011700298068074,3.3584561463410023,3.53952008042345,2.6315425176804887,6.944774071768801,6.1518575071339825,3
9.221775235392288,8.817027483939876,6.479099912660902,6.269152173301585,8.408248191039434,7.4300136309861475,2
8.531235575761585,6.805773097071411,7.967802425973913,9.235740755047463,9.348104523435277,8.027918653327518,1
7.998603060071998,7.201140635610286,6.582695848127177,5.28368517073958,8.887869809172802,9.300075255174473,3
7.255162112757867,3.3214727261807355,4.607665229347983,6.422379721348251,2.6439361673730115,2.0235636362283618,1
8.304507563337479,3.4930088020077497,5.139236790742577,3.631356076890965,6.49787590647888,7.78810482195007,3
6.291770148265651,8.530333230261025,3.932683881579693,4.586814986176334,8.76613385619022,5.009402256011319,2
7.986485752034525,8.585315191062518,7.0953529322953965,5.156397235555223,6.647287542876169,6.935783312149384,0
6.57981465378349,5.361557323076883,4.944434213705101,5.496463244606697,7.309733999527236,6.031898967131732,3
9.536912810705411,7.560825325002243,5.163855605636987,5.732886798741526,9.300256574541955,9.680504112141893,3
7.6164125330756125,6.4227278044208465,8.441849900981088,9.01024603100162,7.2993138161429245,5.215014774144045,1
10.0,7.174609558232003,6.0754386532059925,6.655031977813726,9.446517348647237,9.23122413171766,3
10.0,7.509146578468307,8.536554332655186,10.0,7.931742368700237,6.884745728107547,1
7.980618141061646,6.5701837561993415,5.075160071390968,4.3835109123896085,6.1515541099282105,6.209859413161065,3
10.0,7.244732857970632,6.304264617567392,6.919758508862143,7.361267352484148,10.0,3
5.196327291527295,3.723969422523721,7.637941218202032,5.542761215626831,5.3889470675785,5.144627784217296,1
9.945550927483879,3.3829900707306773,8.123752780984889,9.790086385365683,3.997256365276561,3.7695055592063462,1
7.7839512586536515,7.142281364879978,6.762140114948693,6.616917786698849,9.47815704101097,7.507176165505798,3
8.362594843888521,8.312096804113663,8.407675234512059,6.772873385837311,5.869412769072774,10.0,0
8.448674509148619,9.80113501753945,4.05375157230077,4.412030841003285,10.0,4.72788748865309,2
8.860957753348401,8.649089182200697,4.215307461164109,2.8834436568430766,10.0,3.61124288929721,2
7.487330503066265,3.9029909035650503,5.054260661261566,3.7121394035241915,7.555477810417025,7.535132974345821,3
8.652886084417528,3.8099147239026507,7.836748108064009,9.291168450338867,4.698173187389626,4.616244637175605,1
9.593973627470527,9.286241657350761,5.702629591006022,5.412235820434299,5.607872363662369,8.55993601694706,0
10.0,5.8095005619024915,4.341841097238858,3.838069012425028,10.0,9.199273897111263,3
7.015529259267937,6.836107369951634,6.124151944470944,5.025121717526863,6.19224890024208,6.103118204043291,0
7.420617693961187,9.034706127275022,4.56025010535504,5.017257528663285,5.095893929358609,7.578176378708104,0
8.425476766028437,7.59187085026441,3.9005836188042537,3.674733921745224,7.4594182821419555,4.753631668893381,2
10.0,5.165391073657573,9.83093280643614,9.497626286319804,3.722205214860404,5.107871723097688,1
7.3374437594546436,7.237218965215847,3.125124282464268,3.7249727572796574,3.332472407939053,5.428425551272176,0
8.762046591918303,6.084622230501493,7.882431080119141,7.7044795356539,6.414738906846188,5.589403039396354,1
7.04274406525019,7.391964612527232,6.225064796434933,6.2211450821126935,7.937375082814779,6.499746951197725,2
7.7377046455427285,7.6638789308053346,2.927128745181465,5.660044439644285,8.04622888592054,5.893853948796137,2
8.522119861169548,5.746341231218513,5.9205275798687635,6.107756514850589,8.231247940980886,9.257289635446266,3
8.981385553644085,8.974520899121025,3.287452229216589,4.759136627514867,3.9620153533197278,8.665879250855607,0
10.0,6.710699552696557,9.919224617769496,9.992170525961983,5.258226998966947,7.143667900575678,1
7.4447306649699385,6.512175189679934,2.7357551598462795,2.844787487986184,4.326211071311335,5.779308894611915,0
6.041061353970103,7.6038077868464535,6.132957934439834,5.075556776869985,6.401776178898981,5.020668032570664,1
5.322353499396283,5.244459050877926,6.542920683217336,5.659175113261565,7.1809044022659245,5.899984208560187,0
8.460951168513327,8.420175030043419,7.551431528530606,7.3001063240944895,5.927994457638051,7.901000078388067,0
7.069234813175181,6.936779129027073,5.302159793889343,7.046898341367596,5.856053240846638,5.329545642920014,1
8.039280932544628,4.624301667810348,3.5060883445338114,2.919578521881789,7.776005557314643,7.684094914107028,3
8.212053491574416,7.535240355787812,5.122908263520669,5.3255507940985005,8.480635388717598,5.521188309320611,2
6.23678911683176,5.311779753587106,4.788614207207047,3.9709778569306597,6.5750895345001235,8.018318620959102,3
8.785900636531416,6.139006665608246,6.732131980127046,6.494877882188403,10.0,9.554904416579156,3
7.317577633163459,9.471223538031621,5.709229529045259,4.891283728714424,5.3787095520709265,7.813926180577418,0
7.476611108459252,3.6228107483736722,4.341464953718366,4.417598994802233,9.28423372171653,7.501200684095928,3
6.2121266378362625,4.730995083243774,5.932242909518653,5.4383621323124185,6.937347406778588,6.5932762124540805,3
6.664401393985719,6.694181611763114,6.954924878219792,8.587362025704742,6.29087987053191,8.008429969605144,3
9.73501259377537,7.441947910418453,7.596887398389033,7.230127176445829,6.9207135301745595,6.003872690937649,1
9.899324020118211,10.0,4.282108844042462,4.410660713370719,4.33469856095775,8.980638837770012,0
5.684860170805477,3.377573946044822,7.156675069374607,6.217972401013798,3.722261171255169,1.9423827770440807,1
8.32018656946029,5.508550482358435,8.181107085739447,8.584617455409488,6.340923453780546,4.8996216511853286,1
10.0,2.803901336882163,2.219979541603803,1.6856212478496726,9.265659782728575,8.893829471953984,3
9.743742284805581,4.689179084508048,3.600096520857347,3.5044755033567956,10.0,10.0,3
8.217663197767632,7.83370508168116,3.937948418921374,3.936865422871736,9.452253367139866,4.156901993430832,2
10.0,9.066290250326709,5.633629640358864,4.5589026562436805,5.122812846395569,8.876024552646893,0
6.767547936746571,5.936885458936352,7.859108286791026,7.081376742983935,5.628817742888051,4.508783293953248,1
9.4473697871716,9.70691538850703,5.832333307922457,5.908267839636025,4.782005300050299,9.777413015784896,0
7.986777256321227,4.692361207388756,5.100563406789149,3.7644099401496334,7.836463454684062,7.804341499233399,3
7.151654945168474,3.697774047404217,4.782560609666002,4.090814988560422,5.392833794934831,7.170357802884446,3
7.8185301515090035,5.924906795617529,4.659816979986774,5.47692524784295,7.804058737683771,6.247118214812364,2
8.408601192547968,5.940433009983905,3.4105652426740405,5.449284709758415,10.0,10.0,3
9.151045567096142,5.76108669476543,5.518413027735708,4.08006485403768,9.259448132965574,7.260594761287743,3
9.011901441969947,3.324165047600585,1.7173192030040338,3.147927510554453,10.0,8.924424323601318,3
6.2811469142926635,5.832377430465614,4.8418198055311095,5.321705207278184,6.9837222153494345,6.0889651049976266,3
5.73687130693876,6.0816171592087604,7.132986075230078,6.383911148144454,5.245144961972969,5.835828373021917,1
7.082681807743249,5.380034771805803,4.802369442658072,5.507892853073115,7.138654123465024,5.6232917571137415,3
7.577691998403512,4.101881451583665,4.1436012912609925,2.1993222908479453,7.603647614407848,6.584898367509498,3
8.147140383956756,5.355475226106015,5.209370306177965,6.2897118808519314,9.795047798654346,8.609066088419919,3
8.319188406690177,3.3833371279783453,3.5246169156126013,2.2594791326350205,8.707780577524913,7.1429931761917675,3
9.975881890775499,1.6089880013816151,3.1377207516678007,2.887011537305604,9.102139870698965,10.0,3
8.059053732326609,6.491720754013512,7.019419074163921,6.876231189571105,7.739955837355663,4.316283613855302,2
6.521175949671059,7.3141104613114365,5.761687482680658,7.161964219646489,6.524637219318597,7.001199324162072,2
5.622657363695185,5.30981583699495,5.358641084308372,6.893461213422579,3.644734126418325,4.28579375997773,1
8.708341935541345,5.636979788557389,9.877199393540586,7.978550965923602,7.160609613413163,5.345719317879647,1
8.54721059087556,5.31757228558507,7.617577484802665,7.882768216649654,3.138378850338653,4.620784829374732,1
7.1662715350971755,7.197712704320659,3.0057605246095176,6.620853360455877,6.993021768818863,2.762214071802532,2
7.360156347829389,4.18563932693569,3.244104905530042,4.469227559236132,7.213600000932252,4.675758662687234,3
9.835801906255588,8.317596979399918,5.207263714666221,5.895247588518911,10.0,5.053049559427344,2
6.769895809162906,4.764041013368895,5.126208720854136,4.641190728282652,6.286561044596935,7.775550628855419,3
6.326901400755514,4.688278750541484,5.707966946822849,7.533512187055749,5.680200780363977,6.968686041749205,1
6.29989726368273,6.359869038789611,4.700567146422463,3.6310320088015455,5.763072356012833,7.2395100090978515,0
10.0,2.466440682950017,9.661935557753278,9.468182023148412,5.302775185808175,5.316349307324598,1
8.33897801934465,7.449118339678661,5.8223935792161985,5.376629871323914,7.9006612194146095,6.106567122397305,2
5.594774156316091,7.616005634104023,6.053593980861221,7.94566194432065,6.252319472109989,4.933026395982322,1
9.985911998396569,4.032070656286282,10.0,9.514506063136317,5.772515263307623,4.692289302913325,1
6.661539456235975,6.341076302385565,2.7686687721959036,1.8376196619571692,7.988468355551117,2.6799923414326323,2
9.541522554958485,8.407943719886832,5.816260683574163,6.60480426149619,9.22630103218996,5.132643244735367,2
9.049280684591304,8.082029852123707,4.305291764140702,3.084714472566543,10.0,4.451152001903896,2
7.836250915411208,8.758091845861747,5.596943874584741,6.299480254239894,7.598660669471899,5.987020503119712,2
5.662812294494625,7.282420355930869,4.7931695963690295,4.244650920407474,4.81940690449572,5.864875956665363,0
8.21647368966804,8.020677125902386,6.243653951538512,5.076040530370112,8.377434292026589,6.211857312284496,2
7.548840740941559,6.366463317571377,2.8005143986598933,1.3625104705846982,7.353873192851458,2.7546585218576407,2
7.217605923417289,5.88398780215525,5.245775505935646,5.080687379925364,7.797131749917924,8.213413258745534,3
8.329853988467207,5.045658091568894,5.505873443627618,6.302101105273031,8.336513337629205,8.587343946802317,3
8.452188624244261,6.763478907330856,5.47315655850964,3.4401219580125546,2.902740128752428,6.737976047106502,0
5.982310381601016,2.1715643334974866,7.566904439634049,6.888695043722227,2.555058194619125,3.2179232721317823,1
8.090913331208313,8.696585362529886,5.870832555301798,6.689836520040034,10.0,5.4576068809454314,2
7.955268796896646,8.629874251185974,4.066381024241988,3.4079303665628102,4.152762972006174,7.3965303648347955,0
7.650598988128188,6.444021380001424,4.8511297597381065,3.4375656366976344,8.41848139613622,4.195248777250569,2
6.864180593599095,6.082054497213428,4.689487988986924,5.412714020513836,5.850602917740488,5.1454686680839155,2
9.513381482694388,6.172264602239018,9.215692707751261,9.72228624953591,5.961916277606134,6.034949514255043,1
8.946212848888743,9.315870581646585,7.381399654843504,5.298005448916879,5.164766167618103,7.936084224577629,0
6.715440093406913,6.529723140602645,2.435171197566813,3.7609182144371545,6.953468017808608,4.181139360451348,2
4.326775373414423,5.476285937586883,6.566658904029424,6.160315887097734,5.541224937804008,4.71034789292181,2
7.434648800715065,7.531746981944685,4.147688413455022,4.351330177400861,6.657089941213236,4.775414475643399,2
6.9690867035441695,6.09053560313039,7.359118397163376,5.7537113718502155,6.741520104224908,6.628742954501824,2
6.567093548652449,7.365517541346333,6.62427894600442,6.468111222346852,5.888548087535977,6.0591798664289955,3
9.19099052058267,7.149659929370993,4.7138906315957865,5.590108308127878,4.36721404935093,8.223487104335899,0
6.1568476899085045,6.422852431827313,5.87601260507975,5.469084842758916,6.948277813548703,4.506782608001645,2
5.382298199930731,7.946928031337246,3.6827213077547114,2.107091505333143,4.337483270822918,6.171560376156363,0
6.6922058369503405,6.120222773344323,3.229484753921496,3.6864950784249593,4.0593059192457925,5.45713395254718,0
5.875428587470909,5.252767982818838,5.655653335875462,6.094062953035748,6.177507069104642,6.988773618727912,0
9.31882937909461,4.801740476767444,9.926045230699675,8.259201259365238,4.0014248298375055,5.201811339052636,1
7.688887539192034,7.404652041060044,3.1711867140464056,3.650567589498542,8.467320766970078,2.657532252527285,2
7.35249601732703,3.240102982298654,2.6112635082031566,3.1567625812999207,6.625773710885609,7.158107718842067,3
10.0,3.6814321379327133,5.179555170681288,4.3250091791030805,10.0,9.466086950806462,3
5.3704514344165375,5.755006263592407,4.332592473688056,3.4870541432020605,6.132403470213481,4.178394649665824,2
8.8764651297883,5.241280582595138,4.182195601806107,5.211586571181799,7.744520971385251,7.5567600189554724,3
8.420315836262079,9.110371392433205,5.175930956171104,4.855323735130097,4.978090658362388,9.388469355873095,0
6.143620892918819,4.404854766519027,2.7333329223225244,4.8064368610927115,6.623154279277886,6.736789157811677,3
8.01889541001146,5.336776108564802,7.8011020865175755,7.02103627243701,4.2616724925983895,4.032198732571557,1
10.0,4.417366659265428,8.87350170506113,9.313413489407974,4.3143590272694405,4.976459469561472,1
9.400158318580974,9.238100161224391,3.95131170436868,5.675853740798,9.581647204920962,5.7439189710013725,2
6.829469569083473,7.635287104091167,3.427265586666276,4.161297368920467,7.677275593071194,4.56673979275186,2
6.9368490540097945,8.116826277967826,5.71684302431941,4.15540706187201,6.1224542048141535,3.2223178777394694,2
8.222723553586246,7.128487552176234,6.777233888534056,7.192309086915955,6.515871577319816,6.862429592958555,1
6.719838640892585,7.515241273348046,7.374397258331478,6.186474420413753,7.505808250472947,7.859955937889682,0
6.432201074254761,5.578936416654483,5.565829375969759,1.9508723749308055,4.5765341809202535,5.780953927322977,0
8.912227569463466,8.538486375628631,4.28469639344462,4.657401541181024,8.610057813213642,4.573024587377475,2
6.052823769568759,6.205345650346623,6.963743042197093,6.6817529081167955,6.969872029049304,7.668186455365554,0
8.21183607053856,6.36976401822982,6.2749825954867315,7.140266873574866,7.926757733473732,7.954576707920264,3
10.0,2.7293487726303316,3.4658504035159847,4.639232437725585,9.913751778153179,10.0,3
7.958960924817884,7.1775878494404965,4.527194219832973,3.257315127825389,7.413019578673594,3.254431863621934,2
5.844684516635423,4.458092985690379,6.635561882912059,5.601692028944939,3.647636453022406,3.9641046892896763,1
7.40080349439673,6.135165879912018,3.7836883454847605,4.31103318612323,4.520693457971326,7.055484390468381,0
10.0,2.4478948853763742,3.6830895371248755,2.0456219814958234,10.0,8.44573855183714,3
7.919904349988658,2.3634088495638865,4.240866892794654,3.2963436706352898,9.148788837142172,7.175080207437198,3
5.926205971964029,5.871462266210117,8.908642283210682,6.325032419036528,6.063078216023687,9.025221678887295,2
7.297340718212262,6.585346024778656,6.769440572622306,6.90786618894152,8.150900008963529,7.707153684109013,3
6.399992989751158,4.108352803858927,6.842360484627089,5.9944857612910365,3.0750395933495525,3.628428961937524,1
8.550009682586005,2.024227177832415,7.6922994486002665,7.360823503262933,2.4234878907324893,3.5598249605301993,1
8.560323597477948,5.271436512653778,6.937492848520151,7.7157974707333565,8.94471307439839,10.0,3
8.412853211923128,5.705345956605053,8.33367665898517,10.0,4.510170452884405,3.883249905232879,1
8.705524282913574,2.89694787594811,3.827328975476789,3.7344413257783877,7.776695117151005,8.74418992171294,3
7.201651143307474,4.088517885603966,7.74121556134766,8.500040518514647,3.2265721254428996,4.618372071561988,1
5.903731605423526,6.889006324372127,6.05420778463857,4.525664254040791,5.171695579417145,6.429674039237049,2
10.0,6.41189222191012,8.327302311446145,8.500747502176392,10.0,10.0,3
5.72759207343535,6.5370407975563065,7.960605824969816,5.624311519417976,6.50723785987729,7.501788007265961,3
6.992068812336617,5.695411231906106,6.292307459776642,5.42300836829899,7.085182669948222,7.108579145340345,0
9.856869594331238,8.079877236673106,5.610711843940253,5.4718387353114,6.045744163229003,9.01901136013794,0
10.0,3.641860565715276,2.80788586932219,3.9419838730429118,8.681317962570228,7.599156031034628,3
7.556091993601077,7.882243918227889,6.207286515212974,6.634896699424407,6.520878092479216,6.517691643454916,0
8.24409513105418,4.550400938785869,10.0,8.388032971885497,5.681610005087934,5.480797484288202,1
7.8222567548241635,4.332914636829347,4.341807487973391,3.1785633175116725,6.719938450446524,8.398081439604207,3
8.599470108477016,4.057236107262624,3.1964300019856546,3.2551709578159076,8.609752934676347,8.594188436370764,3
9.795376773570549,10.0,6.4366034949108375,4.612598668007563,6.992845228235453,9.234555235840418,0
8.460843430351856,7.953381808576909,4.463400622909637,4.173388045264337,7.0853317234670135,4.7532126378009165,2
7.349311652965,6.903349506522176,5.676878414574019,6.4913517236696086,7.318934830235884,6.086016359206925,3
7.482217980596141,4.801438959537054,4.3955176460829355,5.082902608990951,6.54608021088835,6.541386891169009,3
8.78664721154103,10.0,2.9986432725127603,2.4670063407558964,7.848372407905021,3.608531151118907,2
6.9036417169488065,8.538379412265392,3.9595331708212136,5.752245277750806,5.827170050109492,6.5137198433673875,0
7.685548463438368,7.788097252621705,5.040175219045244,5.880970647693568,9.097761369458631,6.20466922139226,2
7.7672611349071765,9.150632891340392,4.863893203388183,3.9922524230796865,9.357345427427246,4.423922528502172,2
9.350323391535147,6.283731734520961,8.817994607145568,8.374273595969578,7.0106177474547975,7.9687572737008505,1
4.34449855261559,5.404005127539424,5.859239716834573,6.589200248477324,5.867530843657862,6.143405348416701,0
6.950294042383664,7.103269102293705,3.363617793088177,4.651953436003969,5.202102375373653,8.024464152567381,0
8.359462612936827,3.7008208283815187,2.522532213009787,2.982631555785362,8.302050737158757,8.097634922864072,3
9.598736847920609,5.183717689195494,8.841811934449975,10.0,4.432366395424714,6.685445774052946,1
6.527459463224546,4.627393459779039,3.7347770023119335,2.784498253614228,7.921957722196133,6.09148406727321,3
5.794313420762943,7.7980510521473345,4.863359728766264,5.099602390946449,5.8495483813373665,3.6069391192862534,2
9.829626420947816,5.687925037919167,6.035094565511118,6.235765264769931,9.656836219828572,9.891652081489738,3
6.864379126530112,5.9534235047140855,6.579660820846118,7.259729570310774,6.57603133940503,5.828770138900862,1
6.572922581484558,8.241895721434497,5.47792789092904,7.161514044487143,8.034288160974079,6.219547441741055,2
5.322770417845969,4.852158138748551,7.701698098721258,6.622349765939235,2.383391307914212,3.8532488323171794,1
9.69962234841265,2.074484992262866,10.0,10.0,4.671311777000883,5.206995594441882,1
4.666073641419991,6.49023067941295,6.097836413300389,5.218003898422827,5.665246625040436,5.902560404955995,0
5.585522011857782,6.321803031974641,4.870771452135287,4.0328208133259436,2.988987106410021,7.691617922933954,0
9.071726345768779,6.3450273455300685,7.360876899100059,5.052169376726457,6.980947477611388,8.747563340814056,3
8.676625649082537,3.767198936790445,3.921637242346462,4.961272236500295,7.294576273492561,8.460275735978605,3
8.458406163714118,8.819762546654808,5.336761961783519,4.751367264481247,8.469116578045384,5.0329380489207125,2
9.246587411789562,3.452512490146462,9.031951908665544,10.0,2.7498669080622746,1.7941359315499061,1
8.232375111120264,6.533677225303923,5.506790860203662,5.781246875233601,6.884927411981819,9.224367572242397,3
7.9783229603496135,7.720256946265932,6.090502073518503,6.711747215149291,5.375637958817323,8.051868480680586,2
6.189821510169714,8.329335272173187,7.229701712788724,5.934660997416996,7.996547668247132,5.420246178280242,2
6.280653898285046,4.73150585137142,5.151894550570895,4.2638658705816335,6.747923105530859,5.112088870741825,3
8.693922574730953,7.315513205635724,5.056331079378436,5.857132867176819,8.936318434229179,6.000888719103278,2
9.424549932850596,8.62346932303674,3.301783621129191,3.9782053020796124,9.21187842641272,4.652007725174121,2
6.906448060287124,6.1601548448006715,4.318691726579708,3.649306271559001,4.5678862463039955,8.230044663801372,0
8.54797319930272,2.7224749622484707,8.02923578436316,6.39691298471701,3.7633015198922912,3.7871768319242807,1
5.467944167718335,3.4350386063684324,2.9059000028354407,3.856255290845131,6.610051548933561,7.678660661670589,3
9.405802199007924,8.922970896777024,7.24660363688586,6.752113881123994,5.674057072546096,8.8716575482406,0
8.974194760505343,4.328945874501642,9.500255908495845,7.336897957624095,6.532422976099207,6.317809890088902,1
8.105282748581452,8.704420168638128,6.032498561843449,4.5577400493031135,4.480073504101901,9.252607002550103,0
5.625968602106168,7.606979712412217,3.4202133028063226,2.37353269373966,5.504934644942063,5.352007025540763,0
6.69478548158141,3.6760775203447977,3.915327603740009,6.09715245980533,3.7814580338564276,1.9354017592204749,1
6.097783550326122,8.643531942146172,3.8949485619196564,4.249078760205727,5.677054675047577,7.254271366229496,0
7.399706392731697,7.305391142232732,3.0759422973979875,3.425634808790621,3.4061185161567877,6.710860395421859,0
7.097491377696948,5.826145758186888,3.60812939450222,3.8170768300699303,6.27234989632849,4.686592848112777,2
10.0,3.171899151459563,10.0,9.419865347052092,2.7622844503182646,4.981813214541765,1
4.944911934828014,7.3041490321449825,6.848483948663395,7.500272120617971,5.90972051074992,6.4295843310970096,3
9.111475786668278,10.0,4.546254734330956,2.0796232608967946,10.0,4.128481154754981,2
8.815123622623494,7.84688609742499,7.134956618353812,6.82337345994219,6.703715132280593,7.600993006869475,2
6.972498159978459,3.3003730848379162,3.737081022477203,3.282411571541945,6.6096373920212015,5.851984115423243,3
6.728609645918965,7.067839865705877,3.3778860912111583,3.914142368061343,4.366930088425806,6.584603931564183,0
6.14755300277498,3.271921538245221,3.6173808655827364,2.111202359084869,6.584440350380571,7.066944014496414,3
6.733398144574505,6.703067332810107,5.403756003969671,4.25821850736597,4.753914527836225,5.19199481286252,2
6.799843889447464,7.866578064073162,5.708440971700643,4.353568904886503,8.339190374065126,4.511881729379205,2
6.277334149022313,4.6041446086663225,3.6537830772108104,4.878467243741124,4.747920045351297,6.74464362580678,3
5.343557017069966,6.410901356987955,6.274539196993565,5.586168726862194,7.740839238286107,5.857319425301824,1
8.1059752391723,9.20742985976601,5.00660979312748,4.192101104954152,3.5633624923710423,8.59048470381487,0
10.0,9.413028262089325,4.605043883034114,3.870126638309466,3.2100622058806447,10.0,0
8.14019025252689,8.248503133843958,5.4039037916049555,4.4506959843875915,4.541329242294386,8.66980053077155,0
10.0,9.113021171492745,5.184100605446938,6.443139207588533,7.142816396871439,10.0,0
8.881174211980882,9.041434252583162,3.4642769980318944,3.58538846689517,4.1052730802626,8.789094420172557,0
10.0,3.861623765792938,10.0,9.336447233640273,3.009163438433228,4.718801546047731,1
5.440799567194348,7.170101651794577,5.726331712431206,5.193776744846854,5.461321164658307,7.0975456714168015,3
9.118986277778692,2.8148609152371193,2.9524616887820505,3.6468946629586507,8.852237083370095,8.871372502039517,3
9.394684165760335,5.518184315144905,9.57536708800504,9.228118008255935,5.389229910353723,4.856611737090636,1
8.259118631412726,6.2601740109394255,9.087227743345705,8.878703896701555,4.912202389719754,5.202495055810989,1
9.730183122586158,2.7881166485971622,9.574060828672248,8.069710690231368,3.0815866970383743,2.2716618604802052,1
8.43924472219639,6.833562797646048,4.516601702039313,5.432505117072357,3.969500564114694,8.02484368054594,0
6.7871032345336175,6.14534871235475,5.520740046653604,5.31755812019681,7.2721893479783954,4.909198571192924,1
7.813705677805178,9.78711301750008,5.545082237426724,4.6078679512912215,10.0,5.622727859800593,2
7.484164889833525,8.091578588270234,4.284474270641521,2.800204120695221,2.327304129185027,9.380748977932697,0
8.774552258323517,8.603932639743874,6.519079892549583,5.8651268361616875,6.953543285056735,6.776169157064511,2
8.108308235615821,8.441757619754569,4.572785710817774,3.2197871360724277,8.677311454924764,3.262724846719521,2
10.0,2.808842949522504,8.61356712767085,9.474390358435222,2.160731231434367,3.217648982225258,1
5.342944251795604,6.303973267591708,3.5151275127377195,3.582744893551144,6.389231955517626,3.00752469042871,2
6.085597550552784,7.048663428443403,5.863671468354578,6.289641995554906,6.897097736242682,6.202245889192845,3
6.827740958848316,7.0250766091572,4.342580537932079,5.241707502059552,7.244331243245243,8.059562704837438,3
9.377259692800093,8.223801445904858,5.765179424759172,7.127086477495642,6.40250558062554,8.443506168488003,0
6.635407026672364,5.447186071880284,4.915847965052176,6.875643669635914,7.109281049542072,6.495743159772322,3
8.378660616611787,9.54110536010924,3.1967590806202426,2.3889972631590357,8.398130537277186,4.169809871073356,2
7.877081113236533,7.5296965982199735,4.6335013498998725,4.232978109872208,7.471926246258191,5.8721888899125245,2
8.40025713151438,5.0632092141134635,5.590707191833413,5.776150359374662,7.85161265844482,8.859018391083872,3
6.546440546543424,6.594971327455803,5.7766670483776315,5.767015070049213,7.047441647526859,6.360421877728269,1
8.840550598823327,5.6599674681562755,5.875161409464571,4.89800071440246,8.289287582961101,6.439680469377047,3
7.594642111043345,3.7360970833232927,7.049525202620123,7.255956380462322,4.619340701865272,3.482752930581825,1
8.922799235611595,5.402010563457171,4.733480212432945,5.041382030826354,9.362491423928013,9.657503585490733,3
9.553901998905742,5.790100746053619,9.41022045534647,8.190166730851058,6.3329429272998015,6.1597283247931305,1
9.813937608046226,6.226494367425462,7.248125532663618,7.149342630873333,9.737116609483081,7.615668073815673,3
5.451816932179479,2.653043635267815,4.894263208380296,5.277420596652309,3.287883811828224,3.6294384723527053,1
9.527979528127773,9.70325035119632,4.049515105562306,3.559449709885565,4.0735781006045215,9.609509576526891,0
8.196732737757038,4.671476147499882,7.527438986054026,8.698530153086983,3.102474948565175,4.464696415258547,1
8.68814539477648,8.084863142347494,7.191597884089092,6.048769789011114,5.265789032671101,7.2289864950022436,0
7.7641766368056055,8.157456130313687,4.5233666244962825,4.620770225594714,6.899515562077039,4.489427353726578,2
7.235999218474363,2.649701205272324,3.9266328383067988,3.375332682171682,7.036886378503103,7.016168709571702,3
6.622644822953066,4.220500865392984,7.542711488728084,8.43406917794737,3.1361511295910063,4.666071450400682,1
7.278019388582785,4.591774143886881,7.6486989839379405,6.629701433864775,4.525988219371648,5.061297990425005,1
7.204459267287518,10.0,5.213694692678286,2.719272603048254,4.372690600734176,7.517529012756238,0
8.736151263469461,10.0,4.333490515438184,3.8858111500343204,3.817279528702719,9.416768516894027,0
8.68100626240612,3.3207512497376515,3.107982603553437,2.3274075985328575,8.818727418450003,8.573733121796606,3
10.0,6.755758124170104,6.538340718399618,7.020098933608352,10.0,10.0,3
8.072391974212442,9.380792265993076,5.627436770503821,4.764356097242682,9.425448247492902,6.077226246053653,2
7.909901551645676,7.776101237521713,5.493216497195002,4.442536547387326,6.36473265586352,4.993894978296424,2
6.365175624236861,1.780592375269344,6.565750239594699,5.9723664410794886,3.2347646723986245,3.6869494779523526,1
6.197518945782362,5.983570905576127,4.263827950224291,3.3857189222337363,6.311894733687687,3.948033805428668,2
9.19306705608084,4.224790823649116,3.339219268368579,4.433445467520343,9.835318706913991,9.272304992001553,3
6.614330999785957,4.66957699263467,7.822845306861041,8.17779931106649,5.414607188794399,4.605448550952021,1
8.342821410587154,5.482100761050214,5.732628269724765,6.171748813422425,8.025604720601928,6.302930802261263,3
6.274811904141149,7.0472675592807255,3.052810592816522,2.1301223276148304,7.0828435954494715,4.382712434983887,2
8.682160234147217,8.025226550633228,3.635715303383248,3.586976172841892,7.212742652631656,3.6249661525086205,2
9.05295514540394,7.085190296710928,8.374730190170594,8.517405249369537,5.31898031032121,6.041836969819942,1
10.0,4.265209761499511,10.0,8.824326936187523,3.8786575553420226,4.5622932845353255,1
10.0,10.0,3.2982616059019323,3.951469571045055,9.698169602120378,3.9574984571634477,2
7.587045029520039,6.83115267789614,2.9642407096080357,1.8263719168884425,3.278783211825182,6.36028488025743,0
8.004962134516486,6.8069159909155195,7.6559455185277,7.98313719673179,5.9668807570173845,6.783842886958624,1
6.851758955564671,8.037377860727771,4.783083133115408,5.602141652175545,4.500001244002722,7.280035802279384,0
7.307862522639744,8.431376382361574,6.34542319281792,5.293033797831256,8.952351981227773,4.70459092270566,2
9.526062663102596,3.0559502349286634,9.155950953049947,9.647788367786443,2.4656779776713935,2.6179984503274274,1
5.18174596058594,8.751708071194694,8.412003103990527,4.653098789741222,8.083217062471794,7.211801846033853,1
7.443926903255314,8.848457052765882,4.131177933249256,2.6604315661488487,4.285669073076094,8.699872271504656,0
7.554654252749563,9.9489623368359,5.7073254219623015,4.746139370195425,9.246306012651159,5.042987158500501,2
8.706574480263404,9.280378595895524,7.021353534082733,7.271051613576055,5.829032072950528,8.030894334092379,0
8.371062269465131,6.519267628829858,7.486572752619552,8.894777507271103,6.061719553445357,6.215764835896018,1
9.313375125489513,6.046851309839549,5.314526159030714,5.113887881539878,8.540448484771364,8.466998116720939,3
8.388841365040268,7.423192357008711,5.972796507850153,5.16445965194453,7.777492113662778,4.930722483693518,2
8.051439867213183,8.160828394681111,3.4560995698233814,3.2080843315635463,8.622687649638001,3.6704834140386002,2
8.689019027628206,8.34401581559541,4.439618327296194,4.09153293254765,3.3532005186445186,9.12392479228089,0
6.042052929844793,4.5410843790624185,5.474227000169462,7.356505495050676,3.743083766682973,3.466897500634256,1
8.956700561901625,5.052465547201589,7.579481200742933,9.451248614167428,2.953974794092224,2.9104095125227767,1
6.966606879542851,6.513029702408631,5.5297266352553835,6.363997052439783,7.395054162383571,5.951924759795407,2
10.0,9.974562572017017,4.429539871882444,5.52667772858007,9.235393291889128,4.171923620640365,2
6.856868072176764,8.502949666783026,4.593152511560724,4.591884599813176,7.281839369729222,5.454488825655824,2
7.238509473306353,9.480703354104632,3.203274169751868,4.178974648310778,4.015280014142991,7.817604499825303,0
9.879601299634405,3.1055189145452875,2.7710452668555035,5.442588638586594,8.956525588544705,9.522473203810659,3
6.054835121346937,5.753756683756622,5.819138075794328,5.861728589043289,7.252539988369204,6.4928273770381555,0
9.792406606412124,8.98570754625821,6.284013629220192,6.844136741343321,7.152770197652717,7.687943723881774,2
5.478147691352827,7.74980856885194,5.364470593390363,6.422185181495976,5.784133434557233,6.4949336274386775,1
7.025188184651981,7.313649172578078,4.256155077882587,5.24587211493483,2.9627206897373384,7.205296079048635,0
7.917330194850668,8.453498935507596,6.134081063715539,5.467482902333206,4.546608262780239,6.530416155542835,0
8.50340424569168,3.876606134388769,8.444783282091768,6.283801191381753,4.1897267184204265,3.500494123835873,1
7.519867550207145,4.265393396515641,6.121837746480177,5.133877990689266,6.860485130544512,8.049440670582245,3
6.864971413667525,7.343649810499542,7.70499976004437,7.68130608585194,6.875914381536662,6.359791327979764,1
8.882746529877263,5.621599114107811,5.438808041858556,4.419715367539992,9.818219271648115,9.916398110266543,3
7.090156162475479,8.767326019623997,4.276509095293101,2.764447872305441,6.7426104262770075,2.7226197375022023,2
7.682982483479624,4.970075503056934,5.028478378712717,5.17378331405552,7.746314219419504,6.952217039269378,3
9.539283847735106,3.012812367940584,9.411933914150147,9.465436478643838,5.302956105994115,4.371637734106901,1
9.185761078267095,8.22346235581904,6.457129430875147,5.439763030948025,5.760697549003955,9.87155551128511,0
9.024508202534607,4.087524369222221,4.549504965402673,3.2049353050039766,8.177358387239153,7.687223969933358,3
9.120932794776932,6.772883776440345,4.11635150777111,5.441840807460167,7.267596799622335,8.890678675698995,3
9.078837271398173,5.696584960303385,7.019402662738599,6.22547386442891,8.795470120552324,8.34339929030311,3
10.0,8.506035967082862,5.079196144365946,4.286460716174835,10.0,3.298463291448119,2
6.751910578348958,4.9734602241514185,7.117516166522909,8.00356869427587,6.101364076075644,6.004340267891437,1
6.602672636286945,6.413515016161621,5.016693786430904,6.399866823045559,6.21206319306055,5.75484059274752,0
8.705671877772001,7.836095442164565,4.107651185128956,4.24435760919683,4.045782620066219,7.251482579008503,0
6.599760263493059,5.9839408406538395,4.480660767587736,5.584695703274689,5.191793998037458,6.431083653678694,3
5.927488157802512,7.304783661463057,6.106641967776647,6.260301570697975,6.488357742787982,4.244688749418163,2
10.0,9.104470407678475,4.592003977268841,5.990847456210878,8.468058819850238,6.379576418574933,2
8.495013629110886,9.437863530925924,4.196447496886403,3.488171940535242,8.758730776457812,4.639982857958972,2
8.483954271372554,9.805818286153961,4.641477864448595,5.047977351039947,8.643790824520153,4.652435637537994,2
9.296664479313359,4.057093282965454,4.812322366865001,5.21501480847075,9.41060196032589,9.985407113348177,3
8.109987078081542,5.010886342247169,7.983476972836948,8.969102582121282,6.1309861253362365,6.8116475764811755,1
7.666742043018599,5.118588116722461,5.588393457094017,6.1249118896407815,10.0,8.036645473894538,3
8.602151193999854,4.852117080387353,4.725963082021119,5.569613942115144,8.49933332631815,9.8842911824043,3
7.7933825198240845,5.997343226337505,4.7009331056326635,5.302753301961771,7.757537166613788,7.981727477488138,3
9.661087713220082,9.567554085931217,7.411369191775589,5.124029826229407,7.311464565876474,9.331429743282728,0
7.434026058994834,6.010646767839111,5.819736842996275,4.833467066516655,4.88077292430809,6.215066979946277,2
9.693073719587076,2.6509166970686504,4.998523348474381,3.6597173642575496,8.129071577881927,10.0,3
7.771607815058536,7.33903586402471,3.0922431084224824,3.134430884254644,4.449338063663172,7.470317650256286,0
7.144538619093853,6.2300059337059945,2.33747978133212,3.4196827755333397,6.652217673566696,2.5593396516798155,2
5.999920432450118,3.2229280298706633,6.007027470210867,4.92930315426022,6.336684450335367,6.976113510474412,3
8.636556548659712,10.0,7.033250067458508,6.505173108109313,6.018227132983659,7.35836921745344,0
4.7996534926805845,3.7909785948592587,5.523787632625281,4.912765237073249,3.7741346387810704,4.925596307395709,1
3.916186131215824,7.765226734049678,4.3432663777213705,6.515818819067707,6.644398130364504,7.344084624423262,1
8.520028724771123,5.595431806742927,7.696802864851644,8.492070831101369,4.601534709558145,6.871445536315155,1
7.488421565367954,7.286028249246141,7.639267072918748,6.883687765638281,6.645741775547528,6.636765178767917,1
9.298767247126301,9.499594414139814,5.062393787661272,5.286948440995218,9.042833442772299,4.471790375956951,2
7.55797459730918,6.905017248947418,4.733241946736091,4.393796112520868,4.411753181139043,5.393960304672856,0
8.895083530701326,5.021911101344448,6.280686260222922,4.3154822208745935,8.997185435604313,10.0,3
7.29204584097674,5.988476053221075,3.010094225491851,3.941078924845745,5.039347456569482,3.9766999631726843,2
9.424883699311009,8.347865019462866,2.0673628717642742,2.766147185685597,8.855079209259147,4.558783530815466,2
5.575558125078037,6.571059955639568,5.763466481024741,6.976210455449982,5.306401050995166,6.677521411712435,0
8.081232808706442,6.319715118906036,6.723765345326574,6.977901495670212,7.16631649798041,7.935459313060493,3
7.712111112116892,9.60718310671376,2.6651458806400568,3.7160352772399308,4.766375507610314,9.385265218829673,0
10.0,9.546817699111855,3.7288952730983524,3.816818057352483,10.0,3.772980213238478,2
7.284078822096111,7.384865349578645,5.283559242637333,5.520450411207838,7.634508898263354,5.686261531939555,2
7.400879594100392,6.950440197724323,2.72631918188421,3.5712683853964493,6.305997302592357,2.6332789090083644,2
10.0,2.789464594854057,9.736571012666566,8.730782293570721,3.211979422233454,3.0800023394318083,1
9.066446515360933,9.114971544549828,4.729436208796698,4.130215757466701,9.357058304233254,4.076660158873292,2
6.960071391248332,5.514073626665275,7.609476268224244,6.553889273486495,7.474264995528358,5.969201212251925,3
9.964204710310371,10.0,3.9897820643541966,2.700505333934575,3.1413847414908247,10.0,0
7.185125378106063,7.081741937027579,5.7565106959033985,6.978069397583319,6.731752439244224,7.398245137323998,3
7.105480129362599,7.238336307147809,6.033919332734151,7.121486094611121,8.979378641083448,7.87516820902011,3
6.044321685874333,5.528509642852659,5.678279750365432,6.174964061743088,7.221832059265974,6.239900492948577,1
8.763286593739133,8.447358430459957,3.2841699363148513,4.2124138350614535,2.412701314924708,8.11807755986385,0
9.500281582033628,9.261001614897614,4.417999575644815,4.267619432730712,10.0,5.60844246304325,2
7.7990185844005016,6.4174459813004106,3.782385434919037,2.9487631139986537,3.5727383234371017,7.95711758492013,0
8.96120131928672,8.44872146804636,6.97387993646978,4.676885108878692,9.196594415955545,6.558586629570307,2
5.761223031441687,5.533845733606795,3.8021469226050764,3.9513647120464523,6.4969282568213504,3.1554092389926067,2
6.884730117290321,3.5683878338107835,4.299554952594907,3.7805255089456336,8.320998203229882,8.367361012400156,3
9.123465221374921,4.605217137604231,4.528584009846831,4.907232621366106,8.71736907939913,8.069697749282753,3
9.218558032609858,10.0,3.774755681763908,2.9976087192569505,9.055285658599507,3.252621710765322,2
7.551065575867206,3.754050130156936,7.262178946758591,7.3014707935631975,2.6292023924057335,3.2882090101343566,1
7.230412083988588,5.5657009259923,6.4928986013872985,5.158332166730239,4.568077855802549,5.075607011534907,1
7.751406303639616,6.139280828471685,7.927165936464817,6.368135131097262,7.7103522941574285,8.56026591073953,3
9.037458256647852,10.0,2.022897238004205,4.842574063417109,9.67691786456981,2.548206410114974,2
7.471839556907093,7.591477370987394,6.95171797093566,5.135172420295114,6.404198327384449,3.914003192353839,2
10.0,4.466656711456731,8.985718771935378,8.085284880533456,4.488154153329575,2.976837698435718,1
6.604268156717868,6.735974697184485,4.1177109633262035,4.168498992333806,2.725053147721777,5.556780970774427,0
8.616093739449234,8.942105438062454,6.13972405149104,6.803388320510915,7.680301677090523,9.056295822991519,0
9.125180033289798,7.712164896232923,6.9330545082825985,5.948032050081376,6.04159765330179,8.327929934039808,0
7.449839548856575,8.16369598623681,3.9467591239114546,5.40272955030302,7.392944683526784,4.001785675197386,2
8.318216462153798,7.211584024830223,5.2705290394154405,4.966029834464061,8.466369919204784,4.676453893096781,2
7.860347858006733,5.990362591078799,3.285034068856906,4.572190018947783,7.7226434929248144,8.563544310301484,3
5.505729370670271,6.1845193645342365,4.250845358964368,4.500332713804624,4.005561510485336,7.620910109064543,0
8.349077512968776,3.4161912956498566,9.47084927911285,8.912017403314909,4.033621164215054,3.4715400276774986,1
5.082811315353089,2.9701691774058077,2.5104777916687633,2.8086242437215847,4.90733804795201,5.5872435833354075,3
10.0,3.028429901217866,5.152943756259715,2.523330069601185,9.299067423474071,9.372395601841554,3
9.209352625946222,3.5373519039045442,9.306203917838394,9.368387648334641,3.456405895347313,4.268543141462098,1
6.631530317132445,6.848081095851738,6.408857565599591,5.4334198526798545,7.276613392076206,6.18017548967653,1
8.265647863037067,7.1027358591990835,6.557213030923526,6.116045354475945,9.571372593397898,10.0,3
9.048114865094101,9.9155150517411,5.242704836411722,3.1485051632162904,7.5406496844684,4.836707041365876,2
9.020621800647286,6.67393207600143,5.334932484004932,7.696076910099596,9.589655252373957,7.64092934649697,3
7.155015266667681,4.779278503433591,5.560446286495363,5.86750886633359,6.55048659998424,7.9921136145026015,3
9.443826912318267,8.921222225753688,7.103394826803138,5.561065143445965,7.200398132213364,9.19865802225114,0
8.404574262284394,6.839075944071337,7.284676434395193,6.20553082325517,10.0,9.643556273073926,3
8.559105316785214,7.943735743278091,8.206515420364097,9.261539894645367,7.437339849442579,7.131126248982144,1
7.960777625336381,7.413043698978678,3.4850712988247596,4.92581807859399,3.6019265411482952,7.340944064963034,0
8.873315287318908,3.5222483361566472,8.575219609760007,8.792734204272291,4.6723294135797975,3.2647762533283866,1
8.472193108358963,8.502332498898902,2.1934673633269153,2.405964290300136,7.774608467215354,4.266906827733011,2
7.976034163047933,8.764028525781793,4.805899042463305,2.9233306327964144,8.3353692257469,3.7171674041484355,2
5.951689104283665,7.202286619673774,4.616740691503981,3.2655981932805767,3.189302738503358,7.011098054569608,0
8.386640539808635,7.639867534393145,3.4316273019389443,2.568323233107026,3.6401925166439,9.361292121783018,0
8.55310573604561,7.056813182631876,10.0,8.592070229155073,6.661579485460761,6.384979066845768,1
6.283832397041399,6.504903782592837,4.226009939562378,3.2028559646540833,2.8587293094478414,6.823026167664074,0
6.800548525763272,3.6521454390959023,7.35533005653485,6.5599126626409765,5.260797506744279,3.5929539761357683,1
9.51020888654321,10.0,6.614347255562913,6.144081277758978,8.082217286050598,10.0,0
9.379648489950572,4.351485182917967,4.138642228783519,3.825873803302663,8.937401671304004,8.26254064990733,3
7.978353076468838,7.2259830680980315,5.891178961618055,6.343483990033821,6.566623448912066,8.896178690958136,0
9.933184176106312,9.35687983583275,5.709585051741923,6.757777623548413,9.754425373215145,5.868642784096195,2
9.023149016174017,8.428881536563503,3.2597241392260417,4.498119908818806,7.771261373468804,4.9661969537461275,2
8.424925832961788,7.539105573445342,7.763960022256759,8.151264673241663,10.0,10.0,3
7.07708904087772,7.012071007240165,4.361952714218186,6.155718293786206,8.418988189740059,5.405709743946001,2
5.428844676711803,6.3474594219237135,7.049982096382999,6.225037017997524,6.85460987290759,6.9611833555318885,0
9.15552847307413,5.865904119523198,6.733369823052915,5.709682123073897,9.548846713281115,10.0,3
7.477875824069627,3.5714029567858017,4.333161609404821,4.155979567783925,8.22594957318397,8.380984020522135,3
10.0,10.0,3.473065847643961,2.2567141326412887,1.3816821891268622,9.240890827910274,0
8.612736498121496,8.278792645538244,6.218843245047405,6.379757482822355,6.702655125318496,4.688042254012586,2
10.0,4.585477752156476,9.74946971639463,8.22051633593254,4.7401682106226595,6.145544223648713,1
9.661448865991968,4.767962331286322,9.378393334110102,9.300998364287452,4.751511650158865,3.113626803237259,1
9.176254554253276,3.8667417335827006,9.110440692204511,7.185009899447791,3.2311350607185076,3.914975914830266,1
10.0,10.0,3.6754144925221834,4.589045124977732,9.450555347160583,4.780464034271773,2
9.454365995456541,9.106092616680419,6.186430864379388,6.017616988887315,7.821081299321739,6.532071477540042,2
6.3832922346683185,5.5373000342434455,3.511342623553328,1.8230766684846413,6.802530579922349,3.8343829587471503,2
5.738084033897379,6.745985507533829,5.723964336313385,4.920139015934087,4.702268018497645,7.640632211270734,0
10.0,4.1353140277356495,8.790905340127761,9.717961027556292,4.541105633006587,4.648393946198459,1
9.637500690520516,3.079077269102199,2.858189653178649,3.524275830886687,8.470694908126944,9.689533079868259,3
9.143864983268566,8.433748855708275,6.441126036368804,6.344772988204231,4.7956092218873945,9.38445302971655,0
8.647825583256024,4.532174351312338,4.702869313462562,4.665727744164122,8.295664714778198,6.980210472475475,3
10.0,5.668233565604125,5.272891951297668,5.66792144357746,10.0,9.612116129781441,3
6.266174816527362,5.120180148579109,2.888984359497807,4.827911111793682,4.579104509315915,5.686365698154799,3
8.557228288093475,8.96296357451519,3.983638966887911,1.5907733148916434,9.180668220634786,4.349340275229036,2
5.900231118904458,8.018975041108032,4.938950765518404,4.233049243906736,7.23266754263931,3.7286322667138796,2
5.46935598844763,7.719767192095822,6.8205156909903835,6.426685823653424,4.350842757671355,7.526449887565036,2
10.0,3.811641377328648,9.739332506626385,10.0,5.378177190617497,5.647548752385918,1
9.143637055427535,3.958006571025099,5.266669961324733,6.2831601412709075,7.827184964518114,7.223343994236026,3
8.614757925249405,8.781317207024022,7.420060376633795,5.08606876436035,9.11630854564547,6.942844691039705,2
7.0903305929186935,4.8557292249844215,7.686292947227035,8.060958689033793,4.864421886211499,5.08475830325441,1
8.20310665969697,9.566651227223655,7.4511329128040575,7.954951968261002,8.935680127555267,5.035734768184372,2
6.5595646510225105,3.0512270140753954,4.050175222736451,3.9669012730773363,5.739130380550886,6.5598040415781895,3
6.3458499223880676,4.463216698925541,5.760684472937672,6.089338472769317,3.66296429020099,4.166062255543738,1
8.536766302063874,5.759024730816682,5.0038900992326365,7.21090989332188,10.0,9.096766559410128,3
4.915869976728312,6.260654507642873,7.834193077092746,6.862036902669975,8.095224596807295,6.96077611162561,2
6.3080848065261845,6.182409297392041,4.71032988958882,4.0355524706524175,5.853657202818302,6.515503361068087,0
8.395519392568358,6.540128254187759,8.500002865528879,6.574170764898741,7.998747059766076,6.769857660344004,3
8.96960543160879,9.531826000052643,2.31868515521864,3.9812484286682888,4.28307217714325,9.94196691493677,0
10.0,4.266592503388341,4.680094642877328,4.910491778935699,9.087191622347243,9.15288013525975,3
8.183911727107677,6.265721655539262,8.118394065278483,8.940446770435127,6.487896935492558,5.72000084135559,1
9.328307330075408,3.1350722727265348,8.879876825959753,8.962331954614184,3.393330046925001,4.23499540125429,1
6.969230245271323,3.0487638943259565,6.387791998906389,6.918332573077285,3.1552127425556744,3.2589845860844475,1
8.792902118714665,10.0,5.540789158283056,5.170086015229003,10.0,7.818224488881551,2
10.0,4.733809539703195,8.259896432319309,9.372488298533803,5.746076202736021,4.272352110758091,1
9.778893533664982,3.9160518895220586,3.3753515904570888,3.126588159977264,8.261148668626586,8.268218034794085,3
7.748189480620948,5.5157341001733995,7.368769654937011,5.97387478074825,7.659379776046043,7.549438170713888,3
8.08867330686268,8.03425951588015,5.290340435508952,5.043234344799348,5.593710732220491,7.941178785052086,0
7.034494269355819,7.138115187434585,5.765130304493906,5.832781362678764,8.160476555123973,5.255762284932764,2
8.794695615925516,10.0,4.309544268037354,4.542401922334906,3.2783597027350244,9.262323375179015,0
9.403379290926768,8.34901639029288,4.147545168174407,4.186115349174672,7.933927751126912,7.139130692561901,2
7.202354999697274,6.277875302999705,5.16701768714789,5.595034018811227,5.613060776124922,7.5185883214364235,0
10.0,8.975374120063027,6.151954379097047,7.929453581949801,6.971286076282275,9.642783761370636,0
7.222247367400862,6.0696573391481445,7.3056829938420424,6.778989879971668,6.655048507403694,5.8151597222038784,3
5.808828277981582,6.396764777534122,7.72968772406421,7.3329306619276835,6.978151867164547,5.3203571551136655,1
8.646346107907727,4.080908858440289,4.472485723578701,4.95709317546537,7.662636746305875,7.724130562399872,3
7.080883528141222,6.5852333385424595,8.110837125275863,7.163704337136113,6.475723462615213,5.691220551453955,1
8.57849468508526,4.133351314844851,5.0486929380919365,4.521830697093896,9.733459673920576,7.8074032056884075,3
8.845705066520923,8.398778707350374,2.5764941616222856,3.7719496397277,2.498668234152006,9.41596728399344,0
6.441517968228838,7.985722865608535,6.397472583083767,6.071792487828386,7.054122665440076,7.840670162770433,0
7.5636200263070545,7.417633827640656,3.748232277774407,4.440423271382831,6.664791977510538,4.937477073094241,2
9.59027928181435,4.924947101950042,8.219306212679134,5.996336087316815,6.981040917372611,5.2591592929177455,1
5.756763166547289,5.772523868999495,5.408608079202421,4.8568034533911035,5.273466755363737,6.729574280963468,0
7.712175276840247,6.154433009355463,9.21468289314271,9.339229258138648,5.8396600406724115,6.580559991708533,1
6.223122488786548,2.431171158456065,7.503408317678796,6.785149191015616,3.4266577114253947,4.7879624068377735,1
9.603218529394038,4.46625961724745,5.319915139008384,3.2838274646349275,8.269036934622903,8.515920619991002,3
8.34916416717386,4.1866678657179435,7.940453243396618,8.379552425539552,5.402838677232682,5.2759660537646536,1
9.015979813490974,3.3086169269836,4.588001595318061,2.9385145947736238,10.0,8.702851673456546,3
8.845320173248314,10.0,5.844800114385724,5.337573709456743,9.61473915390889,5.4215923170223945,2
8.902556178628839,3.447541033713654,3.03045341316674,3.203612771242686,8.34259679182731,9.67112098765883,3
9.01831570091843,3.863788156124951,8.52311606726563,8.30459622759493,4.849364876534151,5.162270325761676,1
9.302586694938949,6.819517016349475,7.733111558310998,8.964498045552865,5.927999891592609,6.761752131752556,1
7.071012522551264,6.314776372352822,5.239466969883434,3.9534408892204462,3.6282575261677845,7.0022822607717154,0
5.952044952968858,5.411289360771824,7.593083724517277,6.894082172104101,5.610009430515973,6.032433551531511,1
9.768956068281032,9.429384215144797,5.113992091321522,3.482960531972572,5.163749426815222,7.79271331254014,0
8.16279634285056,5.388107169391242,9.059618955751217,9.078288491590909,6.549552429458756,7.6649340234526875,1
7.527557920135736,2.925068249684608,4.888147281585379,3.92298741926409,7.774955906383461,8.605316247650858,3
9.22708465140312,8.584254832907634,4.072381438985361,3.005415185109027,2.8557320968606934,9.81561081368469,0
6.896686514783292,3.49808412399388,6.764746244455665,4.772374457098175,3.3591743215663272,3.3801804430987765,1
9.179086460179152,7.581310255583686,4.222409674895285,4.125616486911592,2.7341086814939555,8.259711579297402,0
7.062307849097784,6.4818158369722205,3.792337631019868,3.9532028847826584,5.958478644656037,4.622691325045465,3
7.34035997599909,5.647674889570937,6.94745560780674,5.470793432474403,8.217491374216491,9.505937485411302,3
6.655800800100217,5.5828437824023345,3.7740257470291114,5.610028225555158,5.948209901681711,7.092078473335509,3
7.738063545554187,5.77253311986341,3.7391592485861755,2.5839572002851763,5.4631923449061635,7.027709171643865,0
8.93994241088281,8.316183259263351,6.989097999771787,6.085420209171424,8.003993814703815,4.243992187416934,2
5.7951839959247575,7.2302958802884625,5.411213730700634,6.466676581540969,5.062281073333191,6.441216028623658,3
5.925977547753357,5.93690848455602,2.7173271864506265,4.051085804939626,6.555895696589116,4.322258023200286,2
7.8398474535548655,4.955588287797278,4.133571470129259,5.646148198350163,9.275357848853607,7.262359285413034,3
9.57364433234032,5.375954886356594,8.674371682177588,9.527917911470714,6.057946475421201,4.531688285977925,1
6.603136499546003,4.29567034159478,5.954830007454719,6.465199653775042,4.685064653462974,5.364817760753792,1
7.265353426401991,6.902353471193519,3.6853120929019356,4.508668375664709,3.7290953227628325,7.443998640137924,0
7.74640631241644,7.776371181176115,5.044413774386171,3.779950705393315,7.077233089808264,3.9890705634913184,2
7.976041477768867,6.750931278163193,5.395091055356572,6.7263160220621385,7.492955505260266,6.7312064672729495,3
7.637450419911694,4.01386494822097,7.169096573426582,8.728090449675385,3.454289447645267,4.33718423857445,1
5.87855745971152,6.112311356976703,6.686627337229831,8.848910192916362,5.661458693951625,6.982905726463852,1
8.473688143478102,7.337098088409247,8.56347657526427,8.778241129148926,6.99209281357065,6.540877897439435,1
9.678438657289469,9.125650292434194,5.890126637095384,5.922005239959009,8.928249155795243,4.39461205875317,2
6.700321761193663,6.421300876633788,7.941141749310887,6.806394809240037,7.109804172436409,8.855492962980811,3
5.147485376113765,6.532017962121273,4.672227485010767,5.620649120639536,4.32674817829292,6.284323738739593,0
6.2118099295910785,7.204172604046329,5.968123655447152,7.292788682008628,8.067918720000403,6.482477836437821,2
6.9509177323281675,5.327348700425224,4.329729343564141,5.333503648087453,6.6638090902004805,5.757965216696924,3
6.130342915228207,5.291794405575185,6.545783462199674,6.186337678521885,5.053270597071654,3.8863904426671394,1
7.060326360586302,6.819548560785856,4.818813114766823,4.575201327666502,4.035194579171796,6.841242108561946,0
9.296183942027476,3.884200443906732,4.231773728379141,5.018242128148145,7.522148556496537,7.575663021396725,3
7.954141568686344,5.1100132065264265,7.439055570555668,8.661115779045277,4.280042460368572,6.293465170415013,1
7.870755204201673,8.790290942879617,5.178424056818051,6.048506997722287,8.989784714903907,5.9251556894036845,2
6.927871221388834,5.923398623014606,4.608436047146592,6.3899496081901255,5.9295122836096095,5.442935101899489,0
9.960396445248092,6.327593139346847,2.4459652119431805,4.499084961511692,7.668873969627047,9.346357009480698,3
10.0,4.997135863040584,5.5682803195153365,5.407705010939332,10.0,10.0,3
4.7362161525731,6.739462355792734,3.5323221782452383,3.5825038877665207,5.825517824565883,3.9205347811015576,2
9.322466988746328,8.793819756993992,6.255618876017589,5.257731544553627,9.158538246439113,7.403463596075128,2
7.910155107678344,3.964356563238269,7.65222348818297,7.924640998245008,4.025462053246258,2.675255937613942,1
7.200371199109473,8.852849786124972,6.842256015972385,8.050069754253807,8.276806291724832,9.02175180496578,2
7.91806967393684,7.736776657627447,8.809576075625634,9.809075180495833,6.963545673735176,4.5881222427447215,1
5.569417987364603,4.006835278492825,2.12285977513555,3.949750873098801,8.035227593890339,7.040328909005579,3
10.0,6.269113326105598,9.468241880441608,8.268919310572773,5.275000082742498,5.742163894540201,1
6.490540773122583,8.031068372912944,5.747772793134296,4.367859978993712,6.851060759041911,5.555716096302061,2
9.412582112342804,3.8188359816296122,8.052121307563304,7.83481900280278,4.779481463457242,3.891455479020667,1
5.866816599292163,5.837380269171331,5.371311252096857,5.598967905374773,6.857561936669458,7.578541375012194,3
8.046516753810039,6.337113285824734,5.916624668461127,6.101443159609027,7.059850277947761,7.515723939039121,0
9.942108476379616,6.664444780282139,4.165111807122921,6.306418056090632,10.0,8.754508075050037,3
7.003427881765209,6.476972929202743,5.705358656616329,6.313835165184771,7.525203999364854,7.742231241789087,1
8.421029955537268,8.653506379619701,3.563531735898262,3.451220877876102,8.303728105072931,2.420974467676113,2
9.164260790818435,9.76419301547317,7.412140002182462,6.342010062227252,8.335982465095295,7.7667031179494925,2
10.0,9.035977468933375,3.938733942325907,4.106945916098799,9.45530945525423,3.5704777838155053,2
7.941477552077108,7.813988165081967,4.18328367888243,6.195635043481915,7.066502332763767,5.586977499667537,2
6.864859151590402,6.800232896423666,4.173437222694131,2.313546741052362,3.0918411699094137,6.531686809956598,0
9.672826067492496,9.061720767960535,6.257698406107018,6.063243236865156,5.609790284553188,8.866089250391894,0
8.289337697495993,9.261028622019998,4.859085784236723,6.395851789057806,10.0,5.26707829447223,2
6.82217388527558,3.977268949672321,6.721919903685167,6.253807049920061,3.535460882036785,4.442387315775388,1
8.027233850159172,2.9725019161494,6.791900518196009,6.699531866841375,3.251952054544507,4.059423825293251,1
5.8376705351702745,4.979148481581275,4.889397110630556,5.620695930389805,8.131005631262536,6.935640333956316,3
8.617950345443905,4.855137765635764,5.080849530709157,4.567170285871059,8.245887987606919,8.741596411347633,3
10.0,7.0260717003265185,4.410371787966547,5.692039257269492,10.0,9.539938483553158,3
9.19422834087936,8.64986001959804,4.31461881760815,2.7804979281945528,2.0586204737115987,9.152088090672791,0
7.45387297418549,7.956626545880063,6.208313309511873,7.1704349958896145,6.185686308739918,7.270314699243234,0
10.0,9.12492816314645,4.0935892288060804,6.481355877032701,10.0,3.8617302375054665,2
5.8142272380505915,6.209939104790802,6.000064377968437,6.479226005667271,4.992644876353232,5.721172397039478,0
9.279519465457705,7.793288108401958,4.696223161650053,7.32727763142657,8.935880435914095,6.45039075609056,2
7.610409199645236,4.308213805797945,8.256296247135854,6.602897722439745,3.6956370209285936,4.389266413781064,1
6.1022266705584425,6.489476161679374,4.441841788453672,5.828280841839271,6.2377573828169774,6.010257525207329,0
8.013366649917806,6.507648417088866,6.002459557465082,6.03969127816335,7.194318782920973,6.851831463035162,3
8.419944433971636,8.540936862453353,4.579861149163947,5.007327974336889,3.217568689706824,7.112566092798531,0
9.713892160169507,8.911037158873311,2.448041884864663,3.8273739243552907,3.3183025196586216,8.193986860383886,0
7.19509689098789,9.489106165672096,3.8402426539576204,3.0194357738420043,3.4501940184909,9.54149963422599,0
7.83462937917071,6.184718208894368,6.596953914141755,6.869233166213054,8.113896795371888,8.637075623404238,3
9.71536138666158,3.969345938670384,2.9601503630442894,3.9584568797572786,10.0,10.0,3
9.453952679260427,4.733480135448037,10.0,8.040826070036736,4.166411912930422,4.791295732724057,1
9.648981165725202,8.584894776066767,6.341355471237661,5.641047070671427,10.0,6.054982392445757,2
8.655884869021145,8.601043174312634,7.218625884216319,6.105173070796886,7.347051546551233,5.569367452181997,1
8.835096165185217,9.376075678406183,4.914627693243691,6.6886526858070185,6.889387788945147,4.7319598186579075,2
7.76495104571124,9.182878540600463,3.933243251871577,3.327517397039405,8.05224945076528,4.708763764651113,2
5.8441959925387525,7.130340279845079,4.8041230938197526,3.4039115822677397,5.485553594899879,6.205097420724534,0
9.286677285937033,3.8000002833865505,10.0,9.119807376203418,3.501224215658685,4.908406568679106,1
8.497828882950285,3.3837403175541003,3.02982062326901,3.3647583727199546,8.815592658449715,9.146965778019393,3
6.600940667296023,6.252014912493163,5.377076686345316,7.254600606098997,6.364674731789597,6.363346897171573,3
8.451230360906987,6.9082562552278794,6.02926399969315,9.453949126348553,6.515358418036406,4.667703197911134,1
6.231138871299797,5.500945071208236,4.313922206124868,4.591362083016281,6.8469017685636615,3.8662342921163546,2
7.817177476137281,5.582585125104688,8.99281456522191,8.429430830483064,4.961135230439949,3.5744257408858777,1
6.830320118693534,6.006417961076262,6.201618954772894,6.566222236670087,7.205769733833817,6.424597223849333,3
8.698775958416201,3.3677410653038087,3.9098479361884104,2.928717810440997,8.286262112444176,9.059630050329678,3
6.118649044644657,7.775612707133924,2.5738158476487016,3.499327661837566,4.140570663942254,8.240597102662138,0
10.0,9.901763412384772,5.675272176362906,6.501186370762008,7.7304113958084315,10.0,0
9.051462546297632,3.9689615950384898,9.79178996302233,8.742271229378261,4.536977641128972,3.634696804776523,1
9.117168097194584,10.0,6.754218090056994,6.108132268080508,10.0,6.624652014673583,2
9.07948123001684,9.276030346632417,5.584307034873395,5.808538834351674,9.94119912189084,5.61349622816298,2
7.498398451608702,7.07664200106089,6.252213068529689,7.063410713448942,6.751479311468972,6.477222884929432,2
8.262977464366498,3.477393784866175,8.120579943899173,7.502076117514114,4.507177073443272,4.376781230687015,1
9.367120374519727,5.383378009459637,10.0,8.494868043334028,5.185334544392697,5.619203919324206,1
8.66984660331145,9.17571899101387,6.2652197046682385,5.957023281043705,6.580249694477731,9.442390752314896,0
8.077564589695099,6.0863579245771335,4.893493793327737,4.761575490819305,8.298947546107563,6.927851035772659,3
7.455789784213831,7.669433749651688,5.149650469801469,7.981144954360692,6.980926954013803,6.247936531387908,2
7.0133503272692215,5.56382791903919,4.765121943401866,7.009135761562887,7.069701690259148,8.630790780397218,0
8.248200543508757,5.549559342942092,7.630707221084961,8.853161928642102,5.157623184568097,7.713301405841685,1
10.0,6.640381355935985,6.420604111246322,5.577084097807581,9.290908958897324,9.313089105619989,3
7.720099143975272,2.9173742309263164,7.761688172375968,8.494771784960195,1.949618918944545,2.5331488325367655,1
6.853384384251356,7.31274404369991,5.9270584249619604,6.581369032744424,6.143692577426797,7.874727986702977,0
7.5624600814305145,5.455737453401579,3.838220450338459,7.412055322924116,6.151634251734617,5.62674810830898,2
8.074576470360466,4.4170122652245665,4.2891390777104395,3.747479316548177,8.209664873883504,7.932962889567586,3
7.342142798451422,7.924233787942762,3.0049310031580996,3.4264305835315128,2.8392364856084993,6.833025036091681,0
4.591263236228666,6.021717831472923,4.716323152797221,5.001222140842414,6.373536667580723,4.755764541835396,1
8.369533898360052,7.761400984566882,4.651702411256242,5.30693146190681,8.832014356182903,3.9864093604865287,2
8.278713313303136,4.393713832620604,7.514373050991741,6.467978363244728,8.732772619014687,8.691655642081333,3
5.93716346262597,7.287909981536679,5.472515713520479,3.929902976698965,4.740531142337494,7.074800973512814,0
6.626876146254567,5.447769539969168,7.117846143347231,7.328182492312313,5.024956930442367,5.029458806738197,1
7.544683422629893,2.5490141395045818,7.991350022998585,7.824663617810953,4.59826934277077,3.297100885000078,1
10.0,9.750447415019556,4.338462364012506,5.085014209839284,8.979090156568446,6.12861897234162,2
9.965349533980303,6.149276366265439,8.368236410802206,9.328742962381208,7.1897349003246624,6.855466873989825,1
9.679041408250676,5.239746390801423,5.327081693417947,5.982637678730257,9.236991211964183,7.4071589332436085,3
7.016545122878,8.02226600897668,4.224983969978388,4.229753578022432,8.119293588409395,2.7346196840946706,2
7.524196066318449,4.094423518238337,6.644879863668409,8.13224242162198,4.447861766311241,5.3374589506926196,1
10.0,9.634778478599523,5.989397686378513,4.593160500373052,9.984770425986357,5.832734454248925,2
5.482645924182002,6.874372778112215,5.797972866872543,5.418859045480871,7.886784469657767,6.795904626186948,1
7.530357535056169,5.268383280676056,5.514622704064594,5.986417910126784,7.500523308326743,7.971439114175237,3
7.116187990704609,6.9790304304773265,6.019466561975703,6.063193710743061,5.090361039161381,7.6904658599390245,3
7.067180461188253,3.9411478772080604,9.14020580125239,8.328335430938367,3.445781246575542,3.7034839054298336,1
9.357025917137783,4.402361938604151,8.49291606403837,10.0,5.188800681701742,5.797171135678916,1
6.775127850833909,2.8428967816218527,1.6930691843934058,3.2680818772473366,5.203654156229039,6.706270685792379,3
9.167155891482677,8.834279417498134,3.6521221452118047,3.5265876941649674,4.365831044705303,7.3478810733689235,0
6.2475688846729245,3.067599193640227,4.1505268269482345,4.515861706824304,6.59107768265576,6.072060580458556,3
7.740280509977209,4.364490118674485,3.248419853452618,3.7888576520667336,7.709886038772131,4.088468529354108,2
10.0,8.97650738716835,4.795005823918615,2.793268301531177,8.999888869187803,4.589811244590509,2
5.621807370038487,6.122341572782649,6.783297201939221,7.92139044110062,5.5840109023507525,6.026426499568999,1
8.220218712687933,4.07029349357146,7.559853857121077,8.362683442463666,2.0511126579895436,4.349691402174557,1
9.56854298941435,7.095891244438201,5.969181079234229,5.99713607771397,7.811583886558154,9.770660628177119,3
5.650316913041696,8.507667100556159,7.486685219924098,6.921186277178873,5.818384859805331,6.313896472555384,3
10.0,9.868006039310929,5.47589547432118,5.664713747678056,6.199522885302649,10.0,0
7.738221413990927,6.947759325710403,5.675811394545245,6.132582075731872,6.535903885241052,6.15276030148703,2
6.2567862516171004,7.673081327741146,3.176100075047942,4.690071237059396,7.770960894388796,2.6536057076371953,2
8.901368438617927,8.600044456179855,1.7175016072057563,2.2502490151105503,8.746672196889925,3.241004318713043,2
6.418382007137673,1.5377802968853058,3.6153455527660485,2.768879473261503,7.987043499747051,9.777735269583811,3
7.040949015281176,5.901685256845765,5.850902427511501,5.55716741570798,6.681791175223308,6.12933585499388,0
5.765117403536738,7.926971847847406,6.39110657501824,6.31487057341299,5.860313750870179,6.9555258504501305,0
8.25424134798138,7.866977413792612,7.268742676092045,5.932897762127047,7.463101371129735,5.771084749050876,2
4.159825222632453,6.366999439875433,6.346819380554566,7.863143620718059,5.314925031537422,6.405936142761804,3
8.72929204458764,7.746464507952316,3.4516107102973965,5.458052140417639,7.846038311805237,4.568366476167194,2
6.326237258743081,4.079529793514364,4.581952099531164,4.52231322904695,7.085374524628085,4.296158726599251,2
8.55841431009882,5.9767867443530855,6.979464011005475,6.7856746538574395,6.003558445477109,7.034983159825586,1
6.697219621628321,5.946106678989071,7.283914686174301,6.170494392729617,6.726865158037039,6.442369093690913,2
5.8678083719290335,4.9637421734531895,5.7194593342644,5.8016065653443585,6.455142444302827,7.335641803143517,3
5.044201549255794,4.910067681300098,5.503050911044944,3.2057540435347347,7.854205519696002,6.960480487216445,3
6.864738890044887,6.50077384317247,1.8512040307881978,4.092450886207736,5.198791518001411,0.8150107478772228,2
6.8396035545997735,6.155645098264925,8.233170982872773,7.384282692626655,5.2210038168461965,4.998465699296028,1
9.101564676832185,6.148038280219343,9.07783425543094,8.919398392708217,5.008557824890256,6.573490573812994,1
9.56075517955725,8.947384460840391,2.559734328910414,2.929531914914461,3.5816612913092727,7.644623147100015,0
5.789748167493932,7.48121686146575,5.947853916815927,6.596371326994709,5.702307574982821,7.070303425433494,2
8.949706051652838,6.63810583093675,8.235898735687542,8.74754897980457,5.79002690294785,6.130567902194711,1
10.0,4.462403179251536,8.786665875417565,10.0,5.301761394837622,4.76433532585827,1
6.652380386559255,5.776966253303654,5.042923846480796,3.5022896998816666,6.864511920241809,6.807703887049467,3
8.06109070990647,6.121244016131358,5.437212527548753,6.878038194835192,8.853665270252723,6.278334586235734,2
9.414100491201765,8.098890276644042,6.210256866303367,4.919694550621764,9.076879249239925,6.325076201400447,2
8.271262114471064,9.16718368150945,3.5144138881354188,3.0307040188651055,3.0329162052757805,8.277761838098323,0
9.082841981589915,8.59467322309517,6.608211328712333,5.3260543771112685,7.7008400533631445,5.746915641655598,2
8.433109237551491,9.39795221181906,6.676437232372711,6.898222729723633,8.840990170035585,5.317291623962993,2
7.166583386843903,4.8934738853199,6.229788808389839,6.291300694448012,3.9622280843892335,6.196105050967347,1
8.628598551894429,9.016730746389907,4.59724365118936,3.3839262191052812,5.621144137372301,8.90899428963877,0
8.833996379224892,3.4638125672239375,7.711921593122794,10.0,4.509935845762559,2.422495750722543,1
8.460165818684112,6.002841499770893,9.545945038708204,7.64985967458011,6.650737188567904,4.021054614418926,1
8.16669266512792,5.224203023906203,5.280124274093838,6.700091468636711,9.266987137281097,9.124518094119045,3
8.90073127659158,6.278019664510053,6.825081223653667,5.985637847213243,8.369470645833347,9.051791047307995,3
8.148909326103622,6.206431502221175,1.9296753160372264,2.9189892943981994,6.5159584251991935,3.481500872656093,2
8.8379183444866,10.0,7.327415205159268,7.457035627062152,9.661587879334302,6.72454072148121,2
7.003901260419507,8.00287933027523,4.196435745609461,4.751599651134635,4.815354593444741,6.02004270641851,0
7.112710507990525,6.3369395490884255,4.364587922324957,6.172656019562058,4.8549364563421324,8.098745440243057,0
6.920614149989473,6.818121199623203,3.7722000747940587,6.138825422528713,7.084537113049042,5.275569534211202,2
8.590861599553486,9.055245653383983,4.741834856196758,5.101291840998261,10.0,6.739456780264129,2
5.373525560121178,6.774769353034208,7.409051998917985,6.405296917174568,7.276513885041905,6.22521754958697,3
5.06971701870379,6.98181375332914,6.8994191314538424,5.361888923028396,4.983596040847938,5.072238500642428,1
9.602366539224702,8.196268726577397,5.934638106270743,5.394103502729099,10.0,5.49687480754481,2
10.0,8.508762952778632,5.823444429590877,5.720668919990927,10.0,5.71546575807708,2
7.4211174241768,8.105983752164443,6.4247944628925,5.048610285383872,5.562007852315258,8.532157954533185,0
7.699035509258073,9.348499181257525,5.138921213194329,5.646337754918025,4.377582684795899,8.924357006622312,0
7.104290676400569,7.11671446421177,5.315093240692331,7.02961413567084,7.692114984729889,7.586786338598449,1
9.692910080139256,5.015141084326329,10.0,10.0,4.674556976142394,4.82302565906757,1
10.0,4.440959985314495,7.4184905915674,8.457324107799886,6.991644131220392,6.136516483421796,1
7.551168723579599,3.720999292725558,7.4954200092597585,7.735115218097335,3.2835951596655724,4.495046128484593,1
5.410227939857617,6.586645029650099,6.631833254056027,7.8928368054471205,5.4793453777810734,5.98803623570454,1
9.24359250930336,4.9044792105490425,8.966462996576228,8.902765843273587,5.918615191199602,5.9799831333339135,1
8.969783329621317,8.513073146406198,5.675326683840166,5.380355540265099,4.048716656783945,9.64289366513316,0
9.010682517791755,5.4880844880318875,4.27770207184391,4.8072974738077265,8.48573854478826,7.212866409170077,3
5.763513562263913,5.59739419757272,6.393184365892667,5.8656293937461434,6.4592039940579165,5.731641914344904,0
8.580216665752584,4.1847168086110065,10.0,8.33142955312865,3.2730996763790796,5.387603431139432,1
9.64571729762703,5.164324254114328,6.658193770663944,5.712249174771084,8.064095120323216,9.557065100356912,3
10.0,4.8366640883532845,9.110449385148257,8.949977540223703,6.350125323569394,4.659081650686646,1
9.248559819144216,8.17326980124626,3.2178037742641026,3.309125804829106,9.273437236096058,3.58119138385479,2
10.0,6.363185815731613,8.499264179041488,9.142528200359019,4.975602628653649,6.003087659480123,1
9.464647581952624,8.428076896886198,4.79417869380162,3.566174301629472,7.632615054302576,4.658925371374506,2
9.411783729550475,4.343397693964139,4.686232759876106,3.7637522368615843,8.203572628917058,10.0,3
10.0,9.507722798284965,1.9820310488261959,2.84016439356319,3.0527303483009014,8.378401561248186,0
7.721692454196699,6.614879021548202,7.994444406813935,8.042028569361326,5.769838943922876,4.989228739716427,1
4.538228840205292,5.6669054886353685,6.235134709927531,5.802687528448798,5.613381884362937,5.41426633711861,1
7.628685704820587,7.009681041507002,4.059122770868775,5.325527570668544,4.709341805628141,6.250586873662885,0
8.313284190027657,4.564662244543612,6.67438555095353,8.08451961511143,4.745028803350698,5.067530100803284,1
5.720349024908071,4.727994706146141,6.933709332574831,8.752945556312522,5.690980576327093,6.418621273072506,1
6.519075293797852,5.001685048678954,6.05754670698024,6.785531249780456,5.746726481759246,4.81129960405079,1
10.0,7.096001065860438,10.0,8.573660736621543,5.708018517689253,6.743377034996611,1
5.616010019222655,4.718366469489597,5.158519586911159,4.479704510956985,4.897294017446079,4.874920245862483,0
5.899559066355713,4.42122618970656,7.043126455838908,5.724217371240025,6.194389449409368,6.943649505054673,3
6.913200006950298,4.775953209953418,7.0350734044770205,5.72806287830914,5.133604883240823,6.6105894448385625,1
8.86057435053726,2.7619706722678448,8.406263785598544,7.570375586389509,4.288042007285125,3.8393740096578615,1
10.0,9.542585742300695,7.441909153652421,5.847825260583788,6.6413327817701715,9.305286150464411,0
8.545172977490306,4.2842218497975155,4.192363934002029,4.966504796727916,8.820430807745717,8.9870894859146,3
7.1875315054425855,7.172352537231496,8.153292748529049,8.152663310707593,7.396273499144634,5.8162160270272505,1
8.418824251403123,9.178032287648085,3.2569734656528997,3.3090379941111365,9.99449138522272,4.016058694835503,2
10.0,9.864712921538029,5.0572679243887375,5.660441150750442,4.750979408197587,10.0,0
7.20322901208184,3.239955500834486,3.272484586310809,3.1101174118122437,5.789936598169298,6.82637935894117,3
8.553130722721686,8.406194232258759,6.185403240310097,6.739359557443014,10.0,6.817539900810837,2
7.196404285117917,7.189667337374785,3.913190219314632,3.66012749259668,7.642885686205383,5.124639851210994,2
8.142805182160563,3.6516726128638424,7.763130156751676,7.29733593779153,2.3023966471550605,2.118312618854085,1
6.871197453826191,7.449336554676204,6.747300037244799,7.521258197506014,6.878795870207455,5.650288360299393,2
8.434733861937703,6.704951586340793,6.402712329878501,6.0127282450051345,8.80567502760999,7.598352638302853,3
7.276417687137502,6.220292324044568,7.82360160002037,7.581776685369897,5.470398474363954,6.199773260757626,1
6.393205533064474,5.948990034950381,6.470924145118089,6.620810945083638,5.041793019869234,6.029656577425212,1
8.46003008652501,8.690803555462749,5.506606613565818,6.376550198687816,7.987530752609956,5.2826184013901445,2
6.514838772087024,2.875923712096121,1.938374272977743,4.706259666816923,7.177430496218349,4.818106184468382,3
9.641627182105442,4.951859230748784,7.252403969718634,7.386572810419693,9.40858694850574,9.862871683345274,3
6.6180553197875165,6.797869367775223,4.358924220590209,3.2780463281491583,3.6035714672341213,6.078346237493816,0
7.078349033746187,6.91132207088883,6.695269915925679,7.204989465287704,6.611413873197308,7.104774638928149,2
10.0,5.946694400318618,10.0,9.387211239845014,7.190154856853951,6.326526786175689,1
6.428248420325462,4.666222506442426,4.173292027270313,3.744026381695001,5.8326346456488745,6.681468826312695,3
9.986402143832999,5.986333888408588,10.0,8.496744030383933,7.9151423276007975,5.158945574265218,1
7.47792728806579,5.936969762464488,8.072580734913169,7.658114660698197,5.031890269442274,6.979343977758974,1
5.736263090610586,5.7317000159628435,2.9546244958839676,3.6753882871776877,3.82723965573111,8.39598882713725,0
8.143234723037104,6.3384465632078575,7.066024537377774,5.300558219735357,7.55820270230942,9.755841178243058,3
7.807680385785394,1.8665047280395881,7.043606318268159,6.226402349687947,4.16187235009591,2.3984667941065183,1
6.6135363039145165,6.746227122997965,4.134419510165628,5.169483579678314,3.6443299417279165,6.733993176875608,0
8.126323504186542,6.271092359924484,6.466687141992267,6.542654738629795,4.519469703616416,8.022652646216047,1
6.989330307203416,4.104751129153172,6.225424240310322,7.387736646721693,4.62371687917847,5.58299306819318,1
8.996861567036914,9.67563996064579,3.81316498632961,4.395929432357271,10.0,4.101724114360908,2
10.0,1.5113719123826077,10.0,9.134248631327644,2.2322611937239847,2.3700630042153854,1
6.11651744833508,5.880408361732089,4.225190116928679,4.543533380497695,5.2544556090832435,2.8550519983286424,2
8.509268886941628,2.992429379332127,3.76960600934868,3.906819770991337,7.890730343348814,9.272413686943835,3
8.71014773551871,4.936295552846734,7.064051116104002,7.687462915523479,4.925414460502385,6.2422437398408945,1
9.467319047532259,4.529622885089801,10.0,10.0,5.2455903604986815,4.783773234670619,1
8.2273457161622,4.305699285257838,9.645366883366176,7.015867353742303,3.0487219228640696,3.6057117200495616,1
9.672345457133074,8.47716704664502,4.354561639235802,4.841921333304407,9.050325547732955,4.001808797159894,2
7.7484131995279215,5.950407358080585,5.56511776702441,6.339214966334299,8.68964642449962,9.417790953722639,3
6.102204486514229,6.755798580576864,4.995376109533744,3.975866064725444,3.667421442824957,7.214360007247848,0
10.0,9.167163868960312,3.231986321774513,5.961530137382724,9.066205434424889,5.475962161584427,2
10.0,5.474551257259436,9.856406658657255,8.644791689445924,6.319228973008555,6.550966423818974,1
9.26675312544006,8.419794836455468,7.1968628664602585,7.021109958913512,7.888238085781131,6.038517634540805,2
8.575430097242137,8.695895254837161,5.188711727604351,5.617853335590639,4.204011019366515,8.551704358620551,0
8.179547539716609,8.764202167895174,4.499767851654492,6.589718639823924,6.532224496268789,7.878146698776103,0
8.42584287130485,3.988577382674143,5.739617872441535,2.1449418912498657,7.379931618640987,8.240294845511958,3
6.99395610457718,7.418898391637603,6.888092190894119,7.299595590612082,7.78853810868314,4.6013440515496455,2
10.0,5.312753834879359,10.0,9.420913656103338,5.854668347829632,5.952127522523115,1
7.161271075333988,9.39381830454342,7.30390076817441,7.230654534227001,5.925529023188471,9.507359816271613,0
9.757560856484199,9.226800289295163,3.8836439464196646,3.1662642020771634,2.7928859065501146,9.951977647681716,0
9.538340068218904,8.314557137667066,6.902116548410495,4.728418586528026,9.580350608688574,5.861612755575982,2
9.099463157089827,8.559571085474994,5.966191185696125,4.969730356779925,7.461631881976078,4.9397486834415885,2
10.0,8.619685755427948,5.613463400104237,4.558768413293367,10.0,3.942987663035116,2
9.644137228486056,7.2744170832961395,4.948660893169521,5.775829765985701,6.420456013965257,7.690782942279973,0
10.0,9.091831910639122,6.677126948644697,6.030393648565142,9.175338380012136,6.073297143193688,2
9.656523108208578,3.4792822768286333,3.8900170217522807,3.654951048320405,8.824477973590513,10.0,3
8.677452548039339,8.7708051052122,6.227121551664587,5.194674125965401,8.873946173312522,6.376940665368802,2
7.684876742836058,6.760962523888478,5.158703763390505,6.736945642216365,5.548709902107533,6.55748012354685,0
9.655800101057054,10.0,3.8391575832726943,5.20996958246436,10.0,4.567308620695994,2
6.733037451396756,6.79893743724518,6.461073363092405,7.867041951660482,7.226354461461035,7.411305347331208,2
7.411172541694168,5.460769726400881,7.512159206996051,5.962226281695308,7.256408279229303,5.670818400818358,2
6.478259351187298,5.453883254994474,7.151311187218957,6.374627993321823,7.293822872416752,5.976618699820148,1
6.413579944873893,3.257126743491476,4.424909413317554,5.9405085060472365,5.569803265163139,5.101128385334368,3
5.535378802285694,8.427324933229634,7.5600713614547495,6.054711647117303,9.911499076990086,9.08532988055241,3
6.961191008815779,4.282747063003247,5.391614795222311,5.756612350126334,3.798166258019977,4.283687056985293,1
9.295136559671977,8.05053634574596,6.341086851673441,6.426265181276519,10.0,5.55674993959727,2
9.7470951871611,4.163224938458596,9.512491285876862,10.0,4.998628062067102,4.608188563780204,1
10.0,3.430364839343136,3.3705952369440326,4.477271365833777,10.0,9.815258045013719,3
9.520868551116319,3.493543510426798,9.7592577074918,9.620133818466707,3.426609134529457,3.9040362455348077,1
5.206665812876989,5.879696338751378,5.882638318099758,5.922282767353906,7.778025968747524,5.116791400232963,2
10.0,6.403611483660354,5.484198583348718,6.1353662086206295,9.89864468332652,10.0,3
9.81025099189105,9.604082249297658,2.989505201090987,3.9095406557083674,9.421789475265394,3.0626417773986603,2
6.113334373246695,7.385939256948204,5.279806010014406,7.3536722678147175,6.466113244050298,5.404873332650821,2
6.901168918088911,2.476108833013276,6.520593435439552,5.95495728969154,2.854175832239318,3.945744185011473,1
7.491679995537999,6.6553654607482295,7.242977149563649,8.188335829967851,7.339195639279614,7.0061021958890315,3
10.0,4.835771380292903,9.832939813378177,10.0,5.079295311522892,4.166461737316327,1
9.399983527153754,5.0240410725483535,7.037438952122714,9.298878364161238,4.336448253759841,5.44948697242812,1
6.9092042117040995,6.011659669515125,6.492982045135817,6.322993425564715,5.4779186329318925,6.171257867887781,3
7.126985755831695,7.56865282231589,5.312562221879633,6.095106112617343,4.125002988183876,7.284690367714298,0
7.946432770708417,7.735655933384316,5.065593552240917,6.118682543263999,5.148906980894875,6.952130864112676,0
6.961179492911853,6.898631513430148,2.2441473650518065,3.217323700442931,2.516773655526658,6.982290454911537,0
8.421498094593641,3.132371177402021,2.8240839122290726,3.1628233372020342,8.245020098397443,9.257535539874183,3
6.325660708056463,6.680905007245321,5.684542328107074,6.0076741972233805,7.260783386630518,5.4464413122123085,3
9.09813687824666,3.931996042991613,1.5955270066014982,3.1575083749677284,8.585076437475811,8.495591070474806,3
9.73313892693766,2.720473031347349,2.2574193142997805,2.5149198898772234,9.306085246006383,9.072497684373129,3
6.223916649767784,6.340602845293218,5.635087782166336,6.398618660695185,6.542755287748375,7.040945291027905,0
10.0,10.0,4.099158712125477,3.2856634973523073,9.280626601222044,5.810103267871628,2
8.837158933391624,9.93760422474841,3.2135247229714365,2.3728672369614965,10.0,2.4070444004359337,2
8.98637802490907,4.813334777195892,3.8369648886756265,4.55808614833023,9.129397481546452,9.563668977445646,3
8.131070395180966,6.899866457046921,6.622005902812596,7.697959144832595,5.745401506113476,7.231337428943205,0
6.606418197689759,7.122332932554942,6.972886757410212,5.8780253188681915,8.636287530854952,8.574809799374654,3
6.91082048039873,6.171483226644992,4.486169428595557,5.215679050073722,5.93600862630529,8.010688135834096,0
7.124858770834348,3.655620069228871,3.4703935825726724,3.084277325017517,6.492452060114932,6.660386833465122,3
5.236784474346063,5.134441812265896,6.977100522782669,6.155695377264392,6.683229982965656,6.074674801179719,0
8.232602088535874,8.565952981472485,7.222693685739294,5.827384523675104,8.336477338834483,6.3271158983256335,2
7.0275014424560345,3.122857309859128,5.814964724263872,6.320154398243597,5.355506569956491,5.8431348161124745,1
5.566442997437808,4.645505131513977,6.1353368776574815,5.863828554054746,6.468445306735751,6.218131780256825,3
9.700718565806412,3.2263767771502434,6.977830677482263,10.0,2.123648265667497,2.4521328704754706,1
5.863488689228478,6.193153004502788,7.308601542264439,4.197254112812127,7.081812488898111,6.213584577724773,2
7.755047827993297,3.738895892467357,3.861366748134996,3.9528794361584834,8.55686237484777,6.406562950934307,3
5.317436907525955,7.264168582990434,2.969112295768657,5.043152191950091,4.2873490249476625,5.96829155402109,0
8.533053184203219,5.650738457298287,2.2793053635612726,3.795781219630734,4.107874927295956,6.97512526379793,0
7.907491628597598,5.330390533570279,4.461061315157172,5.603929198418486,4.544584488267597,6.4934070595248805,3
8.195316857460423,3.525615618220339,4.788395056534043,3.9516590844848736,8.598345063016229,9.634242598296467,3
9.16783740048714,10.0,3.414690677488886,3.0918348472869432,9.353260412296098,3.4783560310874115,2
7.187502840396272,6.806289000649541,4.258155939819295,3.3122928682773445,4.535879030391691,5.788677710685672,0
6.136793920685191,5.571728625676422,7.429010431243612,6.647057806898471,6.354837639479741,6.889217301694971,3
7.589208228092735,6.9830065767785765,3.8769610804448784,4.207105150438234,7.3010397327174115,3.389543274937016,2
7.2364145819690195,3.637473531085653,4.878584403363094,6.099692625720064,4.5730026972087074,4.674264926803658,1
6.943288405965717,8.655546925781275,4.766402968523568,5.775429356090396,6.051018223342143,5.008316244298138,0
9.032063334554511,5.630776024389936,7.276669329899434,7.736710528732321,3.466033749516466,5.350507275674797,1
10.0,3.8328622376421397,8.31837702783079,9.793049210829972,3.4754227101082074,3.4089810528740294,1
5.534442757272742,4.974269671179339,5.255287772088002,7.514323892441654,8.648863050523905,8.299672084482372,3
10.0,9.952939473689035,5.923373291556994,6.15927833150068,9.245939054124186,7.077306269222432,2
8.212917331191186,7.70841937633875,6.863131652198249,7.333010120746215,6.861775736096363,9.494306739053442,0
9.749705884432878,5.552945924479909,4.829042104030155,4.189444626866227,9.132599113340513,10.0,3
7.370911270475239,8.399442308569212,7.673495580590975,7.544194950442094,6.004332140403248,7.086165003936842,1
9.884851526512096,4.409268064822313,3.547980925179232,5.048857407894419,8.27743945070281,8.33685806507263,3
6.068735548116498,6.676251222911935,7.752999177813315,7.658894994303461,6.44431425025635,6.542615162106223,3
9.162681299342559,3.0350298316706246,10.0,8.602088568899571,3.37582225873179,4.978519275248169,1
8.245562980595672,5.89503970057522,8.10309328445983,8.599465129252327,5.634297771721399,6.563178865947689,1
9.630988974109691,4.83531620815482,4.565047196533687,3.299009094950385,7.420829579535788,10.0,3
6.772259350276258,8.18710043609992,2.0869152836020413,3.982170131808047,4.651133602114087,8.144961068016876,0
9.292137575731592,7.140676265977153,6.329799369465934,6.402262385248784,6.322918646280795,8.546630388618661,0
9.084617079981875,8.77923834777924,4.429423978246289,2.9153735211209924,7.521410080640157,2.7609086895686223,2
8.821638618257241,10.0,8.100134779964868,7.255245739751448,10.0,7.224790904907584,2
6.611262870782498,6.34114868446035,5.606020155787912,5.094089495252324,7.053969222333743,5.834013837599294,2
10.0,6.082395685921745,6.369935744473045,6.762304731553795,8.738464601286287,9.83913348611112,3
9.778786313019802,8.103924279871556,3.2257911213370734,4.204101734522088,8.20933743724268,4.152266892154008,2
10.0,9.038489129245358,6.344740133624397,7.394999659731542,7.509710398732061,9.671846855362011,0
7.497657629599489,8.69352705585155,5.5294861661348325,4.394225249149228,8.227322933888749,5.237211806008809,2
8.188475030509476,5.917177491033633,9.140810954451078,8.88789642609333,5.588276376782554,5.889361589441856,1
5.491514914155795,4.933363425383116,3.203577224944996,4.767865542650859,6.712616872704203,4.572834739041316,2
9.478478218634347,5.26886256554161,5.810797149431415,6.638321595355005,8.737065684887732,10.0,3
6.995512322907491,4.302317822312932,5.936876842385046,5.18206441483886,4.346474978301037,3.8938694708362456,1
5.502190226243033,3.3135332044535506,6.782761723357437,6.697339207210265,4.892070353968377,4.6793767971197635,1
10.0,5.698154995580258,9.484314765860029,10.0,6.293839493003069,4.8336201866043735,1
9.9408522386347,7.553964332248798,5.696154994372677,3.4210348292116413,3.963844413304728,8.857549430144704,0
6.7912851839377195,5.092404111657846,4.131254957946383,4.63884516775579,7.039511118876714,6.358676461471373,3
8.338121073245434,4.634310654048748,3.9955300078397222,4.857965494041913,7.6090206136529215,6.741719476220031,3
7.9798501560086335,7.946720422812465,3.8423368523960013,5.244353005741373,6.348870856946603,8.16997981602909,0
9.741790698706074,6.349462047544678,6.437734122443837,5.8385934799967485,8.99843964282045,8.458804878830849,3
6.483309982747117,5.018704580328095,5.447926706989855,4.821358980525361,7.081676745091464,6.37548667150187,3
5.503481483835739,3.5443176908472913,2.977388784002719,3.000708148693624,6.967553600957237,5.712989766692419,3
6.162290024571603,3.3935494872162897,7.7034542275311955,6.371324186008941,3.486693127743791,3.4313584187155017,1
6.2585449766521135,7.739588969630214,5.437745525664185,6.1597369526252805,6.380277828249609,4.628719790636065,2
6.786306559604565,7.239661983625004,1.7465025655082511,2.701720349863764,3.5516713283571373,6.120397994348473,0
10.0,8.849251542462483,9.696392291311415,8.567271674642614,5.236391190507782,7.043306541641221,1
7.690955470973333,4.798805943247763,4.486024887650026,7.272241673178529,7.74874468393497,7.931600746069607,3
9.024967168855255,3.521270686592531,9.540322367071415,8.844771358286973,3.244399141323567,4.008383553030175,1
8.215837629111428,7.174938476618664,6.141753339389109,6.5599581789742585,8.447495176996377,7.811212907943047,3
6.832351752302545,6.5006818867107015,5.857316568365129,5.345872110192132,6.523601233124934,6.828249613164063,0
7.124283695413284,5.679896983874227,4.359154404220121,5.945620317444769,6.346293457437353,6.676225766994113,3
5.623491447481918,5.168230637654761,6.025089559992801,6.1021427883099575,6.502771388045451,6.8146480622314645,0
7.2395343074495715,5.190215728146458,5.780208915456463,6.84544196503144,7.732266046622725,7.3483456075650615,3
5.050667635871408,4.56911374138659,5.092657293140993,5.095158253119524,4.874772174081118,4.464968874407209,3
6.894393589446984,8.284046144563067,5.343220234124427,5.130912819439864,8.731896251597336,4.390253655289096,2
7.875169603889835,7.557408627498403,8.264878971372001,8.68482577019177,5.284010819986059,7.252499943422918,1
6.914116451690234,4.686849722945927,2.682781066197799,3.6319237953124412,7.2375566539226535,7.072810853092392,3
10.0,4.002564609517136,9.696523346148302,9.840481516230678,3.565333841239039,4.3066166103321795,1
7.869885470500853,6.242759597296904,6.3207415023972295,6.92823293095649,6.241497512112602,7.041407683224913,0
7.254876923996543,8.351388658133512,4.3539100712341305,3.4705806933460828,4.19082984242398,7.969604236738864,0
6.60319857997547,4.444715046312938,7.083909810590013,7.762160709955522,4.6570583481676415,4.464594906279848,1
9.013775756688183,5.910094215340565,7.492493991552076,9.95396318155434,5.307650899130628,6.874270539830077,1
8.636861612902702,8.82979592573217,3.590347081877155,4.442786364123329,3.3266314615343804,9.62077721781047,0
8.392243333645052,8.762900922957618,3.8518178679649058,3.7217221429006138,5.000757888580285,8.131480692689333,0
7.979682938928147,8.289675243861826,3.7024387739544258,3.0888123037113115,3.629155198433947,7.7572343881157995,0
7.238017813057797,6.233343477562701,4.475049155767868,6.501484276406727,6.298347571588309,5.693001768312941,2
8.669619550228798,8.227426805387847,5.018598773516159,3.735182054971134,7.495618422992855,4.851710893125727,2
7.709227167511089,7.403239183365387,5.845628442218357,6.679138128969978,8.36608480796638,6.575513951602097,2
5.965604708876805,6.422593017365935,6.570840164674301,6.8257239546457775,5.019501141443845,7.060240855345687,3
9.839449410780647,5.500074438580419,10.0,10.0,5.066998119090535,4.489261912755687,1
8.86115052433454,5.598754103002035,4.761612574719045,4.329623240502245,9.956286434696388,8.088796497850739,3
5.353730429319354,6.631850710891164,5.878236617347671,6.797346747254202,6.184941712951178,6.4222204834686805,2
8.078786242780449,3.4526715583740373,4.188488968315772,3.7697859215373724,8.272675746176956,9.114225110320728,3
6.532262025368681,5.741228973496607,5.195717015762875,6.37402365118779,6.892276197246309,6.7657736127272665,0
9.6891451991456,7.962046294423655,5.0745722028766185,3.9187002793160586,5.399309680315178,8.315974926307812,0
5.987814829310856,3.218717354761202,6.836039798986587,8.202255637518046,2.452858317755152,5.7289627914852765,1
8.63772283620204,3.6324573026613365,5.286869581617766,3.222618040863936,8.904434810356362,9.308595542166314,3
10.0,9.868519708751005,3.249612533810998,4.807643141076867,3.612717569656102,10.0,0
8.461567450261379,6.34090059716859,6.1260740238394105,6.15834442968942,8.54346402276607,10.0,3
7.179110016650235,8.00160742968161,5.949512472626115,6.498575218190479,7.838971677919155,4.506254151210019,2
6.497640448699677,6.400577434145099,7.2101591369851805,7.308952636700013,6.550620954611325,7.049493246302565,0
6.74144098244652,6.425320637654465,7.118442355668415,8.375889032693618,7.120754070809036,6.896859695601842,1
8.765801219388534,3.306435303682788,3.5699680083202656,3.495832406566041,7.338697520773026,8.914715529238878,3
8.32615841262226,3.3272659216628413,8.81803360084972,8.894728665491053,2.963226696297781,3.787582268539682,1
9.22482232385947,9.126344830251757,3.0975744507347542,3.8974097799832004,8.010403603628093,4.688667825225209,2
9.18577576956663,9.415894231564735,6.01476782371367,5.927654809664675,9.307570644099515,6.843294544550696,2
8.144066912123394,4.799624568514196,8.00172489331804,8.559734307962875,4.457452151242324,5.073657154041173,1
7.406829949397366,7.598234825350603,4.905359226234587,3.447071910873528,7.292671550560298,3.96068017826574,2
7.699677293388358,4.222931956578779,5.424385241447103,3.704785505893981,8.71468797743876,7.138252054691706,3
7.294322145010386,4.328374257973126,8.181247238935272,6.012109807854845,3.416746958001755,5.2332209475430185,1
9.263081957472417,9.713313842822854,5.541139141662711,5.952806392846318,8.197421091707623,5.337554983619164,2
6.935825160195778,4.771843826201495,4.199508671107637,3.725341428940604,6.375436681164135,7.607793874832343,3
8.128500947291961,4.396637726503049,6.88648541235241,5.624408786964895,6.362851439735584,7.532277454555048,3
9.023095945187462,9.392101469198296,6.182259990288187,5.028843414983447,5.545231186531605,10.0,0
8.291060106233761,4.966477765362742,4.83067152259499,4.7532211732566365,8.73278003433207,8.838737906943887,3
5.975403856248134,6.23500559145707,7.1273656001478045,5.369926027749635,6.515196884834282,5.675223345393796,0
5.971070094263403,6.320077877222628,4.793213491252161,5.387088477924497,5.648947663522958,7.543401252453052,0
10.0,9.283806960824757,3.7881363140908073,3.2706479462979945,9.281964734198706,3.777270060216833,2
7.3738745371208285,4.33571255743266,2.884422511588757,5.521822062769449,6.629648876825569,8.02699924359006,3
7.538011763485889,5.377082574789692,5.646011760254755,5.238578775132298,8.428110536131825,6.051337096014462,3
8.623828733950594,9.495169566574864,7.359753522145638,6.718123089098651,6.408594859876607,10.0,0
7.756461812233923,5.491442669638571,6.407001353465024,5.279478660987413,6.871268144763414,6.605172983184199,3
9.71537230867748,6.545223945147899,9.18677201327813,8.154776580517877,6.174614859576295,5.778800315510693,1
9.156581518142493,9.529599498664366,2.9159898741351684,3.947520189202867,4.246527360176974,8.418457725416332,0
8.331574686109,8.241242229357258,5.379397339329547,4.950758849358145,8.457592476731664,5.238342240336851,2
7.764620623498788,6.90259868662287,5.935021683428352,6.354571455239957,6.465670721124013,5.479242497785798,2
9.453815571073855,9.442323665892966,4.3031391278522495,5.127285902628696,5.848437024241412,10.0,0
9.94174791430269,7.001105838149932,3.2262324470518675,2.6703184889353966,3.77973243741524,8.507908913027505,0
9.011887312650977,8.209776828106268,6.325596506147217,6.923466171401728,9.74230548960211,5.764412763881683,2
6.782178816092909,5.29256970376698,4.722771349059778,6.1671214047343375,6.128700591181513,6.6166126897292825,3
7.627693093352352,8.585890715320076,5.422145823239771,5.020502697037545,6.355010986124929,5.987265188837862,2
6.188845448491176,4.999782405130078,6.182709637732046,6.7080049506724775,5.976611227997645,6.048986026118849,1
5.99866450692148,6.922058043133268,6.203483100558552,6.140226958463032,5.976572672399594,4.652294940304159,2
8.905488978929675,5.919887604111272,5.232262675442197,5.529400400432799,8.351494527018533,7.86288472303202,3
10.0,9.418886804535427,4.394683687392179,5.558277070545909,8.24390056364473,5.965611318040214,2
9.009739320096216,4.184651645921466,3.9810001081459765,4.7995337506001485,8.057435233238769,8.855522170204452,3
8.414088333630751,4.7554042843236335,7.4003244646983894,9.811641904399618,5.014567689140977,4.963750496429524,1
7.923555894751449,6.999999014775637,8.805318978061953,7.597454656261913,8.789691302000469,7.342064671388667,1
8.496651106424494,10.0,2.733307218822941,2.2964965538276068,2.9517215860244512,10.0,0
9.008164826659852,9.109763024591045,6.469608720280098,8.548866714383788,6.6982380331542934,10.0,0
7.507872331100575,4.95093342013816,8.28144034877275,7.439356581316007,6.215863140325137,5.86593026005638,1
10.0,4.66062321694724,9.212717946243522,9.78403069538032,3.564558131519527,4.836391591942804,1
8.452898104191684,4.600522535830868,3.905976184335928,4.380842681679591,9.814637201426091,6.924819411263359,3
6.476261245216475,7.548706722989382,3.963160236318309,1.8429459212208479,4.0103201482659525,6.713301112460204,0
7.742432290930066,9.626526625587584,4.763285159709649,4.530250583385525,5.729407462780094,9.217631961589552,0
5.6197206926234795,4.246938700144258,5.365960653016412,4.468938937971213,6.080627931402444,8.500326613016018,3
8.5368878110167,5.7681256084038095,7.744251372189919,8.210184454840569,3.2635507352550532,5.226961348179765,1
6.903209545225062,5.288727272217997,8.950409561437771,8.930844612693612,4.9972950939356275,5.186369170436811,1
8.294793922041404,8.734827421610174,4.655619077029055,4.871056615631674,4.387029805084575,9.20891794459982,0
9.735780149171347,8.8604704472477,6.306518408228517,6.8801441160333,7.892554322801387,7.440394170498109,2
7.365273971089875,4.57497964621621,4.350022853436879,4.414271207642065,8.493984907046737,9.311376252189609,3
10.0,10.0,6.295658757034991,6.23563950062418,6.6880492417026645,10.0,0
9.18582404660037,9.423199085299764,4.322835880179507,4.252758352264543,2.0371575469900995,8.693192416899596,0
8.143893668564571,5.795573505135687,6.04155198094811,5.853447890835644,7.445089737718806,8.158041964332948,3
7.239624571994047,7.5074650571945725,5.575985950363953,5.91415082610444,5.521567388152095,6.847849337503178,0
7.410890833751341,5.222300835291359,4.529930298901929,4.770330602428536,8.409294469521502,7.416385575627381,3
8.677663023966916,8.719335992170594,7.877713568115911,7.533312095049466,6.83235234461883,9.538755595164737,0
8.57177799274146,9.044932818426078,7.000845757357456,6.54486820391647,7.74108479945448,6.263758267029324,2
7.810563461529841,6.356916081209492,2.810588141888776,2.8148841067321158,6.739807060097981,3.610666543722871,2
6.435711509348591,6.1332797290916705,3.957308881666508,4.355881200724898,3.1740749371601726,6.2471279162639295,0
8.380944855864264,5.4796419033057955,5.639680528307579,5.38091845432313,9.253750133677498,7.460143357211719,3
9.657276961821445,9.224401622018862,5.386093507658491,5.097606793150202,4.274581926138454,8.157530785361468,0
6.364949495837849,5.376989574156278,6.123886231613719,7.3151876608459725,7.3568546442949465,7.828413711405087,3
9.26055143030436,7.810964940261105,1.822899316635044,5.416997175203063,2.830529504293858,8.04087931533058,0
10.0,9.923753200370747,6.733745040492443,5.554122074809038,5.891560441579044,10.0,0
10.0,9.327553231665117,4.4011182330666205,4.575338562676477,3.8537237996702824,9.205950151067745,0
8.580253361902528,4.887638110691352,9.066094177049669,9.780186970718203,4.409127465161121,5.381223208694003,1
7.208039375054355,3.545085695400387,7.3653151051905095,7.262478991593715,3.5038447001155113,3.1591128030835276,1
6.304347422019076,4.813604663236043,4.498558826776993,4.454788900831936,5.342189020735597,5.3122474576914005,3
7.357818883419892,7.35092610289334,4.581111782672905,4.342085426594012,4.758651543416418,7.2322866267962835,0
10.0,3.402152606019585,5.882561919627717,7.02282999703666,10.0,9.806774271896497,3
8.183929746884074,6.156135568994627,5.181625386176775,5.235252905536649,8.63208607907242,9.06818031776993,3
10.0,6.822492072794412,5.20591363143477,5.991899933534795,9.70926740208359,9.692679541986744,3
9.332525265579406,8.549756546703515,3.665446572930737,3.916968341326457,6.0376764760663555,9.493172654700377,0
8.634727430028382,2.7075352146972143,4.141064014052381,3.5902739633183827,9.379362074391604,8.972252588968711,3
7.834924386147467,6.554424411052411,2.782302199329085,3.1941049547739206,2.6870391419367237,9.091750239193265,0
8.389568069276857,7.8335611412336625,4.47272234240298,3.433743374718347,5.273064336932176,6.630535442676092,0
6.418255988245733,6.331878848347048,7.752688737207117,6.879376376403151,9.522262535999804,7.224463569986661,3
7.748237390867904,4.43726849481479,4.356892456995479,4.078720836946166,6.770129871422673,7.9164803908037715,3
7.619705407417526,3.711820393172525,9.272892088240301,10.0,3.362263163546077,3.9395149946940426,1
8.219215449117996,6.12376349478569,4.488908074843408,3.8892596195702227,7.443218885229874,8.197271551071971,3
5.841425233123465,7.061846370941391,4.636123246342308,4.964219119275691,5.166879637666158,6.943185229346106,0
6.367437804813818,6.522926122835831,5.545981526253432,6.193788836645478,6.043408305446187,5.824675505559075,2
9.946853937584141,4.078465039444767,8.928590135279375,10.0,3.2815963292359553,2.9750379835461205,1
7.7802773052802445,7.969611814237848,3.8432354515392335,2.889106422915476,6.494254747104266,3.9187762366050047,2
7.363636822211277,7.543879164315609,6.822812435484502,4.91242019435933,8.001179005590615,6.778393197570227,2
5.534061259342519,6.8747603648347155,7.644444623683379,6.974162168412438,6.344330010755134,5.038279660803437,1
10.0,3.4970059535355085,4.004775897062915,3.893482872848998,9.434857611659769,10.0,3
6.99007742383409,5.169330543057772,3.7140595857864227,5.041410059977923,6.402487987715377,7.125360343357662,3
10.0,9.20447730602812,6.28004907072801,5.623164012309277,5.024043429575928,8.784872155093417,0
8.061833084114335,2.679271544756305,5.7485847547414135,3.0935060749486087,9.147225489300297,8.103863700990862,3
10.0,5.720917267069282,4.235710230201651,5.766468534712318,7.706084868347898,9.310761957339798,3
6.9682483725233535,4.664941007247,6.146367094633551,6.2406930188402505,4.625162310695189,5.721795833080138,1
5.73096550204364,8.346701376650639,3.5659843199547567,3.958290427713877,6.011043275480086,6.558084909533394,0
7.623204315012615,7.836877001064657,6.9562561804190395,4.9722027237816295,5.827449531697503,5.982411698099452,1
8.074645189798552,9.790529248037029,6.955318715476394,6.652521289688184,6.965230163814245,7.8496930259342514,0
6.656258979076287,4.646916954857426,7.349592602455992,6.637184950339749,6.10373227691337,4.424699525117026,1
8.293705150292086,8.125073957118843,7.236927296665462,8.10307184162719,7.70455954776219,8.628451381101955,3
10.0,7.425612203354624,7.74233134986092,6.025959060494397,8.793908074974997,9.874082261547667,3
7.183930310749046,3.4069381681957336,3.7277275341893183,4.582801331016394,7.09671405639528,7.748792502748007,3
