Toán,Vật lý,Hóa học,Sinh học,Ngữ văn,Tiếng Anh,Khối thi
6.278610214646379,1.6680748772389014,2.099369081338475,3.5233355992386475,9.640290595108398,9.450701851347537,3
7.2441765572436285,0.812077422069108,7.974678662047573,7.939756381844877,3.3734932029616322,3.707623198195389,1
8.249897506618332,0.08162052842368661,0.048898012257779566,3.755881308268994,6.8406611121558445,6.318695437782441,3
6.144578288037174,3.4709362831877364,6.198277174155238,9.670415514601718,2.870552519353046,3.085441009104945,1
8.88421609659543,8.37879825410484,0.7003672065801938,2.1203671750401387,6.647431143941603,3.7926824698739043,2
6.8864607112821785,0.016143565416628203,6.355602911680494,9.980570655528904,0.8034729174444766,3.45362217650408,1
7.387255786898224,2.3215112245538547,2.211483365445813,3.227827608816605,6.589253166407893,7.147490255423428,3
8.541701506473096,2.150758560885462,2.242433782974269,1.8599613192553828,7.4983839218461945,8.297022448603524,3
7.266816635888775,8.063785003843064,2.1764964563107965,1.901058818205886,9.162764985332283,1.1870818576178688,2
6.337931576593873,9.272106680306003,1.99899711741813,3.659210694522529,8.38828226944478,2.3033359007981207,2
8.618319733714582,6.3977726869586995,2.0122955229607955,0.24131000012967618,0.8198448844968333,6.468489255516139,0
8.188739770667802,3.491893186091498,3.1989470765739885,2.4483752514601944,7.725066472597766,9.035466287260107,3
7.504199701736791,0.9554616622313001,9.642442145132927,6.535006410113905,1.3182202632434823,1.4191566662582855,1
7.636016176683028,3.204626358063721,1.8593416737023047,1.643696510339201,8.712386116059058,8.990238518366018,3
9.6042972923602,9.54214839526395,1.695373975569416,2.0279614299728097,3.1808822432102866,7.891187003813092,0
6.521616696983964,0.36695501031857924,8.627245332550567,6.012980940274007,3.7681775794149113,2.0983768646779044,1
8.171955200112635,3.286643160314615,9.94904547190021,7.1176957171190365,3.4825305203499948,2.0527648186782,1
9.017850044407941,2.151225137509802,6.555679417756343,6.521740946202643,2.7641619328737503,3.8036451856593065,1
8.104164636762226,9.05009085320875,2.434820546509196,0.20483328316824867,7.303341539981799,1.4390018717547628,2
9.250416435678375,0.2664535174942406,3.0304219521048075,3.734176736571122,8.97169057007873,8.467522569597163,3
8.753684608500667,6.088281609096457,3.9826698441930883,1.0989011040272096,7.033135756585324,1.983456433908144,2
7.770403254419794,9.72090220903145,0.9382756961031702,1.484873404319484,7.568944050999981,2.322712121864572,2
9.940865829138248,1.958036985021661,1.8388819490967863,0.2728400716874635,7.242396081036686,8.205916374722257,3
6.144986719673627,7.721808012792389,1.997236489279755,0.8960463709952955,3.763031045292539,9.66635769919169,0
9.136468245551068,7.023457286217182,0.2954523445482051,1.9570456574247848,3.838171078760054,8.472948982812547,0
8.78490798036895,9.339628783239526,0.18887635764760669,2.0864591487318713,6.291288212108449,2.7764150204363873,2
6.945680115882826,2.693019428545349,6.598772207518332,8.498099646023771,0.11213670641531515,1.5416085321459554,1
7.000229148375061,2.132838069676127,8.737636382065002,8.312591896687646,0.6877654383793499,0.6834481703218636,1
9.673857967697048,3.6485796347298023,3.6419975523205452,3.8080790000680436,8.170107532376356,9.216654296459488,3
7.9962195045305435,3.983349182884362,8.216314652556335,8.357906248656256,0.6644564541500761,2.3630684080883313,1
9.412201526198853,0.6194048679850845,8.172279991587583,6.425634227459117,1.354597096807677,0.2557442594590569,1
9.646576450550697,6.844053681885473,1.606553570680675,0.6049021316709515,6.107483591599269,0.846239218976514,2
8.681013634225367,6.960540120307719,2.01920268243154,0.166561962903649,9.72199775513259,1.4521948274523533,2
7.721255650808472,3.090339272791291,7.92856711087026,6.539409649562937,2.7121812353842096,3.6208702743979146,1
9.898419602056514,7.240465329729632,1.4696399855275804,3.8185686418862677,2.66597999446488,9.918300693898491,0
6.1735500970309936,2.182024454410016,3.7848814209702737,3.345095079071491,7.834251831027913,8.501268219426352,3
8.336642385879594,1.4644829417798357,2.5056480219636272,0.5310948375913314,7.350518896750824,9.171660264188882,3
9.335501459321053,1.7933634398784823,7.414546698339047,7.011915983262872,3.911027305644555,2.677464701879724,1
6.471045106148522,3.475681358244955,0.6296072749845063,3.6243066188382302,8.451415038678139,9.812545983744393,3
7.9437576264802825,6.450452585052465,2.852064035665589,2.3432306937193657,9.960965220608465,3.884507167737932,2
8.085068593317175,2.5748907834412424,2.4028770590278694,1.3296966984524752,6.67416323651209,9.667236636768596,3
8.725940104256509,2.9474963568663397,0.10944097186203816,0.8697021306629997,7.223057864786506,8.80554714975436,3
8.580011094483638,0.6994525920520505,9.842120434769331,7.915641008719733,2.479334150855939,3.918010096963208,1
7.946659346127854,2.6872550862567666,3.136204583415746,1.5490707967031065,6.801945025983601,9.672001732687775,3
7.392188679509434,1.1721941789519343,8.25233381139809,8.41511266824368,1.6180057651529585,0.2899689674921957,1
7.843912502775195,2.137409745978327,0.19122754895213356,1.71890394974946,6.81306367474544,9.765074073796038,3
9.389874267175276,8.1193210212239,3.186895315120707,0.4398995343296037,3.1839391767356418,9.750988974547763,0
9.26036137550878,8.285189127523598,2.6923645111242585,0.010202252454535987,3.5276365581110167,8.108941181003258,0
9.187850707650878,7.670623153657105,2.2713221608090284,3.45028793242926,2.8549229716104176,6.9843573736363975,0
8.566672388330133,9.562199196443181,0.3467480519051822,0.9996976984395629,0.7618426171843766,8.892995399020531,0
9.700873397435506,2.1866185912876386,3.184970086473878,2.8245983054471147,8.623450754349648,9.49041209460929,3
9.729719427991956,1.9307050650096893,2.2997495446594756,3.297119808599137,7.85229790922573,7.752391357974537,3
7.9098426559148995,7.924185315755668,2.0076351555397505,0.5117851801568785,9.580644210963346,3.113569275221393,2
6.332826293472764,0.7529689196269351,3.191008953604926,2.4844183598411056,7.526447463833461,8.257137397123042,3
9.924215443362227,6.814345940909259,3.6650259133372662,2.6463241008094944,6.999593559241665,2.6728822245289816,2
9.565340434069528,6.560255787715534,3.2659051314927403,1.7021859419722318,6.122074417986027,1.6540715546217153,2
6.068741865552259,2.1496253157509915,7.465433663573933,9.294390373483827,1.6410771456060256,2.4605982460722924,1
8.806593679898132,7.985867048706073,1.8187479513930422,3.517440453699591,3.3195839955651816,9.352090194455432,0
7.5343791705898,1.0447542355787984,8.500226045723963,9.32631634321724,3.0022692486502662,2.556590834451594,1
8.48406140587704,2.1275755369868623,6.3454747156579305,9.62402216361397,2.4809541833232207,1.3511122563579567,1
9.59729487257539,7.518418627156175,1.5397104120047307,0.4818184623162365,8.73067907106931,1.407076694704501,2
9.74470366734219,6.595082836691766,0.15487923502846135,2.6618812499799303,8.721745728313675,2.176699567213261,2
7.661625708201738,6.771365442021552,1.6639991995023697,1.4838532172362435,1.906655643440018,6.725404826295758,0
6.356715976886564,3.451689137636592,6.555394744272725,9.323346785135243,1.3069827377845025,1.392258801365887,1
9.6490392411876,8.334469327271371,0.3708440173503025,1.9202395668233598,8.394147188100995,2.976384038918959,2
6.186053256147209,6.077468005662496,0.1848411037501596,3.3557257688888322,2.3588727310697672,7.2010970517686115,0
9.443474978693029,9.92104440922603,2.580714575035146,3.4034604189518576,1.5683534198777007,7.601399420276122,0
8.305225560458677,7.270353129822549,1.369989633805932,3.0584424255233573,6.147659628470558,0.47598827259785015,2
7.5646764759169915,3.373194315641553,3.147096814535082,0.17107268206580795,8.210518664856412,8.309247624280964,3
8.655396954559674,1.5202830446622735,2.8471857549317012,3.57463880011965,7.333599225626298,8.873888851397783,3
9.168772848241073,9.726058934230233,0.24957467710568793,3.072944027158,0.9167638785363628,6.577235820277695,0
8.803570177384135,3.6103119008089815,6.2730924847540415,9.316126700596126,3.669885509980857,1.0840918429584843,1
7.5973120293676,8.059508369839975,3.350288617644257,1.1996911931373715,9.095166182653578,2.715950490806441,2
7.7142049851847645,1.4272269064747864,2.5313564195867033,1.5181556809965695,6.108469519369556,6.874163572194856,3
8.023387875685305,6.60645550001476,0.5251159248434609,0.345543446634458,6.814913426604455,3.3048447322191143,2
6.544956509778525,8.544367043752981,3.1310613937772023,2.3856310400495677,1.793253956252674,9.03138890806963,0
9.715156947078452,2.2509678947316574,1.3906983290662094,1.335138138563578,7.419047018560205,9.439238210437201,3
7.8155226762293335,7.133466945824553,2.1610456372112523,2.701992943578789,2.1846044060782677,9.401733213451664,0
9.085792612108913,2.0200053031039173,3.325996381957312,3.92128261969437,8.786008929704805,6.6986739626219665,3
8.98248742786273,6.1657725629295115,1.8319960439046383,0.33889909277682495,1.0883587172254119,6.594630577732081,0
9.165106254101353,2.2399794435941565,6.702531957228815,8.992817930328084,3.074958445566591,2.0709113830047388,1
7.347107215149763,3.9739089070076794,0.6438674297282314,1.2599647590044607,7.015744456389637,6.725415522698038,3
7.123335401087031,3.7588480196835934,8.294761300998552,6.93693332114513,3.803951987358503,2.433501340373016,1
7.837043921016326,6.118095618322417,0.2996507452156192,3.1821574242664568,9.548684578528487,1.5915215697336644,2
9.78616950796881,0.8149290563334719,3.20151340403314,2.233868840728341,9.982816951365995,9.959682697239629,3
8.1982998394109,1.0064922091092976,6.551260044466659,9.334266897128211,2.460520021757658,1.962189592487229,1
6.200838326107016,7.895324089465264,1.678660858330196,0.16526696541338382,7.96203532622234,0.3722759722267748,2
9.111046582098593,1.550466808081727,3.9755392581623035,2.8236535273943018,8.336532116400525,9.598685089338217,3
6.080004402137343,7.6840161853274225,0.42065166759062267,3.3646766392084904,6.538428957343838,2.9522676617843375,2
6.394543984614968,3.554641412852484,8.087745777836187,6.9125644318072474,3.493081628171867,3.119844955888029,1
8.779260655388773,0.7470627400208647,7.137388495920856,6.683198663317782,0.31910070782230626,3.9776690834146926,1
6.9896116059871805,0.29590982312865544,8.19099235069316,7.173520868484454,2.362494930893573,0.4487664645445455,1
8.158634568329536,0.42929634320002874,6.341421312962517,9.668721423518637,1.937251672369848,3.4389754095304577,1
6.775149367066216,8.087102952398402,2.372302547589535,2.241623153171561,0.651377821016975,9.486408140996758,0
6.348159107639477,6.376591391394771,2.8069694960717797,0.7649306163473617,6.2887439596249335,0.061681913643699904,2
6.780102259201012,9.247098360005138,1.8542744428300297,3.888387573154112,8.380262108705274,1.8134541763770549,2
8.406783818102298,7.558999086088479,2.0597643676528232,3.471780190661586,1.4683792739547243,8.552861919807846,0
8.851984709354435,8.61170920077925,2.0641281335846138,3.3135338300186534,0.5610275967421328,8.248924775425781,0
6.592996734740357,7.860847234965288,0.4052941894073734,1.6287751723201014,8.632896723186361,1.1765903316291655,2
7.139265080498323,7.723170895759128,2.1259056441867403,0.21463500806626934,3.602142667952324,9.36998326858533,0
9.977820202905187,6.738715850462086,1.05571716317931,3.9676788859580694,2.835982245751835,8.864721316106978,0
9.18269466985468,7.795869499228118,2.6197610701663963,1.4828442768611416,0.5851294947865964,8.169864491235076,0
7.427703634297428,3.984249499523868,6.753404983053819,9.557757741758667,3.965498724477069,2.4237789292121685,1
8.681990845029738,6.247151964356794,0.6872197295528046,2.6412941359482875,0.2313107665290972,8.680953354977497,0
8.482373517328734,0.9898593132787874,2.956835829291895,3.6783268501136197,9.869278696922214,9.330287198621644,3
7.1451327708368835,2.8226818970591743,7.136677742600936,7.287335667643655,3.9265508172778105,3.687245288358891,1
7.156655096692335,9.018580866631588,1.935927832970921,3.092902247929217,1.1925943202258273,7.77503100369462,0
8.611224567947554,3.5293968198791967,9.062095831162818,8.234013753478886,1.5753365809208741,2.350229618695722,1
6.17940044896355,1.5255117318857763,2.8048085222783152,2.1220782563022307,7.613533739855704,7.580488284145687,3
9.405487281440728,8.693130856351079,0.09969213445999792,0.8222004516268351,9.942700997870645,3.3595028629956096,2
8.071163419899424,3.7551708745862418,7.1856542579313,8.681050634559606,3.923422301697158,1.8515622175353434,1
6.8904130629917635,0.2598831989964392,3.212363963383345,0.29252016720119567,9.256469693867293,9.822928918607124,3
8.745603783684263,6.53696359691096,2.494964017962107,0.9048810847080078,1.984365829081352,7.6237400127281365,0
8.05502867915681,2.0427507421404547,6.248956074932965,9.540413709896333,0.8782814091227547,0.5659618590302027,1
7.392245708289883,9.532731328671666,0.6230780185461828,1.1142839723529092,9.261109829959782,3.739125125916989,2
6.146661040960736,8.788556482519311,3.933274413362524,0.3498090348191636,7.36140785765374,0.3701279809595599,2
9.241458738108978,7.680572618043879,2.7355209662336524,3.7771849035700913,8.312262071586225,3.4072653836424798,2
8.109442980606302,7.741402783943355,2.7961814470925983,3.4436786088364415,2.9617437318187796,9.85987552420772,0
8.178708565394803,6.597782653643445,3.8936918692125326,3.340558515733009,7.52065010135682,3.3587191564138976,2
7.6751315441995445,8.08051898078285,1.783163452658334,1.668743274082836,6.236863622371496,1.0529773332567065,2
6.282487545744495,3.6643116856825833,2.175661737577312,3.3662316572338344,8.91995300032091,6.682909131424952,3
9.898556234609835,8.826742853399335,1.7913939196667399,3.276452765897664,1.2966389840502757,9.960980379034693,0
7.21780296113767,2.5334981853159118,6.830644407126446,7.342079054646687,0.9253557569494744,3.946709311960105,1
6.9408930510416,8.633797789204785,2.374526753514141,3.7354509535523697,7.622735309019012,2.9071727605354702,2
6.452373380434983,3.9381912326784825,9.601311503529928,7.309460266550257,0.053352895757485364,2.8103689797715727,1
9.980093156780113,7.6684112275072005,0.09809993653583016,3.478096863436869,0.5011415624210791,7.209670110367165,0
6.694208023638038,0.5168187751718492,0.7286282778494564,2.0127198749762467,8.377940707074888,9.68853320968155,3
7.216391540286191,9.030898546659575,2.896447000222582,1.5166588860908532,6.792670706467899,1.058425219350478,2
9.510025683362025,6.375451227232796,1.6531324501017992,2.783844265705883,2.15409168295019,9.475379314277394,0
8.876853421304638,0.5988745806802598,8.678862473449444,9.951748039757957,3.8324060397131974,0.9405146108310238,1
9.770889274172506,7.706446196956591,1.1644604400795182,1.24677248069588,9.590154653182351,2.758880729188539,2
9.685835986955318,6.8361863676764045,0.9212134432169852,0.7392936987809975,7.250376406389266,0.10183100334050721,2
7.8805509578767605,3.0533055357033505,3.0934795655250777,0.7862120945443318,7.690666658482062,7.6004305517071185,3
6.926028854509422,7.777995373190969,3.8700786717578377,3.8096318216549356,7.008002317982024,0.7165985372503543,2
8.122714818163848,8.052544986595244,0.8616084030035731,1.3399538374366298,7.93377120252417,0.15736779112487476,2
9.062272590092673,0.1186540816033852,6.6664468161113835,6.925733157113073,1.333229593574747,1.24038881117339,1
9.194982089784272,6.034804436629987,3.554428926455504,0.2781229466393804,0.1505887713112859,8.519084342277019,0
8.985312577807811,3.784652595146963,8.67907678009739,8.518243262252337,1.6077480947084535,2.1608148736011237,1
9.77041026613722,9.288705800241111,2.7093437827673292,3.512916138911217,9.625478000165222,1.4729099260186946,2
7.056469800795432,9.58395448780724,1.6229927323444922,1.730618591957199,2.037258911651664,8.293273572455856,0
8.113602754697894,3.287540330741915,3.1683307777726926,1.240106217008814,8.852848413348308,9.971876152767953,3
8.816891527068465,2.1007139014785374,9.065787459393327,8.747698637177127,3.9636268636569656,1.0652466216956364,1
6.537066901310954,9.676173931765337,2.231780526893324,1.3368582116181855,8.76359421862397,1.1824923814130028,2
7.878142273773992,3.4811867112773034,0.775315595561429,2.9456879700978567,7.323656198255931,6.695832012772961,3
7.349360739474502,2.5440435375480153,7.994562557411337,9.179683307982925,2.933602344180969,1.199265156864743,1
6.36833960094435,3.7409917195204643,3.5895612371048835,1.93941049032717,8.842670222156729,7.28337131320764,3
9.557983530245359,6.561587066052677,2.8618968069995305,1.751792428932363,9.413121854128384,2.9351921313406732,2
6.941460614143258,7.928147023999417,2.8265706564017687,1.2290736173482446,1.0679336075885222,7.439623209304623,0
6.8180757240292476,2.820839701417398,7.1388782316406205,8.445712319955641,2.501897138250762,0.056216907112312864,1
7.433059207814411,3.3897958736293425,0.6494240183723665,0.9160353871392108,9.374087054786052,6.307648826091414,3
8.636525978682041,1.5721765421481044,8.276462283527783,7.426803778812906,3.913030967712519,2.92982220507028,1
8.58488222840924,6.337658989744583,0.7327803216903646,1.7177549226822126,3.473696375090495,7.077700222409252,0
6.560922256729867,3.386731041473681,9.859055591155647,8.317524220791746,3.224703203798875,0.06650515156404335,1
6.532886995151824,6.469164818017818,2.6764416005653757,0.914679184820101,8.6539852680748,2.3610605518843832,2
8.635329811348015,7.867173913876715,2.74356123045998,2.934080341823557,3.303047027863168,7.048950271245648,0
8.156861466732042,7.721796279535914,2.2567931025968004,3.160645742266631,7.263390842153093,2.2214210602919815,2
8.33913366386072,1.282825104774783,0.5424243297800948,0.04436038152589683,8.01341848069845,7.601560752229867,3
6.919667640375081,9.651216931816812,0.0188000145864482,3.5378699737041357,0.7043548204045513,7.798034842859595,0
7.168710265340307,3.107617347035563,9.524859443507008,9.734576696105158,0.221883599197497,3.873432857646232,1
6.847433181082907,1.3180536833122898,9.906623731131038,9.852285474327017,1.2720026090395407,0.015845479059044543,1
8.607132689943079,9.035120103326545,0.3574744429759513,2.6724290717009818,9.643989925062584,3.658301673098735,2
9.395025517898677,3.41767794734743,2.7572148948168387,0.6911681435186305,6.791209477932236,7.180449963665193,3
7.772707175919667,9.899511989827705,2.4019513235953447,2.2982726041011734,6.1113211715220155,2.7561062698893304,2
8.17705109264164,1.6800971708541712,2.64440149343254,0.010667490774962207,7.599583690927285,6.3339231866955865,3
9.776460274748771,0.7941291659013219,3.016090328226479,3.8117266263227516,6.810630304071596,9.370446210506373,3
8.0752336310847,8.004745845227653,3.9691059163702986,1.523214534541406,0.7495935737420227,6.452107966766128,0
7.5314013012195105,2.4571304367017226,2.153579898168027,2.6376811818635884,6.832626941371788,8.719485337059462,3
6.9922339511683145,8.07246916390692,1.2529419891128768,3.923056452650649,3.884520335508352,7.569635562666755,0
6.574036577349358,0.23156267489174454,8.356087420817698,9.778747050364768,0.04770347730702307,2.268777109161407,1
7.6084603277599125,9.880971738923012,0.34784260502609277,3.356909717958617,0.45614546477953066,7.6179303411749455,0
7.027032259888383,0.7113681816986523,7.00067189827019,6.478012841560947,3.768995787446312,0.36073768739673717,1
9.041209998468767,7.731076376922161,2.385950650287348,1.9552566732658803,9.007908833293833,1.2029746945602913,2
6.307407191562831,0.7277334078435023,6.374237179630709,6.762034949171643,3.7472969753519547,2.1121728938701136,1
9.618615706641453,1.710104655538157,0.44403034973876077,3.558875178474948,7.899780285988218,7.960513608538643,3
8.659583859897195,1.9111024283177742,8.06940159757998,8.471509933994318,1.9757340980663787,3.6949007613593645,1
7.603521747403392,3.3596326864079735,1.210498257253371,0.8251492179244599,9.29450397622757,9.631245904959151,3
7.915946325759359,8.76214209904848,2.1295837642985678,3.382241673451797,3.537879940543501,6.906121252304381,0
6.864780842661242,1.3792000191734255,1.4002067597087136,2.575950943929139,9.04770652128293,7.980193609374665,3
6.468317384598648,6.193884528787152,0.31076467454919854,3.725410383469536,1.3991832685437586,7.726908059215907,0
9.107943288641382,8.666338033571527,0.9320952976304775,3.137906763248995,1.6084485886551678,9.319797276104785,0
8.976960338999596,6.63774284485318,1.333026960934307,0.9768618888210376,2.5798244917957276,6.2523109776801835,0
9.772307696725585,1.382152081258507,1.948084528719253,2.9336483657799755,7.90066395378436,7.170883299188697,3
6.997189852894408,8.183972879643878,2.692655490994518,3.1141026580365825,2.2153721201374927,8.395041371494372,0
6.708642601161232,6.008531546674952,0.5669147894504873,0.2444124314355589,0.7237164507992926,8.73060640298997,0
8.995007779790656,8.135281828046429,1.2697743296663697,1.3004034386815992,9.324282533487116,1.191217969131173,2
6.114605616503303,7.63077327257226,1.394591688104704,3.2457893646216505,7.808334162133386,2.2385496779639786,2
6.30608770456861,0.6527271933703447,1.228629250965549,1.7040665747791501,8.753110931843896,7.116655597562542,3
8.71775407199813,6.888366383003262,3.645108024334062,1.037198809474912,6.102275549353029,2.590300806488972,2
8.252873238730398,6.631476285274561,0.689690606553834,0.9746829039615226,8.743625898348316,2.244273030681532,2
8.767210923564647,0.8709293983302331,7.802232985421611,8.493990669248992,1.6847951377976864,0.25284465347490803,1
9.44863824227323,2.3667038919363574,3.6325541286546668,2.2045814795378433,6.235620451962054,9.721381385875791,3
7.590675026556186,6.108878193373503,3.220675973621112,0.4431206707733595,0.3838316254552838,6.069507222844379,0
8.274652566662057,8.732178113609645,0.22676201480174862,1.7075011798608517,7.792199726107295,3.2679891032744495,2
9.244889399577273,1.911855810951216,7.2847063112308215,9.578088266366208,1.5942521685682678,0.46920863157249704,1
9.590947772616236,1.121388744394396,6.050951611896653,8.24902513016178,0.5405336967909764,0.5718583229061571,1
7.151383691063076,2.0810500001041503,9.127816679989524,6.502205438592508,3.8389606491373063,0.8242036765578709,1
6.146881557590733,9.506037770666975,0.27552338621326244,1.5432354728692053,2.8294735858011126,9.045461367376905,0
6.289015091997451,2.0825887250344457,3.521744703591472,2.932583031425167,9.720304307696718,9.583497949731555,3
6.349399797384561,7.3823111655561355,3.8563943158762735,1.7455507603315836,1.478015858264834,6.515271221485022,0
8.457365456431138,9.926754348045614,2.069841204741157,1.2830005305611785,2.4115127951572486,6.029706866776429,0
9.882863230778693,6.718545866450183,0.8066915591822785,0.5308023908334292,3.168814997976159,6.923271000742719,0
8.285872407548549,7.558836761345582,0.16657515377072496,3.8496619277276443,9.678404273914351,3.516695413184703,2
6.220961430129655,1.854828862068783,8.599796531591242,7.067087519855368,3.0799356422754722,1.172246152624048,1
7.36293075416792,8.212810688408727,3.8568292504454043,2.7084885345849243,9.224559554277006,0.6811692466345334,2
6.170278144299544,6.125120809125359,1.921550717030255,1.4855945664751373,3.602275594385594,6.014261302352485,0
8.781663314914162,3.1205535663144808,0.5584364762016878,2.248214336586308,9.368499231489725,8.168270959063534,3
9.746247987087868,0.5804616008237158,8.613121010792216,9.957661332139532,0.4766436016418236,0.9369212922058163,1
6.411673759188118,9.570545926768743,1.9669832642219474,0.6258757940474804,1.94019102631799,9.188303062240252,0
7.972489092287567,7.64948457904752,1.2485530542555963,0.6091487342633113,7.892444687226426,0.6572982160610539,2
6.478675419546924,8.50007176838816,1.9413062273880275,1.1419489455393141,2.5083962271452087,9.703100753420438,0
7.3504311561956985,7.182510647558186,2.8345308777861438,1.7230305211964598,9.219640545218052,0.39220800727921157,2
8.714846291590359,3.065264228154222,6.420010643249961,6.768787987457754,3.610676412159184,0.2012583391795144,1
8.370729069495955,0.20071640773768484,6.625303477082603,8.003480047213566,1.3791356174878042,1.5302868409342198,1
7.819217717748354,8.556879252323023,2.4178328437696166,3.677267043966904,2.1070356117767477,9.458680557245076,0
7.483155079479996,0.2697461580573828,6.440239511830198,8.399296973355517,3.143119657991314,3.87297036327541,1
8.105010848607854,9.425497153733222,3.1845506115363826,2.948462301115123,8.657905914888559,1.9384276225719064,2
8.066385651139495,7.442313713198311,1.8664158767884866,0.41059893058909713,1.8685670002040937,7.998527525986756,0
6.161454745025214,3.802593391185454,9.950510952280833,8.608146754460499,1.9328948887867456,3.4172850757060913,1
6.835915923270414,3.9146224742087115,8.757355084001585,8.01769685607422,2.2644782424961423,1.2086879299599103,1
7.296747071809197,8.778090560494507,3.433768507026483,3.004809011388604,6.681481188796761,1.080906316039448,2
9.543843759246958,1.33943327902653,2.7148796536254194,1.066797011501862,7.676455452879015,6.81278562387714,3
7.466961229137913,9.026214181890131,0.10884688442814783,3.0874927313289198,0.5517750586863484,6.9367833204059375,0
9.878711299044651,7.953087372590691,1.9763677272562759,0.2077079832689157,1.1333555814739298,6.422745981042692,0
6.700409752147042,7.893159440501922,0.48748563647897303,1.7036359869985769,1.3874368801906711,9.573275232873915,0
8.288586182657717,9.300665086134645,2.1897914459791132,1.799241860822863,8.015130158486382,3.235784511733072,2
8.169451075188766,6.996187595598473,2.5786413960448007,1.232325557255379,7.358225861103332,3.8570491715772084,2
8.725706000539537,2.4823600397919217,8.787122810385954,6.484069109002885,0.5941823638288737,3.2993636645794666,1
7.669159672213136,6.158950102517589,2.4942157369259603,3.5326856249396985,2.977942918969437,8.361664401228794,0
8.464127866912184,0.5876730360575455,1.3652902032051921,0.71760217649393,7.867917937176092,6.929831701072196,3
6.491685705862356,7.667548660046387,2.1315450628634776,1.1776580361029052,9.046220777187497,0.6377465965035469,2
6.771658676365774,1.819297592788594,6.197576627263176,9.378192386364896,0.5002548021470763,3.9622984871938227,1
6.050794507001676,6.858178882627037,2.9698888042176725,2.449804581836688,9.79291294875927,2.8554570578843976,2
6.719082087352252,6.462686983248714,2.4293487859340552,1.7689904648570787,3.682381782691858,9.128179778784236,0
6.551807413110183,6.96579621735999,2.3048249450957465,2.2186329399091873,8.278744260626056,0.09239901878149492,2
9.242317157968204,0.14966980852173872,7.942309420461503,8.791631141646938,2.421958867316086,3.1136511614990017,1
7.577834278911833,6.614040740566946,2.276985428951082,3.2192993338034035,2.849585734506473,6.045138562355773,0
8.26907632813463,6.78385895917594,1.5075215575734302,0.0903855055378231,3.3035690969754015,9.31545542484212,0
8.374436481805084,9.699837580473398,1.8739908612750908,3.0174114511364967,2.358556896366424,8.171951868908705,0
6.984563158026918,0.3820158770297426,9.437782394519095,6.896198299986121,3.106083420691635,1.4497895620227501,1
8.999260904700769,3.779288004226184,3.5474697452535056,1.022482256872125,8.867297850321437,6.673550975380582,3
9.081296414359684,0.8148132519661395,3.5736224393115776,0.7379292142279819,9.986890668709863,7.316344489378949,3
9.772213668288703,9.002327150113617,2.5116128096829393,2.3893593779711377,9.29133173533653,2.2551815590691615,2
6.970440694697765,2.506950899350951,8.849158303901266,8.356830664491266,1.5283134572291335,1.1456767179737928,1
9.942876022376659,3.058241719414076,8.232395759346318,6.1194135468784125,2.1655638014521794,0.263269481440052,1
7.89832245777844,1.6516590413848475,9.62585559282233,6.6090457732987264,1.6960163997514726,2.6556426352044302,1
9.325271390657917,0.8775233518567984,6.200075048945427,7.251139692955708,1.4064500978509966,2.303250932407565,1
7.05654366483464,8.755114335435518,0.6050136002977218,1.2717775436212064,3.995859777205373,8.642238863575374,0
6.109683362919472,2.512182821361846,3.9520984734202496,3.21761788066654,8.722354158095538,7.880382056599995,3
9.59733238134811,9.830227035145663,1.1695192534855021,3.2839092018254723,1.1471372636835886,8.591375001360863,0
8.667438939223018,7.458728940511601,1.9498973210115969,2.1250516674738935,7.963196927788612,1.8990913277498045,2
8.260021108220565,2.100390295032437,0.7714002192713005,3.1368133174842168,8.316853756388007,9.321306328392495,3
8.730865759028266,6.589030652150687,2.5416143394114914,0.9289624991906749,7.403237281290087,1.6892583463024553,2
8.137509750469478,9.417923880857849,3.649699627830427,1.6684004856167465,9.21444136976323,2.3972010966218376,2
6.896540182751616,8.196572404153416,0.2130379891035954,3.8096013773073887,6.264851481498965,2.423701788057256,2
7.385691420397574,1.8780114768837937,9.516487099468469,9.214541535084926,1.4334475704337408,0.486692658681831,1
9.790459118241555,2.8296557601474923,9.606011284140045,9.400552817999433,0.5949158976562572,0.8612319672441227,1
8.727366292557186,8.772095140333144,2.583895643135075,0.6249831086448263,8.050443410308324,0.850907278078525,2
6.565875560456847,8.611893231294186,3.7322000142610228,1.6051749269667002,9.970538687462993,1.1305729491610608,2
6.697323887378978,0.7102717416669826,9.000838811559387,7.109508298877884,0.18269968455544783,0.032074726378184426,1
7.965330092758011,8.84116922415587,3.9053328130324525,1.661163115214792,7.47120207557115,2.3109960281775317,2
9.98090989473501,2.6504703876009246,7.743657519872301,6.898845641389352,3.7864067023510857,0.718722847937737,1
6.566455884075685,3.9683213733059732,2.158198360724179,1.4038192569954546,8.309938846047913,8.216019484724194,3
7.104306308447548,9.401136961778235,0.5603953276748768,1.0436222365371086,8.433108923586843,3.2916989109626993,2
8.172463029094134,9.940896572551456,2.3713475604946477,3.945234310052571,7.402085270633755,1.883304759716744,2
6.992160281297438,0.14734570366506272,1.3482127665068586,0.2973820804345184,9.21092252869397,8.121822416582717,3
7.9620729847774125,0.17998647038381588,6.482884550451553,8.166478640460245,1.2793142365930903,0.7704913658879802,1
6.422765297833031,9.889720478160207,0.4780692074024717,3.56817792041011,0.3765025867490843,7.605389227071534,0
7.965594263118777,8.083700451138547,3.6365952416443372,0.8041391262680655,3.2728839942259853,9.780957303285556,0
9.923775678735371,7.716845502085254,3.8275082300467567,1.6146343179135423,9.222524739177587,0.7403051061581762,2
6.1721177739196635,3.1219863065579467,0.44167998690111876,2.951690527210154,9.571218720492647,8.813444287544934,3
9.460615624629321,9.145714008432194,3.9558545317663873,2.695170674471071,9.662046253240742,2.214538718066931,2
9.919992867347599,7.495960404540182,1.0848153336961115,3.027089711241849,2.9607769305789695,7.941053234766114,0
7.750523127376121,6.350284102285986,0.057239707369828086,1.1736294832697274,1.4036443129614438,6.972898812420425,0
7.042520988826606,0.05730493747809895,3.006646941889402,1.5868824809027076,6.566818839416442,9.71742441691985,3
7.26509206257909,9.577836808075647,3.436838535396046,2.118401871465127,7.87002841381154,1.598249416744736,2
9.370545275793175,3.6109702328917916,8.124716634990628,7.712802981714146,3.962687114536647,2.1044407669251046,1
8.765145710890348,7.4001659786898255,3.244797974551928,3.2787561829696235,0.5793196262517899,6.165351263517214,0
9.226552807476518,9.206485652331793,2.339662372441597,3.675883863772228,0.96309706363476,6.7026017760535,0
7.7053194035743235,3.097579583464529,8.508891626366477,9.61160191903548,0.9563750896675383,0.08003117748345057,1
8.15628545924262,8.08848847680095,2.5290683080613046,3.351645724653268,3.6787142007650537,6.712149573831799,0
7.020405149661505,8.36613384412442,0.09168903133890804,3.9719897209698702,8.57618219061166,0.11884401615281703,2
8.946851875926438,7.59074249045128,2.1015405003918954,1.9405915449481563,3.9002445413565288,9.683507772614911,0
7.465783734028789,0.9776720965506294,8.069461013997364,9.00237298727605,2.152737990676696,3.421534460349228,1
7.858360678547548,3.006232498052276,2.0548877512609027,2.7647525845921517,7.017059187331133,7.471657328598859,3
9.01956074008783,9.065931261397342,3.814862213209949,2.853058426018654,3.724543168982031,7.935122708794,0
9.861938181623906,3.3294706920262307,2.9178813041535325,0.45056964522123977,9.8023412103103,8.503903867235486,3
6.886155348248252,6.345463780023717,0.6477723315806783,2.937543916172925,1.5211863758231514,9.22142144377017,0
6.437212027514194,3.690529600822458,6.740502588946692,9.133625030043339,1.2041318242963617,1.4938339717398685,1
8.626045666127819,8.610840417420402,2.5178792980911306,2.9233923463897744,9.432933586901589,1.7981786869425362,2
8.491691515025785,1.3833868062990153,7.625113704693442,7.119892642280142,2.827728882204184,1.697263461362295,1
9.661801009331828,8.335113166358964,0.8795403113452123,0.749217444110633,3.087663113659772,8.164804281318931,0
6.210030258943954,6.173228306791405,2.6812012569753416,0.7011930887069071,6.8556094736577435,3.157905810420342,2
9.953292514465746,8.325321546086023,3.368264633633779,3.6611176385275357,2.032410987854212,9.817288874297773,0
8.262177005602307,7.205438800294903,0.3857837302454281,0.15829679400103602,6.026472952111161,3.3037774185673863,2
6.872116225401975,3.2354420111119886,2.2999115251635245,2.9374378744737175,6.305817755340725,8.449260857813977,3
9.899874918394865,9.196909213656166,2.012753652119018,2.720851481774819,0.12329829171989815,9.719542547732699,0
9.619580087402642,7.174376336142913,0.1914553293168062,2.6787328966100437,1.1622349284373557,7.308081099306796,0
9.453966260053843,8.01001412085463,1.1299122027709214,2.1450243133596194,8.089014511707713,1.2098193715018026,2
7.877269418683959,1.5036376149255033,9.751999255546664,7.133476447494257,2.3097580262339563,2.2197835387019436,1
9.299636497454209,8.0878478861927,0.3997583776750053,0.4144503046622692,8.551137932454989,0.9553352840417397,2
7.676836120465207,8.345904576067099,1.40404829342692,3.254029666541689,0.8898559727858371,7.104878738602053,0
9.679386119090218,1.0750533837385055,7.522419784620686,7.949347459447321,0.7605313948291603,2.442161639698716,1
6.629585224295978,8.298735888586057,2.677655519224519,1.7492281039994095,9.288697991231778,3.1013296126165835,2
9.274474858661748,1.8440967373774604,9.055261106728215,9.328796826643035,3.5389440212550065,3.137197472058751,1
8.745564568093606,7.946462522070112,1.6755193859430966,1.5422111174448676,3.0174347801697814,9.0986887034745,0
7.016468383215253,3.9342813719227587,9.796492503391237,7.640844490800826,0.9050264419783391,1.5193379905491229,1
7.5236584773996125,2.7690224223086015,7.246714931584306,9.833067788391,0.622750924817479,0.7784596778880886,1
8.380667686135606,8.015682704804966,1.209636481072299,2.5838204476558473,1.9996485879937045,9.580114941352981,0
9.997756292428232,1.3048898142100795,0.504334139032848,0.4473092487349022,8.870005566145075,9.195386690093956,3
6.48479524698239,3.3057555242344776,6.683631780755751,6.987467128161127,2.7355754145332765,1.4659967066663335,1
7.762786695890972,3.4278776304764804,7.397547777118069,7.969488683069535,1.1545356209545528,2.8866967761975952,1
6.090883290142298,7.9417172183869305,1.813285874463538,1.646151122529948,7.391687873617759,3.4570901928935696,2
9.420593428834174,2.275921156545111,6.180035587044112,9.460016291493648,3.9677132468751046,0.4655746015603808,1
6.841084235068551,0.8586286508951724,9.562517165044142,8.596243145852561,3.8359021101530324,2.9650822752055364,1
8.474117820041432,0.17965375850588172,0.37787164446329014,3.1360858375191656,7.071087296630967,9.847979125176781,3
7.979198880670987,3.855624480042891,8.868914713518114,7.492587301361732,2.258387410545147,2.1869962097056215,1
9.165960089848186,7.604540558137096,1.83290246347533,2.8263956836124864,9.316636769810344,1.4574365577998312,2
8.973214556784763,0.17331941019454966,2.391004297933616,0.19738013242995933,8.453522657251453,7.82767996928359,3
6.162057241683323,9.443623606995835,1.8142042856983767,1.1360622473895563,0.8474819545227028,8.464593184628,0
9.237235505138923,9.941953318205984,3.9398553985164013,3.1885206385141305,8.964021796039265,3.2646536750208854,2
6.7919753722595555,6.105589266909723,3.3768439228940745,2.755827188910244,9.083986337476876,1.6923358438603868,2
8.404082511811007,8.719851129437668,3.651385582994733,0.9880516832320603,8.690831535192931,2.618774927078038,2
9.052571252858328,2.0255366246141326,0.0631505350545849,3.0786890070968247,7.400288458921715,6.317145667526828,3
7.488707703971389,6.010901830534918,2.05460862968173,2.407833609472865,9.64150111907496,0.8208054970534073,2
6.067976112206234,1.7719785147178433,9.161760119187322,8.527612308754561,1.5145881472534524,0.6190774571383875,1
8.70241588241709,8.473363253110538,1.6942366124275288,3.367539092899457,8.286151583471776,3.185794273238984,2
7.510168391003812,9.136998479185072,1.7067136255027706,0.33852815190678465,0.4106961428803104,9.19612617602975,0
8.556721696749566,0.19047855241098866,7.15803980203713,8.394773858330481,2.363023733923651,1.1276460863842401,1
7.349954463506444,6.22664707156458,1.7028932694880812,0.2932332339096826,8.609488030524862,0.9285935206680165,2
9.745977210770777,8.17368822408477,2.8979916868807623,0.38362679018066004,9.654581423244677,0.5952186665496644,2
9.447956959790586,7.6217720342195605,1.9971064105395655,2.3160726571038905,1.4425461783120292,9.04513709484456,0
7.645547074519392,9.729624882117092,2.986467580282839,3.2774979017046664,3.8719881475401006,7.889568407892446,0
6.380765692008202,9.148809345850626,3.1646218282784817,1.881937713611007,0.4779261949426328,6.887842396866259,0
6.411716644226015,8.865357871018842,0.9525209175518077,3.066834455291175,8.76094336628966,3.188643269199334,2
7.7589950091685935,0.07448523685581643,0.7117937896884468,0.9698710072528938,8.116558327013102,9.222270580871555,3
9.681803064727589,1.0712675685180746,2.2037138485000844,1.3361788250156788,9.955001624843991,7.184371337439344,3
9.4468300532633,7.513590259838518,2.5527926643809837,1.6461412963562,7.878871340523306,3.7090561397981197,2
6.520915580023395,7.788736631938237,0.8666921300635448,0.44983092050252704,2.8076666355589666,6.1082356545946865,0
9.371459377150703,1.124026325934893,3.3296273076274394,2.534332795772367,7.185907356959611,7.809706997143141,3
6.478516989013012,9.379154777129752,0.1529856334362525,3.227804141262503,9.470546410380521,2.647312553067171,2
7.438833125073642,1.2417940424248215,9.493701737801967,8.15599674693599,2.6892963983617424,0.7965266983939032,1
7.131778817287843,7.982369617603456,2.1236173366693825,1.4184766375006692,8.055813160284142,1.5850630665144814,2
7.994141966570446,9.52450901783326,1.601435468226271,3.0683993604311697,3.1538375393475158,7.39748798176293,0
6.270815157448183,3.0872640865606056,0.26771147913824445,3.6151650865355953,7.374194247703152,7.873329297786084,3
6.545473264631678,8.453740122145556,3.6887277351651204,1.1766752337854407,6.271081598917965,0.7775702021398767,2
6.416627069545592,0.30539732531911934,0.5850297491517091,1.9948539433288772,7.607555220559289,6.958172959798901,3
8.545175589909617,7.387628494303559,2.920498650192629,0.8586926846182719,0.6494733477206016,9.555503703469498,0
9.061286398413483,0.5276544265439287,6.485174018741523,6.461652022061083,3.591971021866892,1.2280676839879283,1
9.221565601272363,9.235353224178288,0.8247557380623971,3.5319347024200356,9.382305589556019,2.311972626974656,2
7.866048708837214,3.76173810140455,6.964586395330128,9.889535289625321,3.510984128649559,3.826171873713035,1
7.698180705331631,8.67115948223572,2.414375374265971,0.7226794690765677,8.631973997973333,3.808862619631992,2
6.708328791455214,6.5388604807428425,1.076980372636438,3.365279248675012,1.1287525075093159,8.906681358347365,0
7.206774049258962,8.375324892820148,2.814457020389695,2.9020401877789834,7.328608977305867,3.436202239369973,2
9.111632262563422,6.730556658936539,1.035052084919803,1.6462293944535502,8.149329380382891,2.8944403783034276,2
7.1274191790608,0.25362193580703174,1.3563787674610515,3.170720143912603,9.004143583167242,8.997864736553945,3
8.092773521960396,7.428786197499422,2.4817964518111455,2.5837334600869784,0.8434561132750757,8.045124152443254,0
9.937542036815385,8.641955625541728,3.214520116994152,0.14563098192622137,8.251268057740024,2.091993223855698,2
9.537235370035136,9.854914091844758,1.2469673602129876,2.0694532709312923,2.1030877145273474,9.37779306373696,0
7.8504054713099904,1.23111310160031,7.76240494712269,6.995017258172286,3.887082653954601,1.3882427312275554,1
8.688042976764661,9.982942444076228,0.5632816621851156,0.009990371886462679,2.11128448844622,8.333906606013162,0
8.767354788710978,1.6408393521105094,0.1606022180062916,0.6264442811765591,7.292353685202546,7.24875972032123,3
6.438597089492661,9.894406185311992,0.004406410770312785,0.9301841422018362,6.8680443960437145,3.8154415128720975,2
6.759031011113674,2.5354948317609116,0.4119148066919651,3.9185662742135654,8.704707229405724,6.614244921684643,3
8.313236477095092,6.572453597430405,1.9662478560088967,2.7441204848552174,6.224636305938917,0.947609575833916,2
7.804642405590561,2.955553508214563,7.083957679881371,9.786214413865702,2.1945706020058693,2.9381795037430907,1
8.928054817192315,8.338928436534966,1.1931867823676408,0.9709096115611753,1.7443926428862313,9.098879846081068,0
9.566255892400454,0.9063645268966476,0.05990547711736793,1.9231296917901148,7.792228907071832,6.3471500994074095,3
9.907125885285126,7.907402059844334,3.61893546895521,1.2105367646796332,2.0724146586680203,9.30155773494116,0
7.681872063265136,9.798553910474872,2.4892570203689197,2.3265453151836932,8.82924724478908,3.649510812527185,2
8.064248988913626,6.137984878565183,2.7590541851029875,2.2756753541027614,6.893803142236071,1.4681046822512513,2
9.738560720525228,7.232135686873921,1.6611510517887114,0.4859020322986094,0.7752538596322922,7.414330885688949,0
8.717304140737918,1.973597896614344,1.726613640499913,2.439560036620709,9.281426377749616,6.883925961194807,3
9.8309257416172,6.321785155550299,3.2417982879915357,0.32917006537470117,3.9355718987060238,9.08186296689618,0
9.31379581964704,3.466010912800563,0.9185363735126226,0.06581527006734378,6.260424518043303,6.273962223754326,3
6.527817615078149,1.5138928949229231,1.2908775644038593,2.7296913822268625,9.984227628075772,8.609503495395677,3
9.626645693788376,9.04234449154395,3.260030273454284,3.3832412700364554,2.9892528918350187,6.356445483289916,0
7.830609373930225,6.9789276744275845,2.0269518372828674,0.7607887701251341,9.294109433904392,2.084558168184836,2
6.953942365573745,7.85559037130181,3.1850326207137307,1.098542747865967,9.089295769680419,3.7625662721140385,2
8.329089502402459,3.643540053547332,3.7566224772025127,2.3103241702162904,9.209197900963062,9.770595911086783,3
7.4125430910884,6.647158710047162,2.5248201515734245,0.4404826478463737,6.367364890779152,3.291635891076347,2
6.203299000684465,9.360408296121518,0.6151778848757998,0.07283665965207575,6.174553350007921,0.16976382771182363,2
7.975496658398466,8.00227548531983,3.770517514455685,1.2979761018746432,1.3583508752101272,7.891910657112675,0
7.366655345791017,9.782017597461987,0.1642256925370993,3.8589046310894966,1.1564839424923998,9.645278524554167,0
6.660417009336081,6.688798440079189,2.725176747525209,1.4766067378134227,0.11736314937477976,9.530711164044662,0
7.761656907973238,8.494804801720338,3.3450407114474405,1.9893198533023795,3.9695540628585384,6.888536424239773,0
6.17979123691217,9.363669538484361,3.8586126501104285,1.996575923002502,3.1691092310054585,7.996654501436584,0
8.001846030474006,7.2933749633879525,2.399403027952314,2.999354768405023,6.846255870927437,2.3639339568022386,2
6.329264991019049,3.863051777721433,0.08712415470242929,0.8607871189079299,8.000931260557515,9.728693334573087,3
8.189677043329512,3.2253990264788848,3.8904795612541396,2.3576516494762236,7.716553448996328,9.511788043277335,3
9.136856268703013,3.4360650301383453,7.645993232513057,7.183829968702629,1.3322285737500574,2.750354970315009,1
9.8067672697991,0.2740854823818779,0.023745901148435333,3.7023603768863946,9.994908600773236,7.688089390005535,3
6.593439730973596,6.931977554085707,1.9252851611548567,1.709189479227967,0.5344217350637881,6.885426716196089,0
8.335494806782318,0.7450030350082213,8.79870820835116,8.31635490962102,3.1338587571012737,3.8082907888421587,1
6.002850689115046,7.140380438277594,1.0243754565252425,1.636174553984738,7.8497600131724425,1.624412709064007,2
7.048818782139609,6.428931584250453,2.984839925302235,2.891772905689532,1.8073415671232969,7.064442895066652,0
6.09469094641047,3.1352943459544,2.1220668546974117,3.246630674617314,8.833076997029556,7.060056085055994,3
7.038989514884687,6.233750328433162,3.0545585358605702,2.553640489112694,0.4411953896010532,7.502272240797689,0
9.126285888568209,8.32470059710992,1.322103280814718,3.0702563001989995,2.671054868082659,6.61725768474085,0
7.195652541327961,1.1035538568388699,8.545476526733026,9.370356886383949,1.7601821035170708,3.657216260671487,1
7.161222618240828,2.8990169384830136,3.5118181746363497,1.3757329947502352,9.280544678509532,8.057419692621412,3
8.26409353955917,6.2655721550142385,2.795491092090323,3.593248054603913,0.5513940404946274,6.949198143252584,0
8.896845989452618,7.9104822161046044,3.4770100524796685,0.012523481461509167,9.960220198127306,2.69570604851961,2
7.209252699164629,1.240648022393,3.774806959458444,1.821031686387979,6.459099484972334,7.391327212614154,3
8.303007295198107,6.852183645387983,1.4447040187387516,3.2269982540318463,3.2425756207056584,9.654541343473234,0
9.827416633763447,0.16709970503339688,8.301544951842793,8.822131402659453,2.598118475659464,3.696688788792306,1
6.836941992822191,0.7090688411756494,7.205550307877943,9.518487064607417,0.41097076554705314,0.38962684787850455,1
8.388203442657385,7.702667006229928,2.529700556479462,0.8404404622488322,3.250471002934617,9.30459300549229,0
7.208862702332464,8.38528781344212,2.6898658492268526,2.1051203979047037,9.63925918502234,3.0187201485265187,2
6.835594255578257,7.823001409001708,2.824673856412217,2.1625333880717665,8.557953232619639,2.9531907177065793,2
6.531092238704529,7.377861152955413,0.07355205786575914,0.39434314624685207,6.642870031519519,0.9311124885367703,2
8.188736153582813,2.6299288775066203,6.021725209162954,7.01865165365907,1.762796974543115,0.1308063009733611,1
6.889869435593697,8.642978891157796,0.23370116961576004,0.7009354117976918,8.787422953979705,0.44989851158472804,2
7.145037125987301,6.252880510002223,2.973382650047065,0.40856946440969555,1.8594805876780254,7.1832887391565095,0
6.356368272699041,0.0962039278223421,1.492040287105127,0.09116886999167573,7.871962340443142,8.25293785700252,3
8.803268521526434,7.872374748967176,0.14098042641889252,3.7954237333617735,3.500406211642924,7.060766373220337,0
7.428110522188505,0.5266130613156896,7.962412585957679,8.449099534518075,2.830148977163702,2.519330934728517,1
9.752526280308896,6.626953234963601,0.036092210863627905,2.3231083560665353,9.882951787118584,1.457546775881322,2
8.186531822264453,1.8624580805148154,1.3399051513018843,0.16683952896827225,6.80647444557867,7.445810294293315,3
8.814814449135454,0.9386688011078457,0.47333429869517296,2.7366985292255697,9.964354442299719,7.2827377597869765,3
8.284902596247626,2.227164470830099,6.263967773489336,7.362216446110715,2.7386385088676337,2.0657572984647117,1
9.808339652378702,8.788144705300708,0.398274137200028,3.0647019543829273,9.198595460945185,0.9328422529375251,2
6.710059359950793,2.343671567859136,1.0315437827086456,1.770511285230211,6.154909188718134,8.34516512013527,3
7.232195359044933,6.839315667181263,3.010461861789095,0.761590674224486,9.225414341944626,2.8838391822962466,2
9.004463896436734,7.477406869547621,3.5000896385335825,3.530493094058679,8.197869337284281,3.8921678507382893,2
9.972698856474242,0.6403490353843462,7.432271238719624,9.172234849630154,3.9994861034820595,3.8764478870641197,1
9.790080410841771,0.09269412589671733,3.9971216227913264,0.6056911478692641,8.25853061103308,9.589992880647802,3
6.307717228499919,9.659055350575107,1.7359237313056997,0.2257827248876212,0.6127461154703497,7.668536379467167,0
7.149020271553439,7.7934915212547065,1.374546392769306,2.6677035019252666,2.539643090878384,7.055918162308242,0
8.41120433216555,3.3507584358297873,2.1586501455609644,1.9346312789480336,7.635087862206094,9.59302619459382,3
7.413379733711084,9.846192794481686,3.920303702008986,0.17463278619901734,0.7093192373095722,8.721508381897578,0
6.9452039863029675,1.1192344843510003,2.2537681647902086,0.4755578037269168,7.724643945142886,7.793842529255199,3
6.500531266043233,1.091365186702816,2.243862657361422,1.2937502172181934,9.251533541344191,6.509035442824686,3
8.218145362264693,1.1238684629375766,0.39974016942851787,2.5668528193877425,7.121997103769558,8.112908962289216,3
6.92799796942319,2.703135504828898,7.221505119773851,6.559400467449136,1.3817140181072736,1.0665100260710325,1
6.8607693642382515,6.463046299271854,3.760423561377615,1.8485321770030039,9.127511878984244,2.6229794061668503,2
8.217448563086851,1.5861890628987587,2.998841746801612,0.06682257005665937,7.964946889997518,9.20347448212274,3
6.127599609523648,3.555799209567294,7.755014165542008,8.906508025550053,1.9563110322373558,2.0881832677537577,1
9.463423164101831,7.055656516810787,2.711335704970791,1.1573182996989306,3.9169468003521732,9.19246555239389,0
9.325128176877216,3.9173811010584436,9.42689675308683,8.88358039198576,1.1023535550248815,0.18179882952519577,1
8.772220308879922,2.031209306016785,7.013221433861991,7.397724006770423,2.9625736379238634,1.59986180270334,1
6.4591870689788236,2.726897237062277,8.733782718279866,9.667866250286963,2.613785271744411,3.7456132888019518,1
7.951361175762056,3.4589389645670727,9.7024318515768,9.417753461334417,1.326417453898077,1.7692037640992888,1
9.324087272375085,1.1979216137393016,1.4299548410507654,0.9159220810751196,6.184660197843743,7.956176782691166,3
6.483887583892628,6.083783535363963,2.151202553875971,3.4906529617763393,3.180778773894413,8.120035829694707,0
8.709873912407533,8.355129612632862,2.7573761409428537,3.8975551636254666,6.787490457178958,3.7484433428797392,2
8.072402614024083,9.588699028478574,3.028772642262978,2.797248961493847,2.1315919303944275,7.867621839927864,0
7.601378671208954,3.9270773890510178,3.3170606967243357,2.2185418050699917,9.457687555720037,7.2016964193840005,3
6.707088674559636,8.651549535061942,0.023821746070286753,0.16397317343758644,6.056244647105977,0.36810815750323966,2
7.3002455069832815,1.5633423729762819,6.245112648758259,6.826651202496575,1.7495068330132475,0.8239553337835908,1
8.892873209877084,9.914892069257085,0.14568745231900637,0.5982071486659382,6.945253830578929,2.0596806024589376,2
8.2631822376653,7.331228192954496,2.641079110418582,0.6941573311811351,6.16575585871929,1.3229754737489792,2
8.186113183534815,8.306167233827498,1.5983683419279329,3.1802693272032054,9.098963870975945,3.357813633602498,2
7.673858227592925,2.664963358358743,8.359322256313591,8.575601081015144,1.5298779462603673,2.5148500713418236,1
9.403818965008837,3.10684029832558,6.456990262895156,8.506950132790166,0.5822736862117908,1.309385474642219,1
9.022008835630444,3.332692231334033,8.977529606499917,7.219170739670614,1.4610691206455333,0.9894641621530225,1
7.5599871509547505,1.7311800787441642,6.038858278865572,7.604566050800452,2.7491273856215326,2.3263308375423986,1
9.605393293385829,3.2474926138495834,2.309693983559829,3.549352280579941,8.653407677444603,6.276258829384996,3
6.083400745739381,7.234420054807496,0.781432498720001,3.94407953885303,2.4556926979179257,7.618066242201374,0
8.92408679045878,8.4374940720605,2.4825041150893554,2.9799668182354577,8.646394067578875,3.883524762318263,2
6.735659841614789,2.7678439753821706,9.179430658116164,6.687808463946122,2.3635882140227924,0.24126294899724954,1
9.619289047478851,6.527125374021395,3.7649533056081244,0.05443399660424575,2.682649422198768,8.141122394952362,0
7.588470283959623,9.555841403098887,3.92061468860413,3.823895062116181,6.001914554817677,0.16773951865574777,2
7.387388053950339,8.408235962005358,1.9846933691695385,2.0088065459396858,8.069022863329586,0.0949394608637042,2
9.786970883858313,8.1692141460833,1.9061125847336862,1.9816824220648415,0.2510360453331777,6.633254553471026,0
6.8390794992165045,7.412177557419252,2.3353779088360977,3.4023420959629345,8.444084586723529,2.2831136603035507,2
7.442045452197394,9.086942797569774,3.5305846476249565,1.3162434989424678,3.298473622318591,8.681257141590457,0
7.946894330862042,2.5780214849614307,6.000968270523169,7.569582323256752,0.8440236412092044,1.1153907878550817,1
9.758637680277126,8.21247960142281,0.12813601946386832,3.73903055273118,6.1225506558941385,2.407156773446007,2
6.372820070154861,1.304605954849218,7.901189814916058,7.667429066708701,2.291944486260436,2.138412411414888,1
6.272274715691664,6.062479005946386,1.704647466084194,1.3850233392955005,1.5038417094759629,8.024615923697478,0
9.550659182996634,1.50661617740157,0.8521088260876177,3.3592998250867607,9.82595943642705,9.44318269730961,3
7.127223212822979,3.787490351724897,0.45330991257069986,2.1061858845270773,8.74364708086074,8.309652388175373,3
8.008769442744532,6.374887213498104,3.8406240824946845,3.121711520927758,9.502245601546226,1.3736093957778177,2
9.49023107319357,1.438913479665214,7.4491850604406835,8.53259891158552,1.07179647975694,1.3445446859408694,1
8.71933216863933,1.0110499946115286,3.0659821174157,0.3195583128730646,9.624182724651785,7.2719463187675295,3
9.76976439210025,9.19398823213389,2.8090063004121983,3.8551614592734413,9.45477150767579,3.5642616563511775,2
6.406239406385275,3.3034987697041918,0.9025662486481059,0.0002615685610063423,9.89816533810262,8.584698640082792,3
7.206448515532495,0.8151575108862059,7.908683505322903,8.792490187414561,2.2634349706937464,3.7124444724090027,1
7.474883534371774,8.018310594989487,3.932190744611515,2.7285097216493654,3.4803011826092805,9.001161736830534,0
7.2800532227028825,2.202331188372786,8.24141264596432,6.9994644361023735,0.4082792154154089,3.217627350324953,1
7.814925265801069,8.651907345153047,2.4419655365982846,2.282974445057176,2.938538803049597,9.773510511507054,0
9.644496945382603,9.091665873169713,0.9577695729550815,2.7676810646681194,8.77235507503411,3.3609947243977367,2
6.836874630901489,9.31846158136947,0.10144015213438529,0.054383918256549535,2.874237558855369,7.253337531059717,0
6.211784953640672,6.180586245976982,3.2729195488995404,2.3012621194968834,8.616671102447507,3.019159902627526,2
8.272117272062802,1.7699395340085569,2.0825343903225195,3.178387231028253,8.713730008910456,8.56713167105681,3
7.136303411944017,1.9418017985584592,2.773350432178226,3.111459283612866,9.994222019363644,6.516239830908768,3
8.162529342256823,7.2065298732415215,2.8420874234532087,1.6404463020341828,2.024400431377677,8.428802410952969,0
9.009500666465028,9.429085392823255,2.3330773637898687,0.8703664308527057,9.045183295744472,3.857885913797333,2
8.696146175498974,0.7365107153459509,9.146811230901804,7.949310496931803,3.6165915920771825,2.9698818745254147,1
7.059764710267023,7.424528024642614,1.2187090726763157,1.9346373964740589,1.9622423220111678,9.566200300354415,0
7.896076701641341,1.5958358743624794,2.2967574598994487,0.21155751481271556,7.151703978490509,9.077629015045444,3
6.692556842658528,3.3280226866327083,8.274897683481132,7.21850187760165,1.3773378704029207,0.6278272597701502,1
6.246771872475376,2.5122862683607816,6.230377015873943,6.141970517599782,2.098989118106836,1.4795621868466693,1
7.139892044437197,0.8133961139168617,3.8350697714546267,2.56683258633854,6.793895115672695,9.154529594980431,3
8.85817022702042,0.15095249965707502,6.277931892820398,6.504131452486879,2.3260018397902997,3.0784644384356468,1
6.512659913990614,6.081209927008818,3.4718566936543094,2.0140165908464587,3.300849188676553,6.870036847545811,0
7.411138176630031,2.8990510474462217,1.6184794252177692,3.999876473372327,9.712227360810544,9.76887404184351,3
9.359919632376503,7.555822226616462,1.484436477010306,3.266031928256254,9.089697840593322,0.6511891359295743,2
8.882613410081632,8.039800470334995,0.1278423453485269,2.2460621449338616,9.577989111732503,1.5304810879491426,2
8.243273650860049,6.4661213117102445,3.068349417874205,2.9612690246226423,1.601437627458226,9.658700321684053,0
8.156528557878199,1.8158471406897423,2.1622424543610217,1.913469623926889,6.464444145002837,8.435285923839741,3
6.615930046947595,0.8208438621049754,7.13005468789113,9.708899339224407,2.0641659925431894,1.7529974441528409,1
8.836859847236715,2.545281763636629,2.0967518763137187,1.727752428393472,9.801885282431805,7.211961187247819,3
7.189974622933557,6.149050325171716,3.4092637049022745,2.5486333214631745,1.2023791903692076,8.817240030667651,0
9.137419766042306,0.40505198401180076,7.2702957514722515,8.535737987366492,2.0978757185051613,0.47858734758658183,1
8.140963466270144,7.154076078147938,2.365473224575295,0.7856624840037996,3.95111977797118,9.96887263147627,0
9.020470870256077,3.714118297117462,6.700558813401004,7.535346037690172,2.33349320482053,3.7134992127705653,1
9.554368322579162,1.2734347723874584,0.5348032575493664,3.241389204276367,9.456549657478027,6.566371083516048,3
7.358513815788834,2.1216579874169406,0.14251697706319355,0.23125734621143668,6.46147207483375,9.466524293466104,3
9.115990493858876,3.1327627511762985,3.012022622789307,0.5789788757032923,8.28209213337157,8.351595666512674,3
7.7227858339848545,7.256776123890505,2.0799414722804617,1.8840768370490668,6.612767357428324,0.41819835770877267,2
7.615843598868908,1.57718153557171,9.286515847174915,9.087556987511173,0.9893012719153149,0.4984208274130948,1
7.049378402197003,1.5364969161729727,6.012320650970791,9.322223598998212,3.077342727837131,1.6806305766844591,1
9.983750496225428,6.099527463084202,2.8294986121286576,3.333905240012841,7.185037642144305,0.559407280251504,2
8.374967863700578,7.7464860520955945,0.11907719544440587,1.4712769590412074,2.2737066843562426,6.943285679358182,0
7.109423449539653,7.356988859209704,0.7288940536068949,1.7043096189503975,6.072851204128542,3.76411151550062,2
7.634783006142648,1.1592395848282795,2.55756458133695,1.714196981079839,6.063894532845678,9.996824620275806,3
9.822857629420149,2.8039424531333372,3.1784167820529245,2.8891332630647595,6.2012385468641735,7.053226760339976,3
8.365637948253362,3.694084831235501,2.3573306304272688,0.2594172284207432,8.07974267733148,8.44713001384535,3
6.193596936116558,7.947148781253173,1.8282519006463374,3.4246502345899903,0.41158911007183097,6.5785908674672795,0
6.300509392398256,7.739735336535792,2.094716019298874,0.28863923483690757,2.028721947299645,8.974923370132817,0
7.272418368057986,8.255868279888412,0.5279902666257326,0.37617208996755025,2.958924225667863,9.759594558367539,0
9.756913698837092,7.483471909237991,1.0295592679717425,3.4863472540429816,3.7682994064902227,7.638804878676349,0
9.127025776437257,1.9250261700046516,8.552998538804296,7.764840886549818,2.134156524890243,0.13245194188415343,1
6.446674741860704,0.07774891013623408,6.728087463241433,6.013867615648847,3.3954854581459046,1.2221896468202011,1
6.895405808844923,9.316568873631383,0.9907625663694217,1.4255302155895087,6.850134003653375,2.7575068206952156,2
8.827225747759627,6.827005501538897,2.0208904655881548,0.78752017785337,2.8606234552184344,9.625667293942406,0
8.943557541368662,8.125965151125339,0.5650573358286177,2.113284791623322,6.336470879679979,2.613390920015075,2
7.52626408900988,8.989643755459984,1.6219050247348714,3.333785153631264,3.8299153414403904,8.390288412865761,0
7.540806615776009,6.833985548634397,3.3079514751812096,3.0424864477397042,2.9567185370546123,9.740894452611945,0
8.113382653539583,7.942113296888635,1.1025482716495278,1.2256999879126758,8.257437085968764,2.856801808794404,2
8.836023023106332,6.164025405814797,2.0364462394956977,2.356161404713672,6.50266251540565,0.4904412379598715,2
6.982319184934995,0.06454478308509026,7.275802095225756,6.558307394465782,1.3570503815564932,0.5224498416592329,1
8.507217338688701,8.143983807745109,2.1448627471956914,0.05030637995309384,1.005188616235856,8.379078560000544,0
7.44560529333913,7.112905917210892,3.9017924972593003,0.728169771657416,8.827411995010818,2.043538892192378,2
7.303133606420516,3.7807538725275562,9.756186822977853,6.43786395799162,0.9063367648588727,1.5651066441191404,1
6.00768203110472,8.124504510269011,0.27341595594827206,0.23532399684854077,0.8003762712004638,6.776645104403453,0
6.123766428889386,7.370698091043484,3.4636450922234645,1.047786253341052,8.019650485814111,0.46169943632459187,2
7.106018682770866,9.091891195353723,3.663274325434494,0.9980367825005976,1.932957200510503,7.757531356355091,0
8.036808695737072,6.537440416862392,0.5427118123242276,1.2726450127080375,1.7789615691528788,8.804545622664168,0
7.9502919722351635,3.0619409277674094,6.095830524112313,8.79319354719819,3.924881774370059,2.9581692317462895,1
8.045262230336975,8.147103797635086,3.3940915125641995,0.32407116961547633,7.1145575161765855,3.5270737592742836,2
6.693724261357711,1.3480327219629742,3.0497392198875843,3.2804162340892895,6.084396400812498,9.867518751783306,3
7.807142593639584,8.538133962279502,1.3724417450159807,2.0082927475147225,1.7799982332984912,8.480423206543042,0
9.186228759221178,2.6247559858912104,3.8448455634860883,3.080870702192963,7.434090204754465,7.533423160006321,3
8.9963068095779,7.822158201511467,0.5551096234954693,3.663919990482519,8.270416003539914,0.36614553895154067,2
8.622488192514513,1.725287305265074,3.94992305070024,2.788346261878958,9.33480112100011,8.697954780761803,3
7.965253670132434,1.0229622836816024,7.729028006764867,8.454430655562192,1.7038677416138142,3.1073463202994995,1
8.89316409036621,9.769051095623514,1.6522557981046173,1.3189847192906257,0.25907494791483776,7.713755410836276,0
9.321942434235353,8.807343204366617,0.872034157591274,0.9255823352929631,3.781629226132358,8.594713504271025,0
6.260724306164658,2.6570146073240193,8.53300729396398,6.070855695654537,3.7271088298016792,0.9977794425660758,1
7.570182248577957,2.7501004553825674,3.0189100622896903,1.1982859740224554,8.273675794764689,9.308138308159581,3
6.278076002967773,6.5899324603368985,0.9036395232487786,1.1359260382890635,3.219048430910095,8.574558519066287,0
9.599859486804176,2.417563515211268,9.64772598205057,6.732262512273525,2.1433165870708355,2.8845310031458844,1
9.752648145738174,9.326250661636962,0.35843570893754206,2.1682911468908213,6.574626847252498,0.5851554720101602,2
7.0699146098854175,8.529694609419435,3.038795867560907,3.9139755770745768,3.0234545730366795,8.918261141753115,0
8.419883496196068,0.7083233696441327,2.022468518833625,2.4927542260550974,7.996504579390278,7.219194077103182,3
7.29930535932437,0.08680164773574361,3.4587186189116816,3.5201462029975357,6.0029333994659755,8.056128509717974,3
9.925795670521131,9.746227887838794,3.579646429442394,0.4941014672192736,6.81972284167292,1.0576554252557733,2
6.199463908528836,7.286616906361523,0.9542200613784364,1.1824250439336366,7.140507134060132,0.2226508203124773,2
8.890088641942974,6.904024828161887,0.6972403397487961,0.3803949593943736,3.2217810813704677,6.505632977833071,0
9.917765421385644,3.6567529279573012,9.11510579272332,8.76957206069748,0.292905816176368,2.1943192589897116,1
9.621436686842959,6.034362897172233,3.911920773306945,3.577015590164524,3.831345262550498,8.693792944876304,0
7.148965500819877,0.35116728080903714,2.006155023501857,1.100270333912016,9.197600289682928,7.2084920956218514,3
9.324442762793492,2.1595717090547346,8.276291423159247,9.926634610663175,1.1410787264765365,1.2858863790607762,1
6.355342872812184,0.2460411435816443,3.7753663295006574,1.0023355119540152,9.352336339279026,8.802565767649197,3
6.390244770500068,9.853119175018367,3.3572583799304083,2.290512822808913,1.8129449273943377,6.108653892572201,0
8.673633577645539,1.5571783265142574,6.682295498458258,8.13011537681837,1.6534486114933835,0.8006547271618278,1
6.46814696404749,2.669037124069899,8.717276209813072,9.5063710659682,3.8643781214310917,0.310222472815858,1
8.67484076614046,0.2929421715174034,0.61435200927674,3.06311678721762,6.882087161260824,9.67435227184831,3
9.688082181967307,1.3147795755706828,2.1258444890499186,3.2081371964871854,6.700853706039136,9.492122573819799,3
9.124070444002955,1.147113926446087,0.30934286869278305,0.5005704410026528,6.402617640887331,9.225231594791385,3
8.87826264916985,6.743642356034875,0.29914037713548547,2.708923583928074,8.428870101368565,3.4191652348707895,2
9.611880083541857,2.8540799196313964,2.070198517440684,3.592451566679606,8.748211779666466,9.184978084682067,3
8.422888295901497,9.040491009133564,0.09081423518826837,0.9217441061399754,7.482541336747786,3.925754414676559,2
9.21707403969002,1.8082713611553212,7.917926299047009,9.164398489304302,2.4240439547324475,1.3468663087910433,1
9.080042183778517,8.391563582859046,3.5137531190715627,2.314187714389224,7.171348505390922,2.0480668544235496,2
7.2566825214781945,9.845767686728124,0.5806829718523585,3.6905877259706754,9.800559340156578,0.15028897169916933,2
7.177288608196948,1.4277381578072679,6.574480274651204,8.839328318258115,1.0367175945679983,2.953425184676488,1
7.813178897502644,3.3665809294980313,8.024280837909863,9.656442454748857,2.1034686136893668,3.1501173389193595,1
9.29965914419861,7.245410681693549,3.493746229181601,3.482477252439834,2.335004190598547,8.72119436506019,0
7.820270219621982,3.2690207798062807,6.986236227236306,6.226046226587989,0.13617387031805572,3.1678184778403176,1
7.049375190367183,3.9736125702469574,7.70355828145439,7.186800655049559,3.902213241061227,0.44421967500785353,1
8.97866436275315,6.868080968488854,3.5282833293520355,0.8594733637188194,6.167371679585333,2.6281442532951185,2
7.926945982774511,9.261768082660819,1.6075245868112402,0.5772351498694839,2.4377912238194934,8.733338252533608,0
8.107001884030783,2.7742591095905467,7.940805404960814,9.315362012405654,3.712431405846199,2.4425206632911878,1
8.324764686163292,7.486838390239937,0.2909350669953996,0.5567216132091866,2.3145311183834845,6.615487590160593,0
7.052660658303706,1.1043117877741642,0.3092895431031266,2.626226012322956,8.451779762576948,7.001196981641736,3
8.854137472855225,0.6695667764016755,8.147466782300453,6.773477127657416,1.7060472365673767,2.327946386639115,1
9.949300460972369,1.2039005095090194,9.990606991898995,9.232738371651775,3.541159342323978,3.917504989659314,1
8.085684217536835,2.9334712730245522,8.68106659051895,9.093656646043978,2.6288175834088987,2.015608255511082,1
9.842421903080536,8.242685095541415,3.871732330304114,1.1338449230906158,3.5867792542619514,7.114511770280778,0
7.110405542259421,9.390499248954512,2.995667502466562,3.9965591214805314,3.3843087724061993,9.45253078373518,0
8.383446480283702,2.449246560868477,3.56713778538197,0.6315549798991316,8.136584791162935,7.8636355283389126,3
7.314081782206457,9.236197025489254,2.7639219244099316,0.10070356635700461,9.116704623027362,0.10012628359280695,2
6.2911438380471445,2.0216732189744895,8.138461646202128,6.364727063871523,0.26182137213692824,3.6873967410138353,1
7.923823611498584,9.73170672682727,0.8440141443806617,1.0446196152604665,8.588748621583772,3.3178209231471643,2
9.113392601486774,3.5048759234340023,0.6529387194618415,3.2882521406697838,7.219654273355413,9.97356151783079,3
6.890856764922378,7.358256976420634,0.14672896919293965,3.6606160414943516,0.39959190644182696,9.707945851171116,0
9.295696654040182,3.2136521954892796,1.9164857747331139,1.1070709613268592,6.8924117087435794,7.583421973626088,3
8.862463279253427,2.7914126531385066,3.966588975978163,1.1871614373418917,8.017084869658445,9.585970196623315,3
9.852050035500032,0.4932155142286594,6.0343193878140955,6.607619989788523,1.2487171307070368,3.965003288042561,1
7.4819725326247735,1.0517481400583302,7.250795697693744,9.531475810071129,1.0446831577724822,2.3568111589067287,1
8.016248633678144,6.94829714892886,0.03553651086106946,0.5918983418745123,1.852458897354389,6.187772314266143,0
8.281020052520143,3.433530965323099,8.312137437036151,6.893359153951311,1.8259225522271207,3.553639290888381,1
9.077304078351847,1.868251062732916,2.5309325193181174,0.5733385000205304,7.655698521484496,7.98468075523785,3
8.733905505651244,8.809555919231427,1.6515432673051924,1.3776108964144544,9.848204783415209,3.2036337610238808,2
9.605709563168865,8.009123185020353,2.024252823416125,0.4376825315634534,3.918455233403012,8.084001732122283,0
7.398826679914878,7.322063482356318,1.6771870589242073,3.4626408947885645,3.8106973897114274,8.726283535151099,0
6.309567989917179,6.2330618145440875,2.817210248263706,3.9746242542815327,0.9832921387755955,7.811367447516451,0
8.223712482271475,1.7510120589867433,0.8554101104416154,3.3315307705436727,8.386635909208245,9.037218524165988,3
9.876097259763085,2.27133501996364,3.546999507049968,1.0515031166484126,6.948765072078469,9.609977268276204,3
7.250515034545476,8.265129466255877,0.10624449654763435,2.201136386632877,0.7334086984690664,8.333192598906745,0
9.899001011507666,0.5592414266822372,9.40530064423118,8.304374989520557,1.610972644879237,0.1033122035464884,1
7.592791244817352,3.9621086952183213,6.614206267636453,7.4594660662845875,3.2352500238363575,3.1583337953723394,1
7.428380731522383,0.320249115372762,9.581849303567278,9.687081995068738,2.4712736061897336,1.246905880037537,1
7.969009702061829,2.4431266063313526,8.10247768844862,7.906943638929125,0.6380184947755554,3.7407238507414484,1
9.67417962283499,8.829218432816994,1.532869442608157,3.7933856110952076,0.7050622288043162,6.778015487302994,0
9.514477223364207,7.716748431696771,2.0485938322722212,0.7473413346952906,9.987726406630628,1.761689941339886,2
9.997944331692882,1.5005753583443395,8.901041776389771,9.236792086648151,0.19798686503591467,1.5714939447889948,1
8.905792533633612,9.686516673375014,3.1390897034929552,2.0466099930760016,7.294381510839278,2.3588640550549806,2
8.183020129138434,7.291050494389441,1.7227626409539663,2.774494847531177,7.352165964998699,3.040660495307956,2
7.169853460424309,3.351447564989284,6.1095011484479045,6.802480675457188,2.816124818910727,3.5306853707955876,1
6.293778642296188,3.6534819744479115,7.882569206162289,6.322370430195313,2.7052974179388665,1.825587728151627,1
6.860357588765714,1.6972558997876601,3.8110646002297632,2.3905678283707488,8.439990483133172,9.922279626068491,3
8.887785372305288,8.26133757889836,1.4546207037356282,2.4395494928371546,9.083589573078456,2.912545929034422,2
6.443197937894615,8.030591733604034,2.9681605255753603,0.2560962091599417,0.8810391963238176,7.2722318223095295,0
8.893065141000285,9.677712403186936,2.666732836953017,0.7663287094865376,7.048385261438648,3.109700925279026,2
7.10683616421197,2.4242865261140163,7.970011563360511,9.925930990385105,1.8634600236247167,1.6507772240456524,1
9.161480344761753,7.716172291179366,3.831731523859441,2.244020876442153,7.068596104439491,2.4350322359663576,2
7.0706875075739894,8.858335758660985,0.7448173327745682,3.5709719969573417,3.155505891909727,8.909408900006792,0
8.22119671450159,7.06786372917133,3.6210161046664524,3.900654609189706,1.4850305598080271,6.934033241930618,0
9.986689994109806,3.7294314438634184,9.70363356355095,6.792199030075789,2.7008483888352774,3.645369609487812,1
7.642968784887203,2.789478038132752,0.1599762459503884,0.350066145475715,7.300304299678851,9.55162059037299,3
7.27425698669959,2.1303267855212806,0.0816163714100524,2.514268803687127,8.90648616981082,8.345445841096836,3
9.546464110054876,8.68435255083687,0.27425479905352823,1.1266813839550687,2.8284536244066674,7.745669820095998,0
9.057678805349601,0.14766260363755102,9.748333164682233,6.480225655648864,0.5963629775817814,1.1959915441644475,1
6.378742207266898,1.2254726618374492,1.8709897793808237,0.33296583174963823,8.601705913519597,6.8338670758667295,3
7.101521902845837,0.32387172721469204,2.8492171101322534,1.9802954909295583,6.516087298888497,6.723145864813143,3
8.681804256097532,3.5099842757079633,2.558239554417962,3.112848059749195,7.901632069439232,8.6214257775402,3
7.282112917578319,1.8999520080226655,2.2011292050431526,2.7363260793618758,7.432621897584788,8.873199976727836,3
7.294582714865639,6.03564744245832,0.7346396744986414,1.0202444696362867,7.9592210399004895,2.264715876309484,2
9.387464831919914,7.651264208894387,2.4915993287471063,0.1636838782236274,0.1797336782475476,9.018999332168242,0
6.504700991107796,2.823943462097584,0.2622483183063675,3.661719151870842,9.890867620912552,7.815179002253669,3
9.168729432352535,7.881812299534902,0.7672566191495065,2.217837276185903,9.97160998919101,3.835976787656597,2
9.174237879662549,8.89427116016946,2.7406745681854283,0.3384021467441616,6.606557652529297,1.0625177643257464,2
8.213613550395866,1.5645489533957497,8.810866114221316,8.914192606653796,2.0214612807742967,2.4261671535236133,1
8.612366606767136,3.7507709716715945,0.42359276385863964,1.4891269305266572,7.2328449374853605,6.557256640146543,3
8.824207115073024,0.7312072450504408,6.878920312477305,9.480176221770403,2.2635500483373554,1.367122037792265,1
7.564411453022366,1.4475123441503701,3.9312399578407167,1.8739621355336786,9.791983145605634,8.43707200986606,3
7.033632709990814,0.43926090978292365,3.847836202232222,3.4424550657653623,8.447290120247548,9.104175289422432,3
6.110158984332057,7.264946906698583,3.398562542692081,0.7609845599283869,1.5588286964202105,8.752297763741119,0
8.390097192134581,7.1457288255062625,2.592600638697326,3.2976890119554647,9.983935045826218,3.3090156139121922,2
8.512639975594425,1.660995817355928,8.24636664808856,8.992886279520636,3.086804613484961,0.12965938692676504,1
7.488143806111385,9.3973440301604,2.6897155962882855,0.5994311860895869,7.360292234605412,1.0265920626585894,2
8.076177720013828,6.778850970584745,2.5678216713540385,3.058144295730826,3.5659057915016708,8.399919138513901,0
8.849082586172564,1.0155273945531018,8.166026071281049,8.983641669116166,1.1817584733039257,2.5602133978476753,1
9.984749778488926,2.6611248163069043,6.796407955005753,8.745249587379563,1.7954463681601363,2.8591635881258326,1
8.710277266088482,6.599720764825303,3.4888556203120125,2.520445263268934,1.4773140973831298,9.585786880982562,0
9.63180166273955,7.822200105537798,0.7183520803938181,0.6374855195800406,6.198499856848293,2.758232906515115,2
7.2253622022046295,3.0298742542399255,7.9660313285229165,9.692425260219864,0.9891898261358749,2.995969960514938,1
9.356742812794742,6.58330383653136,0.8690965631465191,3.968952980097331,1.1659881313194251,9.157081509170698,0
9.602833460752167,3.128730564922166,0.4034328381781216,3.504137630077516,9.022801156785533,6.787533016795699,3
9.824333227447461,3.7184661417185048,3.8868289397510973,1.7756745776899079,7.464746591425425,6.543684800168043,3
8.618067434505718,3.604399485124042,2.871629349146651,2.180747284434539,7.592610313518903,9.876030896218303,3
8.697657013377706,1.8752382758455943,3.3909869190416,2.8105173042125844,8.102627712710794,8.162628040749102,3
8.790543585008535,7.774169634800952,3.6056220812226716,0.4181066956745041,3.384700651943596,6.112118602028479,0
7.0962017920915255,2.6131901866469174,3.2599933232850558,1.7493531234003545,9.993050285561297,7.8882724846068655,3
8.840812788074738,0.1575161623666128,8.185102370071377,7.41278327420296,0.3954851851042318,3.716805912663067,1
8.47579720372793,6.58117531730073,3.0686086618907003,1.110130828849973,2.5631855413340685,6.3052727532702555,0
7.929846413292586,2.2393953787546015,8.50944271531717,6.178200443291237,3.076744121448183,3.379614770520729,1
9.621447389077886,6.859496283121294,0.8751774438798798,1.2631483575033848,0.9575896165991455,8.44343162742297,0
6.2002241994979155,3.7209901676009633,9.462619788463439,9.528262315209828,0.9341562711501545,3.393380433429262,1
9.075877379695939,9.879580578328868,0.797663549465343,3.0699136942134317,6.482316392971246,3.629716761623728,2
6.385337935270338,0.5893470746365854,8.772909522904886,7.121135426272138,3.211282516020114,2.5579574050669813,1
7.66164406222023,2.5136335918716375,1.1171268509186434,1.0783685143050215,6.617600009471096,8.660226882380009,3
7.686440614574746,9.07128462777111,1.3843548983738692,2.3213756939248453,9.59019575775914,2.0845320273734496,2
6.835850883732869,7.528279484877105,0.6329826716951881,2.3463562832081073,6.9555145495212445,2.2774903064685033,2
7.104709363304507,2.41780178535149,9.000763062332545,9.542709162690965,2.4899611749284927,3.4556181080447668,1
6.466850888346641,0.4238998875464062,3.514053308836084,1.3051684712739644,8.765913211935603,6.280376108854446,3
7.970590864375966,6.233692909580354,0.23757286470042782,3.0286475566715167,7.808082481787736,0.9263604132400696,2
8.472822768473609,7.455404309487042,3.667076788962067,1.4559493283823102,3.6663802349151307,7.2389107062690226,0
7.981756133761698,9.75369602772285,0.5104843812574953,0.23614339319767197,3.4497706386096905,9.854401044129997,0
7.315015506923681,1.9396789573912265,9.291872326674465,7.880571555849722,0.8855498530988499,3.6356719289765893,1
6.367063576835783,9.936118281707879,1.071762272787685,3.585127786367889,6.621411639560296,1.3933016067966513,2
7.995539779388649,8.743617291312347,2.3017425066644495,3.616877472142371,9.99884221706445,2.642266050891852,2
6.389129978926022,6.802192629767687,0.8848834499427514,3.3439607564818767,7.207882525718002,2.4500235408495654,2
8.684126973433814,1.319640068003284,1.583917964616433,1.679632566746403,7.062933339629653,6.4559167534355115,3
7.6165169799414425,0.3351484931768165,6.5396504975652485,7.836613993692927,3.514780024724126,1.2171483647384753,1
9.941984124658923,2.7036399797087127,6.714633853900735,7.943681225885781,2.7969277728394872,3.892670582356512,1
7.555659080022487,0.2097397514079402,3.921601079078859,0.43651749512616167,7.849450369196083,6.559252550717277,3
7.224262309209783,8.262824629404607,1.3834363634616271,0.8076990723895436,7.754067063746292,1.1240488784010485,2
9.036940850133039,0.8821319575311142,1.6787234678824698,2.4953845089795794,8.398847293223426,9.649495794221835,3
6.787831489952021,0.7001717875914815,2.4493423850862057,2.0914063249385735,9.583481924270744,8.050017879587902,3
6.458003961688155,0.012329825407229489,7.335161007773272,6.5998971586141195,0.4190921403670025,3.85292874878035,1
9.39453915622876,6.1607582663456295,2.701805716910161,1.5143322154864958,6.968261296669693,0.13248762418582327,2
9.58079383470039,7.823679730930019,0.020457974379734623,2.1021793206338044,9.743689053337707,1.3891897819003884,2
7.890353340065854,0.1571882430592857,6.4435401745712735,8.479092043570308,1.314599792958015,0.6011179905820603,1
8.691811254944671,8.175939960123,0.2418221242504779,2.760852321300888,3.7685783950872627,6.116531627354544,0
9.106096437651527,9.070283892429213,3.7797460261305105,0.1709606741686409,7.090077495485781,2.4258165984321014,2
8.005064137238147,0.14762195278435675,7.474106748476794,6.938584470933808,3.0432327372273393,0.36314075822337655,1
6.643821513611982,7.949146009585286,0.13943302811324543,2.2146786828787355,6.983186092979453,0.23535832753656383,2
6.304193173944153,1.9959518635597884,7.624963996426374,6.05071037714022,0.8944105608356927,2.432688627069433,1
6.5528706914115915,8.859116282554517,2.6210465096697146,3.666801877614311,3.773844066798005,7.839433960027193,0
7.141683259902525,6.294688826632176,1.6237604522232716,2.2581319314719766,3.1947823786310727,7.145418992992724,0
6.881303341088728,9.500980512325524,2.3802557907697066,0.10421030442552004,9.35658923386632,2.797645511418762,2
6.220364223944724,9.322473555127688,1.9655481909866768,1.9621129709702023,1.7202910655820238,7.145662832182579,0
8.278633621694217,8.96205216432146,0.9587258380679908,3.5428626930205245,3.8985223725048352,7.484109939052384,0
9.690029377386697,9.605024587618813,2.645407712010452,3.7359520816008582,7.643011188702421,0.2789331258228551,2
6.225913025688902,3.4262122487844615,8.017829972701778,6.927870471884183,3.462370701019604,1.9782185561330112,1
9.312254627497959,3.6811536233522855,0.2529528479151666,0.3324235761348562,7.418974400129027,7.571078367851548,3
8.54572772565523,7.7027755145966506,3.718389979788016,3.1429079517373104,1.6026140520347552,7.653797561832736,0
7.535350402287994,8.40131228675153,2.519639569771775,3.7128367252281733,1.9302351626422007,9.730497609561477,0
8.422967673468303,1.4122236305516345,6.545716710545522,7.708744015321426,2.153798319977964,1.1104200247391791,1
8.070701892575201,2.7828486971310866,2.3395611863735892,0.6584248157222827,8.392047237013339,8.39975623269442,3
9.414162947377594,2.8468858059018736,7.8133706133169945,6.875431014186073,3.411111846659327,0.08078489984184589,1
9.632760643407925,0.2685561696582002,9.532143548376983,9.098056352001826,1.8893883931229483,2.917188987629252,1
7.203486617102504,8.037291416523836,0.4564437064428608,3.664548103278953,7.992471985567622,0.47230694934659345,2
7.9579304628350345,6.427676453130758,1.0692017802591751,1.537991723269681,6.470517174804725,0.8593474816533178,2
9.069006164776027,1.1488523939480557,1.4160382175615118,1.1908218414201186,9.269598974665426,7.288623279026682,3
8.192322068075681,1.3476617959793318,6.6443930557575515,9.75350410337201,2.3648908390082037,2.417473392584565,1
7.044203062272977,3.2248599605406962,9.657106315309163,9.27775704048,2.648081600679006,1.403420275989172,1
7.853868804663276,6.338778313524205,3.1774051179158946,2.308148460554459,3.9810854696666786,6.384594482074034,0
7.934082436837094,2.7723559679212655,8.783710613919958,9.869880836408806,1.2877448238936364,1.8631028993976377,1
6.641890285212498,8.514336776281427,1.6645016043083278,0.047926777180246294,6.247125443811214,3.5636232667671495,2
6.236303541411852,7.512378830829523,1.6494615134022936,2.664311501639682,2.3481642917852104,7.486983596286603,0
8.23738669943339,0.9867721520252641,7.683215913096996,7.791254246674931,0.057726746019411745,3.8982079206229647,1
6.683991936016456,1.3218266559203724,8.641038891539758,6.2236650329468,0.8212602844624679,3.491848264786804,1
7.166441300637981,8.966081867930805,1.6660403811072642,2.339424154323832,7.17001590435178,1.3613553334831732,2
6.500284710030471,3.8236586144519453,6.812268805684361,7.372395499201456,1.749955395138906,1.846999497974862,1
9.923631847451666,2.078870065402297,6.284679069039038,9.375545739670793,2.262863142893502,2.3015254878873757,1
7.6261587805916085,3.259764338929185,8.239647770174313,6.711088374539821,1.7046755660721615,2.9657707034214,1
8.731381128679018,9.236491171382006,0.1492996880906312,3.886140731504828,2.780501893059001,9.44304648894393,0
7.99112448871283,1.9559539040369485,8.605356461132079,6.0338423065825895,3.8017770843911056,1.8580566237631615,1
9.313682617803483,2.1653177959232375,8.43911653800408,6.605293193559934,0.24280459454207914,1.6638130556676183,1
9.369427972551854,7.837691408056358,2.6928660193014955,0.2559208760063849,3.762701383589637,8.486660897146747,0
9.250711546229844,3.4860752304569274,6.564268242864252,7.176639737418768,0.9978421483241835,3.0798377173019147,1
6.7693381385111415,2.461542721129592,2.345503400052052,1.4614541167436674,9.503791716951113,8.681384133086718,3
9.816347926729613,2.959793469000743,1.7894135081270575,0.3326408415080637,9.49188957084263,6.565920947688797,3
6.319964124308656,6.70689609168279,1.676791923090446,2.5218436133393953,0.07075872589028709,8.623799282957707,0
8.864354084215051,6.234733679201707,1.4012093648291741,3.6140402335095234,3.130633598601707,8.178341417581876,0
8.717272620152286,6.090831855418131,1.6343902668912857,0.8011984399929397,9.46673176949393,3.8405233391600957,2
9.286985993202368,7.602979242674339,2.9083877890312277,0.9067131861218187,0.28827447336871614,7.184773118992166,0
9.891176287228442,3.3969856343050426,3.353946338621685,2.318738822417552,9.533049921974115,8.39366490927301,3
7.042955869794956,7.492740677083608,0.1504657163349532,3.853094537273834,6.048377028312515,0.5602967704987307,2
6.6825463587455225,0.4160682720142246,2.45267065127292,0.156046338483963,9.71331061918654,7.358394417168695,3
9.023386695005897,2.0397683027278606,1.926742734592557,3.3467421530360912,8.413333658578821,6.014650900501166,3
7.144404960958068,3.842591003737262,9.622062024192225,6.593685440657721,2.965324275795966,0.7569808422243876,1
9.218052951249122,6.792998037129513,1.893365705169065,0.07723112016571054,7.924007422181553,3.026605330412475,2
7.102522007401799,0.2690293008700597,1.8595876965829459,0.8672110751887301,7.061826798305702,8.511590393841626,3
8.12674949018629,6.441761911663065,3.8991968621428263,1.7117287982824654,8.096109059307832,1.5187848048244592,2
9.907831766946325,3.571049098035458,2.734608485589447,3.482838415858388,8.823827448460795,8.600483113635397,3
7.056302490956578,6.18410952777835,1.655553953857832,2.5001033341045518,8.416225218910695,1.5435614568444032,2
7.1448908330522505,7.461612083805562,0.9949385722709807,0.3351930573284929,1.498330398434299,9.46694465281745,0
9.326080593956071,2.324741007780413,3.613169859238922,1.0003469669279585,9.026275623403324,6.486799240333953,3
7.512000998042392,0.04320523389282105,1.0130957148904987,1.0801982922743827,8.519822209400955,7.437596496245287,3
9.756956809069674,0.468917793166411,6.900776036884115,8.894999094634642,2.9502713438439607,3.727788688426732,1
9.4181092039106,2.1756396626522165,2.003334400254373,3.510509161038773,7.9371893178439645,6.997493867874255,3
7.078263245106802,0.5700682474333152,8.030886544989178,7.405934805443595,2.837407068787469,1.1027709581271306,1
6.701193169860549,7.738764161216338,0.2313677141704944,2.942100088421147,9.97197430721567,3.6477606217207277,2
7.40087650990843,1.00384469883803,2.59834552368245,0.15018191874096454,6.88325508351139,6.389410155261418,3
7.462543643716299,0.632895806050707,1.7026811355517757,1.8777319315456995,9.98912042231219,7.07458791782868,3
6.7820720411146445,3.547553420256574,3.5646024495758306,3.8859326117582498,6.253606642754601,6.662442403971613,3
6.669482261110305,6.124792029884636,0.047999664495453676,3.16526567723559,0.8390247024336492,8.114292123243972,0
9.610520709149604,8.020654928495727,0.5995242201342754,0.017402403571698866,8.57273896254766,1.7440585580615373,2
9.805552045964673,7.815008490115123,2.022020738317941,3.839037656388509,1.2428247861460076,9.434334351328246,0
7.483477358201426,1.7481589562362059,9.276613770942326,8.993905718646278,3.329982952220575,1.375048448667946,1
7.2544055958712015,7.208864068429268,0.3295366228963834,3.584132139038714,8.621692977134826,0.2850343449366388,2
7.650249560068741,2.012612172174561,8.965922510136334,7.16101072510992,0.823980133746729,1.4763685649314673,1
8.547207485405,9.558195046379353,2.459585638285126,3.1819528934440138,3.6823740394571427,7.705392034087577,0
6.922865707375467,7.393988501426117,2.7938890853097234,0.7887799408748286,0.9591586289752825,9.225207617742596,0
7.935423845126522,0.07517019993853369,8.388335789623296,8.92150566730374,3.85242144506455,0.8966321233361434,1
6.8416380567414254,3.366402239072291,2.0691376264475863,3.6495608159859367,6.8403908677760015,9.960533520757036,3
6.136653520977953,1.4026839831979054,9.180020233796693,6.978502286336965,3.559805980374084,1.4795583012437326,1
9.70162797008281,8.582151451831777,1.6277859277485756,1.7069681704001867,9.020051906829359,3.686925552077176,2
9.67415420661427,6.015385181157351,2.739445811365462,1.3733614809848946,1.182792729697805,8.124514689898104,0
8.91902665278614,3.4783808669951917,8.32048928713624,6.402385134226609,0.7803875575685657,0.3303112404872146,1
7.965338187919376,6.137872255716859,2.784043523568136,1.7543693119322783,8.81456813175374,1.168109451141524,2
6.260460512337666,7.548979724982064,2.409565535534091,2.37483589794564,2.9914552499537743,8.888150404433766,0
9.481714645461292,7.635873867360667,3.9461430860971087,2.4000496993264884,6.0293245576560075,3.3108412934188465,2
7.3868497849706465,7.9829164482868755,3.947814072740694,2.9670582049515417,2.082703668124707,7.426705431386252,0
7.296715627536138,0.9051787860110614,2.701886219011949,3.0955885103117162,8.773738105785712,8.843534268650867,3
6.451696183695362,9.952245559118563,3.3668487681930013,2.2180330852267427,3.643838819417834,8.738417519095584,0
7.240219894613098,3.2386675038016164,9.760389793902553,8.392050785893261,2.002754360028412,2.5899387285501283,1
7.68263356263267,3.9245247656158306,7.408721432906729,8.709344813682966,3.3677264792345243,1.3817987019649784,1
9.406614910596279,2.0950439903976066,3.7845412360338666,3.7722488662998646,7.707208255781561,9.864458336049413,3
7.742145978577575,6.140352930868078,2.6792342184726743,3.769436511439589,8.075656577497625,2.9840106231982357,2
6.067737024544767,6.27227026068259,0.29270992636821624,3.393557991734053,8.285402223197334,3.3719220484199997,2
7.146035665726388,8.370263443851702,0.712611107196909,2.8519656803517743,6.687934398655035,0.31283311605940556,2
6.000849744769104,1.191287199499186,8.573770703524218,8.892083672686494,2.726899756127483,3.965164148120208,1
7.576720654404743,7.234068443998135,2.4841488071986686,3.3048317678417547,8.866458587703509,3.4284403816574476,2
9.925143119523003,8.489896546634952,3.6798020056776584,1.2094561642525221,0.8839846358358252,9.279239827403192,0
8.193079354902409,8.452848502738547,1.2625170282303526,0.6705054462423341,1.2898453739502918,8.377050163473658,0
6.449608226220558,8.248565018545301,3.2775066409462634,3.9034370828506435,8.886214418935417,1.6970135955627939,2
6.538028481736042,8.375952156954467,1.363671416324277,2.179649292052289,7.741833913293274,0.3815511520694215,2
8.633363921280848,1.637850666463859,1.1697024408115069,3.6431551912421587,6.774170786606886,6.693041346132006,3
8.180692244910462,7.5732980144886355,2.0071411770583203,1.5347608005186886,1.7479837592276897,7.64181926829119,0
7.018152742898229,7.856307977298089,2.3891082601205262,1.9614129376955347,3.5764385956559765,8.038628413876058,0
9.688541052503846,3.9647721840206533,8.146034678349652,8.058702930258573,0.19222677363713858,0.949990461546935,1
7.348467867001972,3.410535578959087,2.555131804255622,2.8706064360354757,8.598054733325933,8.137015596288403,3
6.892732860866448,2.2016964012471325,0.8192475812524966,0.5357871117156257,6.450701513203967,8.454217023372834,3
8.31615527171993,1.5663363442328415,7.057200862507173,8.374222162615741,2.0802048036849112,2.1902159415831948,1
9.329772130635403,0.5086707455043178,3.287357110842793,2.077612597272995,9.226631972637994,6.643823190470182,3
9.46613136709144,3.0129696827014167,8.886266018574656,6.58877976566651,2.059045970349743,3.366673318813497,1
7.713992780619831,3.5774679504433102,0.7342261512788579,2.5453514505160384,6.834499734646713,9.53244581815568,3
7.270638527203971,1.983906857110732,0.8035857249959313,1.1225943835306875,9.325168275842046,7.815308238302805,3
8.438665699416934,0.17336176921802782,0.09847967243426359,3.493930874743308,6.991872676105535,8.98610587980667,3
9.083825164464672,7.181294031181059,0.6569994220078241,0.08363110168116483,8.167001223485988,1.839078684292999,2
9.198219658242499,0.07372837992851133,6.666623281762522,8.82498585854255,3.109951148525348,1.9393747944259085,1
8.226096528063817,6.868919650772165,0.9116782332813171,0.5968158330053845,7.90540787021725,3.2814440231800273,2
9.847112320016029,8.143286253063629,2.024116845415441,2.9660458928380895,2.3971113163000277,6.896627160169271,0
9.648386579151044,8.234892933192103,0.7579719792784227,3.0580968936202355,6.414476237107147,1.8326188345639403,2
6.7838921320865815,0.4531047285070935,7.210685911622905,6.491379987831255,3.8809264698743267,1.4319309987659574,1
7.5226164752777285,1.1624446171271612,0.29904923162686137,0.7480429858876674,6.203799488717956,7.540820571229156,3
6.080174077441141,3.6040637639890925,9.809652693815893,7.034926765696969,3.1966350248540696,3.233540491511663,1
8.997379067193048,8.449148846947558,2.716379772686054,3.5856397195443384,1.9177968997342205,9.432829171129631,0
6.869804924570087,1.3813492971803947,0.5365587335093664,0.8499365221065025,8.58892073763639,7.702323547742693,3
6.632682239591972,1.1308845025073215,2.941962448722821,3.4192610543192163,6.833442794194381,7.623798904668654,3
7.9338111295318114,8.240218980252255,0.1344328098566363,0.034204601601416584,1.6932117824478068,8.102844243742453,0
8.848017599738174,3.204470699922959,1.0858055045239414,2.321679127311467,7.980037096265062,9.979296130699966,3
7.287262008036958,1.539388656864709,3.2804243804103255,2.155584921030535,9.685363201957038,8.471232509434895,3
6.0982766022302,7.804387191065555,3.130612144866451,2.9934746362031937,6.144898575669372,1.510958933045813,2
6.251639156274516,6.304927683927922,2.1486236858299654,2.6448765173777,7.887721438763563,1.3342793017415344,2
6.924687781124025,9.176392292348359,0.0038562665722476908,2.15655221609104,6.31883726592126,2.891418405936624,2
7.619246568131353,1.850212158686162,8.688644969200087,9.383858763419347,3.4456483630688743,2.4947082061740087,1
7.957379125925124,1.179895341021438,2.7769355914829434,1.5493442957370065,8.676688533911603,9.257206689070976,3
7.469582745573067,7.491739587214084,0.45388694051579437,2.690961532992011,0.6132292097916192,7.701991431389788,0
6.160039691793773,8.88622039452319,1.3829416087981565,0.13119360801229174,0.5192659777156026,7.5808758184706395,0
6.471846318442625,6.324942238078817,2.359960265199853,2.6834783507802786,3.330515781667074,7.848245536172979,0
7.98699806189928,3.3886359876028163,0.8367584429852717,2.9483305257002974,9.575320344168489,9.783568678030472,3
8.544804009170063,9.430991928377898,1.4536884712868252,1.730090499863154,2.807378532660475,9.33163052174925,0
7.161808695825361,8.204337377236097,3.8552048503135925,0.03278099114368471,7.351509866453,0.11170077117431676,2
7.203689797908087,1.8626682632189087,2.0314436771204365,2.10342565792125,7.200623420709633,8.999144550018867,3
9.430499050075161,9.24165169661212,2.841351836983613,2.9036730851814982,7.812539298109975,0.5788359441822495,2
6.70583478556998,2.4306202038057996,7.59314571967227,8.334393382242034,0.49528697430882973,0.021600290287367763,1
6.832330152101565,9.35164186790675,3.9488621673119684,0.29852244330695665,2.645236686155316,7.931298447079868,0
7.519328144052259,0.5346905836930729,2.8338217071411997,1.14411882559728,8.205105070875629,6.189510910792567,3
9.548241054070614,2.8145482144546836,1.3873340337014435,2.0203701108677414,6.202532195074626,6.4917669505303826,3
8.34264660754346,6.9686491940085515,1.0651545084234662,3.703404083872235,7.348318278243027,1.3463683155536343,2
7.747646924981764,2.596521501748923,9.69345480534513,9.176048529914922,1.8489108629753503,3.9460136384137985,1
8.84339569840387,6.907758201224,3.4320320828159767,3.4210310095642456,6.161360657102827,3.7575916013426007,2
8.55827635548938,7.1587892869175365,3.1405510668609247,3.0077875014142585,6.1488535414365595,3.6383949197250276,2
9.24328607810505,7.086185404290136,1.8969052622761198,3.212932230587302,2.3561069960549696,9.879539476606379,0
6.697006635422474,7.181619274704815,3.1826515664245907,2.617564847107773,3.851170957809023,7.826081297783816,0
9.440154483233634,0.3187955699691889,8.66758774882122,8.280784677722433,0.17970745803828958,0.28894147003322823,1
9.391051976783059,3.275394158001475,2.474055118099088,1.1734639184107145,9.09059312281455,7.959552744792291,3
6.859255846763739,7.793773936804768,0.007674495641101675,0.9305307573139525,0.626023578365646,8.133811677307715,0
8.956133124770268,8.090841052924477,0.7196729903616048,3.821981944245054,3.0843666138720516,9.323533575675809,0
7.462181681735325,8.888849658246173,2.8530719544404795,1.2221928705054284,7.665162879344281,3.6925442841634366,2
9.402689302072845,8.76129078680384,3.6584755588939366,0.9134092193004419,7.308416666083412,1.57251462422319,2
6.112942581439871,3.989803336843714,9.168022714400328,8.603216166690826,1.4471309359229934,2.5566207592924104,1
8.303882045740208,7.004178648341344,1.4042921864762814,0.6974376695840796,7.618657521731031,3.2364933963811495,2
7.533967736712461,1.1786778637806457,3.9410735314949537,2.587349309154576,9.162988125908303,8.786053715099358,3
8.208979318356429,1.14306899367933,3.6392148209231907,3.679341290333567,8.708193239029319,9.180010140627047,3
6.10827328260986,6.676303400842999,3.2172656450677626,1.657397850574382,0.8907301671783343,6.508326134032763,0
8.804241346777742,3.400174449527042,6.488991554821567,9.741131875771481,3.878170778764808,3.979289203279289,1
9.25159916158327,7.5809031770144575,0.5322984698887634,1.5087539323558614,9.242200707729445,0.8329457132095697,2
8.429697876643612,2.4439605904106956,0.08691522320715661,2.9409722621103027,7.421711487405232,9.34435618980069,3
6.65277305093996,0.9921216614860251,1.1615456485366367,1.9612654440245723,6.609448749080567,6.135873088151844,3
9.128473845476782,9.84209386463997,2.2888976944715154,0.7302413671014545,6.279857602961545,3.9636882776362623,2
9.439600854324421,3.4736895970950736,2.717585900561671,3.876674739832653,8.889877543551142,8.432097812990557,3
8.851808464963545,3.240034430096309,2.88366740328122,2.1289704248512193,8.671036564884247,9.657817247043727,3
7.0097447938805075,8.82850311089117,0.5789939109656026,2.175342412732041,0.6178777686398513,8.666939709841433,0
8.35414658726388,3.476595431914419,7.417092461644884,6.766505341224946,3.22969949522269,0.32887339312145647,1
8.097187684511413,1.3577781604808195,8.45448870775752,7.051033007164472,3.985467666172638,0.6021394852562785,1
7.235727659637081,8.698634078682604,3.1013215324516263,3.8369498899969496,7.185989823390903,2.7000670823525437,2
7.289472634375271,2.891479243599795,0.4669961060316985,1.4605920290465941,7.767118261199768,7.442305241788732,3
7.695019084687971,0.18743162904515076,8.894166573650987,8.287106884710646,0.8109471173103109,0.9831218379892372,1
8.950820299495042,6.543247122548938,0.22724079071695025,2.2787331594002613,0.6136699874920795,9.610025100270732,0
6.076450775553699,0.2226703226488076,8.375580941770384,8.065011208644556,1.2239445175357626,3.15261164546135,1
8.119658650907787,2.9091020992436807,8.508864668312992,8.218104352278111,2.213638195366354,2.5195227485311915,1
9.029040214946164,2.579755736929295,3.1413586276856678,3.640749040780301,6.481579989198792,7.167390387725813,3
8.340545749427779,6.710631534973464,0.7092800908867676,2.728912502387975,7.056082088737341,3.7929804639255,2
7.384672438188398,6.430472732631143,0.424959988511326,1.7977776411048345,7.103334537614733,2.019133985015794,2
7.280469631101063,6.942854499549813,1.45978681375178,2.877472595248006,6.31628093952267,3.315370106652358,2
8.815566493013547,1.5391931965988848,0.22226934227447792,1.8815024705089902,9.825430272823725,9.897333258071711,3
9.97694801143176,8.992943895669498,1.6701227611949774,2.2831874745934857,6.527516631856111,0.44379827536425687,2
9.15118186683096,8.586830691042637,3.5981110017589413,0.7997975638766226,8.716988951636552,3.6830901037305295,2
7.338538298133148,6.206494189123027,1.8686428184058017,2.519089597984321,6.092210710840554,3.585282288986272,2
6.739294074194527,3.629245094728745,3.1112498257583887,0.7035690812337005,9.474745636671125,9.27002813873278,3
8.399311926592366,9.32344041131107,1.5381861636330143,1.586974287349169,1.4905802270097084,8.85732237924992,0
9.839550699083132,3.7161867129080366,9.984341945135673,6.354685001431736,2.14997654407403,1.186406186023131,1
9.835572211210746,2.5039483988254174,1.112565895315706,0.8707310826713273,8.565417851320976,9.27964550121067,3
8.361752274317318,9.983659975910234,3.81846819644071,1.8003816841250848,1.0004466906143694,6.987658842854962,0
9.15366903026854,7.5853951324338444,1.0559834325668982,3.2043170702721397,0.1971672302594416,7.825942025561982,0
9.38039936474122,0.23833144680033191,8.456924278170263,9.060158617611858,3.517179324864991,3.0292162433058856,1
7.3318037157247415,3.0909777439597916,6.737236388183679,9.8545792501053,1.8702166137139917,2.840423948980295,1
7.62395805398051,0.864045216360517,1.5940473682377876,2.8526141997535586,7.063218080007157,9.94911869218691,3
6.01432181753542,7.034877441288508,0.7615180253518941,2.986567606760974,0.6230581211151431,9.309618065405939,0
8.137474574639427,2.6709722607769115,8.964786536555945,7.0500375196643565,2.2868657104667744,2.7658932822261657,1
7.023512220841394,3.526186097094478,2.397780728369795,3.58310887101139,6.05492955373092,9.397809227874077,3
9.941452748331258,8.42589698081974,1.33057190270313,1.9218902730710656,7.355716898267913,2.3480664982267143,2
8.475576823048748,1.071135678983099,2.497067548474031,2.3270937000600926,9.740177295024456,9.885999191529752,3
9.387952155894784,3.2827089523281088,0.6795499889528762,3.93369174816666,7.601174383773895,9.579720406762526,3
8.895938480162743,9.244180459406136,1.1996527017567904,3.8513664144847,2.2142038940289765,6.607123227870439,0
8.974212435880238,0.3472322336015101,0.23312681679325742,3.859618326292073,8.926718617651233,6.6917303513257185,3
6.31172590197278,8.39439441493228,2.6238984529094713,3.0015214143945115,0.28741397464870433,9.450843646950048,0
9.819702653869507,9.427074163111746,3.664079866831792,3.331664607200715,9.32755113886098,0.5578652223128793,2
8.262475366776345,6.4555470408453655,0.6552163753217202,0.862456837947621,0.026844828556518596,9.755592539841846,0
7.232185513958911,8.785218214495668,2.594609625688153,3.3568557662271195,3.208101235616033,9.31712176232755,0
7.7527275003326945,9.274093905360395,3.545742192723816,3.059882180923512,6.999269063956973,0.529500142151837,2
7.239818742839029,2.1196675042733526,9.147657298852979,8.26405014589629,0.2933065115581499,2.812035392637124,1
8.372410228320305,7.22563149576335,1.6270693954465676,2.078750829629568,3.228604430843129,9.188284247335893,0
6.119284935040087,1.3575227173735973,1.1505206634672955,2.6290359639692094,6.632435309765347,7.554793280241787,3
7.487286761337643,0.11830183997720845,9.724026904504896,6.246502939465659,1.8898113886203975,1.1846801395520377,1
9.45793529377988,9.741292318546563,3.2514218330567144,2.340586850392641,7.650914083562308,0.21496300959184067,2
9.38924489053647,8.71849599694131,2.0215706985840423,3.2046153036360727,9.33770273530171,1.7340502416273438,2
6.828815474280181,3.931912988763594,0.7699940396051126,2.922284601197582,7.0700991213845485,6.247693754019715,3
7.430410664902522,1.113511315245029,0.05828687464431148,1.4912300165979917,6.2733683811611485,8.584925705428232,3
6.037615186433548,3.899532286564789,6.585371831691247,6.479188850524686,3.2953620884490227,1.881443722402289,1
6.971815358577224,3.0124609535817624,2.311909162258886,3.5800471188600826,8.891407395493111,9.333302614569318,3
8.407626009009418,6.011656402716207,1.3697408235517061,3.1884797288222777,7.178081726804163,1.4200710497129045,2
9.443043042587716,3.4181430082140376,9.20535117119178,6.224520560183873,1.0823583275746476,1.4323267894939335,1
7.058642712991713,1.5894149851634585,8.021646920631902,9.809779229531596,2.9690634870122885,0.649554794406586,1
9.696420410501585,1.9830538199490166,6.531706979365325,8.12098449411995,3.5178297744065365,2.0789953650251953,1
6.051992226712866,8.202870459785492,0.48628444539750637,3.1463508869433996,2.4158894767258468,7.288859463618287,0
6.697303455862263,2.992882673280573,8.531017690473504,7.1047461431668655,2.168496689265306,1.1312048146099851,1
6.312821283540542,6.974059417442155,1.9041564772523878,2.0857984072611595,3.386332673759256,6.875552292890361,0
6.330653767974876,3.0775964584529993,1.0370875726273532,3.8465670547472826,9.431368296626271,6.0446480155473665,3
9.038976168156346,0.35975573031193875,9.99833164904221,8.174712827295624,3.217305195501969,0.4856026654327197,1
7.022487613299603,1.434689461325827,2.4953915921432324,1.3239125244167185,6.008796421508577,9.39579932486237,3
7.926292087863645,6.993779320533721,0.4684160715038024,2.96079885637153,2.915400739608427,7.547001585192779,0
9.207844728851402,1.5166742395514743,2.4853852270499264,0.008768017347517976,8.891113491209103,6.998682162265584,3
7.545307605598959,7.969537781878526,2.4746589690038117,0.6022017437159564,8.235399494304067,0.2237142955580369,2
9.259240729772776,6.110078547067674,0.2525561179911979,2.237815604538565,0.6207380421009909,6.957301193629736,0
6.667292787577312,8.421368737244237,0.8810790830146558,1.5914991874757707,0.3742212822637532,7.666632951045066,0
7.090016726304519,1.426311886107646,0.14946757566134794,2.4996952300233928,9.168277170183217,7.8738502203723115,3
6.427493538965095,2.015505502849832,0.023185176497453774,1.945732150474191,6.383262799647898,7.998726642933696,3
6.0113143359536885,9.098764594513746,3.7096633312135774,0.9202220413090783,6.9706700530730075,2.475183053905653,2
9.375037054202899,6.0565576177500375,1.107734026525815,3.1025252575678444,3.8231030721122443,8.00613750536699,0
7.236587199864099,1.4473721651794098,9.081533072565218,8.274814726235462,1.3416917097746084,0.2685982822023849,1
7.0931840951627105,9.832442177781495,1.6717786028733648,2.641239417925172,8.895734024790379,0.6274638577428204,2
8.001493981750741,3.4658921146577195,1.2401303588188437,1.031133883935245,9.791434152422845,7.918386079538651,3
9.61435202644461,2.6453960793140374,0.6561339324234181,2.099660183987894,8.298066501201726,8.053514073913007,3
7.065971587827451,1.634147890851148,1.3039490996835879,2.869094500823705,7.99219154242668,8.010958058233527,3
7.509452972574575,7.6240832354658785,0.6280563103123984,1.2359124136649986,2.6489484504450886,9.031406774379132,0
7.0913545005060925,7.166389705927923,1.815984380400606,2.9004330860152367,6.890105164643743,1.451321375078662,2
9.7013632856099,3.234845030659101,1.0380708489051322,3.3673354881088655,9.753883128591662,8.391812262692095,3
7.343305409831578,0.9629668933217568,1.1881782280309792,0.7925873017835743,8.855648292825862,9.324471483380197,3
8.448599800636845,7.645173236386171,0.47849546753411953,1.6171763308328035,6.101553108932743,3.882232091192065,2
6.209199651046619,1.1306562054418725,9.305614126675561,6.715297087440201,3.4653146963857666,2.2024116351585215,1
6.546110166819174,0.04248643668919527,8.165666346166883,7.953938064999938,3.2071596545806025,0.5664180578521814,1
9.479878651954694,3.1306820382790006,6.3263010424410515,7.443431044927846,1.3268537513918126,1.563228290218384,1
9.929995503882001,6.143095384403102,3.388341760559893,1.6901789412096995,0.5445646169935094,9.180019426405279,0
8.306081873789116,2.787595924502021,1.0721174705208343,3.389665610586474,9.957598199196918,9.83443077713595,3
8.564479607263465,2.5343978369154767,2.355473715821239,2.5791220319069064,7.2797265977464765,6.683978116731112,3
8.676702930339678,1.280552879002232,0.28696786570009003,1.3314026776663468,9.928084833581536,8.792996361092456,3
7.725647453948429,3.491234067329782,0.6828651063319389,1.8270141690262576,9.801844666815107,8.337039985203077,3
7.682194916691836,7.788190964591138,3.6912905328910575,0.05175429811200649,8.097060642962504,2.907749859734233,2
8.330138675627929,7.228430006529077,3.176052291471438,1.2918122089220487,8.856941355052639,1.487951809190705,2
8.608698193139972,6.950633715061366,0.9180292291769305,3.635758689979426,8.804245141955978,2.601879596947724,2
9.729645564087102,9.80913382675247,2.4005238144013648,1.3327306955698384,9.946005660771492,2.8672224316570825,2
9.782475622874632,9.121284295517878,0.3603031317303258,3.3776717136295042,3.3686606416620486,7.592834362768654,0
7.196275525614943,0.39941539693213324,9.40738498467868,8.648933981609876,1.1116731677008507,3.0740135460530333,1
9.434164549412301,8.645163829324646,3.5235169736446474,2.65888148573635,1.453127078052717,7.0693371241514775,0
8.171596086351823,6.852168313707756,3.1079136323078607,3.535488439817539,3.2223503322881113,7.860099739805751,0
9.243854983687598,8.996851878093095,0.9351325971298459,2.187584750324698,9.3904650505724,3.433241123507113,2
9.206379566473299,6.498010606937783,2.9650251857642664,2.978781764792855,6.297413101504895,2.0376977565373666,2
7.459490673021674,0.24292693098468243,6.16716191228063,9.915307110324335,2.9536558020309536,3.472782427810386,1
9.425941418821578,8.174720817917168,2.986199406571297,1.1130261157156771,6.329386426062197,0.5201357351201041,2
7.848024719361371,3.153377238646459,0.012032095633855544,3.016741839514466,6.1711481771773276,6.4780781317107685,3
6.220281687631317,9.538195076306103,3.7322945441308435,1.878685730826413,9.1844990960049,2.086672655331472,2
8.676866542456473,7.590580367277246,1.1889787378521297,3.2178690588872914,0.5071347066289267,8.447271518127886,0
9.810508718859516,7.86028246043432,0.8048531197194184,2.2173198207696725,3.5940748131873255,7.633519026187825,0
9.066018430912301,1.9981138694087237,3.400915283520307,1.7624070692385478,6.130503787950737,6.097540456607547,3
8.51731705653317,8.0843699907849,2.7840428362796286,0.5810962856550468,8.72606517212333,1.0928308169701895,2
9.105567598718743,3.45559460579613,0.1034446053600675,1.834290906270983,8.811093421371021,7.398273829105927,3
6.900637415388565,8.574091151659342,1.1874270811953833,3.615470078038569,8.756710185131148,0.2535915162336688,2
9.442056358005907,3.887198436898162,9.742751176734334,8.64093649601647,3.616545313516435,2.280898096421977,1
8.062731028953335,2.5867421081992847,8.039936002010595,7.248287180808006,3.435201046795899,2.821063697165252,1
8.024021640527494,2.8384210756533816,7.307993501966295,8.696497463471044,3.1180959341377545,2.9225535791423556,1
8.59142159480706,9.267347359567015,1.1815733727277808,3.8696507776441367,9.497199553464004,2.1742551783967925,2
7.9499031163155705,2.910824330275938,2.7809498395485024,1.1238048649369565,6.027713663555225,8.256704319335212,3
6.57559535128174,8.013342759125276,0.021707097710042422,3.8819178671338874,8.380931928581479,0.994542110750885,2
9.406960666310846,3.979195110354625,3.6108040032845103,1.1142100614090187,9.448708786655242,8.48277273070955,3
6.433752881545832,8.070367946903922,2.456875515853639,0.5296500632636878,2.252764587450342,6.1843330629023905,0
8.645865646882111,8.768419722275398,1.8849772623285461,1.7770789272739909,9.209705448571237,1.7821849368109843,2
9.018266744853346,9.88563472185044,3.583609281165955,2.7151034113344767,2.0686518449080733,8.851184317218607,0
7.440573672643346,7.819265991565511,3.0539262552417146,0.17741988501389816,9.31692195027468,1.6623875372812633,2
7.5767498237208795,3.77638745601619,6.226257856076547,9.696604966753425,0.9587366439492024,2.3433251364624255,1
6.749911559058373,2.152409830290211,2.7923196703969775,1.8789781652714117,8.814777730754386,9.32198403886765,3
6.501071565256662,6.011374606914217,3.708366637940785,1.1515601100133503,1.8636656077745046,8.784096870171174,0
7.846084810058651,3.4715293020012483,2.4285208447620352,2.4191557587388997,9.16768581361434,7.813856421095242,3
6.540311364647467,1.5225834414292665,6.001374359242249,6.018488956833162,2.045094458814495,3.9665327419308944,1
9.751689659965152,2.2397938842307332,3.890783941258061,1.2859753873629165,6.027791801857207,9.700905263231215,3
8.420942173007555,8.329321494984576,1.0288343760146974,0.9820075279040918,2.778592847629348,8.094374062396323,0
6.988274012665364,9.248580850693944,0.6449587873919413,2.1137892231792,9.878599716932346,0.40623564819558267,2
7.629570174902211,3.7495010001436597,7.0992646726091575,8.800362300873935,2.445572876628854,2.5177039472574845,1
8.08871058454852,0.8245239367368375,6.1495593611943935,6.700888370795559,1.0375928167829858,3.6329785056284463,1
8.394043239118554,9.030518543860918,2.5835994747460957,3.117777191759644,8.201710162023371,2.084849054714936,2
7.861724459115667,9.376904984410992,3.012082849307701,3.064453467428279,6.977058281619985,1.983868894093468,2
9.277799338606506,2.3128666097121124,0.6117173592034599,2.699992710872677,9.923732420277652,8.780205064372325,3
8.764252298066538,8.678702374964724,1.1873226653761666,1.9516037466334017,6.215002512142201,3.9792337142382164,2
6.713380769332926,6.004470295035137,3.640068104817281,3.7394616882468648,2.8249025092229982,6.334850249493364,0
8.661677539398822,6.289464988240242,1.0092562272744519,2.7685809224162647,1.4261652000036675,8.29311982583171,0
9.809326908398749,7.282926060336983,0.8773271213756217,0.25918654311647016,7.138097119864243,3.9275632890170753,2
8.85762917361465,7.871971245397182,1.5149562621428396,2.2848049834359236,0.8855447626325446,8.60585807556023,0
9.907292359991075,8.954058447486117,1.9834697626790043,0.2968104928696129,8.282603461627836,1.465230935722552,2
7.825576557101379,3.534200955865519,2.5101861669454517,3.487202558050021,9.758974413634384,7.104651572924373,3
7.913597666471828,6.951688687525969,1.6026174592019813,2.4224454039216448,3.203040073697586,6.273918179667644,0
9.155999010310962,3.5289358550885606,8.435503887183351,7.192520349535053,1.1625947822498817,3.802942732390648,1
6.1546875148844755,6.361155196996187,3.9042152238685675,2.457361448796104,6.795055128420231,0.15164638747565906,2
9.245808126190653,1.7693937309096572,8.193580430907826,8.419395128363453,0.4032332752156922,2.781663799590111,1
7.382206219816846,1.981043825996203,8.65921155155014,7.960511483193299,0.5743580366471366,1.6851205510799714,1
6.212659191872182,0.8116285188569159,2.4589866071916107,3.8484305611673943,7.478921472306141,6.867834042028763,3
7.924420352783166,6.747448937883313,3.7147921610856938,2.0447399502275494,1.847018640350519,9.919135851717645,0
9.651404392913374,7.899119595345667,2.1860970194779057,3.1133861864579497,2.591163009643248,7.875446016268127,0
7.539643524033359,1.8133057067645595,0.10971279920334354,1.9802448735537896,8.380067293809281,7.831470700189734,3
7.143546492937931,8.607719627301876,0.5161479386981309,1.7418467902261883,9.350907659057984,2.428738991704741,2
8.307982308327503,9.481034083808023,0.7520111716084901,1.3921569317218654,7.015526174683108,0.9549862382138312,2
7.10015982288302,9.261979587399079,1.5810492832587597,0.01885837311035221,6.779759050094981,2.2646865563686736,2
8.738669502673911,8.427421143725317,3.1254670105700555,3.0524540495892407,3.8377534562733557,9.98001198895113,0
6.924284132393373,2.4673377594166412,2.4263301450880603,2.223337122086391,9.683614782410121,7.591801860816611,3
8.330792448648618,3.0625131104633954,6.997726641610077,7.774726812668092,3.862509393559347,3.756772829178024,1
7.1301010735221535,2.640334078031393,6.983084613790182,6.945087678385634,0.7686756661051257,3.197028111302095,1
9.485680927764689,6.098884527097745,2.050915684689166,1.8080952324482364,7.079219401269928,3.1704738094179037,2
7.31946860943054,8.452022774359973,3.2503447362518263,2.6103123882741377,3.312283286674441,9.063056390598062,0
7.67794827131384,7.340800071924814,3.3193815347087128,2.7610133513756367,0.44948568607592554,6.60516455301815,0
6.0386345800838495,3.1792577875915273,6.238612847554034,8.145593054134498,3.1705535660937563,1.6015710011467235,1
9.621315476683263,6.1881909345126545,3.588014260554172,2.631129697683052,3.7047478121341304,8.015368685312257,0
6.02398262387983,6.177193087027156,0.7703030217483642,3.808586424522972,7.7489228885714345,2.1170171785219254,2
6.777734680178919,7.327945448293109,3.567103802588015,1.9815655664090288,3.3838358196171545,9.233052471169064,0
6.427534764330638,0.3683675051833135,6.363402545037166,7.938792159939616,2.467621272412123,2.8007311955160232,1
7.236255859834911,0.543421441973341,6.0079418842865175,9.13139866870332,3.7838863732248447,2.9491880626678157,1
9.883118594193652,7.535902691625607,2.0749957719759693,1.9338662133860187,0.40374028284601504,6.170935450369328,0
8.144378342842359,3.7262229408791585,6.351122547294846,6.5320351185906755,0.5703588510014592,0.7948131242160192,1
9.68572883643099,2.7091048249104146,7.882203733133748,8.597911521403699,3.6795840581637664,3.868122419281861,1
8.800188144747104,7.014689784854202,3.5545497597400333,3.797628653439402,0.40147455728316794,7.48864199136675,0
7.767584375901453,7.633692623958603,2.233769091533631,0.8233551878718299,1.5969942721291663,9.329038164175845,0
7.860790586963033,7.0520165496748035,2.463774617093476,1.7318421406534816,9.127643129430208,3.186956540509136,2
8.5028949190753,1.254644195978794,3.369894955507429,2.452042207718244,6.543080586797661,7.8586390593374205,3
6.336497801785285,2.5916619149213798,7.299337235951996,7.952251270322122,2.264362998166308,1.5201388216290668,1
8.14461405721337,2.672070738261643,3.1455708337400474,0.698205777586907,6.788861798156096,8.054154188421677,3
7.953773099798864,1.139308455384656,1.9221619568805348,1.9357331532842927,9.386324545402516,8.094954981062942,3
6.748105059335083,3.810315435452592,2.8657155229315356,0.11862346372201715,8.423773308486444,9.32528368443695,3
7.488682285345195,7.107585178067764,3.588614257543754,1.769256910098827,2.6107456132863986,8.568836721513954,0
7.960238355565455,1.4066386487518288,1.2074218178070928,2.041622210259225,7.2554889816309975,6.696555006241821,3
8.58725370181418,0.1306122203063813,8.286464091177834,7.3473042712164585,1.2431075514626664,1.3810651591338123,1
8.470862350649952,8.283852838706776,2.1964958375395263,1.0727870926495737,2.5853474048994904,7.325661830753701,0
8.001463404617066,0.966907059418264,6.115145059239514,7.816209906622137,3.8735894014626346,3.7439775058244913,1
7.6456823462324435,7.418308932847282,3.589369630645373,3.522742395590815,7.013235405093299,0.9140522569440948,2
6.717061983465502,8.025973440874733,2.8160156804355454,3.905305691512925,2.059700843721972,7.6427436070011625,0
7.842161216312258,1.4090449348577656,0.9611582832180612,2.0822633046028622,6.233645852967994,6.9520773888736755,3
8.960329711100766,0.4196817439209748,9.5127477975223,6.217015944463789,1.2052779003386438,0.8254168859124902,1
8.657700498838562,6.768752427123443,1.9544808402588862,3.025156914545764,2.0036687290613004,7.415198438393222,0
7.702587934866839,1.5056556584610696,0.1798511043769513,0.9565970151805612,6.107189058116784,7.9083654305610205,3
9.184122077315536,2.977657796828286,0.5757270266709815,0.9771445638243419,7.568659619287375,9.093057525369733,3
6.945744498479449,2.661145351061359,9.862800257104892,7.690862484856197,1.5395127316639203,0.3404171970801899,1
8.054633907948153,2.5270211281613952,2.4351601809577903,2.6742787020559224,6.314626741828535,6.440630644691003,3
7.1973794692274415,0.7365615357993596,7.152027468305964,7.32767471708208,2.189669305276428,3.4752768655280435,1
8.540149150363066,0.934000145051709,3.7134587443308775,1.1980686984388962,8.469304515653183,7.85174691081027,3
7.879501383748672,6.861327842105056,0.9789896997973524,1.3020809552173835,8.449637783201599,0.8735503249141745,2
9.616477092066376,0.6660384616585691,0.41633270074028816,0.4393761729859649,6.121173480972128,9.048869140532698,3
8.505974364882585,3.9079290170655647,8.653155074306744,9.30557283316026,0.9730294852935928,3.2753280699902723,1
6.702340290993877,1.9847992651150048,0.5294594704549307,0.3629012948869206,6.047830294717854,9.479400274463018,3
6.144671344590009,0.04374353658260466,6.074693958659784,8.954841924218382,0.9555936866565662,1.4156976184119898,1
6.0242511969666985,6.450312878079037,3.855808037527403,2.6322273072061653,3.9131837249213,7.061501753956773,0
9.999896168058765,0.8113243873670606,2.3223950487518836,1.2152121616696032,8.917937446073744,8.023559766041146,3
8.394675705287312,2.8470120823572858,9.366557011449993,7.1914197724380795,2.2244307355485726,0.057843227229241734,1
8.586520549393608,7.577875780858594,0.7149504307720584,0.4249379145362968,7.87199942922645,0.9426328133270605,2
7.483973784764309,8.852213862186249,2.853153009692074,1.7325327210559385,0.8695205552988359,8.573779002528497,0
9.17085890213316,7.749145178158093,1.6121683441627108,0.22996578675931945,8.690812547009767,3.046395568509956,2
7.690951697525133,2.044458427351324,7.85093749945496,6.023111997788369,3.085890602434803,1.1404497418157549,1
7.631098930548788,2.574964338840306,1.0290562211965808,1.6847687694485929,9.523823928223784,8.688976773785013,3
7.603015208656119,2.1823068952612967,2.8784226335766134,0.9521021441586335,9.812558635436508,6.174683835444459,3
6.3904170726376535,0.5825796927811151,0.5859293636056155,2.722944726215949,6.025867648762421,7.196144635738904,3
6.25219175544897,7.129808021891057,1.976499913788183,2.7877963614728234,8.37997959436827,1.3404865100063916,2
8.920515753400664,1.5541297449097038,3.6515044043913703,1.8904510161773396,6.0259609085385115,6.8691713913503225,3
8.014156216955655,7.816493864990744,3.6327625585658945,3.1971936553773754,0.7620053327795735,8.422216076214887,0
7.408162597173552,0.8260083373336684,1.7056425216669928,1.392726163656456,6.098978943228717,6.276775069687217,3
9.631240299111232,1.7603167910678166,3.6278602626918453,1.4799343543705832,9.349059173282882,9.187715794743234,3
9.597047474777696,0.4961648442721365,6.694003816942164,9.03929656315464,1.8565480565713202,1.7291667385371783,1
8.46052215539129,9.335620777638809,0.7204959363999155,2.8744136144338235,1.7069278240236478,8.122418416513195,0
9.456608629797579,8.950552827657237,1.2268857360076582,2.292344578612163,9.597216160475387,1.4123436294879292,2
7.626583638884096,2.0001761472887623,3.873188547745995,2.6300059288613307,6.1374651556325155,8.12962363619646,3
9.976387960705898,8.673279003577623,3.5109074216042027,2.381711885520827,7.85797050349581,2.0690920351066318,2
8.07308344809616,7.924007878592924,1.3926995836068183,3.736293562108645,7.465822786860043,0.39078751174327264,2
8.502145572131939,0.35002617615230003,8.832595845498211,7.623903089266859,2.414963248551494,2.048060128091719,1
7.155641893546424,6.693191541203809,3.5518137072674176,1.4414864494421455,1.6070002636031422,7.871432768568558,0
8.436821301302452,3.1245717492822154,8.543033456692363,6.037663016630291,0.00622254660618804,3.9783644703886756,1
6.777351310001653,2.6616066784560104,9.662106866258885,6.635328395788536,3.77966026237434,0.10243667257069955,1
6.506754876827629,8.981280871686915,2.7809686886257112,3.164973702145,6.942868727804351,1.5201527520822355,2
9.151868859894595,8.319235508827992,1.2126081531383308,0.863333568524105,1.2375174151492692,9.143515975599977,0
9.11931313090545,0.5485600585695325,7.556999175563814,8.883956089349606,2.6973948570699093,3.3537738910366053,1
7.924399687207218,0.6526184801929182,0.6593486899789354,2.419504640482855,8.171569076436436,6.848412979881608,3
7.512969103456673,6.470521501639571,3.1258173523581627,0.830704246905988,9.91478693682347,2.2640962563219023,2
8.267883697188909,0.7115884496738385,0.005322788688167268,3.6382563051691212,6.194447646450088,9.239935053719844,3
6.956064565196879,6.603382835233771,1.0517802993985939,0.7959564180042822,6.608219220416371,2.0266312616932107,2
6.837464857793236,8.858279995256261,2.592443747953389,0.47035340752319277,6.303832469333635,2.0191251262177126,2
8.557121779519376,6.803923394613895,3.223081294397259,2.1859181222872226,3.01167668475488,6.944236236845871,0
8.044990416791396,7.028685143650898,3.836387909215489,3.599769132663483,8.346010991763592,0.8437300706617945,2
6.519082313439778,6.563225489095409,3.674264989638769,2.9678730584337467,2.6741445153286807,8.811549827339388,0
7.378123931309247,7.7526739222218435,2.9815034337346638,3.754480321107124,0.04805339071949133,8.1715688441652,0
6.645091446940649,2.563145967485652,2.0955442567420444,1.9741049836632834,9.888941138302153,8.52298782991369,3
7.04062646908115,0.055716560285146155,8.16390469676332,8.071255817641095,1.1615817568701825,2.846744055327222,1
8.126435030529237,8.146221946433396,1.2966695704254154,2.668158921703173,2.5463075083987636,7.0560667739927325,0
7.368019629484139,9.467932051181958,1.6983664707736228,3.4359743641545046,0.8759104583471373,9.269621428654663,0
7.635855417187745,7.771188971783722,3.9128644872226066,3.577204348681741,2.228533592465741,8.626680182033413,0
7.608209074385888,1.271843758284561,1.0437194946209658,2.488216542189951,7.691728939950437,8.21929772435133,3
9.67103801273349,2.8974674068829946,9.151074878792372,9.465866663488699,0.2612425656583022,1.3989902995704928,1
9.506126825055201,0.09017185420920182,6.549732049435525,9.198083307498106,1.3295257961876317,3.828464773818477,1
7.364518046751015,8.24835686716084,0.243211763304382,2.993481200355112,3.8061653279178755,7.80371913171234,0
8.033930861296653,8.92190629149972,1.1971783174286164,1.276230903750716,6.391653717180882,0.8890369286235558,2
8.369661919578913,6.007688420267225,2.402852054091273,3.786810709021187,6.64903459937916,1.9127156587017744,2
9.127897640998048,3.9710201026078566,0.9621937552835238,1.1393604205954757,7.4974313701665105,8.393050114327197,3
8.79786436586215,1.5496750763059826,9.886137615053691,8.78979432038676,1.9264902885437243,1.62950505928137,1
7.353714508356065,1.2463261842079558,8.153719865748204,6.203509750796769,0.808345028332659,1.9469439229939351,1
8.630720911984632,0.0791113464480584,2.1587302287129275,2.217458187207942,8.384578777841638,9.139850784627011,3
8.66148473408564,1.0304129709345573,8.22561050077829,8.544161011967354,2.8056616333937847,2.759476545941316,1
8.370451972031951,1.6736535748510257,3.3729573011155525,3.3097696651738686,7.8875483216523925,8.19779342705709,3
7.098528938981557,2.355694921887091,0.3604656981069003,2.1848663210588293,6.539035984747458,7.801780476712549,3
6.958333299149466,2.5771959213000386,7.073870073633667,7.226291831465785,0.8491251471095209,3.4904312130507154,1
9.045685684035067,1.0142576123013778,9.05299843063269,8.976563369347659,3.377187159230922,2.4768018921532637,1
7.153264950056196,3.5702879138576797,9.248194909341231,7.403830762060947,3.8040850390143883,2.245682381685595,1
6.593083809077909,2.1578289785789657,1.3980139293490677,1.9213444424859718,9.693355054072953,9.98930492614465,3
9.509396774777603,3.1034205673713218,2.8540914111804545,1.4225096209117307,6.035574544589521,9.803013349533236,3
9.625512423041902,7.359979428182893,1.400201643572383,0.49640851798364594,1.2114322230584516,8.00971267938085,0
9.968222153697663,1.6788583439013243,2.9531267547478595,3.825658014797202,7.182417226979291,6.892407910322504,3
8.71177619485746,7.898664861335422,2.58712903064797,1.9843595127463205,1.696459671931866,7.861729091857604,0
7.983468768141394,9.18762219558629,3.521808848276455,3.543199284807183,8.769231777589656,2.70715222733738,2
8.29072145060979,8.789417147085798,3.3582533671384684,1.702814391622025,6.477635412566425,1.2326062151719372,2
7.955485006521143,8.183318988085952,2.955335473076194,2.715036833676633,6.128146337545898,2.831756945702089,2
8.886806289464218,6.710706035536048,3.540205007568434,0.886473464082437,6.552188714700123,0.6931277521034742,2
6.164626141003791,9.28301811167865,3.2716714989162594,3.639889413196814,9.651095265626282,0.031159728504210005,2
8.326051370390894,0.7988105542190866,2.614836549060935,2.657650845782217,7.803250959395584,7.062147718432849,3
8.553427103081114,8.85937292725867,0.7587958251175433,3.5118564001443744,8.599680740395371,1.8539081181273795,2
8.958554670124077,0.09322918680198589,8.178005187839137,6.913241472336154,2.2021190516179407,3.4404633847175394,1
8.802596922039736,0.548091277619601,7.644840686110635,6.770054267583504,1.994551455531211,0.016091764175345524,1
7.043331253416481,8.331598125414176,0.9714626092131309,3.2682593624365586,2.2945867327998153,6.466466523782424,0
8.34589132300794,7.281914459427555,2.5911483568444282,0.9720498736390666,1.3936519349866012,8.682530228746028,0
7.040313798486919,7.344447482439337,0.48068268612288323,0.6932842030417259,2.70615648569661,7.302677182979819,0
9.302300700728031,3.8123076121682544,8.493923466500595,8.111261775608806,0.28375347658128947,1.6548973676264462,1
9.078667735665736,6.5957845612922394,3.1850182811758403,2.5784843182756907,9.011936783246654,0.3746601396360081,2
7.256861947550908,7.18479147495135,1.6039756929572682,1.3577642798846479,8.105622047027449,3.7213715159211267,2
9.87236779030956,3.0380924176888557,3.7780063438308624,0.6040562643890683,9.020403801053567,6.421452244208103,3
6.743939283528301,3.3380779983735387,3.2198857140379227,0.724530356313188,9.393593999753358,7.549097415171145,3
9.032653919576116,0.7120972813432456,1.385461641321549,1.2375112463038542,6.592256577004971,7.441350668306411,3
6.230607028748527,8.410413477337084,2.1727581175081263,3.747440856973976,2.248593724519207,9.26372829723174,0
7.384449295789955,7.646243778744843,3.5949509724652033,3.805850698210029,6.954170081167899,1.641207390572362,2
6.76199419822607,8.12771538170688,3.3920003757227213,2.4739816108442207,3.628509879558767,9.846170689609455,0
6.039975387708063,7.882880590626611,3.9020131724170786,3.258567564987687,6.001058076611674,2.1946110625193156,2
6.27400468946006,0.8922742658955158,6.148279826324546,8.2811001570937,0.4413270983869624,1.2940026005147751,1
8.902694925423098,8.05228366955758,0.21843544851666463,0.3388326557423227,6.084389860721696,0.6498156004070545,2
7.387026881094393,6.881896685959405,2.2995201469825552,0.19038453161415925,8.888751892679407,0.7450333326904497,2
6.550801477946535,6.8186219299262065,2.4468973015757163,2.820082573466754,7.13654516919995,0.7394823102260042,2
8.007518930965482,9.74900344015304,1.9843620949198972,2.6396750550592736,2.4332041220183513,6.543757371265164,0
9.961606559985725,1.124778686198451,6.157731092514393,6.55128873462292,1.8997853099736601,1.1544581933311489,1
9.448776067824868,8.100511759035387,0.9275587478195124,2.282988906876371,1.138661814031824,8.404283460713698,0
6.855139209549026,6.929568100760688,1.5730817233385772,3.598090558827956,2.7605225281655326,6.862411756206471,0
7.631384307189446,8.98307210211479,0.5811630347340797,0.49120416491423,3.1464653677482133,9.524962777597583,0
8.208247048555034,1.4540455170736815,2.56201836237067,1.1495774002866952,8.609976523982521,7.854668781128231,3
7.1892968861739766,0.710974846199147,6.604821839070105,8.598505014418704,1.0792957410690267,1.633005355722366,1
8.377168194012501,9.068976962387904,1.614531717915849,0.4308742674010131,7.246288746542438,1.3973772713997294,2
9.831602040873019,0.36079174655862456,1.8529691464468239,2.129844522103789,6.185969463317758,6.763378450075386,3
6.836616795621563,0.06620910912984934,3.1105882604846333,0.8405089036124296,7.738231372935745,7.9830239029697445,3
8.659590491233704,9.89830613506845,1.5124985457916105,2.7085169827565694,3.4900204066639,6.684069121576757,0
8.966354640165092,2.8447418356488696,1.1481251991622692,2.133588371345148,9.143607857684419,7.564356027755943,3
8.688129739036683,6.457505458589942,0.8692336317140241,2.703477179514821,8.086392280568445,3.990616838670038,2
8.240712150527944,8.373595983412432,0.9161077965335425,2.7899201572599885,7.731708792146806,0.7304350423691663,2
7.055120132885777,7.318159713080137,0.923832854682543,2.6862985450043055,3.7803377914606076,8.975574808443916,0
9.030773142803174,1.5384878644407554,0.8176345344798421,3.482293451552861,7.424372756248136,9.68958693700598,3
7.512893112434643,9.68834103900693,0.6680739778562921,0.31996267765161956,1.0139143717430876,7.945154453196473,0
9.215557408876082,1.6908393486666493,1.2777009298965134,1.2698355350722506,6.07537896157538,6.825321953640557,3
7.925324613086681,2.343166299300569,9.158422993114444,6.477109251917911,2.486204848897506,3.305913071455071,1
6.823133463539705,6.206199969436826,2.1414337774201915,0.9546584979129991,1.5945738927952084,7.004586315019218,0
6.973915670126564,1.0663504613388972,0.09028785072858003,1.4992981354386878,9.195666208252788,9.566382386298281,3
6.525194518114372,6.2807452695764665,0.34185768440909436,2.607887841376149,0.010706557924403892,6.129593552644911,0
7.649692920060744,0.5493565483296581,3.66445698307106,0.42842085080084447,6.2806351850435895,9.796050368728325,3
7.889836329078409,0.35061713219555557,2.6290157554308546,3.010092302601753,7.876225732486087,7.611769119432882,3
6.913047873272333,9.648093124854427,2.4895455229568713,2.7208002451843485,6.475288567095659,0.14844948327089647,2
9.085230627123654,9.696048661939074,1.5392473938293358,3.9233286029155354,8.734987530624924,3.5267356555738174,2
9.2693860639837,8.398041742224304,2.703936319679814,2.683379851258276,6.52127669042245,0.3322456518553314,2
8.61581400574267,6.715332218199662,1.2746055822237379,0.8278176319821622,7.373242916312581,0.37374507499019494,2
8.412070985880538,6.049133688244708,2.969624544007907,2.9249199609329883,3.4024980087106576,8.779579438829185,0
9.809403811570787,3.550225324398037,8.878980661482267,7.951797891845283,1.133867715006132,3.0326392196568364,1
9.36406775622944,6.281378989298761,3.6309147406690387,3.265553551593076,7.791507653207408,0.4892509592366716,2
9.394766085984848,1.3640831583619266,8.447618736394862,8.833651131282442,3.954459151453686,0.1315655464963883,1
8.295047895637914,6.116123406289426,3.003698153437733,0.7630918910444056,0.6788577360162842,8.387849730774677,0
6.119754710704729,2.528204126119786,1.9190401714025676,2.4430676045446718,7.607877156128636,9.227194027082023,3
9.154997206159853,9.145244001848571,2.594082520258824,3.1022810717015097,7.176270197412357,0.16804800365569506,2
7.641695522530755,3.111354995137694,7.712847989265665,7.25695166828312,3.0008802907550365,0.1455344176914508,1
7.261215224844207,2.4016644546226265,9.336632435120263,7.07015207018096,1.75139752356389,3.291112299630117,1
8.18751842058227,8.520468253556427,3.9035561326066963,0.6306378404085109,7.972571175127287,1.8878176966897628,2
8.716720424445281,3.697983360652491,0.7891887427585504,1.7583244076748579,8.52601885571511,9.772342023926887,3
7.228138426231192,3.990527818537744,2.1651691309224477,2.271211728593583,7.806662362113125,6.17931336293557,3
9.74623045369065,3.12806609285356,9.819953329471279,7.6735151064104805,1.006752661607781,2.5621060093281676,1
6.0160885143872775,3.800696276353311,0.6165380807789562,2.5963071019230495,6.519182663270764,8.150657290223227,3
8.486707945877832,9.402043924795414,3.7326042255662513,0.5995818234776951,1.2144886230485095,8.1595446430124,0
8.463019695763624,0.9240434627676342,3.7728730432417894,3.6927901565650973,9.682951989465849,7.072412815493752,3
9.549159265429171,9.777529157469788,1.93853671102673,2.649442045405112,1.8625629245997337,9.05265379540415,0
6.958442334339063,1.4211309051659837,9.641605444419898,7.826360844029624,1.5385069665147455,0.16169392735386046,1
9.93925689393421,7.153485340406512,3.251132400977414,3.9844010034236756,9.847126248111577,0.11851834671323669,2
7.759539837124247,3.068985361711729,9.479584911458216,8.898498428855063,0.005694036950142589,2.4376206995945906,1
9.384310541419644,7.737305091733516,2.202431816281404,1.645589227540163,3.98151102171745,7.637810373802637,0
6.883692649336398,1.8880726159374035,9.859497470157216,8.240125756370718,0.5974741851713601,1.2890434096976713,1
8.050977742791332,3.7669308522037026,2.2808122813730383,2.6997979159819843,7.030617995096511,8.393132762017444,3
6.384519641656847,9.697886007096587,1.7978958840748773,0.7363626710935467,0.9337237125229727,7.04492262751887,0
6.859824474778403,6.182790366257896,3.8739635588018375,3.0796988019799794,0.38389935027701005,7.53082388770001,0
8.35744774768655,0.09450108898272136,7.950790588316211,9.25884629988293,0.12069947567719819,2.3938641597578894,1
6.6926899954996575,8.957026958492193,2.481163252001148,1.3080761097666893,0.43866037628752164,9.98354818970706,0
6.06361914932943,2.557089169101064,3.5843325123218115,2.7770484011030168,6.768737760873227,6.785238066194557,3
7.5668608720596335,0.3265246385311089,2.9650639756852093,2.2653149833577855,7.612076893787023,8.783146674671006,3
6.614201921651773,1.56589603750602,3.636686156151096,0.0891433997744544,9.505000779483229,6.754993726856462,3
6.520340371934674,6.170835182249409,2.439545440783726,3.9368666995949826,2.493408003726717,9.104909832078791,0
8.033867719357692,0.18071462464053045,3.680267257792373,3.2924704330814665,8.98244227229371,6.846506641447252,3
9.01683150125458,1.6032733269042305,1.1022843690900381,0.8013158201016686,6.765097394627304,9.967516201379837,3
8.514289855414063,6.81963599051622,3.100037043968497,3.795257490182544,8.132524366005441,0.21812216354749792,2
7.697062483677699,3.3322760692200037,9.208524878388692,6.572791991950411,3.759189073859343,1.590239177379123,1
8.669597516554887,9.373801436715786,0.1416478464313764,2.816472626104161,2.2192568286746446,9.514080453209317,0
6.961861593845865,9.911409019103907,0.26184180172457117,2.347151067414485,6.04318392496064,2.018385621576045,2
8.734727356867795,2.511114024247444,9.557501455873586,9.580560242057196,3.0246006810880397,0.628849794864021,1
6.405748088129792,7.4298620497364976,0.16315009618621668,0.11014835054570904,3.953029238323966,8.274210900219227,0
7.4128819411852405,7.721699239557463,0.20219224383766354,1.264413539108776,0.8023572884203238,6.5721367429620505,0
6.765875234927352,9.929738346360446,0.4723961961283014,1.069069608653927,9.010065702894021,1.6814605364219695,2
8.264013923368713,0.12372825474375615,1.925784235599746,0.7984499802455307,8.281849348358076,9.762292971750686,3
8.212585156644483,3.9984984991310055,1.3402628618033376,3.728318676752218,9.592181021660325,7.590089707878908,3
6.729143134313091,1.094260114008366,8.208163873858645,9.093915030772514,1.590904855359804,1.155336877292886,1
7.711459685324645,2.3323887451739895,1.2277501023347863,2.338733640457102,6.952883939198147,6.305837543599349,3
6.073376376713988,7.470841866666718,0.9440359819559041,1.4372604246197098,1.2377365710812365,8.889933003368908,0
7.098329753197642,8.424948996068554,3.963808381554428,0.6653124105358663,1.4975398704485312,6.213403669980856,0
6.748393135945545,1.7743487897822807,0.27039307022770487,0.10684735030471959,7.469103523659196,8.6796842051325,3
8.391312605474486,6.507530325422291,1.313906021433108,1.692995539578956,9.159818566367381,3.106082768400891,2
8.423233581968752,1.200327328536166,1.7878905097438764,2.825752139841188,7.818886216181111,8.02589292829663,3
8.438078806999826,7.5363868716810885,1.7551536198731,3.933984565873118,9.99462673678169,0.2912208197980659,2
7.696068929873501,8.178890053797009,0.9144470135865954,1.2188916133909276,6.904775763771094,0.13630102149866996,2
8.901605643022044,7.633268756790767,1.0418956410525904,0.9485298129186628,8.777691409832606,3.4952846589605286,2
6.839394752500871,1.7850518422142514,3.0765458451894294,0.047163179243456366,8.516719949362248,9.162836986869134,3
7.017575415027759,8.051485863301835,2.514520816842418,3.11265781786991,9.151171241137307,3.4747472511522384,2
9.518433954027595,3.5994240201696392,2.989173052154656,1.3628957446308756,8.932816635269557,7.11990099783587,3
8.002913168996287,7.774376820654877,0.8195758054315423,2.513959707866826,7.291266543611707,2.3732117940826867,2
7.647194694371915,2.0131423764179774,9.331758919393572,8.233483058831624,1.6439234282013557,2.5209810995693873,1
9.034614286833193,3.2583989005431206,0.6872305781681498,0.43625787313494246,6.162108197782331,7.462190808512071,3
8.80044538461565,9.054701437885686,1.9986031316552006,2.546220392300217,2.359766735834042,7.7822475416486,0
8.241242483742766,9.200638542190177,0.9667884961185069,1.5712115200439283,2.7851917395438286,6.656661139557391,0
7.90841441551235,3.9035970384028764,9.316593997428225,7.631734112356663,3.8874544700933016,2.706713948381882,1
9.550321925825891,6.344966650972679,3.9893433868294665,0.21251152715909116,6.305200038670252,2.181893082724026,2
9.959003756253132,3.318252140273106,1.5926982926491222,0.22714806441490776,9.362125097799423,8.948835576153428,3
6.799628950976668,7.622176512624119,0.8752213540334579,3.5869428436770785,3.4433326320375035,7.405480649560468,0
8.821598879659012,9.834631169757749,3.2235126520145543,0.6523950514971353,9.902332166244054,2.8095912910944136,2
7.258417665190386,6.219439914173032,2.3230973488192603,1.370897471969939,0.4681276727570869,8.876391183616542,0
6.297265203313435,0.1253928559147326,0.9622842809003997,0.7450776367456164,8.722047097235714,7.107918736141346,3
8.670007139083372,6.2757972415164245,3.1079480255318854,3.248786514627094,3.5339853304606135,7.119322367990264,0
8.563828415202405,0.6275028820549653,8.525450798365407,9.63502075333475,3.671447278337862,0.6251166380313142,1
8.51452820905594,7.079558132085378,2.23457825447324,1.637823769684919,3.639301593752583,8.824438265451832,0
8.64748767857167,8.973343010384243,1.4860406925953282,1.6879585956410006,0.08681383306041246,9.78349004879096,0
9.793886357762254,2.7509223851751083,3.6715489383081015,2.4917398448830883,7.816489965910399,6.448492143745627,3
6.273257886649283,8.874441713283812,2.8237868477386137,1.5041700439061318,1.224208181713546,8.4644829505047,0
6.656232514684396,6.580170890668526,2.7506857640768976,3.114804739554403,9.76268061364762,0.10656775878198,2
9.722939322012252,2.6060308041994307,0.15839689098910226,3.695495261592199,8.227133922345871,6.553469440227075,3
7.938788128398233,9.030213796057183,2.8400107761622446,0.6398292792781417,0.2057459814760656,8.58838185514205,0
9.554011442921777,7.275989905704715,2.059794921381164,2.322111559135742,8.699473621624506,1.0772546787981114,2
9.539422839044551,0.13464058716792682,1.5889608565434452,1.3148537361331667,7.436813447980633,7.2769025676220105,3
6.131072221362267,8.410869116909833,1.321071292440255,3.2957517785291284,1.2456464971443144,9.870824026684115,0
9.441440027391009,9.732417144415205,3.1275884093836015,3.986506079702624,7.179926215545514,3.060019981563614,2
9.011827478164292,6.486348113462055,0.7042039158859494,0.49881826718896427,1.214514557236316,7.169661657925749,0
7.0151296218977865,2.3414004816076814,7.6863339009656375,7.950785459645203,1.1493543785685199,0.36054064781986295,1
7.906674659854402,8.581526393759656,0.2417620686611479,3.5202831350829134,1.6511110284349408,7.998404847373666,0
7.831053573534231,6.439479899436186,3.4935522938236216,3.7248382907031106,8.318536060888203,1.9225080461612865,2
6.62665274716964,1.189261833142993,1.9937274693521423,2.742774979632259,8.620241106258877,7.579792083332551,3
7.427608653953749,0.17730216367098972,6.636322707264583,8.497590306886055,0.887162269930803,1.4198278719282564,1
7.948681800835287,9.626548041490288,1.3128016258682562,2.448389537600924,7.52055631365597,2.57597424986693,2
6.892681396813927,3.3850611848500805,2.415312785979044,0.835324098835839,9.029143925237623,9.333992885839846,3
8.320801805209094,1.2241023501686397,9.566052041449346,9.340519094531803,1.9389688771888673,2.6704905116124085,1
7.686090654142715,6.8038756740867665,3.4618474953733482,3.347189407378593,2.4115111608535367,6.058211096158329,0
9.833839059787598,0.6070912701348385,1.9363462001568346,3.939294682566268,9.808415048956203,9.095253353308754,3
7.740886675177925,9.756454410342602,0.7261046692405491,1.7476276868344658,6.23589826788368,3.751750130283469,2
6.9577025918176005,1.3431981442778707,2.892202224989432,0.46990581180827373,8.562652952946479,8.405491427470093,3
9.593953606714678,8.572621638187915,3.900499057113779,0.12084031591986566,9.082480198491181,0.56113790254894,2
8.248609951752172,8.49766910745314,2.9674864965998884,3.2382013179241134,8.231044817667359,0.2094410019738091,2
6.670299814675383,6.307941279161367,3.941659356771467,0.4313451838516027,1.9087320199942805,7.488134172810581,0
7.910172569879004,9.25599104396222,3.7423945560574934,3.7786387848217995,2.693124091101159,7.884850594245764,0
8.672433137596864,0.26930774874245156,2.6630475529907347,0.23364862781071372,8.818442443680693,7.752278908110772,3
8.844433554341908,1.9370757554203504,6.760084279178418,7.951125573536488,2.5796320419840133,0.9967067140977224,1
9.78042973769914,3.1139798650281425,3.288173095757452,1.1838304703235893,7.004586881193145,8.090626222031728,3
8.484071554618811,1.7963754160348508,2.122492308197813,2.4279270099766963,8.065406936091515,7.274596162066965,3
9.857863330227511,9.21531088632064,3.0543420397272576,3.517412027478367,2.2493596021853106,7.649745462526017,0
8.598641021866145,2.9699806254264844,0.25526493258976046,1.4119216938269479,8.489041999371324,8.323178318871253,3
9.513657542456905,6.778910880360394,0.7478415719871432,0.6191282484707816,0.09710615997304561,6.076632325634392,0
8.692968218293485,1.2777269354370233,3.5913136121855933,2.7481068250923775,7.3171261952183695,9.36356316939991,3
6.055301325949964,1.855689072717885,2.0367763976499482,3.0690123692109905,8.984037921880699,6.25866251826875,3
9.468188291925724,7.456247714078036,3.8275304651447297,3.5896372961158147,3.1261904879680453,6.2397311056573335,0
9.942945039098745,6.024248358976374,1.2104074188174727,3.3382888418982657,6.326942741795978,1.1959068319089843,2
7.327130561904471,1.3651626933624268,6.116307793240075,9.495482945877793,1.0203078443954943,0.8880327252880873,1
7.697798588525616,2.3245059199897207,1.019340734985089,2.5502062211866505,6.721300466263321,8.509672572562913,3
9.297155827415311,2.4284201377692995,3.759416184710673,0.7644131969270274,6.268496127003274,9.769877775052931,3
7.316600532211126,1.4065135782958706,3.3531844457095503,1.430959952802242,8.161113246114649,8.396464942096767,3
8.895852175005832,9.170884772806314,2.9250133645473055,3.668626314348441,9.306956610886935,3.3369038648700937,2
9.803971158588828,3.893142674628511,9.670950493732228,7.53426120358484,1.2069523025093059,2.2695324071746605,1
7.234731255590086,7.566292593788624,2.6478149876495216,1.7079991118592797,0.31862047351932876,6.101329233578631,0
8.35132761795039,8.55034458240904,3.3730980446118375,2.9796118479457947,7.618660062036841,0.04678969052646087,2
6.805655853643797,1.9465257677569445,7.418012848868154,7.078575222056579,2.212368899271133,0.740027935454822,1
9.627771487536037,0.4178815799914104,3.3043136741123127,2.549246220314793,9.439627847089355,9.134718789242271,3
8.507419484138032,0.9032540068123276,3.24486399264693,0.7012011696795009,7.80951793584583,8.873099956344424,3
8.3107896300585,2.5253437958544187,9.24478462409749,7.1081759617992635,0.8746547493992156,1.2674225164798054,1
6.44869855773835,6.789979347497598,3.245160146080434,3.0326533064047947,8.167165185119101,2.3425458381542046,2
9.722352552327802,1.689382093888617,2.738936493047491,0.0553565709729007,7.722212284096242,8.63206696151348,3
8.024008928164472,1.5955091090003606,7.699381187809804,7.734836781544315,2.378788867380073,3.893041058734772,1
7.563320005132198,1.993196208461515,0.7954589094774862,0.017428424911726914,9.07706951734037,9.24122862433202,3
7.3105065283989275,6.103019841159516,0.9082499511699904,2.300953774660041,7.029651322273347,0.20490853632993788,2
7.858901322061172,9.338346919961168,1.956129191541141,3.9725441846495184,1.9797770820023644,8.132760744932513,0
7.556981108008635,6.654863321130549,3.4021390604474036,1.6951755181157044,6.136452050793713,3.930568442676737,2
6.187491109310207,3.0282997189381544,3.978382332798853,3.455683440016672,8.800848397312523,7.3310812944319,3
7.887467248386102,1.1432007720443722,9.320000771813664,6.82483412649428,2.5943099106764156,0.6440981695564609,1
6.098374541220569,0.8864309155894214,1.615808837346795,2.3179006883632285,6.461327815872975,6.314421903233283,3
6.239666197369123,3.043408141633081,0.3218658393455023,0.02642411918050902,8.639606738416195,8.921237814623181,3
6.298043115350007,7.3308528757645135,0.5655468520874622,3.5754337985290907,6.539310298179192,0.366879439293061,2
8.930590229066578,6.536177357613967,2.9076463111631026,1.8198394192220322,3.319690149449166,9.73636854732413,0
9.463477720612353,7.0594145518231475,3.8719232276997158,0.6854364680820089,6.639342665616371,0.9449849499799767,2
7.181393288441651,2.489464920465725,0.3164942353969171,3.0081733503798542,7.99510293975088,8.38232460489572,3
7.691484759815367,0.12424093551774185,8.45552514907379,6.900702984335024,2.071848108835646,3.9079767926506266,1
9.985737512148614,2.6981759467077535,7.850124134619255,6.750258118656946,1.2709575002923246,0.7164200191451666,1
9.239008838097927,2.934147757082672,8.819075699468923,9.304741283735133,2.316719069934456,1.1860883401109845,1
9.486099431797669,1.7487956200852501,3.165015538732976,3.8099651271452286,9.616480545232458,8.373742602918943,3
7.796546406498283,7.397034735713546,3.373964660554002,2.0279459225512495,8.358009500520554,1.8390186094119998,2
6.380017421253916,1.9433892785213511,9.349202964327144,9.014996230820614,1.2581107899264188,0.6179615479756353,1
8.867568722590264,0.32418423095192006,3.507283335973071,3.9128448391717754,7.985380804223992,6.26445803503476,3
8.655321859808744,6.787458940659208,2.4697615507576467,0.3833358745027904,6.390794993431662,3.19429980001717,2
8.284868357678858,1.739563299865988,8.348285346400207,8.33062353396267,1.3300355212872437,2.036760265624082,1
9.126802294897747,6.936080766453188,3.5865966346277327,2.780777370283562,0.32283625949512196,6.4311284431882765,0
8.112511740667223,6.726331300181611,0.03007260182121252,0.19666322202592568,8.4456022668392,0.6915942851784314,2
8.59682691864766,8.11463235513687,0.5848437566131617,1.526952198739512,7.415561510429522,0.9602159673568913,2
7.767522298006295,8.484704208179423,2.64424089840478,0.1499233995864766,3.7878357670614755,8.051566526113167,0
7.41663192482142,3.7298821811778953,7.8944887216450335,7.237071663042354,1.6884591972263716,2.232386936179255,1
8.156966333407182,3.6097735618748543,8.895874201012953,9.95818683993046,3.925814279777908,2.7889187666284476,1
8.452340198877241,0.6430115486875718,7.115228109400386,6.422431699670346,2.8699056371795524,1.6650263269213963,1
7.998273379977328,0.41651608532465056,7.095237460973143,7.027890651001252,1.5477687558440407,3.3496582654522067,1
6.4210110001171135,7.99925438373648,2.2600773761199697,2.5384423694713396,1.2681644716190945,8.101052311322952,0
9.92201483545507,9.784110899514102,1.6967782217029153,2.6926791069425433,9.744938199356483,1.6310321299768615,2
6.719725196768618,7.890727066518353,2.5575758014206,0.3825671737197589,9.411148085694244,0.09006838431357211,2
8.214683602087725,3.7225516414591175,1.1273393807433671,2.6964908167251673,7.525912414487987,8.67441503305183,3
7.969296697744504,7.323182672065648,0.770274733585699,0.3424294635842928,0.08999146192609198,9.602827037358868,0
8.310850766108844,9.94352823035349,3.1754588905185686,2.6796658294821656,7.541899966162209,0.4622638756562538,2
6.417608540486713,9.723864889300042,0.1100825684731177,1.883955128587282,2.1868340759192195,9.45012540213543,0
6.256277163054241,0.027428236622276447,0.21907099973383293,0.3485166192652427,8.923314463308893,8.369056033299538,3
7.881961518791204,3.7671192125483874,6.888308333771388,6.045011593166436,2.008497999867272,3.7940374491569133,1
8.758595702167606,1.5757000190652213,2.47208291242714,3.377058964846446,9.053369854983268,7.662707932791139,3
6.715596255193434,0.502910954171365,7.200632545672457,9.080031096947522,2.0235095797476683,3.936736625058299,1
8.423696048529605,0.39973479862823824,6.745380773239703,9.687737977898097,1.243856964161318,0.9560896862162394,1
6.69613408958722,8.35759109199793,3.770192841113196,2.9825227242248697,6.55892942549451,2.5298568136571395,2
7.264143642964754,1.0835153451153494,8.37664333216554,8.547364872559442,0.6915056652937475,1.0785839784322788,1
9.653500049245599,3.5631619038490303,6.820126327299837,6.480179134676531,2.780064747021429,1.002943452781119,1
7.681391482782429,1.3064450552282492,2.284709594982751,0.411251919497293,8.00756167907942,9.688918585548393,3
8.373670720523249,0.28288351879019435,3.8667692402383875,3.7255214446719664,6.711025031400673,8.813532219139276,3
6.568340423881317,6.322083842019218,2.959211522201405,1.8312667818368578,8.360755809220791,1.5935748498433773,2
8.403500132516317,1.1051666032161793,6.98884950237815,7.7864536737688805,2.955686966071313,3.45433729950281,1
6.612628510612082,9.765333811242035,1.0058745533729168,3.6712803133827916,2.6972484111264587,7.141237350094185,0
9.53856981864381,2.036244226196736,8.38639249028927,7.045165876015563,1.6374377640368154,3.055542375766476,1
9.153179617553686,2.771365196007355,7.124730707294169,7.35905233050703,1.4520115125099506,1.7197193045799732,1
8.316548343137708,7.131044226571394,3.453106409345625,0.4530049410881585,9.026951716472883,2.1567558666083473,2
7.265917842365059,1.475928368507644,0.7179546151142677,3.317350910822054,7.323388222718062,6.011372309402212,3
7.351498325126003,1.964772425002697,2.7729348324387915,3.0807232765532735,6.856746715940961,7.320791905655394,3
7.9679158749054375,8.177626646972456,2.8014824242226934,2.132093092167947,1.9530529417998688,9.722481927519528,0
7.428874983940526,7.619050141192373,1.2638328184252452,2.0723792135283876,6.331977080121578,0.4682642528163825,2
8.300526558736756,8.257181098131737,1.8842441036715258,3.763585901765429,9.714157117501136,3.3601162404657012,2
6.4766846368273026,8.440432788320757,1.0088634638175775,2.2244455162362335,8.954440649532666,2.357253806068792,2
7.565112119098902,1.7594723402719965,1.2606865180037565,2.266494027282187,6.632766958404442,7.282639453295966,3
7.751533821909807,8.472790132633003,2.7207745432217267,3.6938728032904926,8.235793826572083,0.2989913374447193,2
6.038008382765758,3.446492496258799,9.817780363852203,6.668040780592254,1.4347215498377661,2.269727194569093,1
6.132064471257552,2.1743193001783667,8.091736448040198,8.871293305111466,1.4779935079204054,0.20033353140381083,1
7.609718737263945,8.595149906102375,1.67767380834897,0.8296404239134305,7.2840739513317345,1.857299962587105,2
9.727470586374665,3.753701162123182,9.182050948825024,9.174847954054353,1.4892811231033916,3.9348928257861275,1
8.500093763198985,7.591812654763675,0.43143763627901244,2.956059470208969,3.5145003853127497,7.497871136462171,0
6.540272153078206,8.806072895078358,3.0043620057556573,0.1357544921834326,6.7739151609358945,1.0963474953975347,2
7.429794385127976,2.0779270711684505,9.423028086194622,9.338453302827597,0.9187128250509917,0.5736911600006218,1
8.580628841838944,3.798543555508845,2.957268879189355,3.399557858437766,9.626825465626789,6.533715394435994,3
9.164832791128653,9.993810691956515,1.9214379267587414,2.072834913446033,8.26801007282071,2.8149972608450633,2
6.948055712777514,0.6602510476748291,6.689066565036649,6.080990270254338,2.4762778506857845,3.2926247254061787,1
6.2226350874039005,6.664323168907995,0.019363602521934364,0.659358065571765,8.298144125901615,2.464193693133316,2
8.411069057110721,8.785105640576749,2.4991558259358353,2.269694419042421,6.376528758616212,1.2530768595419848,2
7.340542398902517,3.0918926654164816,0.8319069269893236,0.5022244831754308,7.246801800427358,8.453231394813237,3
8.343167156141579,1.1834771572119998,8.478067499880193,8.347588099778452,2.0843785266744637,0.1683293462614528,1
9.113474081449365,1.7785432849212972,6.199789901134709,9.6473833646778,1.8058951290075118,1.1996512372731614,1
6.861926894446903,6.382548743783037,3.1707570954118562,2.8527989482403755,6.512620839479624,0.20386928560558726,2
8.337169069366714,3.74260549082392,8.397085753353032,6.648580165360838,0.657946681507434,0.47223584579017297,1
6.427937197768019,6.745950813931181,0.11394502814916763,3.5115029139308116,2.604712582693641,8.877161779396435,0
7.528969690039805,1.698010997381032,7.508481154143685,6.688219562803141,3.8647489774482007,2.240868117298675,1
8.172481003445387,7.200585658506919,2.8393666099021,0.003425884272112878,0.28185985957187176,7.767526818104676,0
7.322436096879564,2.2519565815850657,1.1274941806211474,3.285838924158957,8.469787066185322,8.75786829197073,3
8.555792916427663,6.442147821382937,0.0957536406451931,1.7110596004821486,0.8182065703281065,6.8018736394744455,0
6.002590411998128,6.803331118095198,2.722708465495971,2.384177591271338,0.12821006541331004,6.191091936890516,0
6.257357339279694,8.617970748897612,1.7943300218886487,3.9065646794522495,9.84070454447037,0.2521431051061853,2
8.10310975361821,3.252522566443398,6.110949395732142,7.586113832350457,3.5598304931474436,2.117806147021238,1
6.827130536117374,8.315333766902716,0.6281251222555184,0.48964507283865144,9.090858539871721,0.5402395376843128,2
7.897564936016542,0.7556513729970851,2.464418738044499,2.4943285464037785,9.358406109535553,6.8308853209979565,3
6.805065733594715,9.33407589647088,0.016803826535356503,2.9592302780627566,2.1727367499014694,6.401465619163234,0
8.757372352182282,6.201118799410969,3.341739773229528,0.3986463087270118,0.6345421974937064,9.698046563350925,0
6.38244061548154,2.9071129570724916,6.025039788959186,6.729411967943209,1.6959391189029556,2.1457901602493687,1
9.665168782059506,8.10915756775656,0.3242046220647623,2.9586737141959403,7.4321626166007055,1.4970915538328757,2
7.410994039798564,0.030503306479935155,3.769009931654138,0.01744199462662621,8.087765264020737,6.994618685036837,3
7.051913802098978,6.230106078017222,0.3903212212607512,1.0494613973787894,0.042512136564427205,9.491897193816088,0
8.091440231000409,3.8033083401666503,7.95551099335387,9.553683314311783,1.4648382226209202,2.2075177815190203,1
8.877833931612468,8.167082103039485,2.645074309101838,0.5938151205427471,3.8573550866531185,6.587692875897982,0
8.036357131025117,8.196814359300893,3.5460747905813688,2.1764341198247226,8.54459540443472,2.964994765421099,2
8.476585278149521,0.7949461262850268,6.927661460035923,7.723355052604973,2.347612043924898,3.906299364239541,1
9.586273427224892,3.908409462984365,9.255506811081142,7.506171483195888,2.6898138155608216,1.7348511128828719,1
6.063293035076082,3.8514904550168727,7.634998868154538,7.007225368834677,0.1295407612671169,3.9914178031424683,1
7.9828408936690245,8.92616388674573,2.2612653614529212,0.8280665759747481,7.585647131218831,0.498041693819824,2
7.948736047435874,0.2066872719577204,9.929133237271005,9.23114352120969,1.5292166527508781,2.234627846903807,1
7.711293230688994,7.833174011677151,3.281805334203486,3.9853898855614354,8.926184392395843,2.6451774752500703,2
9.783421872134715,6.208477470402842,0.06200785549049437,2.771588935270414,1.8195557496647714,6.586921512061506,0
7.046146296374243,2.511776386337849,3.177846675693103,3.9258324460362948,9.593542560116497,8.298514924504017,3
8.528596453874565,9.510721474566884,0.3426079917518847,2.5299931070967405,2.5903739854645873,8.731918940964615,0
9.664483210367878,9.978868661989562,2.2697837566124743,0.46208074880111516,1.1104121770091075,9.233729526032175,0
6.273360405105112,7.861503387489529,2.789263415426378,0.3762502940968093,1.5291095036345612,6.813252671568575,0
6.4412535637672415,7.616166967813635,1.0301185171850071,3.4523480399024717,7.673223990964475,3.7687341104786056,2
6.799776922532516,0.7526534555149835,1.7480290293313705,3.126635312743214,8.759722991013591,9.266599316198324,3
8.558838525813785,6.177928384362531,1.5445894315243271,2.8594228955079326,8.278035265616625,2.732299099320277,2
9.094531997781825,0.664231781684606,1.5336305388482288,2.6421287437402654,6.470929977378006,7.486958621675797,3
9.901670890945706,0.9946177478735816,8.514915831704851,9.79623486594689,1.2691109231022204,0.7697494419105309,1
6.023391997118625,6.062448607835197,0.4547157180193744,1.8933835128128242,6.843779163616022,3.3638753926880742,2
8.366364568634307,1.613958927047122,0.09452963144194948,2.4175789685068216,6.996578305154783,9.939737295056748,3
7.752201057948159,7.134920162217212,2.904927482702326,3.7368102944771033,8.563104345412052,1.3708099745604394,2
8.761017862392393,3.472417308919614,1.9508632662176661,2.5492172419320847,9.978393156964685,9.274417037498537,3
6.940519541765017,8.12174009391992,1.017088777287292,1.8284329945174336,0.1219247715169387,8.042461874654329,0
7.7990483186010415,8.977106683898779,1.4263577780164862,2.844199344350617,9.515555702955588,3.0245971839076176,2
8.660337847099074,8.635618963587918,3.511521329795546,2.588571280515305,3.4593436215499356,9.621806088828638,0
7.298963844551824,8.812963407611125,1.8461417625805656,2.783440214094215,3.9799745457993865,7.01940066350082,0
8.439192112923,9.03363778768183,1.464228951125699,0.3064470200949283,6.932050590104215,0.6567261325372078,2
8.261147863368636,6.616153675307088,2.7461780448804074,1.1272526766907895,3.983197519899634,7.436538158283598,0
8.091131376108411,3.9742608673453743,3.879192500334373,3.576508466572383,9.142830874007647,9.446136420928738,3
9.06392074072323,0.5215964558055406,1.0480902220337667,2.7902463891502025,9.503990964607635,9.787592782022095,3
6.836286822888509,2.262697345204137,7.998782747682303,8.177907007212237,1.628903234088341,3.464484013848085,1
6.342377326923403,8.599509574425708,2.1176908591570993,3.478238291970355,6.034915488457974,3.777207901665817,2
7.98924723681695,8.4778986001963,1.4519084447905217,0.07968958320465713,9.92591542432111,1.6687950707201096,2
7.260160938246711,8.15996854643679,3.7866477475635625,3.216576635913774,1.9744350620306408,7.5185403937188475,0
7.345726227029171,2.922783240948974,3.832718295774794,1.2727875198295626,6.105868149751283,7.989249092698323,3
8.386977394112503,0.2381813845859626,2.6328423381715282,1.069869398411364,9.752879660718909,9.205298682068264,3
7.147520305944196,8.880992171311892,1.4367304678605612,2.609160848659,8.304376112310374,3.7540412546569253,2
7.561642480229997,8.369881552125102,2.1790809607217496,3.720838904666091,6.782703764442351,2.0791490915060367,2
7.494955305653376,2.2979456465633596,7.7991727849884,8.25512446737732,2.328072185624426,1.8636671139459766,1
7.90111655603721,7.1898544210694855,3.5525620315540727,2.5056003359633228,9.657495022040436,1.876698571056167,2
9.658306927236197,6.252224742665423,1.6589917365133187,0.06109372374207256,6.819721461029088,0.7279987003804096,2
7.60741206662648,6.103206182686186,2.1475759278010087,2.927038035739777,1.1184587133340993,9.547482566263012,0
9.13326815333518,9.077016814610708,0.14548168540801054,1.1874842159433987,2.641559117298546,8.933262283705973,0
7.110251240156401,8.130131339293744,1.1547183568149246,2.1864208090228785,1.2810695484308732,9.961833228001742,0
7.086556485789579,6.808045960880737,1.4422756540734532,0.23842937818544474,9.039539637227767,1.3693734905572645,2
9.06077996798319,0.3126343434713932,3.651938074408025,2.9841520093606997,8.772207962622938,6.684739923578904,3
8.247527774238133,2.4469553003203752,2.9072718952886643,0.14626737140768853,8.788813053876247,9.503872564910392,3
6.255093070098742,9.466386491556175,3.182215325163069,2.145797239834397,1.3987057298359198,6.868203190140292,0
7.374218681134251,2.826222188975832,0.7760556308160336,1.4585569888413423,9.405024557938267,9.493283827836494,3
8.765699475480528,0.9854767213651017,8.731569606903243,7.6795346036162275,0.2881026032740035,1.80760143981527,1
6.433576913477957,0.5298599059073013,3.033735046176217,3.4764118807991564,6.486363205270084,7.485540297491368,3
8.990375535697346,2.567529105237246,8.58649517790948,8.25676969906235,3.870666943365069,3.0251669574915505,1
7.482582039466655,6.4628204804289595,3.8565420581012106,3.396462270865508,6.5752344687995965,1.2259600813340596,2
8.611789320053116,7.614043213465253,1.8279731702678355,3.4351908362480614,6.456326609054211,2.957069127475504,2
6.273658908953108,8.550545900767352,0.5194880087261691,3.4251448130788607,3.0494340122452113,6.952883287462027,0
7.514448460948849,7.5604259353025745,1.0597079132082956,2.8460063156166933,9.090418826233758,1.8293608846779548,2
7.5406242493235505,8.347879459092464,1.6635844276044036,3.477233126444773,3.8324134306990727,8.31206525903045,0
7.492478764110972,9.483202343069598,0.0996319384768265,1.2377326867153688,1.6743345788269157,6.243579584050186,0
8.501827340980876,3.867106499062383,2.803022501409893,3.345174310992629,8.903549818126574,6.943625301263032,3
9.890740246391246,1.8040704628439892,9.741808065202575,7.229922434411333,1.9437432676001714,2.5715915201712023,1
6.714848729903263,9.703661412225287,0.23670596171352987,3.186014579278966,2.738511505947513,9.333161372274706,0
6.361060624804699,8.865734678105113,1.851476083111029,1.9503613516408413,0.7302009450354636,9.85515800238896,0
6.891196148912433,9.419365118958872,3.8486423557507083,1.7982658690814786,9.948036925775236,2.0998580045753292,2
9.071262590450672,8.072271096027725,2.8704000904981073,1.5872682298971923,1.6892774549116565,6.942408634648613,0
7.5283700411961725,3.3302719868316424,7.528537153155009,7.245527291272872,0.0713762535801088,2.3748686162241377,1
6.100766339872618,6.411942018005979,3.30351252482784,3.8208980274534228,1.7159472818955028,7.794325725970218,0
6.789072257634703,7.4348825671385335,0.15433523877974942,2.9882097987547787,2.031167443503139,9.726817626473599,0
9.844687170894458,1.6873574308699464,2.889958556144303,2.2569868984941563,9.27358647251521,7.057743590070968,3
8.417468742353401,7.090506646007835,1.2693813794283497,2.7846453958051685,0.5312923266741945,8.476488148614358,0
9.915224079321783,6.869423721035715,2.0679366872829865,1.1452564396439384,7.626474006937871,0.6301279196010561,2
8.293502692834604,8.045934123998617,0.7753476113592419,1.458951658642012,0.850392187542234,6.569429021675486,0
7.245106758891186,7.607347532790224,1.8218480808060455,1.1645346231193585,8.759674814179698,2.0390784099750734,2
7.186624910829453,0.6359418685224365,1.9842529140167087,1.1900894800128596,8.344508112842986,6.298630444205824,3
8.424539603888089,9.473678940037006,2.8954879504228845,0.7014277832199647,3.7514322820348567,8.991768121190814,0
6.062759230512451,3.5692741242529147,7.744978016285345,9.860781819619959,1.950785804451145,2.6336563119306176,1
8.553440789639383,6.027764732849514,3.458370225135753,1.4801240807813456,9.442536370919733,3.5368876498073685,2
9.521895558902692,8.58792097840705,1.915176162503427,0.8897599481771468,7.182617687860734,2.9837272345390793,2
6.676342528390577,7.84082658295951,3.3461703156130054,1.9515750193031631,1.7921362924623185,9.06691147108269,0
6.244123262617872,8.286591419788596,3.1847263088764977,3.8449686562743186,1.0333041234653333,9.054393944243222,0
7.6195915440018585,0.9306476881966965,3.0896216582490323,3.86397016716689,9.749589012644224,8.558773915813193,3
9.29611679681602,6.924018492954548,2.3953481891072337,2.1208016478008473,0.9088082052329116,6.65078989778159,0
8.792492502097295,7.533226212395714,2.6599112592627567,3.2513020461016455,2.6354987925445816,9.572360795218,0
6.151461132228872,1.0335701993782909,2.379562578115183,2.068134815603995,6.912240453203102,8.310685020561618,3
6.257807594568484,1.3226943341739115,8.473818428695951,6.745103510409194,2.500996534689427,3.873680731735616,1
8.73584646248115,6.547344136847476,0.2950429346430137,1.7232618235800778,7.198452903550589,2.919102422460205,2
6.258703055339231,2.5492786087286037,6.00830681855779,6.9270021047425185,2.312781967125696,2.735401002364939,1
9.521538140425346,1.0902594410082824,6.013644376115644,6.3034937930947486,1.003463941503301,2.792377264489295,1
9.71176568531264,1.9660804930385707,2.231084501752427,0.0032352754384934457,7.573184272020299,8.616704263628504,3
6.87162996143694,8.17801225654816,2.5744556015377493,1.4840269470603533,0.8707264029608481,8.419838227485048,0
9.830183360389901,9.494088985852475,1.1393083599193479,3.7182591381988215,3.0827923159723527,6.620305848330926,0
7.0918193274986,7.726877891258061,3.706586553609304,1.142297811908846,0.5677574788736259,6.058108493669727,0
6.039728288209693,1.7625169262491873,0.037608386541988725,1.6083721737465893,6.39418454188991,6.134720196054649,3
9.219737978124101,3.634937127938207,0.2855180899176988,2.6636475373367543,6.003523461026862,9.735923588175527,3
9.787437128554107,2.9945904151623965,8.800464176095266,9.910037694547228,3.641199116303703,1.1881714394131544,1
9.55220696240678,9.316417163318427,1.432809113105217,3.283143725589485,1.8739109731008208,8.385556472311707,0
7.678929115497013,0.1962387591138608,2.6815062106050247,1.41056551619601,6.902417141656838,7.0299448777954705,3
9.596332098291871,7.799316761815693,3.754428849251186,3.3274410874531553,3.0610310320478575,8.50332651696652,0
9.696391900211395,2.605772205959541,8.936611102482605,8.767540416508496,0.9481443058724568,2.3063901599014045,1
6.575503857213791,0.6763108294688496,1.588061768502211,3.7800779441895287,8.279962418715233,6.998023960424398,3
6.614711468863797,7.89055241553527,1.8466891825912728,0.7537377459048447,0.9967573965635799,6.320740082706791,0
7.742907634140588,8.271188035856301,1.7289981047024159,2.8232958703179567,8.691902020456158,0.34782177433029693,2
7.181866545863951,0.4976397420038512,0.15144448154882628,2.904397957735492,7.626834737826096,6.13068126556308,3
6.616795319653825,3.329785625506658,3.873297924045745,2.887091187096345,8.389932277225503,6.830590722507811,3
7.927853904128167,8.756532170909109,0.8241727313663341,0.0033009900373213164,8.127806509231752,2.717444210385425,2
6.189236758232883,7.999198998073316,3.310458068846032,3.0355828239343876,2.136734886952915,9.548079568057544,0
9.085765660150813,9.951649128994442,3.2307742037672478,2.949978843192875,9.252833928499747,1.4701056023353463,2
7.481050160902621,3.84302695171062,7.483971359913214,7.578349406032166,3.8360409833433677,1.1082000533781513,1
7.265048181555812,2.3585171640903937,2.560172592254964,3.379134371850263,9.206460735557833,8.394243840321787,3
6.082984563429626,2.7717449270014565,1.242670487447258,0.20986705319836085,7.942030095100991,7.281702843388919,3
8.411063362573813,1.1366126508288437,0.5369241088348073,3.458728946253534,8.536696222486054,9.893609083431596,3
6.320026975705305,7.763216646103942,1.0236625194207098,0.42517256229988964,0.09404241977586869,9.161413141268739,0
6.729529122989816,9.025450684500257,1.5617214674935171,0.33747172956212035,0.1033860456506357,8.926333731354687,0
8.95571813996349,2.9706346132127313,8.895035897576491,9.446164372824528,1.6910522731756816,0.7990218234184021,1
6.297382991441446,7.589144084189474,1.8362172755473694,3.2029083010769055,6.714495750195308,2.5376580589228888,2
9.402882230765444,7.399737392650341,2.7079063392697633,2.6909646014188096,6.613826395242661,1.5499994462246165,2
7.024722428763894,9.097765780636397,2.2303669421062335,0.348770338123356,1.0467436841602877,7.64257882275274,0
6.857607523325421,6.325570715965196,3.720818291750524,3.3161018290871422,3.5437723557202347,9.298197779614453,0
8.354775130548484,7.011808065981512,0.8638299139130794,1.2137499822705151,7.887587994485942,0.3619329515190368,2
8.989396793594956,8.79196571982923,3.762977855597746,0.5137031262998999,7.308818622332678,1.065513647908861,2
6.919741829737275,2.130456471374592,7.323444717895639,7.8200729514976715,2.717054687691396,3.9339816635656937,1
9.767870018815614,1.4190193626547893,8.267805187413124,7.027865084084294,0.826295639086819,2.375527992963362,1
8.494015903651603,3.580560281356759,9.915180950809244,9.463649788942526,2.824189164200277,0.03406805311381422,1
6.496915311579153,2.56298405473402,7.48982247969584,9.773082109351822,2.7591042246191138,3.206958690852736,1
9.983298133568828,2.017234202513679,3.6321419948244236,2.799244097437526,7.401148716335724,7.374472344670565,3
8.668674050017483,1.3739380172959312,7.925103693004159,9.529983674229193,1.7956940909702328,0.5108273608997007,1
7.824852138088865,3.5319789633561474,6.111566591044185,7.007301439695881,2.8773834854980267,1.0243583600734847,1
7.634684665169731,6.87684399712079,1.480634513508047,0.4161928946361968,6.207034494806276,2.613896112826516,2
9.933902277942442,2.19209306284363,8.420158389744579,9.533675412758337,3.913298039330127,3.555240869199382,1
7.787038198320522,6.920634157197506,2.5766111402651295,2.055743308604757,1.0433357220857329,8.39060518715085,0
9.690907347163936,2.7124407183737236,2.30674272280224,2.4660313001582734,8.567632291908769,9.115303226089365,3
7.1788223064069605,6.579947961238972,0.7689155829663008,0.24485171766578429,1.857432481965085,7.060905040500568,0
8.51758876828559,8.086469335251387,1.6598743541987404,0.8320335852820979,0.42510130252981826,8.944657297364168,0
7.959154476839875,7.816548892466745,2.0832330154663787,1.45064218093522,6.367968202921503,3.6429200809900233,2
6.934543131565635,2.9741187849100683,3.505379123580606,2.4120117163029824,8.614903936439362,9.019474307084662,3
7.401453156169163,7.935586984000301,1.8767588043132473,3.5857260058984095,6.477390133642551,0.8963037691127269,2
9.698419436835199,2.812310564107191,1.0902010942227691,3.496028748087926,7.03139703612141,8.084362806003583,3
6.251345824837537,0.613481458003077,8.626221221541226,6.50456085227151,2.5426232550872085,3.264051617762878,1
9.533966867053694,3.0751002762458,9.397675638157907,7.555772956281517,3.678403967071163,2.6693649486860065,1
9.280912879435718,2.1477270980574596,0.6909627191424303,3.6598300348461543,6.749609216008769,9.808646072400435,3
7.621494192978554,0.35476242226999366,0.45420418866384393,1.3587904237639292,6.676978668034378,6.792232409165222,3
9.739216284794992,7.57239885362031,0.7341149427386644,3.3526035071275357,9.533581709185947,1.0182290123122657,2
6.3090668109277885,2.732120187135557,6.152406530829495,7.304182823149011,3.1759446634713653,2.275347216369749,1
6.426421242491199,9.534037961758314,3.3057943016194518,1.9408870468680055,6.569975429408577,3.5815106753599615,2
6.720318445614557,6.949494687126464,2.477807769605163,2.1621714983869387,0.14052744988199217,9.527914429168058,0
8.984960102233963,2.512788608140456,9.812119609633045,7.488409107477517,1.2472013696729918,1.4299685750569582,1
6.882537148775807,8.758638234953636,0.8503026001929688,2.753742962278246,6.7901228692396645,3.484053506213336,2
9.314293524539192,2.419028575233897,7.952318986659726,6.148536203584239,1.9509760565848207,0.06815072171905756,1
8.058300005668988,9.033426306376937,3.73294179487276,0.23881277391276745,1.3792771892917108,9.994003823058994,0
8.736786314037461,8.266818943064152,2.3614026854649692,0.9411309693093055,6.016975037980011,1.6775274850936288,2
9.010611991892791,3.065826456435042,2.6984006082373795,0.10160923186287363,9.955679908676345,6.194855087893291,3
6.930881538784292,8.907427037369455,0.4734555472688826,1.0176480861126591,6.071386257739684,2.4694610108811044,2
9.766271900654651,0.5835704106783748,6.379034785938714,6.644435484866713,0.49468321114352554,1.619994230742091,1
7.9694436669699815,9.556807104101583,3.4653169364924423,0.3079980839668601,6.3227375535758545,2.743449307283567,2
9.220788460038158,8.054364795563487,1.164082217520257,3.2943527351065156,0.11955101146777558,8.323074392375785,0
8.766682772259037,1.2651962002802817,7.938497983199239,8.583453640336206,1.514956111567416,1.1842166093174722,1
8.616590301499848,2.41575956824411,3.0438840216380116,0.6367210086426218,7.900883967724468,8.704037173807562,3
8.632424806763837,7.718588164590953,0.6629022926137584,1.0549631204507368,0.5430909129000931,6.6937274019417625,0
8.672002435426137,8.626545790922833,0.7927834315648692,1.213908039312619,1.5920746933952965,7.992429923980294,0
6.40480309406015,1.2500683930369418,2.7251633685958234,0.5511059566245304,8.257256734727509,8.731217290248397,3
6.539869749553272,0.10852766630286625,0.16932594203166218,1.7406752281089242,6.751197629691331,7.810444404877044,3
9.236953614522323,6.731079240901307,3.483393486643735,2.7169680217914007,8.078940642524039,1.8863854162597744,2
7.746437086842069,2.023715410199663,3.288639802626559,1.3683695086393293,8.128976905983194,9.351617176023934,3
9.938645788101116,0.5913107888413021,9.580861918899345,6.169435792631061,3.958201838129004,0.2167310321464626,1
8.195141136720265,8.587609325680173,3.1727910714706917,3.447001930567524,7.907563121651853,3.6792839346435424,2
7.742409285804294,2.2578785282969687,8.1931638941315,6.4180225819384535,2.619778467951677,1.3143776595070111,1
8.173762236055879,8.882815450366536,2.7920075167968914,2.70784467031062,7.784078489484987,0.6715541228550372,2
9.99792583734833,7.1555002824264475,2.024204259115094,1.442954910874747,7.532965735235385,0.2760992427371902,2
7.480174779311879,1.0290531820209114,9.166717353460395,6.8290020165630745,1.011263909902222,3.4602791337684566,1
8.656491079530856,2.344568403951334,6.397887410108684,9.418632390268376,2.083993694134508,3.3974017870722077,1
8.567831371023017,8.157401888403232,1.0434534394168127,3.991274523366643,0.648222349772066,6.554896900902891,0
9.094701647073268,0.25661004152302835,6.725803327325671,6.795012630847979,1.2942013382420887,3.800917251259428,1
9.690334685657518,1.4106546358656034,2.061045362542839,1.8596924845743126,6.448917085316091,6.805926640018332,3
7.788078715229229,2.363302284480898,8.77920218075491,8.217876351511533,3.17611648155705,0.669831857530149,1
7.161374966692821,8.557738536863955,1.9566187539538835,2.6796572474034885,0.2791867080266619,6.170024885003618,0
8.637599811493574,2.4397158320446874,0.361015389675611,1.7593357999541341,7.83640175176472,9.641787130274176,3
6.885157179426933,8.063855077689787,1.554848829036533,2.593446128843231,8.60417727842952,0.09992116472867174,2
7.714304416435997,1.5488427277534802,9.274694596291813,8.74026721879589,3.4566853283676364,3.343705107834365,1
8.805854243580754,9.289098720513433,0.4143790551406865,3.5771374282416755,0.7401065981841062,7.743050690560747,0
8.14229162549369,2.016059071197213,7.758997946952892,7.758437034095763,3.0994385872445767,0.9402453064236016,1
8.317203001702538,2.90005240904888,1.3705761512922088,1.6089437380160092,7.884269391619624,7.716228439268427,3
7.310197243600911,7.695974950405046,2.02929779017149,1.2287228093498759,7.788532321574978,0.404219975674573,2
6.87859732225668,6.736878804451042,2.27996297360265,2.1146147748411437,6.951435090347969,0.2576866117903358,2
9.037861083145707,8.986630838868027,2.7994619314660922,0.6759191661073118,8.81316100628789,3.014353910941295,2
8.487863455785181,9.503654390231139,2.6670794373615516,0.8195224217775032,0.27630794161149064,8.631793435831767,0
9.138268262921107,8.427794708548982,1.9432584051690838,1.8093605488372484,6.642173242509115,0.2247624969693236,2
7.542184625766153,9.573142865537212,0.8991565839084488,2.6929554398373576,2.534623382307383,9.076146162208724,0
8.438076713529957,8.948860419326845,1.9040739376710554,1.5916091421758707,8.88396573223024,1.6026134775015213,2
9.970677469655811,9.300813317909101,2.1645461535477146,1.0837069357666143,7.731720427486345,3.26902845480126,2
7.328584881661929,0.3890470614332808,7.349101546335314,6.60228570165567,0.45298428322358886,2.1655037349451325,1
6.056083655714225,1.138824597747115,0.07003360373977152,3.063778723538439,9.304183031228394,7.430795932420903,3
7.120864075253923,0.6888946316896827,9.890629614828113,8.259597044709684,3.4012269648598763,0.9846674680013972,1
6.411603433704164,6.8332167493207105,0.21336082148235969,3.3803930676093814,6.915904366337871,1.6098807768886991,2
7.919900817250383,6.579891788373495,3.006962812757283,1.9236431542505987,9.786698384331272,3.4722849998347765,2
7.7641084523472035,2.8805122861023333,0.05064818171851604,3.4000543622720767,9.883061974878167,9.404217696076358,3
7.608714985391684,0.9450651226085114,0.5841030175859019,2.3218481354616944,9.867017956033358,8.851653863206396,3
7.4804514609110075,6.635940481072355,3.4296075850879086,1.945916088753736,6.935639615863929,1.0648257065550304,2
8.894826552750422,7.067470747702432,3.683091511848569,2.056440858940295,1.6324399754723564,7.566699829614574,0
9.575312784105778,9.794101101302804,2.533911121470531,3.5195016382789883,7.677085831751455,2.045145536125369,2
7.2879622644886215,6.4460718711309495,2.829889185793059,1.9611914587599188,8.125744253860638,1.4163424078236786,2
8.62488996469442,7.694517438395755,3.84812499625856,1.2419205967079123,3.369994774206663,8.5335331470058,0
6.238731886152673,2.1651694739732004,2.3084467326968876,3.9437174697692936,7.111937147100866,8.082576730681483,3
7.446713005809951,8.069958928652001,3.856403775325878,2.4189685989282053,2.341166727506601,7.787420151981873,0
9.1133176873406,8.985120818435645,0.22512820450631965,3.6178350597843143,9.571632582903026,2.5819338533134877,2
6.603042270432734,7.436250483303805,2.142120553074302,2.6412804677745414,0.09244579771660444,9.685297175701045,0
6.649447462600856,9.49589422729959,2.0033232069285773,0.10869462791093465,2.6295055201217723,9.901495011361241,0
7.644322621517578,0.9665468912009563,8.241973068735902,9.947386509727053,2.972618537036657,2.35735837835422,1
8.431932305163643,6.010712630713835,3.363631902156077,2.2406605073449803,6.7017447837385085,2.918976392840677,2
6.920539720904724,6.660772767364499,0.9310644915004129,3.2480740593283857,8.007457071845007,0.8275724215549354,2
6.334825709753247,2.0205174905895267,3.527860704745903,1.4519109951883533,8.84468294683513,7.918534601892754,3
7.937433900231113,7.593349251898266,2.321453070155655,0.09230326734962979,2.385495027587936,9.233840651725528,0
7.102348834324738,9.770594297413814,3.8969373765020103,0.10710721169146797,3.4539350644526956,6.960533442274997,0
6.782443461038022,9.116056631487927,2.9543834306857573,3.2091951682063136,3.468524899789346,8.207036341152017,0
7.201523164732144,9.403034616390286,2.4967346735283042,1.6418677998171463,0.6771393097754297,7.974880829602655,0
8.768304530436327,6.988207955129767,3.2054420209886176,2.5518467204351833,8.220752208818212,0.7955791400781345,2
7.983557685072961,9.953741121823102,1.8192696465958091,0.5288004755288473,3.7024504727512006,6.392374973139015,0
8.895518501844895,2.621395805425102,2.0444442291501157,0.4475082731857247,6.72781492034413,8.01381274619283,3
8.703494525055172,2.1345885036898973,7.4143006927534945,9.410083571245211,2.7280107167747,3.051006946753932,1
8.498843921486174,7.766543544411197,1.1330645997455009,3.258482789708496,1.0274846556972865,7.790625725362917,0
7.751351256262784,3.961178912695603,0.947766396452685,3.9669777097861885,6.907981891147179,7.8071702753090175,3
9.167811080565382,0.40532522195545884,0.9166639620632604,1.987847152511939,8.078886672640788,9.693785014927375,3
7.328209657660933,3.229083532922995,6.4370335050869,8.416815909924937,3.396991638659402,0.587849904046676,1
8.529933757209022,7.037200054692951,1.4548328197087512,2.4948667393749764,9.640898505421701,2.4252610597032564,2
9.33186406944429,7.292235183836153,1.7754544187803187,1.845638323904823,2.0605804302058703,6.1779865333414605,0
6.950850741946663,6.133305128010074,2.2285644573121712,3.490074149107587,9.56077998408799,2.8862116226298813,2
7.53062755397567,2.6087405226199394,0.7257051178446674,0.40005903829926126,7.715121093294911,8.17453336470004,3
9.812512977263793,7.068218467189931,0.9486073782136009,1.6595117863246882,0.024326129161054588,7.743202187894858,0
7.379619512467428,9.117925185488637,3.0265749669571913,2.2191741921376296,8.308404842777009,3.4902106925395864,2
8.80445343158573,6.547321744541122,0.37158283060725283,3.272199682073484,7.042733633392237,1.273446460487765,2
6.00189262041996,1.9494361827365325,3.476608122489859,1.3304935857602702,6.214546064373309,7.686502528965031,3
7.03829021725195,0.7631831328243566,1.9514519352498305,2.7809922939908907,8.819683510163543,6.024534111372802,3
8.981202604877545,0.5083986711830728,2.5773590496319367,0.6154156193691236,9.598929502307064,7.95829841681838,3
6.693974835499246,6.055733237141895,2.7889414202892007,3.375399536889942,8.16587985452195,3.8543400044808203,2
6.253592458505061,3.1565652882691104,6.036232445838316,7.49444838199447,0.4142264405947005,1.6384667722285515,1
6.771100899304863,8.567520327438805,3.9133334760631557,1.0741674510757062,2.6718040604106807,6.820378337263162,0
8.433492051418584,8.53502928710362,0.4335707086716085,2.9677269040557417,0.7254055675309408,6.487336958210603,0
9.639118424890555,7.543339412685482,2.5493861817266934,2.154214115077766,6.069795267759989,3.3191557495971904,2
9.032210398417746,7.678598285859994,2.483004456728278,2.7620891194650223,8.378914642950454,0.8042213001532792,2
6.100249003171422,1.858569271399928,2.181354017286765,0.8041536209921474,8.340536327173583,7.16811239250042,3
9.441794508366975,8.550535916036592,1.0975967362106878,2.179653424720938,8.379684197061431,3.3487061960318965,2
9.924907285183833,1.393907367837948,2.09994603288107,1.679443894576477,8.202872684003117,7.383145210924761,3
7.010308680392205,8.946826391856508,1.5467649564346324,3.996058716353721,0.5422586036871606,8.71391505932888,0
6.827142426376319,8.608269640401495,2.2766443005484525,0.2762432154049468,0.5951250556050054,6.282010295242644,0
9.628883501346039,3.3661210926403866,0.7690660500782474,0.23167074416328237,9.784551998726554,8.847879580902106,3
9.838803460411548,0.6238206748748927,2.1517346043403256,1.563714844829562,9.93584078686832,6.138156117287016,3
8.492285795595794,9.727648235132069,2.045862486554313,2.1345222814188887,7.0989991422308245,1.659015561396385,2
6.781806836958387,7.740839553239176,1.6558697803980005,3.5585008901509245,3.4014739345620524,8.492025031817203,0
7.021866877350451,6.161968484424492,3.298213407700058,2.488130049730133,7.194945088208106,2.68828733827527,2
6.555050008452746,9.9832868319557,3.422609175691756,2.871455237835716,6.700367888490701,0.302422879281131,2
6.76576582084498,0.1224420308783376,7.728929205241863,9.910981979448504,3.7259694626057414,0.7759031767162696,1
9.590823713891593,6.595133708130201,0.9941913768837325,2.166540855104221,3.526608131161051,7.125363999049217,0
7.544253282472367,8.943509473028586,1.7101643705996397,3.26954989883332,2.100616566604126,9.253333464534405,0
7.4529067747469355,3.350643406361843,2.2477946661106447,0.2626105915377601,8.47011704513111,6.559864274108521,3
7.668839234847981,6.9210432276098555,0.19211808181609147,1.8645736818910943,6.871288184732613,1.8789142477357235,2
6.784586372483984,3.8828791536232483,6.341097502772886,7.926327873667711,3.830582558968384,3.7468999178301234,1
8.991970670231302,7.414364713850826,1.5026780618575972,0.7913812924993722,3.866043414678309,7.264726392992609,0
8.99372500174752,0.44866156606060104,0.5608332386419486,3.1658247625807427,8.066282650691763,6.977426723418891,3
6.091976543655768,6.605595511118768,0.06616754882588705,3.5805206168233794,7.685602627764588,3.540529587518496,2
6.584467120271929,2.542230090690639,2.36147541853448,3.808210391567547,8.272576766204145,6.594846417816068,3
9.876816749106199,7.295038218902073,1.1656276484803567,1.775944057262444,2.8097789183017823,9.806055174716256,0
9.44929877953361,1.1031788537719445,2.9689978578302827,2.854149635212141,8.27424598685566,8.684893133982701,3
6.127756307681933,7.554445128825452,1.5264865587658099,2.86711714703802,8.8316128697736,2.147105648840971,2
9.38914639838131,8.802158963251154,3.4697203537811068,2.659986613091205,6.5131528283266515,3.535398946516677,2
8.91573166565858,6.0996466953775,2.035183967867168,1.3434827084292316,2.743798692644892,7.127189343244752,0
7.41543941003953,8.734857796553886,2.7341606779448306,1.9338902787937724,0.6509763623045002,7.023475263226182,0
8.155426102913594,2.1205982513873725,3.8514454516660344,3.9201409988602847,7.946316409383343,8.157889098987921,3
9.3998049852938,8.393135649335026,0.1188337512458717,2.2340658343334567,3.307711934779263,6.82479862357596,0
7.688369400039797,1.3577441635320557,1.2099409793403306,2.494141557265632,8.763671268728466,9.747656097583471,3
7.7556659736696165,8.856632200485278,3.913879854719337,2.7362669085866367,7.151152642167835,2.4637955792549193,2
9.99310033208575,9.544178900624035,3.9283962245080724,2.4618785317124683,8.974802401734411,3.7689799002073547,2
6.9709929552150545,9.083622497068951,3.8260494378826526,1.587176827592316,1.2768653665708465,6.750563819130805,0
6.729685215523448,3.255299761395676,0.18977992298875224,3.830626673322425,9.627500696181308,7.0875463741460845,3
7.27602123619668,7.258543428201757,0.9218523664432663,0.2903876469628277,8.366784575714862,0.7161058363839556,2
9.404050598319282,8.957901880697852,2.9632046415727076,3.1755831806415977,3.3320482846806074,9.711393682912314,0
6.216011702520401,0.6382994177446384,1.7674546931568456,0.6297087746462937,9.981914500629665,8.985164117174063,3
6.847093888182075,7.654037689972411,1.4953917009114948,0.7712864261282149,0.6312727007104249,6.837261357775262,0
9.110083730192844,3.2016258366119525,2.8534589118492955,1.619014315561202,7.307513020109072,6.550914604035011,3
8.668546601389757,0.700482867980599,9.14043147347845,7.842709775455216,2.3570318646995614,2.38450151437443,1
7.470312296622533,9.471229078034673,2.343909319084086,2.6188905157678515,7.688088595360673,1.8077607022375228,2
6.207117481996116,1.6838287216095003,7.557989973393477,8.492070284373355,1.230137000506657,2.9209902132500067,1
7.189263558538633,0.25652025780802523,3.4635158243783915,3.3494906944572422,7.050927476284979,7.4962495959230395,3
8.492604720136956,2.4687833406766417,9.280187814337632,6.87308897722381,1.819008263551225,3.8465472940731873,1
7.721588695241175,3.7782560363435835,1.254134700132675,1.920005824218019,7.420458401496775,7.914568211009295,3
7.027130342567563,1.745085173618282,6.206103086829744,9.547083538982907,2.968025675863014,0.00799678215176991,1
7.493735863404091,3.813893029672654,2.446189739628731,1.2697919118938223,8.936492559193134,9.112212968563766,3
6.959056278885189,7.38586141899729,2.8073827499012474,3.867987893411603,3.9181867532210326,8.377790520108105,0
7.7063285061669236,2.2192550342193362,7.363688647363839,8.59860508894321,0.5487476938760838,3.4157811017356474,1
7.943133219181604,3.986543940530647,6.059209081766326,8.14404652523232,0.4406913120194651,3.224760145938366,1
6.198756284991969,1.175175812433869,1.090726772228574,0.3428655017297637,9.323569614022674,7.2979019712490185,3
9.564323820953788,2.5450657663474203,2.3498956202466146,0.5813595444538366,7.237219999624747,8.909465446819448,3
8.38046613446101,1.0301229981665432,7.576207421581159,6.209566642323124,2.8895869665063825,1.5246055639888683,1
9.083343974827237,8.52904695303898,1.2712716911133937,0.5790868204568222,3.9497528821046193,6.712205677069023,0
6.76798605928436,6.691984754386972,1.150466517124396,1.6549384759891366,9.70984919415188,0.4603900864339838,2
8.110906726315921,7.169541829040741,3.804970323538884,2.381233901154944,7.23422415799401,1.481630780016463,2
6.769322876422505,3.6304001358264526,9.38876978635411,8.582660163478625,2.8816634666855547,3.4862321423747065,1
8.318750597525224,3.3886757179520104,6.171107080467165,9.470798509588922,0.30005900271117847,0.8848790649032443,1
7.799634485321931,3.4612870927762818,3.634710046589949,1.9415730389343522,7.387565833038355,6.40365850734724,3
7.2095059902210625,9.403245046912826,3.522349700085475,1.2944089195240727,6.974828899505848,0.13044339625331736,2
6.138958346262259,9.055251969167108,1.9559869776426444,0.05623704680336905,6.675793620221892,2.9918637571318425,2
7.612042023906068,0.8144211549094318,8.682341295187019,7.881005880462853,0.4754745640123814,0.2084860982387462,1
8.522745150270241,6.158918404480488,2.6338329962033638,1.3540259202160305,9.236820626658703,3.8645691933034576,2
8.133330430915333,7.899873407458406,2.229979770756132,1.3153291124230937,2.1009465980494837,7.611948912011089,0
6.377858751114866,2.346377995657991,7.745651523078185,6.90637578638701,2.6210867326080147,0.05000613254684039,1
6.0949439012846325,1.3653319667461963,2.0541240451060876,2.989525900739868,6.921347280637917,6.363616880576018,3
7.447207153556558,8.704087989977683,0.15539614599983143,3.8543936985778555,6.232582827626424,3.606714424407861,2
6.342791038753782,2.086797883889284,0.22967155518643745,0.17675029041617085,9.037567731200864,8.869738385566416,3
8.68501845046013,3.7794447527035286,6.245087918268803,9.849702232140775,3.2971945374365945,2.4820328042337594,1
8.353938856098043,1.7122457720512592,3.0351742687913226,2.71013316038809,8.41226967648743,8.376730060511951,3
7.582327949848128,1.2067312460985593,0.7730238725226366,3.9823848719788932,8.605993621806693,8.292839061926777,3
9.625044289026526,9.08769730097403,1.4929908651983004,2.731455521900704,6.264424912082577,1.4727358912089272,2
8.847626458144868,9.37736894414735,3.0353835063551817,1.4040881631506736,9.209850016350977,2.1848332038503675,2
7.9559555942717655,2.5899812569918117,2.018244845256193,0.719658504364749,7.7448998446182955,7.315873238491626,3
6.21833724113443,9.880145360460354,1.4456291426171224,2.5658546690780017,8.895315418401239,0.06696561725132977,2
8.445894537937463,7.498471564376011,1.5895782613286569,2.8251637550714883,9.79439424155387,1.2108901942706773,2
9.045205732294395,1.014083635845298,7.909596008415795,6.6056789258068935,2.314184462043097,0.3572015053260773,1
7.786093253976947,6.5968755087266855,0.19226691510295923,3.035199510852353,8.437765940665573,2.407445503431184,2
9.64364333904119,9.78435746417532,3.1993417684020136,1.17390040144684,0.8150248368632593,9.32749951421314,0
7.638529016692452,1.09071905528116,3.683907680129378,2.8931694084823065,8.296213873494207,6.145306531068727,3
6.8556056202034625,6.66192719030348,1.4263974745457326,0.9598733564522153,8.929146022452787,3.375954776788486,2
9.908767209050605,8.070199184157799,0.7483030690884407,1.2696022103558682,1.0193882291514424,8.285301125104299,0
6.393802794944205,2.7883685737356227,7.142651183405805,6.004466961653321,2.05276377359824,2.197848973214589,1
7.379914811222682,1.6370583555553009,9.712642324490655,9.29910975229166,0.8334449593659472,2.061990746227477,1
9.249017087342594,0.7347129807074344,1.5981940081847013,3.4712226239792585,6.163840144398953,6.833122362286738,3
9.948639805617681,3.2504318380169783,0.8280274906104905,0.08250216728436488,6.006978575911209,9.63659292183362,3
9.090389189798344,8.480346218091507,3.0588364403416692,3.5074276989970112,6.497331952245602,3.5828398948772167,2
7.203355452531348,8.695915274850432,0.3990509884415019,0.36629223804923905,6.936402805689879,2.653703211094311,2
7.411750943754878,2.2858229240992842,7.7439901478414255,6.708440516089908,0.08860661596223318,1.200106838225656,1
9.5078637809684,2.773545808928694,3.34738629759072,3.185516615145158,8.921536865684516,7.30807541634905,3
9.668465636504665,3.3034917192794926,8.993626450881496,7.37867366975251,1.209177458091117,3.7311317274838345,1
6.435956466285402,1.3063279901721918,9.772906104717709,8.039619217531305,2.4080515098699364,2.4425249803063647,1
8.070967494608047,3.239582008282011,7.484620470686083,8.567681997803716,0.7195174047144843,0.6014270437001543,1
7.664249944453734,9.50184928119796,1.311988798627969,3.7963949604638154,0.4170850059413609,8.6216541670683,0
9.992209174999362,9.707425163164446,2.5499286672068466,1.2544510044155097,1.8577122976355587,7.413803619640586,0
6.891131590083832,9.527106217022938,1.6514757738967711,2.2937473024779016,9.819973135329468,2.7295470822084096,2
8.413742152491517,0.6114406792267624,9.182840818318862,7.86356076861003,3.7266630701083354,2.361730065064475,1
9.616707675791554,7.411507572652078,1.9963072424802801,2.6035039360910632,7.402381391069517,3.3586377723340557,2
9.739955772987638,6.825863140492515,3.79098783491358,1.4565642852713085,0.24330360576405408,6.593493721571541,0
9.927083395684882,8.300622994954473,3.798543434930753,0.7143688760200888,3.5947045258068444,9.226227643992793,0
9.788775618765143,0.565474854949668,8.286402091268265,7.5875451145347546,3.7891779739097453,2.3450672640951926,1
7.112238852299592,1.1332044022918457,2.5199465528556986,3.192884764262545,7.198352625742758,7.350353318943801,3
6.3834812873771405,0.32380853303072055,0.9329092254745297,0.3400685704499029,8.499631721336515,9.228582785121322,3
7.4708681911838895,7.155815152554846,0.6165823253759379,3.0494098075554392,3.2783211828228143,6.3416015661323595,0
8.543280291116949,1.1943608677533755,2.2985819779332215,2.9258987506823835,9.34202962108835,8.072700787552069,3
9.879258641103263,6.4014397880621745,2.052860784955422,0.6527661375364815,1.7976732053113302,6.578761542401693,0
7.657248446264031,8.780940803110663,2.246938095979199,0.06644028568414972,3.9050465108152324,7.289310586363884,0
7.222686078919087,3.9593559229474287,6.752665530165156,8.72662362017741,0.07388780148940333,1.0987107897218156,1
8.089967920619152,7.555746962053835,2.86267202875008,3.3143685097149587,0.530139141623807,6.146362180063381,0
7.7076691456795725,1.7769699358400994,6.587429540823861,8.524472915150028,3.2044859571936124,2.092930657528516,1
9.760848657464848,9.426707894028112,3.145271196949433,0.4730073423151606,3.211389674407401,7.977965940051671,0
8.897079453271848,7.171889725793433,1.160026283526828,3.4109021925392984,1.9756665470552837,9.120849060349965,0
6.262505804267599,1.1034635120215914,1.8808306340123178,0.03653026344313792,6.2990820667323995,6.400798722038006,3
6.077554862661417,1.6432299072546512,3.357167223696612,0.14412803821931552,6.178928233282327,7.086674479131484,3
9.60831720616794,1.9397932399458915,8.139504962900393,6.241624003979149,0.7831514617233686,1.736288897254655,1
9.839454921101645,9.409058085089255,3.526674444013781,0.6165206344498215,7.759491467736874,3.5840302623162366,2
6.9354764225593755,9.007144629333279,0.5770793150868005,1.3420978246702697,2.3236489298842553,6.633440267954208,0
9.645857057426355,8.03186766876293,0.14028728772936194,3.2416320931635623,9.360707043402664,0.45625615870583847,2
9.45486901575336,3.323940918105357,3.526714893947592,1.883329362065472,7.23761252241718,7.437304326024649,3
7.04026907636194,9.143004567301638,2.1326317503329806,1.3420510137687494,3.1273265713246285,9.886613771814455,0
8.659131082655833,9.699352919067875,3.5275960635194,0.6016140865305237,7.80482580615428,3.3014760960398477,2
8.997079937228786,9.384209246218012,1.2201099949255956,3.0668250115274347,2.056619124801736,6.003978425212354,0
7.935607776459422,2.3836626707498314,0.44882408272308894,0.5476634960559377,9.224287977238136,9.289447634771246,3
9.209849625704736,9.0241637904761,0.6027386571755087,0.7382025285038489,0.06563881146018202,6.500469207454987,0
6.6562488865444065,8.860333393079909,2.381529764545394,3.7613416274579357,0.19394789132226897,9.509555715636772,0
8.628341615911367,6.416454466011263,1.0262215513088457,3.32959139669982,2.2293337203423276,6.168671446670601,0
7.864774766208523,2.790522361906405,2.432591344739363,3.229808354842362,8.716857322977976,6.710604440228696,3
6.992525855773501,9.963600588510962,0.1735676232159249,3.4593065486804897,3.335187567300317,8.137044084107066,0
9.95946974026607,7.197971039885395,3.2167625991027475,1.3238057507346679,6.944047433215427,2.9013420629476694,2
6.710789654281209,1.8052295177192241,7.4932248230509115,7.752402895277578,2.4145080595740582,0.3494395474917207,1
7.972353647882673,3.8310597333751595,1.5264244094424617,1.2430105555117392,7.90349985166365,6.931553819417886,3
6.985306803017777,0.738162610952394,3.2951769160552318,3.3394738941841857,7.042753661413111,7.614664668767264,3
9.536554480693317,2.703650792080607,9.100941928065012,8.39192810185372,3.8881050804254285,1.8563723595383896,1
9.212777710643572,7.526226742368571,2.157989859998321,1.8495726575031113,8.95073052205864,3.9238585355012687,2
6.598192752033801,0.6801402446718465,1.4286127686466332,2.4608275494314644,7.2701818564193434,8.671364254898446,3
9.71362963137988,6.642942592318436,0.8679235759944524,1.0677778754181184,8.650044242111216,0.0493841492405096,2
7.233141792851085,9.465132044205568,0.4797747347156194,0.6107050249321757,6.27264914028612,0.7996367817150163,2
7.0629467975531774,9.87793122694733,0.5145656337544389,2.542969193157613,7.4844135267189635,3.583693128894238,2
8.802421691497514,3.053219517642649,8.81039834493045,7.444175344671363,1.760695013268367,3.34236994986936,1
6.050456598271439,9.263278428373692,1.5985617143046564,0.12193397648272519,0.3269957326717243,9.74985096006856,0
8.61013185650975,6.431701039899243,0.6446406687677104,1.730643531570589,7.50119442878949,1.309083438528794,2
9.961145061322714,0.9442070276245427,0.32781027711062016,3.261907735885821,6.9589757317642125,8.165835483078826,3
8.301446097125332,2.8967025169320646,9.175899975232378,8.488742866928092,2.1881510901933896,1.70688753120197,1
9.204935045459038,9.94528549056842,2.8715168616097535,3.298590767201557,0.3311411099998156,7.977064807692885,0
7.482891285839903,1.4501200744822258,6.584678807680635,7.024877329881448,1.7895844822813651,0.0057649796464898095,1
6.309475326040169,8.994797860447722,0.8527181609984891,1.2780937203816802,9.695543942910815,3.167825604238678,2
9.70436043070559,2.4623768762013105,0.15213815760751048,3.7416327923807216,8.670398182482295,6.586139394902236,3
7.296957339331028,9.21043579077742,1.0046213387075817,1.3232293380319402,8.54222054939347,0.630433477861926,2
7.24885177387049,0.5255674255331821,3.9981844087021936,3.6434637107234256,8.617635844312483,6.724596791200145,3
9.343224801130518,8.731188236616791,0.5342531056572661,2.2785135321673176,6.067160042594615,1.6103850477678554,2
7.097703521936281,2.1801067732906994,1.2971494912157624,3.544771048403807,6.769385558118573,8.456080891161314,3
8.24189273617855,6.780026933684205,1.9259712510843237,1.5265575928162183,6.666286607932344,2.3157593462154282,2
8.029768073586617,9.719882097444941,0.8547053528202233,3.1519459627070305,6.627272798994293,3.638657023184848,2
6.4963525747188315,7.383511379612678,3.2821524985891193,2.491013235132588,6.7471673090338715,2.323999737444428,2
9.994637285055,1.391731927171827,9.8765909728737,6.217696928852649,1.7801695032424045,3.603832707766782,1
8.365098912472245,7.64331648675406,0.3931975081176402,3.6470330595034444,1.6810798976352155,9.893235107246323,0
8.954953156988761,1.060148509586631,8.841814952519373,7.619146233668838,2.5742629560617045,1.2785372950793237,1
9.469548717469218,3.9077935311301575,7.523490845133411,7.1315779162025095,3.6177899485646132,1.974363830536396,1
6.576513339995362,7.682559127484812,3.3227591172364344,2.537114871025787,9.547184566999896,1.207908622500156,2
6.138550712673226,1.8775814935975883,7.245207422879339,8.156768549652908,3.2042393791009323,1.829694570168173,1
6.639112219350334,6.511423578362159,1.11279386771922,2.071857637024747,7.980129367257247,2.118671613642976,2
9.128804345605959,2.1535474184829755,8.429279465389387,8.992834472399926,2.410686098920452,3.5799851764278237,1
8.33813872928115,0.45640118633341276,2.0727133221697,0.5359651625325821,7.9546523799300966,7.498648364777582,3
9.735878150862089,7.303410755676753,2.3016457083588326,1.7205766315196267,9.442453367274583,3.263446883300144,2
9.994267308119674,8.692269372417911,0.5885904852014168,1.2369221905373942,1.247230908456769,8.471791054748866,0
6.713370932168228,9.597741258801168,2.844998394611571,3.4085491892602375,8.817007255316003,1.9819809911112825,2
9.057220617995629,0.7261542645541854,2.261768548708867,1.4095227874905967,7.605147940582983,7.621918675858737,3
9.028382899690746,7.412378869984162,1.1575585098731884,0.18611652274234425,3.9702529961727584,9.045270467681851,0
8.92560270038124,0.4216104224741146,0.2848551967032833,2.7214473885161863,9.083832823682716,9.391850248879784,3
8.284870493583247,2.033051376940415,6.2538227265865345,6.9545081160246704,0.6094204658591198,3.2615314428281734,1
9.77765023587672,3.785050486487141,6.996086456675437,8.576875506801304,1.1483733494585895,3.141796109951618,1
7.094978753989621,3.9028486393034907,7.277803772932676,8.950665005303787,2.4662694120836286,2.0601533643612524,1
6.024848873303878,3.959751826921023,8.98761741818958,8.202409234885852,0.5984824219071534,3.345488639452584,1
8.141393889704652,1.7891596692508407,8.544082400566541,8.593662715411655,1.0174815356861084,1.042550397124193,1
6.991827513827072,1.897834867255337,1.6179232058325583,3.286292859748317,9.736309007328437,6.2494152822953195,3
6.330729486252952,7.306440286600898,3.619875040188011,2.27360888024829,6.058656095498486,3.7082230560675105,2
6.659970945161854,2.001886412027698,3.647987323030987,1.1843088554806642,7.718927450087042,8.450873843648743,3
7.558548752954982,8.953802968979945,1.9239315501772754,0.8446310273913817,6.834280348940666,3.5665361998916647,2
9.453467928479524,8.007128696265621,2.7723479114110408,1.6506955469620643,3.0302300654866032,6.077431321941871,0
9.3868998223552,9.763575299804,0.8096037060597965,0.4589809950392323,3.1476605475634547,9.363287492925007,0
8.692651902323764,3.14790339317822,2.025332459691743,3.493396866596329,7.139260451791406,6.087758052589968,3
6.28359327643831,7.079772592225937,3.819067523063958,2.7954884272838783,9.463003600318197,2.162269949471544,2
7.983830654033316,1.113976989574434,8.458788288973999,8.454619689206574,1.3298719969015433,1.2876645616642035,1
8.290023219599805,8.301465413323502,0.959558529383906,1.647540433435648,1.4562872731028276,7.369581038536685,0
7.670108119287708,0.000591023195677387,3.3931823358955606,0.5666735421968143,9.19985405935931,8.858226783575667,3
8.06023514242608,3.5577650705323154,0.4746886043402476,3.8878250036597173,9.378190607548886,8.590834244644139,3
8.465167459572651,8.237416866406107,1.7722961576420624,3.8776457509419386,6.683536100381067,3.3769826879235016,2
8.994953741568276,6.001914424516925,3.204125514795535,3.5019499176341755,0.5586814241645777,6.2226182693218295,0
9.31263736908254,9.663793048727271,3.404035813812837,2.911559587109963,8.52966684413452,2.1090887720995997,2
9.591304219805076,2.520438392842691,0.7154960058668389,0.2975576989696149,7.752705738324362,9.262575935834771,3
9.597913174249433,0.3072803270306119,0.2812951827666188,0.9046986272566087,9.897712432678697,6.786973928885567,3
8.639667777256829,2.413010971210479,3.0697282647695117,1.5336089079569963,6.515693646377854,8.507582081502953,3
9.051744664331318,1.1767741122392845,6.247615642063636,9.956505326700546,0.5647476526358299,0.90329592765484,1
9.974505620800224,8.001081668218854,2.5671782677348136,1.8079642700155154,7.941605947779749,1.8562685601286195,2
9.757028031272016,2.754108953033172,1.1112521284430334,2.58171902044024,9.604988197624746,7.839168831595783,3
7.669723004144121,6.013467968803654,2.959036847861599,2.061014757409339,8.902843562756622,1.439079472082334,2
6.062224047054157,3.58738449432295,9.153226457133844,7.515576065314349,2.057902000817615,3.3921924187642953,1
8.969334987627203,9.016071428202805,1.4223957526995181,0.1437099295920139,7.9054418028495235,1.8078333199311873,2
7.7162198457854,2.120569281308106,1.5990372748337376,3.76416384461385,8.657087379544343,9.04446499125585,3
8.017042235314499,1.6300539271174004,3.6101889745022144,3.4993323143712276,8.555151290087403,8.093184614284686,3
6.255731744356318,3.7209164991262846,6.993430344404922,8.276065056176588,1.7233463597710328,2.830527961443561,1
8.849628508983285,3.5149470311488735,2.2173776505666694,0.775800025404116,9.370505217989766,8.391193981245769,3
7.907230138274599,8.056890736414768,1.8226092319418155,0.20460467670660076,6.679070640745204,2.751684291758864,2
7.038708083943093,1.4467833692195686,8.74347863842852,9.40018392782294,1.5690793611190794,0.8064849972204313,1
7.488376141517656,3.7631747603815913,3.8596924129668895,3.488043594491316,6.46046782589811,7.581171510590906,3
9.333411295921001,7.4889501733624755,1.5144088652120575,0.36415480453817173,9.101736425055407,0.8253543662507363,2
9.988276877157542,7.913027547015775,2.9883219128428076,3.38950086878787,1.1344640515681528,9.02051411484335,0
8.370492731894576,1.6371423483896246,3.568623530296018,0.4340573735694635,9.784659702084305,6.831724443130655,3
9.046766194604917,9.083593776130828,1.8197908164059253,3.686057342091086,2.5813330253157507,9.0072154682172,0
6.21126132995732,0.5086106680170905,2.60350866353641,0.7345838498095474,9.067395809472165,7.255367098571018,3
6.539778824460849,0.2006357470454061,3.826221753592657,0.09976142027115653,7.904367530665079,7.925125198349557,3
6.332523518058121,6.555153286595551,2.04028435368464,0.7228670648117865,6.30096329675046,1.0116602787278404,2
8.721293180784231,6.784952990731068,3.797950524517744,2.136772758212144,8.798902934949313,1.5641263203697653,2
8.007181862507915,2.091307486610932,3.1251156172794023,3.7876268742048036,8.309413149639589,8.377306282931176,3
9.058035237283509,7.105568461637137,3.6516426693605832,2.742415134901136,7.709002025486864,0.37327922926700685,2
7.215025551320666,9.78184590980657,2.2810263279434237,1.851924689553865,0.7917734054332488,6.323710283651677,0
8.221510026043992,3.5842532972650325,3.821543828242762,2.2985391438411917,7.459145767214728,7.202892078558795,3
6.1947409276798915,0.7028618891984584,2.7136349778624065,0.576729130838705,9.614059348732317,9.154185543253664,3
7.597989688159148,3.7211665765778004,1.637595534532665,3.593886942409253,7.986865630587577,8.898386880528095,3
6.383226943164082,8.019665337489196,1.1464598801599686,0.7607676507886789,2.72226162072324,8.320466338018154,0
7.087868675100671,9.032546219479647,2.9182369510550066,1.3893307577766518,3.087848787231865,6.7432267257143135,0
7.785943239818723,2.539354891386978,0.30521562778312905,0.23288255668523083,9.755325177657381,7.5298049646876315,3
9.38454859683973,3.065627610014889,7.151841894063996,6.719273458976186,0.684527951241011,2.6806175359636044,1
6.565941416795728,8.507809818012545,2.38007725345379,2.0239840178418134,3.8723020592796917,6.893128384202764,0
7.791950877344062,7.843144345759914,2.877112998005922,3.9464230390566866,7.9156444094544005,0.6081913016762641,2
9.871387242611636,3.709246065039915,3.30973201400045,3.453849077727971,7.712141284244425,8.08938962511165,3
6.744699703888129,8.374591834422638,2.3142754080241654,1.1602132458708825,0.5914587823705393,7.973445835845416,0
9.043720800996747,3.1593872905516602,1.642994669313821,2.6120782374028964,8.321511984817583,7.632366693695263,3
7.643876723094705,9.082530663339242,3.076667713768027,1.325855975040672,8.310302437544882,3.9301056718362872,2
7.848309842117585,8.254812449852873,2.7139228048688477,1.8509048639714663,8.55776779601521,0.6100127044445243,2
8.978158454488133,6.559176065744964,1.4496213325052016,0.06102532195090982,8.580140079989638,0.3222256017813909,2
6.110576514094316,6.099950355339952,2.542796986642316,1.7193288118428232,3.7151456779705225,9.341835800328264,0
8.801199890463842,3.12875868787982,1.9212935557125719,1.7708793749542258,6.423041077920972,9.657651484016728,3
6.999786176113199,2.1288813614452935,7.50627520611418,6.086348723583988,3.2858982213492416,3.554946318082239,1
6.250513781998595,7.097907754932875,0.46491093070341094,2.466449572950916,3.7163743761599255,9.93861780794754,0
7.7644094592445745,3.4766039666194866,3.0633416959968125,2.139509116224246,9.05953953714257,8.268677965702295,3
8.547313048967363,0.39349056514834224,1.3960133522063995,2.9098927643423242,8.946973952409891,7.379979518410016,3
7.636076431325412,2.526308714085224,2.6429942392955206,0.21956507916814338,9.494857853444273,6.648760641940893,3
6.431923178099669,7.8353462648996635,2.8585800713418,1.2492449869248548,1.2782936906401718,7.223397252696785,0
9.492406183942936,2.3456304692851417,6.4582028237170706,7.126048457273299,1.5162480130322207,3.3487250211325668,1
9.376199159948426,3.3274790365242644,3.756449915899483,1.921688466430842,6.526651500213896,9.566772493503029,3
8.514477486492886,2.5122210419940676,2.436024413579786,3.200876900709367,9.50057232126764,7.2547958356553055,3
6.304383369497697,0.6180309860757225,6.401600775631515,7.625704803730942,1.5489510284854986,0.17811318079450933,1
7.4520294048119595,3.7482254212824686,3.829012235065066,2.1866408780284985,7.839503160619552,6.512417015029435,3
9.477543372531125,2.012836578818667,6.443956722343566,6.373987471509924,3.9388941567578866,1.6164761768078018,1
7.080505369202456,2.9401949836651564,1.082016521402351,0.8417701331765515,7.443297625879552,9.145360064524771,3
8.062906488622993,0.09449736990845814,7.232861262922661,9.847660308413088,2.3311427648465926,1.1216065976664735,1
7.449756610744571,8.203365860935948,2.934930449647064,0.6255792016611132,1.2208323205790297,7.111359399940831,0
8.90945790966316,3.0095822149669353,7.917824006430535,9.964609941853418,2.659627584096638,2.362068649162098,1
7.423903519932322,0.389464263664014,1.6361364573456036,0.5394242115342895,8.358395240136653,9.719064542756037,3
7.592259188995433,0.9503361091765976,2.4244872329241365,1.6695616567761515,8.656210303724684,6.760612103863101,3
8.301957571743468,0.20531300844855993,3.153862715027078,3.8502850985950747,7.481222528354622,8.174899511293734,3
9.91754134694756,8.230665554338014,2.4241287658451762,2.5417383876988655,6.202874074692051,1.8832836738836272,2
6.378311616457317,6.908992553276371,3.7814317790231415,2.3401370241421366,3.708694058637397,6.674408867301858,0
8.58119929157786,1.8665846294385418,9.833160446323808,9.718418929929651,0.05197778939000486,2.2447607603485733,1
7.556803709635714,2.2450174252464015,2.62809570334769,2.3285674837722548,9.601725258374824,9.161427295894097,3
7.601530210339943,0.836830261545134,6.141419650937341,7.7393853156219645,1.640903596435662,0.009176337949530211,1
8.926014200953432,6.421468288079209,1.704987579260858,2.6501560624004785,6.532968616537271,3.988412351462711,2
6.900777557574609,8.097993662291431,1.5755093495594075,3.1690741565751783,6.34041405062929,1.3736617563136964,2
8.493812652678567,9.08491295099417,1.8099999364740338,3.176636331420633,7.937645958107398,3.8893052833801622,2
8.798343165777164,9.011567936241859,0.1855724220779269,0.11655326000155064,9.311594313050676,0.7096495369471016,2
6.350235348903252,9.726332755624094,1.2192022438196592,0.5213754896361875,8.00018653583199,0.8767339321293472,2
6.422914037235703,0.48172963382805634,6.32333825525072,6.518748687458215,2.537679455696117,1.6582935820880014,1
9.235444590428646,1.425450921042187,0.7686222764007495,1.533424538389784,6.932770918851897,7.171878547676709,3
9.709687390855642,6.418761624041895,2.0070581891870187,2.5844276517451905,6.815204078050835,0.08857903425443858,2
9.99282431840696,6.150102213070204,0.34202651474801726,2.6525588333576753,0.3333616139055824,9.158261786178933,0
6.135734510297175,2.8786616379078214,1.63223273183652,1.6504645629949461,6.356047568733464,8.117181892135461,3
9.477149560123559,2.2400139721300016,7.960644189381493,6.5068075548934425,3.109091934292187,2.807871994657396,1
7.4520710868455335,9.692804890959092,1.2724041823138657,2.0427485573668918,8.033815169815385,0.4582258175251477,2
6.992119169134558,3.8661478995920446,9.562925054982962,9.415801727071145,2.726157070871393,3.0373714888774415,1
7.71470033979848,0.23064090674405469,7.867637401574513,6.171352798935143,1.075078003578184,1.0952089599260906,1
6.052928883669131,3.3831923003510953,2.7345964594459713,0.1117184039861332,8.660482732541633,9.735884994888018,3
9.169039846836531,0.6265753870491917,2.558914363531378,1.7143762378614311,7.026057746282181,8.955900746356631,3
6.665521189729017,3.829260555376846,1.5662509238999989,1.117635867768676,8.901638547298719,8.71197978035785,3
8.795059392994675,3.625358043437573,1.2371583480471546,2.232394970334603,9.822443813634166,6.508924775978123,3
8.280676576756651,1.013392964371599,6.307656102998635,7.161628536872236,3.205743566949314,2.572481658048243,1
9.356372591869231,9.860760875802924,1.0910700490381164,1.3933834029165917,1.9323531065280979,6.753287678567455,0
9.283337544445192,0.44460572357679595,8.643641001234158,9.78202747241421,3.80685210631099,2.1911271534806875,1
6.638619020728976,2.6692678738913975,3.6605319459771484,3.564177029158548,8.662587090293233,9.509304136623342,3
6.383607302488828,6.838638140680026,2.466608078234094,3.045409623209946,7.245083347552388,2.951010772439849,2
8.29241722590761,2.9505858915791174,2.3126917498619264,0.11059375270447536,8.62038003715842,6.501562639787142,3
7.098486676804896,6.065065012198676,3.250198608870908,0.6124461635734031,0.9322030889918884,7.68758175867319,0
7.3997809113989295,0.1706964462559153,9.102609067730885,7.394429976755024,1.9110334906641988,2.8977398588405063,1
8.189043170328091,0.3845870452098463,0.6611801309198158,3.151764117693333,7.082941218947817,6.924917488911764,3
7.001025172576487,7.823011716338785,1.9599596084560504,0.17229584339439352,2.522499864975636,7.0946691374810325,0
6.806172087091011,3.7529899810384015,7.978392835604091,6.0754075931789195,3.9693831571844114,3.523118031420887,1
7.9542237719877065,9.49444347436841,0.8419042430302928,2.618006036769236,0.9428262403276904,6.777331034980255,0
6.731581662663867,2.4946015626728277,2.78730121844566,2.7533731936029158,8.882034852255234,9.645860006810217,3
7.542650212421081,6.247747345505154,2.687100936261558,3.5319300582980686,7.376871281659161,2.2910101182088685,2
9.977897470857128,2.0187847366356992,9.416141369604667,9.579971220407892,0.45448563476766735,3.073993938069487,1
7.844442702772426,2.5577644665503896,8.998483208985805,7.55565744553915,1.9673881544169114,1.7095544781054732,1
9.735316711178946,6.442477579808072,0.758436341482128,0.452061594501866,7.3860962162062584,0.6097452762106528,2
7.855400594379358,2.3448937652691813,1.927345059154261,0.9748775488809853,6.208521143815042,8.823682416810458,3
6.467707066973272,8.947371519725545,3.7799809696281463,2.580973387354131,7.558018870526254,1.603995860845488,2
6.403316286414356,0.6451689642373015,0.3915831814995778,3.355987243553271,7.5924865018783825,9.431202484515953,3
7.167258263896196,0.44010915283271634,3.0895454448421273,2.580222206195727,7.05376111397228,8.73071221485213,3
7.59937030989734,9.963159944129334,0.33026022091319795,1.3394540269486712,0.3310913883753006,6.771823306026161,0
7.915056928240248,3.018519307793621,9.4570453262283,9.149458795470593,0.6068195393364824,1.2136398731094382,1
8.85954243051727,3.442045974725758,7.041685975870619,7.788270820450165,3.0668783338520975,3.6552232593050467,1
8.132109943703254,6.932044965162852,2.6049324723519094,2.2582358279546795,8.837757123142383,2.786916090691625,2
8.173687553941736,3.261321869626859,2.2847588583298255,2.5451025762688637,9.392567860565265,8.438879319298884,3
7.314182764269283,7.924858203671848,0.9527275670339557,2.681056911948165,3.1501974136215334,9.922334548498727,0
6.209002089681374,9.55640685654912,0.27101093909814145,1.6266695291902726,1.4715781885471144,6.119162527721876,0
7.727655594513376,2.0564365613101443,8.368541460117301,8.94637832801494,0.16037944898234624,3.935430048087084,1
9.817509253830268,0.3625851464438714,1.4895578367808233,3.0331186818822915,6.633615393220236,8.602334370367721,3
9.355898778871518,1.5178721557182282,8.976206385614578,6.226085197690759,0.5028146760383625,2.8893425827407873,1
7.5990375404811275,9.640511132047024,1.570445842337429,2.2275503252642386,0.5920556623219246,9.542002247936786,0
7.6360852141032005,2.0915106597883404,6.001327855645393,8.363733105017085,3.6748999819597397,1.7956350643866323,1
8.551057622572419,1.378701116501872,0.5470464861167748,1.9920889477341976,8.604813886029188,8.486445081127851,3
7.122741587894641,8.918418375867496,2.5452101739203954,0.12280929277703789,3.964976736711875,8.823288473187613,0
9.919179387606428,3.392590448921794,3.7130903601867415,1.5334042432082597,9.005306216583923,9.235586987071118,3
6.284339171736601,7.97157052613192,3.6682863795272875,2.7267634659786983,7.167431600742942,2.3584222742475403,2
8.886969141104483,8.654992261244889,3.616532708210068,2.3575513162635513,9.231936783723581,1.8834867164404612,2
7.755239104258895,6.7179151125113865,1.694826365059369,0.9532720796235803,6.3138010433458565,3.7835756461953887,2
8.221014093007582,8.296623702505219,2.195101051044279,3.6741384557325643,2.4060300561283263,8.995039893195989,0
7.525721448442221,7.724350802450729,1.8977602331328747,0.1155078405682124,0.9690893007296637,8.765938303037869,0
8.310444514707582,7.821875658692421,1.3703336956935104,3.10665597428142,2.090590420395972,9.703070019942476,0
8.855897822021504,3.168751689384461,3.6677317477286615,1.7934002377108507,9.50399725278942,9.27032248522469,3
9.289710829555137,3.414189526919874,7.932759389502366,8.583846944567474,1.443454516638376,0.7101080583342387,1
7.742755257365881,0.40859738571083604,1.3911143758660534,3.122387528010367,6.956642745008782,7.729415267900254,3
6.72011559662686,6.163629960921325,3.0088091550400686,3.1760716247518825,7.626819441213389,0.8413160403637887,2
7.777644150921123,1.9056471036323979,6.2625502230010195,7.665929374878359,2.57404610881474,2.7475555677423644,1
9.41446136792061,2.9715676241066618,2.9704376484315014,0.4561599190371082,6.426581604922592,8.48626924484667,3
7.291510322897802,7.683286413693596,3.2417712954558144,3.0035831203926726,9.219789400847246,2.0003373612585085,2
6.156466000285414,0.2555147241277469,8.296001948753128,8.264355211171896,1.3873310173001996,0.5417030357417008,1
6.280638046789767,0.2604846366348039,3.8965603217816893,2.7905064128139374,7.631928250710448,8.858451669402886,3
8.89681468264873,6.5238038128366,3.637733397733911,1.3569236395683983,0.5487186949536582,9.069803221022529,0
9.310783518253226,7.747530775542133,0.09163503023472108,0.16058167727653627,1.7828247913299924,8.99455676595241,0
7.144957208003907,6.431402745582448,3.509612803443796,0.5877134464455858,1.436977634100379,6.378745843596,0
7.004246946560334,8.968269608930107,0.4065222688700345,1.2212862473513315,3.227649758127777,9.324231705258628,0
7.123637412100214,2.6990042149889146,7.7989148578017975,9.612369006170779,3.1360129909507144,3.139301266596229,1
8.390700131038567,9.369902357556626,1.1484348845773225,1.9049331034367505,0.7085150381827985,8.045352135993783,0
8.009476672529065,2.112695204234048,7.358813909998023,8.054913738587487,2.693903668176767,0.44997218601914835,1
6.875302931853248,2.8073683688405033,0.3037470492097496,3.7614820383693313,6.730830667091753,7.385672811090781,3
7.544440821309334,2.9265923373717095,1.2054122520616724,3.073606096441407,7.664453550657987,7.896463336678137,3
6.701106258727741,1.541101071602633,9.860452093194956,8.031843529504652,3.340041622487539,2.5142645663559042,1
8.578715733435715,9.949769604190372,2.0971158749443233,1.0532025006243653,3.0616219311859867,7.383100577025293,0
9.931575088465905,2.4574026333294157,6.180438518347611,6.945278524869273,1.506123806564625,1.562456578107982,1
6.4438688673396785,2.092244886271592,6.863080380351473,9.982734798578798,3.523598861509377,1.187203617546876,1
8.64452120544951,9.18728447204614,0.3123121219777101,0.9097972166252837,6.405393300980089,0.725428588798656,2
8.284921341642676,1.8492326975877735,1.5357932309779043,0.42802366045849594,9.7575187100146,8.490668111535705,3
9.371218488631447,0.22252667872384713,6.794742439868312,8.542820007622819,2.400144322339839,1.9872637901058101,1
6.0056398906272985,1.3111845610713249,2.6390231285065346,2.9201585884364123,9.792303140388999,9.172119408838444,3
8.51355341163666,3.9545894361912945,3.078728434869961,3.238718374941669,7.423296282320865,6.073257522985124,3
7.383531259949528,3.794500096780734,8.09770370071908,9.894280993767847,0.18646355278985238,1.0672107284793793,1
9.20334531377141,1.668872767159817,7.1576019108314695,7.238396799460439,3.5464577555788357,0.19630645564731797,1
7.740584747723743,1.8755818606324666,1.940893609656849,3.064353374960216,7.727187040541722,7.754940931090534,3
6.648115000415953,3.8760274304996383,9.392146809322526,6.938251340148836,1.654794162715325,0.21680253868679555,1
7.050467069833173,0.5800349965372686,8.748057598647065,6.639879259825991,1.4114879156908642,0.3057384572284021,1
7.440406437677278,6.064003447955957,1.675599382426951,2.9517670228026986,6.549472155420197,2.9095774301626935,2
8.653730592184612,8.14125345538408,3.9812983574593828,3.497998630910132,3.6672378804516343,9.608568123625087,0
9.788125647475923,7.9806279602615415,3.5939943603193707,1.2305381586057806,9.137981260350857,2.394710572109653,2
6.187220891445362,9.420814590659743,3.9819330259411942,2.6755937676328934,3.9147538193078835,6.22583149555302,0
8.583629804250068,1.300249526528658,9.620598829870744,9.914598632829104,3.931793008311687,3.6032140369703605,1
7.128696480974357,8.214437326218345,1.9988118134439175,3.252522996695134,1.637244349315654,7.712502511261675,0
9.83908888126831,0.6419880643429079,3.1186789146436262,2.2089256818785596,8.59095670723932,6.041853398901732,3
7.833131597504385,3.5919722314748377,9.99976577367289,9.478479367041608,1.0840321812781304,2.570490123252672,1
7.506910879322776,2.48171511694486,6.597383623801903,8.546697848511723,2.2347605875186263,2.911190153044822,1
6.651627334885112,6.418774310509268,3.3038752794172668,3.2055356529397128,0.38481872950094687,7.026440388775535,0
8.139297041368842,6.683259940082821,1.7392540012275952,3.8797074945359356,6.980642886642487,2.7119802934366324,2
9.52921910656563,6.958305053287722,1.5512919180463527,0.7834602554434529,0.7425169473807594,7.147607755309893,0
7.956393856200037,9.554486718911592,0.2578305566154948,3.19839831608135,9.36161745573242,1.773943048681231,2
8.870490135825722,3.643422398374891,8.73877887364608,7.480195550028161,2.9609740099652617,0.5362803772944447,1
6.165710850211806,0.7373997673932453,7.241156543953671,8.422680064691859,3.265256474420276,2.1175999828230645,1
6.7714083493248305,0.08096276681792469,8.850045740505557,6.277124045785439,3.955996089139477,1.5126849079002995,1
9.043131241824929,1.1917592402591022,3.5773210813159007,1.3035741416013136,8.104370663227636,7.932380881346586,3
7.782095940562714,6.488003400606889,3.169114100657622,0.62943116192681,9.56486488886531,0.625693891845835,2
7.202019484934661,3.9743641182533707,1.9069834760675635,2.22824466313485,8.302556389971764,7.5815748113007775,3
7.178460134713966,7.301730384253942,3.045107782762619,2.6351539350184594,0.8714227470106559,8.260880629790739,0
8.213680363428038,6.818778557244205,2.083166579283449,1.4164426142806992,8.816113399817253,1.5047593643974602,2
8.425723115050719,0.03178080060868371,3.992479914159154,0.3627032202924352,7.1583361117320115,7.904172473842628,3
8.137923608512676,8.557582084061341,1.5186010937583587,1.2053761029996028,6.525592542487368,1.5117188866072069,2
7.675197789642569,8.48119119996649,0.841996670788383,1.1253150989483305,0.9264109705377872,8.610180861964762,0
7.9451923810253255,3.2784505096643106,1.5948668577238831,3.140883179178199,6.564768628807326,7.528938002409456,3
9.419891332473538,1.862181291617678,6.333597362947327,9.168493024294323,3.964766570994177,0.47075612128574473,1
9.721253290450726,9.331488295096957,3.585919020319902,0.24036386624543216,7.778552534030956,1.7329018444977602,2
9.649870134930515,3.082401379724677,7.757231772523042,7.221616693674809,2.676402667532755,2.057350061252948,1
6.097238279557936,7.679293463535618,3.4270193402434788,2.3127516813314335,8.011053393492602,0.6547713022952344,2
6.139412200313466,3.261524645866876,8.670898489542038,9.177560257587007,3.969531407704443,3.741609243621964,1
7.715761980182874,2.9706213903645264,3.6338844417237666,0.9254090785796634,7.430770039342959,6.2621748614574795,3
6.288237536471729,1.5925001447433305,2.1947172774271255,3.2630866351229026,7.006131233261801,7.244072472833461,3
7.29124969831531,9.348986203657216,1.7324587819084023,0.2706857423939337,8.559530198622106,0.32645415448696236,2
9.518308082452208,3.640615191758394,2.5329224426867203,3.618654062607613,6.216400919960965,6.108571317247412,3
9.711631140188054,8.381312170225943,1.4044285434298902,3.5470091967261066,1.5400198223484418,9.594253357756067,0
7.42476237830655,9.683245050265226,1.032794461400493,0.6640411521787626,3.2413546107005087,6.245311921633528,0
7.638164621141636,9.359818147843722,0.3483230914186648,1.3244127587960524,8.82059788711063,3.9684282098827226,2
7.04579695208839,9.082355315125435,1.769699048159464,2.8435437427454433,6.88005396251117,0.7136781242545793,2
8.85880349430308,8.432471736806857,3.8149024856086946,0.4766145782380842,3.353077847782815,8.98687506266947,0
7.225554212063544,9.761513623868858,3.219575270456862,2.639701083808545,8.795899842993293,3.770738500008148,2
7.8413666225683105,9.428915699723893,2.737484009511186,0.9617488796553744,2.3296930645662024,6.33960602540075,0
9.527067126730959,3.1205570277532235,8.32339579589708,8.353134821711068,3.9446429713919566,2.630483868695856,1
9.353970626435235,3.538847026304032,8.297794275821243,7.478219580090293,0.710062660097011,3.1564758079825355,1
7.8860889199563236,9.08399776297049,1.46174267950882,3.3547362813397505,1.5539951447320557,6.527753649756868,0
7.261376831694096,7.087626840605019,1.2270373919270767,2.512504261886761e-05,9.982947905870658,1.0496614877737525,2
6.070413045938038,2.302787791233434,6.808734372212225,8.70183670564112,3.761230978380126,3.9916459554588863,1
7.878104320182453,8.249845006171025,1.82836361440935,0.3869799057531935,1.4708692491646316,9.442328670014454,0
8.262036720244225,0.3816305682230854,7.731352038649014,6.95901030670181,1.5872807082117317,1.025933094508877,1
8.245310971232332,1.348966564218574,6.359264171379246,6.098007501290158,3.499168629940822,2.6108815789993827,1
9.664775731364346,3.687045504552791,6.259192780473397,6.7053862127578405,1.0232838369172201,1.789709381889074,1
7.161970421304856,7.426229915868192,1.2891158835218386,1.529602368630619,8.646636259460557,0.217137869224727,2
7.393945624172768,3.205682187595873,1.5014046545448032,0.5526883361251258,9.352429596440846,8.573562920376142,3
9.131160474451217,0.36784343329668934,6.9573921783826,9.238511234832366,3.2175095078976295,1.7062288951519426,1
6.315561594672025,8.424395059799231,0.44114159522362417,2.351487075265802,8.204361363984209,0.9428644577863081,2
9.548451322919378,3.7724908558713106,8.110139923596629,8.394822906967176,0.9470396728508388,1.7291829253715578,1
6.496057279993476,1.1514690979402031,7.162493715199551,8.361482037214929,3.351045162326837,1.7832226089990035,1
7.636235598437342,7.248660662426258,2.2483961684966705,2.068235331696808,9.660635084691023,0.6281801842101369,2
8.94539789381516,6.531284273336569,1.1690987453910044,3.292606105459244,6.70175282168711,1.9224208687331972,2
6.843811746565489,3.333002892591347,1.8877293969181559,0.6584362894770646,8.26843268758379,6.976853869345076,3
6.381791901234809,1.0443276249799807,9.177546488163243,8.337391201094732,1.505857273743406,2.3240294932475134,1
9.141293118638377,1.2221223376554926,0.8391059273988777,3.602804751220677,9.599956249771678,7.445897832058863,3
7.8941156819941956,8.373899594361973,0.43916848578748136,3.1485890148840827,7.4366083803371295,0.6160946982689222,2
8.69242788729926,7.224247144023991,1.3815828512767125,1.1742933805881215,7.614755414417967,3.2142413172423985,2
6.292539560662304,2.5842600772083735,0.9954491502284402,3.2852015697890833,9.644098497427185,8.973032720411616,3
8.537394589492115,8.258338906397066,2.75800559419231,3.986965216159178,3.8235378943905,8.901491749880051,0
9.13142753728556,9.729808606924925,1.9851265531209439,2.774310745200037,9.995601293915554,0.8018581903879993,2
7.60373941070495,0.26349665922107723,3.6967377752406856,1.7168997066706329,8.97425398155955,6.0500596657884955,3
8.5775178893789,9.72219030893692,0.05732497868322595,3.329789268189223,6.713279879835319,1.6350525177422353,2
7.09277097345206,1.5270115803292499,7.782145332795433,8.406925979229825,3.884030758978067,2.532234110277443,1
7.4482514780309295,1.5759850904494246,8.917099895564247,9.339697354219798,1.4249789053320825,0.4433076011212691,1
7.843126943353085,1.3238477207398853,8.348271396419772,6.93321604189328,1.5442570936112103,3.448365519803567,1
6.210474566350589,3.7808076973834166,0.07374249080759299,0.8386048002391866,9.413600051358442,7.891468577599058,3
9.261101155210207,0.7121948013775437,1.3927476596303006,1.358589773137246,6.1205309177857625,9.916044326759344,3
6.745652808860042,2.6709248925635634,0.21469469542408648,0.951871439036557,6.494687902539485,6.501246500606742,3
7.5206496057384395,8.975839214479175,1.1397826209401245,3.7976927574789956,3.341247390813827,8.343189579007744,0
7.439831966075966,1.2386066393223603,0.6837162711121061,2.3639620927753997,7.836555561388282,6.573178073728092,3
9.079097598358775,7.932991635135328,0.11154593767417653,3.774462677028515,0.5699695907637019,8.996922423134139,0
6.545190153071408,9.67432342299627,0.6144132843430334,0.5363652428781185,9.783510524516762,0.7275203230344083,2
8.906178655121112,0.013657036727435123,8.547631753662404,9.83499823284553,3.662402074958541,0.9832510647748394,1
8.405037726512743,9.139298870560703,3.0746106982674304,0.024961168489379126,2.932108222420602,7.000805866211707,0
8.897361038850118,6.08433292127585,2.585207785814739,2.979618110849728,1.0664722397147868,9.549301809123122,0
7.419727580600513,9.361403457213164,0.24158436321687127,3.1309540816327073,6.722579861811204,2.8875551037336984,2
7.66416687187618,2.599758380506055,9.86591158992245,9.915934871458557,3.7768146208013946,2.831608028721442,1
8.980475094497962,3.5893536087317823,1.9724272855018392,1.743252665121911,6.27007697033128,6.568132574873313,3
9.2560081221463,8.240025030847761,2.945064857236188,2.8151522097573336,2.50622400402123,6.578497785031452,0
7.508283211335369,3.631826639185607,2.5784813048243684,3.9276006686098213,7.1876484011825985,6.51546757375854,3
7.370010201321538,7.927244037997822,0.6007459499808077,0.7655240374700862,6.688209124339377,3.517078152282083,2
9.108864074571601,8.383300485301827,0.37836851451170483,3.2093199982584086,2.4098358560396127,9.759151545713237,0
8.269226380474558,1.4417997854088216,3.33651174653941,1.0474245623015221,9.433272293025453,8.42716377675055,3
9.635507952966458,3.3106963164715046,0.3137658784480237,2.4813741308690487,6.938630455187727,8.367407063665596,3
7.3967841306793,2.251895023447221,3.8800895204460017,3.039707048139791,9.593038090040094,7.678941015430789,3
9.031887151137347,0.8899811596620384,6.224204787128033,6.6549213819688156,1.1796257554849126,1.8481735940273643,1
8.684262629891721,6.616789112278587,3.5120823037318143,1.881275812536947,6.076612527850241,3.008951151116297,2
8.882906387878645,3.2394571787183755,1.2593274469910298,1.0996738066608214,9.378989134541765,9.578738741110508,3
6.566964450442386,8.319429690876296,3.0881822018514056,0.040871832106890604,7.198785997913044,0.881740695212458,2
8.101222029806394,7.954845964809367,2.690039005764749,0.5360696475944988,8.759970859226366,3.8507218992470165,2
8.929755218944765,6.445573672004942,2.0016317656571947,2.592929882340728,7.081530148114586,3.35338099845512,2
8.317574276841105,1.11092737709855,1.3938115571650518,1.1614727301973145,9.708783901264193,9.485000744010092,3
6.968542418058064,6.162812924277153,0.16500792823297106,3.042924179072305,3.4131854912906654,8.128961292508151,0
9.042732319962202,2.8297294607562904,6.959189515973179,8.47014374683101,2.8318008646136197,3.8742214548819303,1
8.478135663016843,1.0014722886336003,6.737162955322861,9.144470851453095,1.866960750029003,3.2513960101637203,1
7.762768472703975,2.3126447343473457,8.041635634109833,7.765933071146616,0.1682155099681224,1.5580013223552496,1
7.965130798122889,0.8504458178773295,9.616841615329792,8.25125430041559,1.6340381433253692,1.989669787877574,1
9.934647463483069,1.8981739603283523,9.895562156061485,8.135785247965917,2.7653939362418756,0.9907847406776535,1
9.531209033954733,7.045688894680148,0.3943206297989028,3.1660513272040935,9.794689598019009,2.3950393729498103,2
6.332138638079908,9.421358908935046,1.7205718277134703,0.6540522782329874,1.7231611361504227,7.422267474026663,0
8.56712636210948,6.148613264687285,3.9898587154039697,3.5050740426202665,7.394507857790005,3.45867251171847,2
7.448133960505448,8.211173561732874,2.394862085306612,3.8021104036876325,2.6160485049020403,8.842831314367784,0
7.1665384827058665,3.3932502519573426,1.399791566206245,0.9665418029612303,8.08305739159959,8.940774922197482,3
6.761753929428904,7.016614890232853,1.5703102252024896,1.6429356587307455,2.9602336705140995,7.686862301313408,0
7.432265731054175,7.527068209288907,3.375390629753121,2.7213989097489266,0.22211565712701686,6.621869447374101,0
7.850794194360926,0.4014470604869955,7.89681506068152,9.758864571663874,2.685539482540714,0.26453885516991926,1
6.9568872137096704,1.6934552307944855,9.501546513201632,9.624688551608287,3.3448801688473013,2.999178371813485,1
7.47570453378561,9.264099533679026,0.9997232938519445,2.5837992838686636,1.338558092517768,8.45969838614789,0
7.7852132263105425,1.6430522770996525,1.4548674681510971,2.9404696624539945,9.186417889184455,9.640279945828016,3
7.895916343243561,2.9472696933948104,8.212737773520692,8.038886502449916,1.4717501964373674,1.8308145405951342,1
8.839612788768989,0.8545777501784908,2.0773678576105183,2.668583687067887,9.156056017522195,6.353906340163934,3
9.482741131829798,2.2023585327275814,7.463222065706741,8.431015830878875,1.2626644704728496,0.6474712853357998,1
9.010011124445867,1.1775039520873358,9.148442810776544,6.85246673510448,1.041431215799273,3.547289053719739,1
9.150124286350302,8.28682012188713,1.212485264568735,2.9958404436880675,6.986947239223834,3.7295032356821993,2
8.551917094721619,3.1178180705148972,1.5109343411570495,3.949405498122511,6.320823545634421,7.788264311107945,3
6.1886571667000565,7.379690000080115,1.5930823079507035,0.6734401310506364,2.30833877319856,7.531890062776318,0
6.0045627362289204,7.4057106517490325,2.272780199847324,2.805063604235479,6.554144863169653,2.964754281829901,2
8.681903781647828,8.35787910242097,3.9399502397729016,0.7602018072733796,2.07552547433975,6.027483334276671,0
8.945600453384648,1.236264961207405,1.3894112608000797,0.3496587884114901,7.647194344563349,8.660378172812292,3
6.2525105231707885,1.8122151136107543,0.9792883450277516,1.3147179113637018,8.732958940384808,6.903366894315248,3
6.335889205975332,2.3234068797685694,1.7564421880826995,3.0596028950693217,8.930745279889225,6.160820823945147,3
7.514929038547059,8.927268257118365,3.8034190304619004,3.2368787064955855,6.861302347197114,3.8489571721480598,2
9.218099355622652,7.403413030304586,0.7339783722294042,0.6531788549057649,6.019892342098592,1.3063829942441845,2
8.500535599517999,0.5532514838781015,0.7587245111227516,1.7242514590718314,9.094893048066677,8.411273311061876,3
7.373521861701191,1.759225370734236,7.396125649323087,7.792318840700926,2.230305038359554,2.4412349282395778,1
9.23835994658358,1.6095313451657942,7.931368877068275,6.4658608987423065,0.3189841890155871,3.1167791144827683,1
9.581839660932053,7.213326111662941,1.4667216172127704,2.1913694219591915,9.289067557851993,2.518965735092279,2
9.808135084622554,2.1643517948166897,1.2478722260484396,0.9985204284463736,8.785860369607688,6.952034051258788,3
7.3227567582250686,0.07904166667184676,3.90347224302034,2.2808368735611695,6.676077391295956,8.076560732958125,3
8.837839102318526,8.470007286178049,2.6462075471645723,2.0630306639218747,2.2863112363704774,7.426030719292699,0
7.425476779887658,7.587756466891846,1.6276512293590426,3.187668037868807,6.8670095005042935,0.1530948661833107,2
8.665843067176834,7.729556355948028,1.4227178697407283,0.6585710927488972,9.399965307065939,3.002311384065352,2
8.010857571338034,0.04787432645592293,6.319283976085775,8.701845839959649,2.699884466247463,2.7750286625769904,1
6.485372259044698,7.248900646297921,3.3236560615005017,1.601992736299704,7.057810247399777,2.8260722389367596,2
8.93939768929323,6.6390838075915966,1.7718358527977411,0.9107098331281773,2.798150408947536,7.406875625296852,0
8.376464481300783,6.7796908251752575,1.780955856280301,0.2812095419686975,9.214514837415852,2.9591504981901657,2
8.902914577130845,8.530530150282381,1.2092796450267214,2.3502930679310663,2.1503835929346735,6.464240579839162,0
8.447547593500728,1.508535174293332,8.213995719913626,9.17699080383633,3.6042197138094707,1.1517416932712479,1
8.308738884579471,0.5506407554133688,6.592972418974361,8.670051225736827,2.8432165080923024,3.0180172871767823,1
6.8209811501728375,8.175963567110514,2.3826188970907465,0.4413677177924442,7.846347512640969,3.3774750332711005,2
8.078082169464391,9.37034015173914,2.654563914732581,0.5567465241302392,0.20429144530099297,6.435502706667723,0
9.506612461513328,0.9709241060093383,2.0992305777595863,0.8577326108697938,9.69356316826937,7.531391265182731,3
9.403647096789028,6.399344416196447,1.8018062101992034,0.5402373598459396,0.15854134519500107,9.478278763088495,0
9.038861103461482,2.976406753528557,2.556346264197885,3.007008084574872,9.059193875040432,9.028220369127196,3
6.902006922023061,1.8217045748832281,8.655731452467828,9.632887433408712,2.216818385101366,2.888054157431699,1
6.5253678128535295,8.654184309924045,3.3327714739945984,3.743883054221603,6.8172708004503075,2.924948775438333,2
6.360701727084312,1.3800265240306349,7.9231603133149155,7.8558514956579675,0.44696312608893285,0.1259449613046546,1
9.779804270880792,3.113261576983308,0.8413584092486079,0.036017033919671704,6.630089050888214,7.7921571506885945,3
7.067984417784872,8.492316992153457,1.149534362966321,3.151223032020995,7.264032658059024,2.3709327578797668,2
6.084526745599993,6.202447748043179,0.9504795655762912,3.143924752626383,0.34202279104033373,9.23132399111286,0
9.87137321054707,2.438550585799276,3.8354194476786954,2.582297535678006,6.798091547464725,8.64194489096951,3
7.620109613908117,8.646498997009964,3.557812964775342,0.20113462453277098,7.877940326310276,1.3179180067854577,2
9.008319724242634,7.665337162479636,0.039611724013092875,3.534809611918535,6.523048408788579,1.3614619268943078,2
9.89865336586426,2.196113724639802,2.2348635636061953,1.1466458913229562,9.760578318544276,9.72038740211087,3
6.774262288181635,6.301125470474048,3.1525203464911273,3.725411119806922,2.1874057224702805,7.428146160044214,0
6.9308785752976,0.00028130301245710143,6.4655809036632865,9.165190771524596,3.4716417233995176,2.709877058629434,1
6.612916038480126,6.671860085752548,2.3242209656836765,3.507672859838589,3.7507679346449683,6.2564785767114905,0
9.953266214743843,6.267998859551717,2.5589064831434247,2.0047249578721593,6.200928561399335,1.4830085479900124,2
8.831073481536375,6.922144358048996,2.464457290266014,2.2353906720173224,6.280808743571035,1.1542813642227014,2
7.3966665815228865,7.330645292604341,3.368290954151962,2.7926767760921263,1.2474887707679172,9.601507616622099,0
7.906966362618827,3.612751348649983,1.085075712610812,0.8365096159087217,9.543340649375732,7.440449943673915,3
7.637871467759996,2.6169471030471865,6.6527663307496905,9.730300362914445,0.962212196843296,3.7120829742653783,1
6.43656535667658,8.638780386066092,0.066733507951664,2.5180172062393336,8.781497468407686,3.2006939058594766,2
6.954039678999779,6.624290260557634,1.1287101344384176,2.202282705525238,6.684466995296679,1.0881764851813247,2
8.636396121353846,3.405953080213448,7.574100598127506,9.473746030870753,0.6126451108790141,3.6879682618398975,1
6.622085253646322,8.587072232731126,2.8603814831609964,2.1398571652957417,7.4236167493593825,2.1810030077532994,2
7.394958554733716,8.35746541733181,0.4078803812516636,3.8774122755325826,0.274580404826843,7.974543327033222,0
6.5105316066075325,0.40686951750299105,9.973961978057767,6.118851724174451,2.3902117101663274,3.9111156440808648,1
7.959573580916242,0.8373080504063513,9.614652236826458,9.443435435890516,3.971275007054448,1.8314113795125135,1
8.271645081675715,1.6682890902039702,9.143763550405708,8.61286416735883,2.218900640470397,2.4192717129369625,1
7.537087655074965,6.481696026935596,1.7992029583687428,2.7520887129186384,8.32531856194534,0.621699323717062,2
9.804624003631671,0.825715825045247,7.436730469495892,6.7794081397431025,1.8266247854917652,0.4912034443290012,1
7.586923509942195,6.566870347279178,2.3242056352079583,1.0529955220444038,2.567406213046024,8.664112346899103,0
6.894127307028219,0.7427991097668674,0.5335982122197862,3.0670400287468054,6.024337521882275,7.407346086041666,3
6.256684538469168,8.450870159214972,1.4863300104616028,3.865930699835742,7.160788010889162,2.9578013374019805,2
6.834116698713289,3.5571316986147887,8.429840702770434,6.516980405279034,1.6229530555698934,1.9819431164345027,1
7.5830209148799295,0.9187535750370133,1.1490044690184198,2.9110827491939313,7.709473682751655,6.3286320211775,3
8.009601821425093,1.8871495684935646,2.621068213702631,0.05251928240995607,9.707206811731396,6.755482195183134,3
8.11523571552016,9.501947687402671,2.736997404273042,1.785750726438876,7.0588768164856415,2.974167040154228,2
7.564773384875755,8.514202836850245,2.1497786665659584,2.5116053736035333,6.144863883520393,0.09398311676388182,2
6.780399074099812,0.13977805536207466,3.0940570736132447,2.63368171509146,6.624949402512195,8.929732325953939,3
6.934225831678756,3.131226049811179,7.127488886374692,7.582504597844889,1.4009493077305164,3.0543717494310094,1
7.829600523210809,2.9722262503065675,2.8092821453908163,2.7607097828258844,6.958128545143323,9.611747804076556,3
8.551348960488365,9.424728813493372,2.896596401992788,2.127398319932719,0.8009622902483207,6.523707286894927,0
6.178977927722588,2.387625381063979,8.321321683258061,9.022686105363555,3.70425857345481,3.6759763789204407,1
7.836095151093264,0.17556867094133155,7.490264516795977,9.97077309606399,2.5028821736829197,0.08635637769152504,1
8.694968509174174,6.775250520492611,1.46669580087244,0.9625686957415076,2.477088391527132,6.121946094201527,0
9.49724315911048,9.360394228674664,2.515194015136016,3.4339243731744395,8.984709123377538,1.8204259570177599,2
7.989469659141321,0.6961456828452777,9.050383606642363,7.256245898002698,3.8373328374674616,1.7124629123293453,1
7.749655313391517,6.290831267349774,1.3572425666921673,3.2544473712800723,0.5193097700016609,7.455932146300903,0
9.88694847480853,2.2859134574584385,3.121657062380708,1.4135054847496673,7.769517129979178,9.194985043263866,3
8.311727107988515,1.5262259168648717,9.02490787292971,8.840668259517258,0.16076468388027987,0.6407962631089079,1
6.134828921388038,7.95782508262532,1.7750673134755894,3.9410921957052487,2.9915323864132013,9.193031708198266,0
7.155746536748675,3.6713326718906107,9.94101098533085,9.21760256552742,3.5641650989546916,2.5031295940745166,1
9.690400701042453,1.5809555927439551,8.068220395139484,6.356622170579205,1.9174312474695734,1.0553677555634597,1
6.020113322190467,2.6517317484163727,0.7064802893555409,0.27952310414139614,7.530463633739513,6.983696861371454,3
6.947789649706261,6.5723356414360765,3.400180938262092,2.9726112598051304,9.934343973934899,1.1336466130171146,2
8.020560362850185,6.752963554591124,2.290550502802184,2.3227821546332574,8.369261013539443,3.6524343999127353,2
6.672410555993293,9.873787248957068,1.9787114666147496,1.0112794662990785,1.3059430857621157,9.824577369093848,0
7.826395198359138,2.246038967081472,9.344583095987566,9.146021215672405,3.5737942592448095,2.8328261154120264,1
8.56122090074567,6.891617792691662,0.1715048209763661,2.6827392072748313,0.8476289753494379,6.197887668824384,0
8.62699443118081,2.856191375600036,0.38698609921346483,3.1344190082991967,8.538640749513581,8.042738125347672,3
6.9865846897077235,6.446039738760801,0.5629685292854809,1.5503319254655605,8.329584145533957,2.7726072579864867,2
6.640967612007824,6.143244615389511,3.7637370093897617,3.295354440988681,7.322922817214037,1.0100090679866107,2
7.209260864228814,8.993504326925212,3.1439334299520256,0.1671976990212629,9.72320208460131,3.111721575467216,2
7.292114203802247,6.3910856571142896,0.2823087323440796,1.9492627299577636,9.273178751808524,2.7126342701198944,2
6.083816339468413,7.930106771205382,3.103073198949402,3.1597518813559153,1.108065409381124,7.622241720236736,0
7.605702680831888,1.8658067732786883,8.80880169286543,8.520468407966728,2.4890179473050025,1.4206856307242477,1
9.575558641257123,7.2199349510690976,0.7415677494818618,0.9514253303104212,7.1861830195818115,1.435204935264435,2
8.267442560451462,8.770936103248182,2.6710470719241783,3.865780384274156,2.770240722106753,8.082519220532003,0
8.902999043983002,2.980444691643843,3.1012999510886132,0.8407101954047058,7.582048922272662,9.06031567657052,3
9.433814783672148,7.054274156777721,2.1660581311878615,1.4910131610317325,1.2139925746651312,9.327615871386815,0
7.907078440970351,0.00109430781256048,1.436061932200524,3.000574341526341,6.233742906191575,8.823083902695208,3
9.891928016736195,7.771880809946084,1.4974962189095717,2.353001810016057,1.3261302178923593,8.969876693969663,0
9.342638068454749,7.02795922518237,2.9297837668570064,3.051308153579223,9.597335279579084,2.7485853864522345,2
9.836394212065912,2.9507771348564855,6.1048604943912,8.801782293526504,0.7277094522823351,3.920127793574767,1
6.088477951676782,6.16853831826275,3.7803423536107563,2.1943610761966124,2.673338861318663,7.284107994586005,0
6.716307257974574,6.478157481709982,0.806993645582299,0.6919163486166147,7.636205168537252,0.6120884554956829,2
7.048413763707414,7.183319423552857,0.2614299185188975,0.20138253544770457,2.537109533835225,9.777583342345917,0
7.222933891107712,9.927531921790118,3.867025576434549,3.593572593768186,1.4565942218751227,9.278903116996805,0
8.834796447762205,2.725888099801983,8.437662911491334,8.66604341290457,3.153414612673669,0.12398997229486186,1
7.391068699255348,2.2273025660545227,2.9747492929880717,0.14789105412800563,8.82280518632275,8.831090330076501,3
8.085807131462474,1.671712535343238,0.0197138623867521,0.051272749520849814,9.765727124412711,7.523817000082433,3
7.4918714835226945,3.482888151625732,9.796644580751988,9.037284311588417,0.6036456594733539,2.7164479179717786,1
9.028026483011502,8.66490700460483,3.96459155844964,3.016632060397665,0.6086766168786912,7.995059692433417,0
8.771705096421787,6.61766382598031,0.8861714966626963,2.4677538608741183,8.393198168875658,0.754735033889987,2
6.149936630227881,3.5111587053107223,6.102513403867938,6.8783362211056245,2.9596252070126017,0.9004126166736297,1
6.030942206948695,3.4249230931948937,3.4344150176781088,2.62838039207649,6.428705368741954,9.79421372763843,3
7.71497829189409,3.007121567363153,7.26096535525788,8.235902767937555,1.8363433844111228,2.7476742123564866,1
6.755018511581699,9.770772882486046,3.5113346408222204,2.346310083512769,1.7620374886456802,7.688503769772524,0
6.512427694269138,3.965582924073993,0.9625308517236295,1.4365294891512868,7.631619767500102,9.627328461043707,3
7.143222756358002,9.026676204343929,3.1577182710297778,2.4191695051241813,1.389378386954062,8.972646856454197,0
7.365142599947449,6.573901440011419,2.0852338319169266,3.627625786858861,3.230450980271587,8.16874150820477,0
7.16760590664385,1.402604703811937,3.7537525821282998,2.4098644752827627,8.932587777884372,7.712755804446068,3
9.110097960122383,8.41232062368166,0.9046986898023186,0.24640894479749864,9.622023555488276,0.7579885666653761,2
7.786108333364756,8.955878839465116,1.7409946422586842,0.24998646382795853,1.4445476780619382,6.967113292007081,0
7.010532958632429,3.9542362807508886,3.5207760680545626,1.811445692764519,9.499064938260943,8.17679122801219,3
9.155052655972064,7.115792218705411,1.8958872732130438,3.4991632465852955,9.719341404773491,2.878171777334496,2
8.046043361098846,0.6361076495711879,9.93874123301021,7.287490675929275,0.05370700300114928,0.15090409314666653,1
6.418506806637392,0.8988092600761624,8.141026946788235,9.710581419499562,0.81985409331502,0.6171003970953475,1
9.699349917127599,9.102079268349765,0.1013089167139043,0.18892556727256515,6.645420581454711,1.7862334857117537,2
9.485703437284425,8.189146743062341,3.615081432809996,2.3100913978127275,8.242517936454043,0.8743436338460264,2
8.975310755621082,6.104255525267439,1.225613680864925,0.43802490898520885,7.623343004689091,3.111068295876356,2
7.475427562286527,7.90350770838758,3.491666322272502,3.619633598002008,3.30389788549092,9.877693902488186,0
8.269734190521916,6.829929635675507,0.6641209978333737,3.829272141208816,8.717909837136002,0.3294934605023645,2
8.853506639637335,9.859389615063193,0.4389141462769057,3.334982662713024,1.1202692572547628,6.039314951783926,0
6.606811104675878,7.88115926892822,3.5411064928618865,0.11127824481301163,6.1260639769374965,2.850479554520125,2
7.16497933933206,8.69356001157939,0.05509842915876684,1.5857980942356327,0.566538878423303,9.662042993231708,0
7.283418046444098,7.8483682825756285,0.07002915674274446,1.7837959633082723,8.064359424363914,0.4302476794787973,2
7.741531875152342,8.073910941438227,1.2236298508346013,0.701402524237074,1.1556325947985506,9.081201798667706,0
6.4873848643128085,3.922451255219861,7.351846964174934,9.724390542825804,3.959001576865192,3.3925143436458525,1
7.499572589306965,3.4036332418809407,8.047669708787462,6.997488645517995,1.3214280618850087,1.4149924046697309,1
8.34238335235561,6.286255443321714,1.4351851543270882,2.2650676205130735,6.203253209247271,3.971427153662685,2
9.76691520651249,3.431882995313774,3.0340851141742324,2.1646274236575143,8.502200092528346,7.297930208175835,3
9.783410019911996,3.3546896144114995,8.297995171125198,6.948971515252134,2.8370657247688036,0.7637490131578901,1
6.17142970835558,8.050910838845393,1.907029567090531,3.532562575419882,7.38064436980118,1.8718909629666318,2
9.080816014094522,1.3373656659046378,6.661089028942884,8.576560999629457,3.000247904841354,2.120225307786289,1
9.706739606318532,8.24608618866608,3.385791974189065,0.0053214063202342565,7.2147707449824985,3.5162262747476505,2
8.289414385840557,0.7654541560405419,2.9006296113786343,0.9035823098968483,9.645542603525008,8.605150639308098,3
7.625656683039307,8.254614723342671,1.0555952277568323,3.5282310956432026,0.7702073261119602,6.410056651307069,0
6.77754718841576,0.05340635124654014,1.4186230384868894,3.512949235913321,6.90324247310441,9.670402703830895,3
7.906073117474064,6.607421623993556,1.4399851660524572,2.457273180206485,6.685811998193512,1.6422942499910271,2
6.828546591454405,9.81394218247763,3.5964801402255806,1.5950772385871637,9.767615427311839,1.6656040607959564,2
6.171625842448943,1.0235751224129692,2.2461901147251857,0.7081220396104739,8.828611252628187,6.203407604034268,3
8.312245771778562,2.258056708769054,1.2422716482408043,2.2229364553456405,7.3948970064033865,8.242045893704068,3
7.3287348579352525,1.4356514039651502,0.5509849985813862,3.1881291458188983,7.142068052542781,6.968428337753682,3
6.933290501538522,8.132653789964321,0.47054900152720114,2.5011971570848166,9.593231112461353,3.579507631709131,2
6.805490645773005,1.637382073129353,2.8897130554973005,0.585693225855247,7.821177322118896,8.486313425375549,3
7.208384142668301,3.2881806387028565,9.888386856328632,8.88027293895577,2.4279327889456184,0.2441964959854741,1
7.153202157029215,8.002015400645512,3.3917231489686093,0.9408486168110861,7.074948403443868,3.3978689014502885,2
8.460104896850073,9.637972184150273,3.2963961716750605,2.3757445846466325,1.167482901781078,6.658420676904798,0
7.692896600422953,3.9536285205045467,1.3146774866636282,2.251850500374472,7.14085960261669,9.186724284820642,3
8.513096918418643,6.117047630398787,1.0594900317877878,3.8277615408462013,0.5480723052936423,9.067700313391118,0
9.491325494357302,1.0671391046713645,1.9980150852229546,0.4286591004824163,8.830635286428894,6.465153461943833,3
6.725209689026027,2.513955832455643,3.5288863236158816,0.33506421052426116,9.78602059789462,7.977758405324789,3
9.69447258840508,1.754184349920982,3.3522848141140105,3.888735730414532,8.783559031537814,7.454183814035218,3
9.773628432950872,8.857163257619924,3.974962408126685,3.1729443059788873,8.958427202738756,0.698033437985921,2
7.251714133665093,7.122324547641497,3.146838338793936,2.6369432136406363,9.795619481157257,1.7858083459415357,2
6.767831496334967,6.5676697561192565,3.8427026230070864,1.1876645715108811,6.528157892615162,3.1002728495974496,2
7.922510525792415,6.853310230587061,3.8176860811615634,3.559904855828705,3.7612373373433607,7.312422722257136,0
6.437782273661973,8.964663383970638,3.6851089358684477,3.7497930206567927,7.947282144699923,0.798412949731127,2
9.23131445705358,1.4578056871261715,2.36210708734404,2.352597606235114,9.53213441884419,8.39685768977371,3
8.829651662128729,3.8845694102785813,8.013435073484343,6.29654254606536,3.6151854584565197,3.7478815356611572,1
7.595850750051554,9.993294675383328,0.06168260785797619,0.4687137874311271,3.8864756939064105,7.404417459397489,0
9.349924670609344,9.281964071052647,1.7003369851321937,3.937908845963818,1.5492421962444674,7.81033802085861,0
8.77232314514431,7.479272701320362,3.3973751299385495,3.7766133070088905,0.06643427915058009,8.776465562963487,0
8.606179738319367,9.211846971759561,0.5357175064656308,1.6737931780015516,2.59133862745153,8.071387185443598,0
8.904737621296018,1.0451939962491847,6.063723919169984,7.619246396307201,0.39023334737163573,1.3143490317233257,1
9.988404620213256,6.520140094107213,0.23172551607281422,3.294092709509033,3.9789345153939486,8.547987285339078,0
7.425028611760801,6.733848707762057,2.090896723907428,1.5293502205000657,9.923617486526501,0.8561007978545518,2
7.165339604245885,9.89521142581887,0.970357411911352,1.5783597626257508,9.889641274045522,3.4769155321055223,2
7.263331773678706,2.7130142660285452,0.49513044624222635,0.010896866059525667,8.234794343905758,7.065045346247944,3
6.081427010991357,2.8414026442736664,1.748762883212133,3.548881998162203,8.083953046910796,6.568719979537402,3
9.243967909372317,3.1003848663558933,9.799576829549629,7.54795680562534,2.881036601828223,1.3527877493066622,1
8.130577413875365,7.3575538628809785,0.07207342480339296,1.5901452379139607,7.536471461739678,1.2048676633488977,2
7.658054932282017,0.8331014309367331,1.3146378836506734,1.9457898850411097,7.352700827082108,6.880862995546758,3
7.59418295358326,2.959799480671635,8.373295679038202,6.662829499231204,0.5443609593463825,2.7326857506400075,1
7.2999834233173555,6.652539908704174,1.1478256363804462,1.9034821878675783,2.925795006424292,8.239155811718524,0
6.530363405867272,9.317565798790959,3.5661853291341266,0.2578743800047989,1.250873857957668,6.388848452084158,0
9.377439425047587,6.377060215837929,3.8201866905164388,2.589441851074109,8.584518785688527,2.5532980707561914,2
9.72000009226676,6.3310021138966395,3.341920782689356,2.6629994556657755,6.952449296711808,2.621484686495464,2
6.5988043088350565,6.771499720926529,3.5657530256253804,3.2306595054192746,9.320544663976838,2.377426864170334,2
8.96587466530354,2.9062792345337973,1.8886418063032662,3.1746881402746663,6.413119184387417,8.962262307879408,3
7.250282710782908,8.602979496624531,3.2317699902207204,1.153325532950789,1.1302323229141664,9.955143405388306,0
9.832112752718093,0.01683979660360624,6.776183308518252,8.653094497734774,1.881883087245357,3.9649007180874243,1
7.424862369630378,1.2004127658223638,6.694121690076597,9.725824915287541,1.4593608293886473,0.1759530977092818,1
9.61757290122564,0.5456297673771577,8.68360051305158,6.593843713973955,1.6338259611174402,1.0600143843944432,1
7.064669702229738,2.775391494947287,7.276397302448688,7.88621894872568,0.9953104827430139,1.5808929462284365,1
8.214655563198642,1.5460510117306452,0.6901238784981074,2.925560208510848,6.268936143089826,7.278429600716491,3
6.669653020193602,0.937893866123344,8.123730191895884,7.326377657378907,0.9903640435107439,1.2042553851481639,1
8.44108939078075,3.0340126612534375,7.737233219624555,9.816966195758397,2.750421005827824,0.42713915665760505,1
7.166625555366613,9.002326065666892,1.3207185796000886,3.285137489994639,6.2417223361712875,1.3889705284692972,2
9.70059996363915,0.01383771977286452,6.433190742855364,6.803718204482302,0.00226280786548827,1.3124367139517905,1
8.750625581939715,8.303245183322144,1.3034494042761198,3.01182412477784,8.634273926992396,1.0952470103466814,2
8.553781698124881,3.995017841741263,0.14321806488128885,2.196663239374825,7.520109593988325,8.81597725322777,3
6.795431903481379,2.8081621581711733,6.548472310682737,7.8249535611748104,1.8195302671356988,1.844043073842311,1
6.472245288544967,8.011372738135659,1.448476082240897,1.4005919203102244,9.223554304634108,2.8815792677953067,2
7.799893281156944,1.2848729836562476,1.666080373562218,0.5277625810133828,9.039516233805191,6.234160736125195,3
7.399666347240844,2.0229870379465975,6.273814948218915,7.578530005518544,1.3392539662325311,0.2708461907289199,1
8.838724910909056,1.698544874179794,6.048433449311187,8.288940430192453,1.791069776977189,3.920363254929417,1
6.862368310408447,0.7045936350407405,9.210500151626725,7.741883508692545,1.9269158574202736,0.6272612381169149,1
7.055007677467737,7.934737290319923,1.940100522741655,3.7703614850071614,0.14146558519885,7.871183127837863,0
8.15105154058894,7.0609019307565575,1.9905813179596508,1.302309485260909,6.330026677478195,3.3707640987586784,2
6.420283584879803,8.912868239475662,1.9073776516512302,2.135947298973883,9.86328529259302,3.49193047131641,2
8.80730083953522,9.455091503451538,1.7705855182324135,0.3604232671188492,1.2588625761421688,9.069777787933415,0
8.334191432480724,7.919115727539223,0.511021354631541,1.0160578363399928,6.738539669325053,0.31586075487386145,2
6.920069990867738,8.644248684308971,1.6998635423060962,3.486220040104948,1.548211402110549,6.099464185668591,0
8.8878739490602,3.153344790229994,2.000635004496763,0.5802654129770546,9.923717486018914,7.611860158043424,3
9.763369310194117,1.5871196956644842,9.6701676609954,8.378769375515596,3.147758891190799,2.435259373483261,1
8.295247775636033,2.8726429316072135,6.547278535686443,6.743177825708353,2.8376675233976267,0.20365587745886593,1
8.106133766627956,8.45675795009755,1.0084337852157916,1.893282449701719,2.93920970588509,8.80948811755444,0
6.556860362326012,8.747864336418145,2.573594138166105,2.3334293153318253,2.5331013521084347,9.258688222435937,0
6.533825442928992,8.555760982452405,0.44388228338184765,0.4377484280143493,8.950720507801197,0.29592477361184644,2
7.233479600176019,9.304515121716737,0.2655715131807601,3.875556314183082,1.3769646945459386,9.612987059157902,0
6.497489393143367,3.306943322958764,9.292047581576881,7.8983991430427345,0.3074431408537377,0.7214055474023642,1
9.356712328483441,2.900627852057945,3.1235757933265553,0.9698980021836698,7.780400669741443,9.637984989972662,3
9.51612486840032,8.24089999879658,3.7837667153349916,2.0430567848693144,2.263671513168629,8.784477155093484,0
9.679398418904848,8.826640347838644,1.3326043410455144,1.4906679816127246,3.756531014274779,6.3173673317439425,0
8.74943856078016,3.567717214683955,6.004004644139569,7.096833202306176,1.0062109316552634,2.9856145930905105,1
7.513465243146806,9.68269970321656,1.395339871146534,1.5268836577370322,2.000884279542626,6.116890419190375,0
9.889093985870065,6.367704947200481,2.5397919283868124,3.053650386036361,9.053878820082614,0.8516449771340842,2
8.569990272814154,7.810710514813832,1.8193847539058643,1.3885731870147917,3.697001660259068,9.427221922133608,0
7.427090157686563,6.484513743193334,1.2684992366910728,2.9143044589171514,2.285141936061735,9.892016073783157,0
7.739389229296949,3.9950303146396293,2.8967699048458746,0.9158414698702009,6.191360265758453,9.108357257916389,3
7.041844464262277,0.36628565541456126,2.5440612909182407,2.352708752645388,7.847828175637556,8.740373504554341,3
8.105167748620449,9.691995227361875,2.85117888214425,3.175369136405204,3.1839200157730643,6.584031351593838,0
8.036359155439847,1.3649532106407207,9.346233236537776,8.379820725180249,3.1691679658664516,3.082134339415008,1
6.809974922128365,1.1874162891799607,6.615807175652344,7.3228596108753825,3.7349638932757996,2.226720992117589,1
6.1441310355150005,8.778525415171153,0.37408351785710847,0.580702197441648,2.082144883373317,9.184251337258651,0
8.39958102305297,0.7720032152730925,3.4337633540644634,2.012374902872619,7.8962757532886805,9.3168839012079,3
8.793579803082277,0.022664628787501417,2.6423706457065497,2.07309900235024,8.645429047177391,9.568179311237166,3
8.142508978121274,2.5223232661504547,9.06197282434621,8.587177023459438,0.36221992131735714,3.6461357031441306,1
7.06218357088464,6.442618183051689,0.46476115318621725,2.6637031935615436,2.1355499490457244,7.1986764042508415,0
6.621909331022955,6.561228968597964,1.6123628723381107,3.3972483591066513,2.821902182639627,7.6932334237913285,0
7.925017532715294,6.3400220024240355,3.4416486184915698,1.101719322703354,2.607329964833622,9.377221208971315,0
9.244302164623736,6.994610610925216,3.276028519999778,3.0980957603929222,8.645108302771165,0.14992152730899644,2
6.412545954353581,0.726891756110025,3.3933115995624683,1.2549519583736255,8.652282801809774,6.428397869038959,3
8.141092714519615,2.4831113984041626,7.993631769389441,8.174169577068705,2.122973570132231,2.3423222271221205,1
7.762952931703696,6.502300632257772,1.8281239053166147,0.2789745310150762,3.3838052166168855,9.769281588781748,0
6.817583449925098,1.9224624333081959,2.230191094263972,0.11942145410030625,9.594337306713525,7.251257195393729,3
9.612922496378758,7.608917676332176,2.403271584145336,2.116826147251733,0.11418358732434575,7.266583416287169,0
6.557887960399892,7.679783573490624,2.2889415672894633,1.1999361753139155,9.314735266248901,0.934815870869917,2
8.008592255576282,1.8535033175715294,1.094185909585181,3.890486720870614,8.050623254210237,8.836322904339392,3
7.833101679472938,3.040730076625852,3.444722947983982,3.625157254216069,9.539281034678506,6.255772951935661,3
9.568214550001931,1.4745744842141661,0.30501900229321555,0.6365538876180086,8.782835419653251,7.174849318767792,3
6.824217505357543,8.76873272210573,3.389488817483641,2.4166014873665365,2.8042442739891613,7.762961587880323,0
6.717908516463163,1.0652876377681766,0.30457561773188147,2.590885836102595,7.612415981130205,8.429116379168551,3
9.321358725028055,3.888768825940094,0.921226082134369,0.8772121855957526,8.578557076117722,8.823900030107023,3
6.151959513859129,3.271285431563398,2.7080889386351754,0.9968059805486353,9.468743878452727,7.2538450921945525,3
7.693795379113059,6.725938524923148,2.8873600666069934,2.0907559932738993,0.6940386863549044,8.03716107821371,0
9.076483818477943,9.560118011008745,2.2874626528731796,1.1114802817111964,6.358761825935707,2.272688094800126,2
8.782679375452531,7.673486622435794,0.2582227131335535,2.6311357949561347,0.850986277701764,7.480366210220828,0
8.623782564113316,8.975131710318422,2.521751092030444,3.611143098684814,2.965411332075735,9.375254333496741,0
8.83662528184275,2.835590123329845,8.096798794827283,6.230259475144254,0.3285312851276667,0.7561720274302477,1
9.656407548210861,7.79137869646869,2.986150592661518,0.9294229302485641,8.391399810622254,3.026577003977708,2
9.238999992065054,0.6949099206203448,6.165464822302303,9.39237955551258,2.9801841045231825,0.9218379958562779,1
9.471970903897137,9.908709855756959,3.6709675371867743,1.4203198372194175,0.4988661227881921,9.588920382687027,0
8.382072521458229,1.3179661398699722,2.886424667089785,0.6159589756323864,9.552061492066894,8.641570150052804,3
8.765448960483823,8.663114414081917,2.332814668803916,0.18715851936033356,2.135794363904995,6.09276373086877,0
9.867871107669334,1.0979046578447136,9.078299150957346,6.979179255057055,3.079093640432438,0.37459614150850706,1
6.151219698343394,7.397960002423982,2.607395751639752,2.6586723734328404,8.85748541971057,0.49614429626148304,2
8.577496130105347,8.920967281014182,1.0992860838773097,3.7630411447365613,9.898063591200128,2.0476817302855808,2
7.061683225933043,8.794165362998605,2.0195283799905135,0.9361164378121929,2.3347439684848714,7.190920271228032,0
6.145601747389152,0.09892065650243609,3.6599766513934435,2.550052071066997,8.670141611385642,6.767942368649843,3
7.3680135494679995,9.911269807741693,2.6669870273864213,0.09509608241077139,0.6070122195606826,9.179854764465194,0
6.7644156864146066,3.255961305309286,2.8362703300088676,1.6894844893073842,6.744370146759729,7.368077238694033,3
8.681557264437219,0.7971391925948836,3.514721517420429,3.243698021034546,8.99041237622026,8.156103299709779,3
7.029513459251831,2.6394974604396544,0.6966839243892786,2.661287431540367,7.4220121009274,6.888085697390442,3
9.630083055801752,8.959821661901596,2.9461041897013653,3.4126044016818176,0.9832091730021677,8.433295894723125,0
6.928347923254427,8.439049984537371,0.4183176195363649,2.422936653087955,0.3206880564669703,9.099146248998133,0
8.205697637146535,8.126527896134595,1.3898103880424348,0.331818279016999,7.131011829600796,1.547957478773323,2
9.449516651269706,6.217513301382139,1.397448062788643,3.63607154808322,0.6004891576870195,7.141210417492799,0
6.087019946176131,6.649254464606894,0.8865961529769328,0.5625044899258267,0.7862257218044837,8.476461999144753,0
6.576941369765725,7.041087466833169,1.5475902186491193,0.9550758562522317,9.03278067595165,0.7510307410972987,2
8.085381072948746,7.463083098141631,2.6106879249192163,3.8387344649115644,3.1183029902356956,6.604373927442964,0
7.0216361697022505,2.8186536758301863,8.893989695669287,9.19555833381998,3.044288884124857,0.12068383202515909,1
8.408698838155708,6.322752721741255,0.024217612052912063,1.0653814421517254,2.904105107303275,6.434021605806034,0
8.414630695489612,7.2166461351846305,2.030420437960962,1.905643472991875,8.127710089582687,3.7348481848660446,2
8.297973216640173,6.503566323670366,0.9722506323767108,3.3616032483814293,2.00335991936924,8.78572687147892,0
7.851383242420491,3.2605987617756518,7.1571375097667485,6.791193005220068,0.6273632327973022,0.3169772731115068,1
7.923820939317682,3.9637294014307995,2.234761962081098,2.9751897536739156,8.539572906815014,8.780937910934227,3
9.873065274880943,6.097393904696197,3.615264199050821,1.4623167780817634,1.000377360762534,8.1085399469439,0
9.913523279615175,3.954609723816328,1.8770953414956724,3.813219059757052,9.069756799255451,7.428250918856294,3
6.873718539622981,0.8072181318858433,3.4960570955201327,1.780276023902175,8.14948347909557,7.4884925688017026,3
6.359345723062898,2.9897897669773985,8.334369942683463,9.777207522686673,3.1347105137171756,1.8171444078457881,1
9.234332556377042,7.78301531768482,3.5632561631764337,3.265193151573229,1.2694771000718372,9.406069342928685,0
7.214794511545451,2.5033199445925858,6.500211674495617,6.888713540204931,1.5688963946320986,0.7822971314588791,1
8.333209903373987,8.915543505658636,1.8535226399919313,1.2328324983043082,2.369995702486078,9.315684363621708,0
8.820678625749311,7.11961545720148,2.0895269188555083,3.6774705502279357,2.8218311722222436,8.372840785416239,0
8.331463249586488,6.102729154683541,3.0702673242075122,0.3728299875508312,9.44796263774797,3.5741227495714734,2
8.045936201323556,3.735395440577861,3.26722318726209,1.7462624486402212,9.557390739066513,8.758942790787728,3
8.895727191339349,9.17022069030274,0.15184427835801317,1.6940669885304969,1.5815275169204206,8.389748146927712,0
7.823782156998343,7.056449185300808,0.26954642530952055,0.7520154031404753,8.196288118070948,3.5164161754449537,2
9.490030045486881,1.1057290814788692,8.088682754168465,7.203776960913711,1.1728118466768773,0.2967653656421647,1
7.903469824606653,7.7786223515253505,1.109261893821587,2.2865299874583696,2.6219281205950273,6.8179166130099045,0
7.9069524411831456,2.5197737326232432,0.33876189225689757,0.0539909211236389,6.721667869244142,7.015640148325515,3
9.568596408190887,6.434922596467153,2.110890230767224,2.6797572245169725,7.057294400189822,1.1132652805486032,2
6.498946395808977,6.410006849058567,0.2097445344512079,1.7750074587548563,7.7646945957585745,2.166972132391819,2
9.343591826232883,2.567983646000673,1.5200597468534731,0.9587027775375567,8.436584701587488,6.63703757568817,3
7.533288278387958,7.479664447154398,1.2524617222122516,2.904008743004152,7.146469664406146,3.856189966711177,2
7.356460320058036,0.40353931087495054,3.519020263913504,3.3306578927907955,6.606527823034904,8.058459479273903,3
9.795604748045779,6.855826535656254,2.9434952706281834,2.1750455556832566,1.793777340796348,9.064641255225931,0
9.382060308929702,7.320451161118678,1.9417466148928941,3.7356121932692945,2.5876727767427257,9.06482024045578,0
6.803610891493307,8.434628096769314,0.1254191147809931,1.0843642697834865,6.43726730349892,0.3460271752182793,2
7.467801779423345,0.5730157722288114,8.692872542212996,6.427467228745037,0.9208685559694527,1.9240654925359175,1
6.347709532072514,7.1509311528086865,1.2731481921202237,0.34346978316454946,0.13841402432543015,7.791681726146117,0
9.774574007962858,6.490077757216049,0.33497972591539815,3.1440709361691734,1.4610465370891323,7.3539128825111995,0
9.759592947384746,3.1380426955717096,0.5638338844088198,1.5667853851948794,6.682436137262024,9.52197446156968,3
7.072559311645437,9.386957012140133,1.68071032148559,3.6190655166048042,6.020040896053102,1.2355825601555557,2
8.187711287875612,0.6746424637419399,2.5954944222173766,0.7240302022338496,7.446141859550431,8.953720474558654,3
6.939772605731367,3.9455371197312363,0.3093138729636258,1.3172329280992874,9.062626621136229,9.43044724980295,3
7.563590185507568,8.932676146671957,3.3816099623140876,1.0417615668821485,8.080820396733703,2.148205193832038,2
9.080359725482785,2.224019517519261,1.4945257675603725,0.07873133971318769,8.15625448305369,8.496302135156602,3
8.668280538326801,3.9580933033287344,8.81804628674119,7.0175638966240905,3.8641661359388446,3.3465590822354008,1
7.127831799886431,0.9105083736229855,2.9965502104939072,3.4732015694585994,8.719794666199332,9.398761481780921,3
8.600154917459777,0.8474696989237178,8.414726722439712,7.181898145513621,0.5546420915934127,3.2344789428607044,1
8.15223086695232,9.712381188885466,1.1621393916364515,1.903329807645881,9.552077103747454,0.3419741255058768,2
9.383364880491293,1.313361708800453,7.80845120333484,7.515545906903783,3.3377926059778145,0.5773184910247222,1
8.163585129194438,2.1798220769265204,1.9167308151673184,1.8436020289236863,6.531651528596156,6.894030084843088,3
9.503362762856163,6.497442726719553,1.3706179616063872,2.0598395106428717,9.47583940489723,3.0632620390575562,2
8.132240204744885,8.272843175210408,1.96161743227368,0.4985127104286744,7.49611962116131,3.47278967903186,2
7.0581598040954105,3.9452554938438893,7.361853653479827,8.730971969305687,3.2965647759887267,3.9572372148486803,1
7.434442062797077,0.5806610053808594,6.071751380574549,9.134362355873659,3.525591328866828,1.919329341655219,1
6.038793778235647,7.138408289553157,3.9680032071031484,0.7107095092577929,7.439585826436581,0.8181612534787064,2
9.532128690125212,6.509468658336187,2.1088326866258953,2.289060035074032,6.234649101641975,1.9618925134051777,2
9.831326855417519,2.840513006627964,0.7042335395273436,2.5109189689391367,7.321021713792874,7.987723470507394,3
6.267598575364719,6.152620566004375,1.5337086798456747,0.9901306620894061,8.728680693493388,1.4188906971988446,2
6.881993383773834,6.845562465906161,1.77659677608492,2.4387576170773664,9.399742477861746,3.062638235667988,2
9.329994286376206,0.24203789591748004,7.169286427829087,7.146332883410738,0.029132273910507767,3.184907963888683,1
7.931969007984216,3.6882920591324115,6.619467994414337,6.306855216102388,1.0612626706609531,3.8042805507201294,1
8.540050272919935,2.7316196631074368,7.748945087743888,7.311903237369169,3.9013605174917103,0.7712653404648631,1
6.937414047654764,9.629641969049336,3.0671526369794253,1.2905854429716124,0.9073836248594378,9.865231367921677,0
8.421191974975722,7.550238060413156,3.2861866499436903,2.2694111594152364,1.838837529358143,8.302986428104983,0
9.698331940239326,7.946392215686742,0.8001801665146377,2.141631499007232,0.10705660728066624,7.80312394858467,0
6.036550484585053,7.0129981384421365,3.403645437266059,0.10627858504961685,6.117198270033768,3.132070828604206,2
7.741439417133193,9.565386705165515,2.0972207846061877,3.904811394660681,6.663199094207534,1.6609631799093942,2
8.057146940832613,6.143178800911494,3.8133788183985358,2.4497740554189344,0.3474510090340215,6.147587081665511,0
9.60123644711043,0.9923358737536163,2.5632465043960897,3.7358765443972253,9.11072594892844,8.414526585255459,3
7.072830775902502,9.051071947276595,3.6237475070801146,1.9653950031191743,7.020640545264834,1.7047916165103434,2
9.26311360870299,7.4992989521574875,2.6469847722889743,1.7871253690436668,9.825484525803983,0.6443701775039097,2
6.96877921901544,8.455438556391567,2.985715466636763,0.8409274513781679,9.744187401974688,3.8015912305558803,2
8.69673339106211,6.008920192416118,2.3239570436739094,0.03761926175232011,9.617058547161804,1.1537292477246623,2
6.138810155649584,2.303588784754288,2.6624244221019704,0.2544917318483546,6.243856541529098,8.819076962676842,3
8.109246971670421,9.601730779216066,2.8652119758418255,1.9146974671506984,3.847287884439286,7.092791326113661,0
9.2105087203841,9.88616882038724,1.215588494057089,3.38985374697181,3.1064384367053215,7.131720932373145,0
6.077451984059286,0.043438283486963325,1.2856691842775354,2.2190690830308384,7.338042422095334,6.337645092240061,3
8.501930580167938,1.489708631665907,8.175186952682003,7.815548892975743,3.785179772370584,2.4871690236367665,1
8.559506525111079,0.8904407299675055,7.909810803300607,9.399995593966729,3.133570309571768,0.7024313225842072,1
6.532162376483398,0.6834643062164445,3.3363888105085433,3.4012403623764307,9.031785584316344,8.305295789985676,3
8.234092764390333,0.6108390809512825,2.4486000561063603,3.8774281100373877,8.99233926019719,6.282348691016612,3
6.0396646296538705,2.1180799203056755,6.466281052635946,8.476691201613278,3.0110667630039196,3.193296316328984,1
6.062283855512159,6.380316276847541,1.92190449463288,2.500815657917902,1.709399601032401,6.702856057754593,0
8.193838717450776,7.79193112708967,2.258498145520869,0.7250541579313707,2.4613951611047336,7.485664459537311,0
6.814390151011582,7.6444208133164775,1.7774547021141687,0.8760252621585667,2.481079246550247,7.6351763859267265,0
8.507010301621836,1.2504499273175145,6.6045172586461955,6.560964651071307,3.4456470611337955,3.0689036038357167,1
9.80413066866847,1.7401320955663886,9.41576788387933,6.242471100279981,3.3162669016786666,0.5734678020937811,1
9.050128533896112,8.66714751951622,1.399432445581248,3.446421147535728,3.251081278491487,6.237633723296523,0
9.628343168855125,9.770347746440791,2.3590768190430613,2.7654270390845315,6.814348666010172,2.042117370768891,2
8.29937523752394,2.9240355739276973,3.986693606584409,2.4042702431378795,8.09366512862605,7.006496951635095,3
6.990878779806749,8.762867992737768,0.06403385391574679,3.556162243533058,8.851506026971508,0.36955327880055044,2
6.0848882214019575,3.431893180282698,8.855386798770274,9.414306772146123,0.05467814345894695,3.8080782452588062,1
6.46651534639121,9.126207563050528,1.117454249374617,3.6076114369071264,3.803502791286556,7.17148308979551,0
9.40812830820052,9.291145824101068,1.3784727549881883,0.12058735506138296,3.671634928827912,6.699732416763682,0
6.043006447766844,8.717181604953936,1.02054807042739,0.3929452531415718,3.401081386901328,7.438302304913586,0
6.733918942040992,9.832943218767312,2.4033120824416043,2.065111704064524,3.306036422719767,9.115237350350151,0
8.643422448900358,8.824927411121141,2.4692450185260997,0.1550426120118198,0.7251055554701629,8.902857948988263,0
6.772050434767509,7.8149944238415,3.453265517526412,2.7136721395078847,6.081283952670399,3.8654497142866338,2
7.1933059199377904,6.3914493106928,2.49862903207845,3.2230494781212067,0.06260772058810637,8.553664315227781,0
9.295813137900463,8.822637332041461,1.7958380855577238,1.3906431848044374,6.65348961638544,0.5353008597456173,2
9.44396269224769,3.0933214274049203,9.866060918450556,6.7321415634397415,2.7773271133319573,2.8362728484691595,1
8.963348894421369,8.331334705811408,1.7173273202418864,1.4683434789381722,2.263656412134308,7.080198366395969,0
8.610660453938989,7.782684132229246,3.39806930147585,2.3491564644565632,3.1195303554036875,9.214205504950955,0
9.010899050228549,3.593816362898183,2.478183963558868,2.4765278393490244,6.782173388611135,7.8018432872031465,3
9.991851493881695,8.105864349644115,0.2752538463570562,0.12618330450461945,2.579350942977727,7.810612548722919,0
6.420027831583182,1.5918230206674293,6.324294626116076,7.99486236853693,1.419622185890606,1.3253563737878302,1
7.90246879498945,8.375446341803483,2.003094754791494,1.0856114451155658,7.475987574353179,1.7269809608226714,2
6.970965437784304,7.701562455412237,2.534906134854209,1.1479642349231196,3.458615810882915,9.028832260719032,0
6.421139502175642,7.059137037551255,0.3458536160978922,1.4132912564984461,6.87634484249743,1.7842404580546063,2
7.137324906578399,3.1194822476269044,9.350851711790105,7.886240395323922,0.6282536430780832,0.35513448470955833,1
8.588508632294166,0.2735624821480567,0.3998044172202566,2.768980182550734,7.741459173730096,9.828701006782339,3
8.692938545389584,6.99154119380167,2.5817578982831924,1.3338556377098643,7.133926846422418,2.6302609902230443,2
8.114150282371202,7.8418280200894515,0.6154355848190183,2.5099406434775635,9.835822975714109,1.736565956293787,2
6.012749492285943,0.5341964625318716,8.727127396007699,8.582018126199191,1.5046476661108863,1.3195084951771143,1
6.263873288936585,0.1404641090134655,3.7403318976787587,1.5972423557178472,6.454528173121602,7.591500560294978,3
9.663448521647526,2.414835184654203,8.740317169706524,7.533574053301565,2.338882400861258,2.0333122291248027,1
8.0102546799742,3.751248555221442,7.599383303147728,9.513109854759614,2.605683301904964,0.3018056903674573,1
8.239678339560681,9.506179079642752,0.9687992772508678,1.8275867899918765,9.244470515280991,2.8582998410468474,2
6.647969319715257,7.309906441699035,3.9597735136953496,2.488405821676899,6.111814681903832,3.221600254673952,2
6.5156809199945265,8.139698035540473,2.15179487362876,2.484337740387288,3.685325428127891,7.9884399807636255,0
8.454606293154564,2.0080332926918207,7.570190362414225,6.627268683514113,2.2284384765241185,3.9662670433233105,1
7.870425565053877,1.379572333108861,6.499305727573333,7.815995994229426,0.737700137280016,0.8007859041513843,1
7.011227443490757,7.715643316075477,3.4051739392817617,3.276431801396922,3.4669802372806116,9.887255379835517,0
8.890102882252407,0.7833462712645103,8.541918271600727,9.265157390168895,1.4804852227919176,1.6765159482881633,1
7.5856893512277335,0.751719279307332,0.16818624214080113,0.35136321758791356,9.890744352606927,9.811919588970284,3
6.925785545051483,7.4395428049256935,2.0182564419497644,2.859763750392693,6.311729074039806,3.648695754650455,2
9.626131759403602,3.4524396604721934,9.797584741263906,7.0836578456049235,2.8457923967775507,2.1750909518982584,1
7.85159791681605,7.745760824246352,1.5405126016017316,0.2484294184699376,1.456687067098954,6.931133553535956,0
7.923082612922155,2.7711695402948604,1.1764481272251306,3.8056515207524506,8.060686329255345,8.34785155345769,3
6.476518120623034,6.75547460703617,0.4351610810531943,2.196948335736173,9.889429337683081,1.9666517348869195,2
8.57323441890926,1.8449700359998396,3.5710124009925646,1.2799683410125815,9.895907945217855,8.617733755721437,3
6.542245889219368,9.134072538264702,1.9600496966427614,1.6771291548070342,6.7124149519782925,1.0491689686848833,2
7.350043074573984,3.1644408486092566,7.086478506189528,6.834839016918573,2.726566780905788,0.883768081841207,1
8.442330262126251,3.1833936018825284,6.3649629856604,9.100413575790306,1.6889357463565307,0.9834001812257567,1
8.080264424942198,9.371595482941688,0.3713270354709719,1.7397376831077662,2.6465326115230736,9.684137206672409,0
7.377037121025442,8.349159668508943,2.0989160332344263,0.06586464638411105,3.164762356311563,7.016976974862732,0
7.451222951784781,7.722904221031579,0.21812372206531405,3.5071991667066507,8.221931465789584,3.4008364671570104,2
9.884688243405046,8.916518984586261,0.9011578974792527,1.7059441365246184,9.627480410125372,3.8074707594372765,2
6.47188613831801,9.483043945839613,0.3612029026422898,1.0835132739543387,7.2063901931385335,2.5566043027533425,2
6.849682771748101,6.6633764854727815,0.3573900902918705,1.518757596287056,2.693557995371147,6.042668236195352,0
6.954952725084735,0.533190334278741,8.053220576899573,6.137374684729241,2.308377901805387,0.392979015644932,1
6.596924905256111,9.882222737482149,3.0295117572707717,3.4884120341850586,2.5470508551389326,8.296487417602927,0
7.090925826731028,0.9010869302873705,3.295386953423643,2.302103893185075,6.30736835460703,9.801698272707446,3
7.67494710120172,8.417600860947632,1.3806413166408613,3.867205380417833,6.993379105359445,0.8607104138100108,2
8.05313790289711,1.550154967351268,8.317597878789865,7.774520463567189,1.4587099510560186,2.0236557283998575,1
9.879698481482457,8.409950779354642,1.8099344560099544,1.8249871419709724,2.347062062246239,6.699402834182736,0
8.284634617421872,0.23536792512133475,0.6711548983833127,2.4176204604877136,9.596558368948422,6.048378256226811,3
7.620265456225566,9.289729851896574,1.678588534872865,2.5039125770923363,6.789431267951088,2.9411904685548627,2
7.175962268935411,3.8808492830473877,2.9961041279691947,2.460369795396206,9.247310171540374,6.915566954808886,3
8.329413221384602,2.9403851667982024,0.950675207875284,1.6884854230694684,9.717696535543752,8.336351122204114,3
8.653595321199203,8.602447467389055,2.795573882119253,0.6063242830520621,8.822967163831022,3.40518370050042,2
9.871797094579785,1.963682730754885,0.944582726815173,0.6030719456330558,7.054302807119999,7.584003025507538,3
6.314133504113762,8.970205778138713,3.559751134583758,1.0568709445253455,8.071379438009792,2.4091091744140454,2
7.45093805879666,2.7771529169357465,0.8010091467456206,3.390429648212979,6.848885711781036,7.991599905101548,3
6.090837072857691,6.132619591705926,2.156775798101107,2.144679781883008,7.090472399832606,0.7399853392909352,2
9.002597494575177,8.820649526472758,3.4364565035165997,0.4104227176883777,3.8860156766556435,8.195216474686644,0
6.657706158262475,8.085738752211668,2.608295771315715,0.14662169011759119,3.962299480217308,8.691640888299373,0
6.162338119525799,6.946565509497038,2.673969205979649,2.6861988871853484,3.3409649262543812,9.04081869213715,0
9.348429960330366,0.34016698324640604,2.7078805532566297,2.0981506520363964,6.687607344643457,9.255665421458957,3
9.697368802517166,3.173285605340188,8.737998041773814,6.497977541659749,2.5927701844758224,0.7033517408523005,1
8.42868322792767,3.392946388711861,1.3656048159543799,2.2858331321526415,9.998601848658245,8.500794494505294,3
8.66627887253863,2.559492212310249,1.5861345654573045,0.08623232037122497,6.2192903092321075,7.446769119224127,3
9.656343676089111,0.7712577339440725,1.3494131538295249,3.8096271067270195,8.253712033353686,7.761041060801205,3
7.033281547309318,9.254238914974186,2.279749646201245,2.268508313560232,6.282807775821148,1.4777775295434212,2
6.59891292974217,8.045864954183184,3.253964967683313,3.0454457826775694,6.046431375486284,1.1120183820988667,2
7.414901299991158,7.1429131056686135,1.3304749136407041,1.587816826517591,3.1702716358445624,8.779540390495477,0
6.206197177266633,0.6832434785500769,0.7260601955321841,1.1036541073202089,6.945842551583006,8.364114261844255,3
7.724442262633139,3.98902717767542,8.42203542119468,9.972950913034943,3.870010369009109,1.733089554660049,1
8.90469390245167,3.6929303019793576,0.5312728655748189,0.22952527287804436,7.661654651459381,7.896109836002495,3
9.459529931749667,3.5372441648284147,2.954386766329303,0.9982773566427632,7.335620355948102,8.509509831961925,3
8.293493478828108,1.758426201196818,3.603139400541317,3.8456806663525755,9.654497843043712,7.696629247656798,3
8.700190614355499,3.484493214765609,6.490921453323216,8.38865057037751,0.48407189174409204,0.9437912505538484,1
9.267899943956365,9.836397903290091,1.4898778583968597,1.9747185636110878,7.368444944109291,1.2350801132646287,2
8.08684186091909,7.557046478521753,2.419164371031597,3.2921643089059915,1.2363933100974203,7.823169810054392,0
8.458304603851033,8.80609271488851,0.43433052629623603,0.43335946869829733,0.33602347389435394,6.882489520274906,0
7.201500495069498,7.635957552744073,0.13517319783553594,3.2991195929594936,7.663269906497387,1.978728415986942,2
8.326864731333025,9.024967648489048,2.778562008903667,3.282122608506729,9.351044789540074,2.722175069731121,2
6.739907351162493,9.100992318715683,1.3752248662483426,3.882193129178467,9.19526603083271,0.020806939095129984,2
9.835798463781455,6.993454490954427,1.266843575565451,0.10424190104404962,3.289318516993677,6.217282569875371,0
8.328649646376807,8.89244459676415,2.736466711092033,0.4899732565450403,3.339117139560128,6.946385761795272,0
8.322463481799721,9.298015491114052,0.8926492703122522,2.5139231762532885,1.1260005366881694,8.904209874652848,0
8.25690314871688,3.4106834743997667,2.3226047629425812,1.7349613233072647,9.844423590126828,9.216973218378609,3
7.325217203726359,7.711799688701462,2.4740511481368688,3.0521489997763234,7.632908095862833,1.566690722642711,2
9.91827933036116,9.320296267652932,0.685247617163296,2.3036223020441198,3.7073652412840934,7.028791591142077,0
7.167534043983691,8.738852687975562,1.882426773056486,1.2986166649232933,8.691116606642895,2.3979872262090414,2
6.5883613480980205,0.7064177618305241,0.8452478611133243,0.6555887908709095,9.992222006971677,9.324094524797959,3
6.775282836993169,2.2722497863436244,2.4094723604356028,2.616302499730357,8.692889277684408,6.054514038669376,3
9.700641952220593,8.95756932376351,2.5504723087453662,3.4537608731110105,8.315936729513506,1.4386403533003884,2
7.958885504801225,7.0251426958861,0.5034693114087201,0.2811877785985333,1.8246026348099655,8.2889628627537,0
8.176966029756372,1.156728673686978,8.09301558388916,9.921995204335415,3.0870274332160093,3.9779376071418735,1
8.320071554071477,2.9056328391150705,6.227519809857732,9.015147982043558,1.6409507213356096,0.09526299370670088,1
9.169744882944148,9.581891498626424,0.9566861661420418,3.250543915748476,2.548874458355865,7.9567264108788045,0
8.8330266867233,9.408573346053874,3.8763842286100236,2.80201499627888,8.746231939113203,1.2477233102310228,2
6.8190590601455,6.51439940162525,2.48121162465862,0.4993185331827297,2.3290992932196657,9.277928984793398,0
8.782377833753824,9.08640308590953,3.291388116639706,0.2888738796500334,8.335778077716924,3.0666043113301713,2
9.5214645260943,2.4836886241122667,3.3976741864130635,1.4187333263089914,7.796664390287798,9.71979934430477,3
9.170896591874104,6.324330216341508,1.376234959469922,2.688628519413643,0.0216153206017613,8.056701354296466,0
8.90411282696265,9.005768556350105,2.967786807516727,0.6394746111171044,0.9250866194249219,9.570263021511492,0
7.365656435377586,7.304225230195291,1.9599050168154544,1.4448754444534626,8.949366099488993,2.155110408457541,2
6.8107492461172505,3.1496122486155254,0.9243477208531568,1.529368941186045,8.557997006159585,9.309346795663783,3
8.923521910588251,1.260545745546536,2.2349871610743564,3.1223724474537984,7.969137011025291,9.747060721831213,3
9.409878793148163,1.0119560686879945,7.965978973238592,9.400532604501102,0.04720401999689505,3.007402867341204,1
7.970954856053171,0.9920859288724126,0.3651794412548921,3.396666242744619,7.6312554168268605,6.777572529073586,3
9.824292056649291,2.1325821940851024,2.707651466778633,0.7314606178347156,6.940953919583194,6.460465687618189,3
7.513089481455792,7.879741617096481,2.9101252961581907,2.3201564056939366,0.8770527235354693,6.193934800551782,0
7.589798952851291,9.244121596142032,0.6820536053216726,3.651195141123533,2.097803040260901,8.644144746027708,0
8.322678352800782,6.477087301286691,2.2815744638146476,3.517306819933096,7.258090057660386,1.518171046437617,2
9.988815066147007,7.629077861079752,3.346568802890381,1.49204545470378,8.786324833627837,2.837309875577325,2
7.5487886467492205,2.17218499473341,2.7800771628511285,3.172041668080177,7.333512196789305,7.444835497672498,3
9.857738757457472,6.447400540417736,1.0678829963432213,3.4991075634694164,7.784532297420773,0.33394835216168683,2
6.087276441733959,8.495984943326478,3.4560027370383897,1.0687767354567774,9.56917262604236,3.122520731607164,2
9.06797951717863,6.872896744273589,2.8145530954826365,2.422428442429781,9.029970586185867,2.0503021294555728,2
9.833723076969086,6.365188892293014,0.38025222978551243,3.605753537064538,8.489732775976474,1.7217378963115397,2
6.675350998077809,8.61378777482743,2.5489983361902966,0.5207461437986285,1.6345581474030482,7.170430524882395,0
6.954191192484252,1.5973870898323508,6.511847162160558,7.6810418802265685,1.8639649071716216,3.7835550356026126,1
6.177386373401582,9.48741295416473,0.574401134271536,2.05152039268731,7.371101842783074,0.8561894932512075,2
8.974054280116276,0.6077852221174993,0.056761782940072614,2.9583134315854656,8.537952912101236,9.252521390460853,3
9.423397883442412,9.313277792465389,0.9439700948293832,3.132416364459824,3.968937670058685,9.725661791865875,0
8.362600968168147,3.8059690237331276,9.436806778766488,9.852799535534388,1.3971433658268189,2.1734375721596555,1
7.749142445667667,1.5061422126046136,0.4092810821326678,0.7665606577034283,6.136315615971826,6.580783759511477,3
9.116330174673946,7.8981066620766756,1.6129989578518074,2.061502596130721,8.673394277646926,3.065399449873762,2
7.518298665904238,7.979509890651406,1.5676980054882392,2.2652003370734555,0.9538971178475837,8.266336122882414,0
7.436990095994911,2.2485672532877787,2.967444703927197,2.718481986757953,9.327716027856756,8.107698811021812,3
6.23212602335014,8.870768888194702,0.8549740985312275,3.6465165870194736,2.378509568597932,8.544001225806454,0
6.981183788466097,0.695536679920191,8.672013515612877,7.995726475201575,0.8496428098481439,0.29984977308276806,1
6.982414514687622,7.532898052296318,1.3991480322726826,0.3911463652434999,7.175501685161803,1.0076658745440246,2
7.031713616899809,7.108787760637698,1.4898442001709964,3.7115505619848936,9.222406797174637,3.9207729061719725,2
7.862338505381885,2.2528771444843696,1.5840576457510793,0.9503040440775727,9.226028009559101,6.440376634923894,3
8.340871501434101,1.1868884512291484,8.418630721052304,7.57487668910289,3.8250362690790602,0.6535614311050981,1
7.102388650276229,2.5367305299275076,8.816832633891469,8.195618132610898,1.830335777193834,1.659890515264633,1
8.245550499099284,0.5445639547406893,7.594719478502324,9.501627786660396,1.2013194846198259,3.173534665133114,1
9.693626842335336,3.331353256345184,0.663790138852101,2.6487578369525178,6.776583921038345,9.431147600654574,3
6.762322002426464,7.296146544062156,3.1331522361030713,1.0985146328546906,7.822750393564387,3.868942163691774,2
8.387897794404413,8.114895845479136,0.3573526237367419,3.7189245007446483,7.363209749829123,3.3692156466260554,2
7.314774959082827,1.9607914790515415,7.335030039194162,7.125900289365675,1.6297706318114882,3.2075454616596217,1
7.305608231599212,3.3409064473123027,2.384108630779169,3.729715262183206,7.856594090594792,6.112144973477063,3
6.085514654792455,2.1132803513794003,2.924316757984759,2.877035696905655,7.353790935595525,7.085026087470158,3
8.573964160343685,6.084335551552403,3.7375875612619347,3.81317605727521,6.710736241988018,0.1468589628718613,2
9.334126974174682,1.1632120122641556,6.745484156514728,6.4483893137350385,3.63833068599518,2.8021761369333364,1
7.596786964920547,7.652374777230325,0.41116938596655794,0.3316653543070891,2.7624991094340867,8.865952276531234,0
8.291479192462845,8.313377171771089,1.724535969724001,1.4215997547834327,3.9536248320663354,6.172775888557993,0
8.99513739832044,3.560112668753277,7.93735083954293,8.480702588054584,1.1439763401163368,1.9315602151183469,1
8.250206011688453,2.3414908965471057,2.6203427733998157,1.185189390190935,7.6245142657581715,8.275235239309591,3
6.031501169345628,9.776057248832869,0.7519485845343512,0.16811188198196758,8.986637694324235,2.4485245084858205,2
6.372180330138798,0.7396024200513018,8.535050639939369,9.289511414014214,3.50519227787341,3.9643305355706646,1
7.891938460777451,2.8281443037028553,9.347324422807189,8.616068376768485,2.2574040711851886,1.617146907335052,1
6.257773345021288,0.8706616007464643,2.430651728813204,2.9871265895152295,9.875034669811058,8.128915141018926,3
9.028289051143123,1.970685936738636,6.177497654628555,9.901363288424252,0.5278990232686338,1.0965970907990927,1
6.4609471800599705,0.8991080878554261,7.736795588844508,9.925740362964751,1.249875283280328,2.512941940680882,1
6.808027589221087,0.480160081642905,8.383449483149482,6.385670176342748,3.0986283723245505,2.6811783131626425,1
9.169558393449332,9.437667097602958,3.735507755633143,3.2132784291335055,3.2576664637821184,7.056666641164227,0
9.568450800467451,7.430538160152894,1.9503691489122432,0.11439325407095113,2.581539612046353,9.788352766981777,0
6.294807715945591,1.4301724780980374,2.1328755609805463,1.3266992564274789,6.313037281323389,9.86793801502709,3
8.550431432474866,8.210337814610726,0.8892600403615316,1.1586632105459138,3.8177087262959817,8.858879380593315,0
6.157517342648676,0.2117570368771533,1.232583744623032,0.03582469213854855,7.494675631496909,9.364040766458027,3
7.023245472152865,8.476458096022908,1.404590087527207,3.072707246240189,6.0755813266878835,1.9772099534801448,2
8.69732966285395,2.4608165829711224,2.8318221817917206,3.3378814809295165,6.254148150830936,8.93675450038095,3
6.46791480228146,6.839322676879009,1.3401197349183738,2.0355434158815733,6.164157302462942,3.460725023933646,2
8.318927325118285,8.796241754591932,1.0005891805182845,3.8933416362026083,2.802748268725163,9.48976261315157,0
8.533894358379898,8.845862468668388,0.585937845973679,0.22731917712147087,0.17725265836929305,6.1072668576105045,0
6.341809348260247,8.450616899609939,3.4831759335660064,1.1579398701963615,2.017898342255683,7.874236517656378,0
8.028730684020632,6.2677595476941015,3.6515348274113255,3.7443587815328168,3.239037937927578,9.267816318602184,0
9.983746870926613,3.3393250827660235,9.436817753859753,8.557553124571639,2.111451679678225,0.38895937167754546,1
8.005328905326301,7.053322017754118,0.8004108444929976,2.795651953428704,0.6973493679858884,6.446330461795546,0
7.258239070364031,6.783439113096911,2.5914134015775523,1.2656021858666344,6.82188067298632,2.008803611915709,2
6.268786404627992,3.957135971281107,0.512230059176737,0.30235219949534686,8.739490885098258,7.055778243704664,3
8.984574560414394,0.715181888249528,0.8792363836719659,0.3449933702906196,8.434646826353344,8.204961501207285,3
7.796193215601489,7.948904636183169,3.950369999001055,2.0665578646035927,8.593475712425452,0.3873441691460098,2
9.870887867544193,7.557424779649895,2.37408523534784,1.1648366870423965,6.83492720073982,2.8156950631833944,2
7.0043072087080755,0.27041359997036585,9.796407366828594,9.862006470649025,3.0085967786063246,1.1782840370709229,1
6.8223059145684,8.444533930046779,1.8783881444257315,3.207197249676918,8.179687969896513,2.2705130870710812,2
8.096737399995162,3.3336032456914473,1.3470705695925824,1.4610534026938384,7.579588690324721,6.623406728041438,3
9.884388247682976,9.45849272166852,1.1617040884734067,3.1396595938934286,9.323136971553904,1.612742913725857,2
6.5558075729559135,2.737946229129842,1.6800885736690359,2.429038203005826,8.228574995759185,8.988685129769932,3
6.207602982699548,2.835345273675031,9.827055898690247,8.098598759770884,0.25346040182523977,2.697272919296232,1
9.99375206359797,7.953488694071413,2.9234646011860717,0.06266935996841339,2.2725680401211554,6.665264254518322,0
9.970802772399907,6.470112460990163,0.27702550076310173,0.7381454319190728,6.020871686013759,2.725795436355392,2
9.188057850667715,3.0129330520373627,1.8298936070496667,2.036975145665208,8.487499583623281,6.351608012482075,3
6.891906500160571,2.43877800963847,2.56791195497302,3.506201517669222,9.715310935944858,9.079192341550508,3
9.20756653206058,1.7074436785663876,2.5287120985772775,2.5239271211500793,9.399767981077503,8.766795761069082,3
9.948494964251388,8.945240313439035,0.5237246751945159,0.536150491598173,9.656505880902904,1.7035947636946474,2
6.133806263467685,1.551691504780044,7.53098447714593,7.760199298999559,3.1001778780555704,2.1041021995408604,1
6.202226579445003,0.5271116383453571,3.662375010120026,2.0894918627748553,7.466308890682322,8.070852137491213,3
8.477224975494469,9.60984674163296,2.355609005362822,0.6702207435977097,7.161986639094039,0.7505240814541527,2
6.100453937107528,1.5118847212833004,1.9251900751880848,1.9839562279714658,9.995122973253864,6.13379339189159,3
6.96078740543634,6.431382258277502,1.5782916459599603,0.6531188080078314,8.822784637130212,3.647397808585582,2
9.334498660267592,0.4746045994795627,1.0305955708236736,2.6604492699965276,7.847561169887274,6.444439507583395,3
7.217980811434849,1.9211043442801192,1.6463887725940407,2.25186092174273,6.801600387977866,6.490157060483732,3
6.426015030801797,3.316654900170379,8.730700224155537,6.52903724887908,2.6457108050647418,0.20430330766807847,1
6.89205495475316,8.051895257875824,1.8815623376155828,2.1432434602897295,6.040927591956869,2.8721918647571814,2
8.269641098197303,9.002942906604247,3.2435655011414233,3.3738027778170543,9.538472136947897,3.4025123349143036,2
9.984463633976414,7.669351029831219,1.186889116763365,1.4858539493992264,3.788825183311049,6.067447994056061,0
6.842210190205741,9.037495514099072,1.697525776455349,2.624628681833054,8.266065276739562,2.0164466824124094,2
8.062714148203849,7.267432094150224,2.503383710213758,1.3544332319795553,2.248038497740031,8.807343225034604,0
7.311363039080929,6.5385450471911,3.7449102688684013,1.6109763903148342,0.9099569458780903,6.921336081160862,0
8.95262472003192,1.4963865506611644,3.9088782375259754,2.002739926753019,8.109789648735672,9.7372318062585,3
8.383007899982271,8.683575553314384,3.8997516014743137,3.7152969865664693,0.7048216077766769,9.076014380800062,0
7.82054320226262,3.506277899576304,1.0699090341772024,2.818562864847183,7.805486845748201,9.68443989514285,3
6.082305385949042,3.3372795344080726,0.12327547787233462,1.5072938814648862,6.3291432462266695,8.904653490542524,3
6.521603603997454,0.26407788649063235,2.8037558962675564,2.6109432183299446,8.183402302880973,7.505176038330433,3
6.037328914772457,8.443839154708506,3.4291672770882866,1.8690897093211913,3.3780529536412733,6.36981032357172,0
7.687181916557869,0.8202666511863526,6.114917468985835,8.96730337377766,1.773713592303174,0.0723700451657332,1
8.692955840668946,2.193621214550124,2.7741957597836997,1.5392680669526184,6.776103302883185,9.014822055180687,3
7.9724766016215,0.945628913007166,8.954048625191197,8.652213374085642,3.729936644635549,1.2300331027951739,1
6.528329605380884,0.6351084563493616,2.33070307124267,0.8694848421007895,6.392375983178443,7.416275162326668,3
9.917058785892722,9.338473655123735,1.0180874553806394,3.3714276177882976,0.37139400342866935,9.349677151465196,0
7.3114352307865165,7.815798491266314,3.9512278945713013,1.9391168640920018,1.6568894486417705,6.160924732864489,0
7.174337876734905,9.103778775259894,0.18807934826751627,2.1299215301373517,3.9556367338333276,6.6561013997821865,0
7.169950486003621,8.310859722598915,3.5154770569904006,0.3290705016158322,3.133938458071085,7.348086299317915,0
8.563578090099032,8.4531738282744,0.905810333669399,0.5094266362987105,9.554215534789915,1.0832291734766355,2
7.300385222781513,9.237362780983352,3.0465891317183993,0.4339749016671379,0.9829070697175832,8.833120758983224,0
8.583735288918414,0.5317208651251892,6.6432122787027845,8.507406676374153,3.400739669265405,0.14448001442644198,1
6.946171399067779,6.986421864313379,0.2989100608459614,1.0875451274018344,6.513482551945156,2.323790835876697,2
8.198333833286483,3.3613300660462158,6.512991971156353,6.248598244948945,1.910366859175518,1.350317668356559,1
8.19930432137766,2.0873483497270255,9.791294270976787,8.481451263241896,2.7058317912855525,3.032525875612969,1
9.463798945102155,0.4131726524073409,1.8038133986719043,2.1304166145482326,6.491391398032361,7.80177117035075,3
6.842469541903004,3.7271265845827424,1.0759939970740935,3.5824070750021972,6.146212056062189,6.573589999307503,3
8.198405031604626,6.096004689746616,2.746353560135425,2.6865621431260305,0.3342751934925676,9.284155938204329,0
7.463288557896693,1.5479778928193788,7.891046585194109,7.236018696542471,0.895798557816625,1.3976897730616824,1
8.685536583482905,7.318760851461985,0.09148686146064877,1.9491477906714683,8.981997961845057,1.8762915963247324,2
9.716662766382969,9.711719041792673,0.34495396931927713,0.19707023297473114,9.560411422015068,2.5954938060892165,2
8.933083662831148,7.734791021495468,1.9192049265963664,3.366196421048051,3.4895188815206293,8.037385194701145,0
9.756008144633501,0.24718437398845472,6.811906799707804,6.137261147321389,2.924361249003712,2.5349586910933364,1
8.59630680988031,8.921788865556547,1.7535440326639837,0.09313079444535877,0.7453010495845587,6.464113320099107,0
6.356073993120473,2.1556345376867903,8.028965100274258,9.246003137903056,1.2899854724469346,1.3560435974275329,1
7.8144613051161045,2.6727807637137815,0.32404461819605146,3.550638597616965,9.947084374709778,9.067404113095547,3
6.963045529778054,8.81019099348953,2.6394500307348228,3.0927171245572422,8.24662825762415,0.9872087716410278,2
8.440536417069334,6.13924753520076,3.887447567418595,0.9098625625125982,9.089807407825566,3.861252477680661,2
9.828134183822169,9.937186247407963,2.965296082007073,0.08747767757525082,8.953733198532127,1.1533627225156193,2
6.527383066063262,2.5278947387878636,9.060652387737393,7.496478265623514,3.4570071148740094,1.5566721208701266,1
6.240684196799986,0.17494543725160927,9.396814741251163,7.129442704342587,2.2268904681001827,0.5961313498705412,1
7.095755461216882,7.065490203700035,1.264946637812558,1.107237318613337,8.148949217532984,1.507870227701157,2
8.494434944639057,0.1430408949276578,1.4989108802390505,2.944965185624144,6.872389760815054,8.250515327317272,3
9.88599618252591,1.5953027088666474,7.204722316885219,9.741166550164866,1.6541892713146336,0.2724065747345179,1
9.841443412303459,9.799484560679284,2.587458348488493,2.4307470125536828,9.730306622630206,2.645885688932088,2
6.9893014413932155,1.9586490316443088,1.7515782023907729,1.9003543433673409,6.043011854248864,6.936217778715434,3
9.513674208374713,9.801618574183122,0.43202224402880285,1.7893215613706124,3.2179884634721527,6.672907914421284,0
8.239987369318891,1.4447556849377383,2.0570000726944833,2.94758985144603,8.550429816344744,8.728330322592344,3
8.194601131429287,1.8905270635713487,2.5268172676101885,0.8784802935807403,7.301945562055822,9.145900436127295,3
7.798903522241127,0.7779974281639439,9.436448056181536,8.753843470887283,3.739834938173336,2.707801377841115,1
6.14651243486018,9.214232154939038,3.6741774045832676,3.251004952534205,3.145926271197745,6.263806938895941,0
6.212127760131549,6.01936303328407,3.031905457929203,2.811060034091264,8.912842629048233,2.3611608926139693,2
8.204362108062742,2.341331181213147,9.752308498829603,6.083984539289807,2.8598614042731576,2.034647365011839,1
8.226890424373744,6.100960734160587,1.958992290236841,3.8926816654753678,7.397537566561204,3.844983929689377,2
9.736937663274814,2.9501299697107357,8.1203301779112,9.91990438656497,3.3241485996148827,3.2282141929282333,1
9.937287302966231,0.49906567601078233,7.426141377849143,9.801021765440986,2.7977931558588076,3.67104922009537,1
8.838148354033082,0.5436575993094417,9.74127268960486,8.757592847943918,1.8949366881619047,1.9763972983360363,1
7.551034574905415,3.2537731859970656,2.624517567306097,2.2763325380859696,6.762851045498799,6.832223559275173,3
6.428326609603636,1.3022792739101017,7.945381179554756,6.569132525295341,0.8027748355257907,1.7027132663235411,1
7.60123491666174,3.8112853758580183,2.39966890473077,1.597365060648174,7.844955588077856,8.495007244343498,3
9.614997137307194,1.968798692753948,6.184977163666779,7.935578537215181,2.553322677773713,1.9709957597366246,1
6.488679833982287,6.259007368919039,3.595590364687544,3.0523747832506185,6.580809751261138,2.0661142845602574,2
7.726751267724575,1.3223437466475865,0.28156177682379013,1.170258215942162,8.447619303631589,6.946341083375806,3
8.884635676182086,1.4972484027653916,9.244015251670683,6.969624448502164,0.530575427624659,1.4095088021745044,1
8.065147778427773,3.93520464473696,0.5167377431862619,1.2057839585946653,9.593666606869238,7.342320966215572,3
9.730221849621511,9.197883794339187,0.1289902865498389,0.8907981548589832,8.808502385952206,1.1751689428675545,2
6.2981338751089915,1.3986238748220887,9.912426316913841,6.115181231483122,1.449993156568901,2.969098012068823,1
9.460844614725959,9.296914757109658,2.1961511666783236,3.2500145315852147,0.9584243406085315,6.340537343870146,0
9.891526020096805,0.583431659274785,1.2196332085875903,3.7714822000165156,7.762552615756522,9.401823709604981,3
6.414564323797926,1.2797700368296776,0.7239864028403478,2.7405602236395543,8.032921379588332,6.046935787964529,3
9.206742199063676,7.189518375523848,1.0625589370542703,2.267647652406544,6.123488717797852,1.9368361923304116,2
6.569175013324241,6.014694122140735,2.67217428216225,0.4537590002807632,7.172248940555958,2.570044841365803,2
8.866842418007536,8.613837323700583,0.543430201315728,0.3925233956758065,6.138161473105544,2.7985781432932813,2
9.846364299001287,1.5517819847373446,1.9862780845635828,1.608317260639394,6.813997225060661,6.562148873791026,3
8.046963468806569,9.675804230052972,1.9202987641619096,0.025003767536995625,9.883763432867113,3.7718604707212484,2
9.03819738287497,3.492830392060204,8.322955809376971,9.447173096263874,2.3260896603372725,3.467533684185728,1
6.97473869917478,6.297680617400216,0.8189541821197968,0.7889148859339383,3.725655555075523,8.254945506473868,0
7.745551427645971,3.4925369907954225,9.701573292866291,7.978157376758675,3.582939327323721,0.8084016977933883,1
8.806375076018641,2.788769201412798,7.1654264835667565,6.59774063982203,3.293720507470559,0.700252430023752,1
6.264700945497569,6.009729707585355,3.890408038875013,0.6219017949683265,6.986537434956363,1.298246835679942,2
7.123320902449236,2.371322526858127,1.6699453034201994,0.39555509743002304,9.680604561482088,8.728928739312899,3
8.997789744797812,0.4091303195829621,8.87938318687847,8.390333086849894,1.4830727053497057,3.4318323007815166,1
9.346359140743257,9.318362900636618,2.7285824941827417,1.4093193419516492,1.6229344649955526,9.701108963252404,0
7.065583557354164,2.8571436142135305,2.1341630786493693,1.6778041058454698,6.470301526243092,7.040389781641254,3
9.79191658282833,9.929047755184204,0.3308543245031843,2.584741190931793,8.26494686904347,3.2529841512117903,2
9.544493368854233,8.578071208055174,2.9143986855401103,2.2906093629849806,6.608357534040069,0.5629766082915744,2
6.827987555700929,6.267440015285013,1.332485616884599,3.9323664580954403,2.187541808155297,8.665527599690975,0
8.485554624923966,3.5231089138975316,2.6070721893956974,0.6028566240695068,6.880684938221847,9.562540565764229,3
9.186347685417276,1.127146301380793,6.839223399532101,9.27926759132119,0.00014475837755378862,2.165755944085109,1
8.652437711785158,8.759575041013674,3.194885257954502,1.4915502200422148,2.388957408300402,8.264399011516371,0
7.554349106504814,0.4352704203584734,7.96723950610582,6.735840986232905,1.1005032779564208,3.0218568896563456,1
8.006684035742039,1.6142801912519027,2.928802282452802,1.4054286122058315,6.69638703110912,9.710139361339504,3
7.338551180449658,1.4518037514913646,9.816393886432234,9.793664377257853,1.4063900772007436,1.6166141309567723,1
7.126128725832597,1.2171460878013316,7.853692325089536,7.748327711210218,1.0614770123025719,0.6445486191419572,1
9.012505400255696,6.1276857712178785,2.987648977307858,0.9843013888892789,3.445834602025669,6.449741942330926,0
8.96213644178125,1.618624465317346,9.847544707404225,8.731920803610986,2.8702653837635554,1.8303792171194613,1
8.490781328865872,8.335070545080333,2.2201011661381864,2.055462318191421,6.406013876353892,0.9896345658790762,2
6.0669938779957695,0.5192406307681114,3.0328313363677672,1.6958004669143643,9.709316070643268,7.5020403070572215,3
9.802925953974562,6.888296794591401,3.619499514463616,1.3008873570940565,2.5265896726289427,7.666022857103928,0
9.156028258542465,9.546879888654185,0.11829125452047329,0.43224970301491306,1.3832912575608232,8.985117860952172,0
9.966809768784294,6.743623185934576,2.6112201499063343,3.130414730744221,6.662348880743053,2.482293429446669,2
7.166099226754828,7.110649322557336,3.068044096398531,0.7408654591327495,7.699729812108926,1.4111140696048832,2
6.261335963630087,1.5394749440325817,7.546979744630791,6.340836083213983,1.7857523457086235,1.7459515202167872,1
9.395907935690975,1.5618558921414794,1.2649062063711716,3.7072007595934195,6.690070751298773,9.39384797221123,3
8.882707392535059,8.31443626052834,2.8409203067181057,1.414623934292142,3.7220350822361334,6.456481381831374,0
7.243430332841548,2.4547849305276777,3.939576998902207,3.16302722920224,6.31006028316639,7.114347167592419,3
8.370919555967841,9.037394467981173,0.21530238932697365,2.406765647126862,9.363111200815965,1.1786200035911651,2
6.6416449387220755,7.354000678937705,3.9205641190060145,3.2512332820801517,0.35897773261902133,9.532933190312066,0
7.2579202382146715,0.2820305468354878,1.685161712744344,2.735225965506771,6.717878062719729,9.30737676709392,3
8.569871159865265,3.807679763529508,0.24641183621904839,1.9469524143605659,9.603762326982823,9.499692822791104,3
7.674498671622683,0.9695467588496003,8.873579831484538,8.166822832734905,1.846584452858977,3.3064752721234627,1
7.307829604013113,9.905247378523258,3.978848477702211,2.0927888415545697,3.4104944668290984,9.425169455221639,0
6.370673025078446,2.1098793473857507,3.3720930589658975,3.045180775968331,9.440167640000102,8.362046155627349,3
9.90316955538903,6.966633388482758,0.8058876703777469,0.9362646964170303,9.95504503092549,0.5581111336864355,2
9.254351994839922,3.808670746341316,6.7886306108711665,6.26279681706802,3.521319127493551,3.953838292569506,1
9.412185601574846,3.444066562892859,7.933095571028602,9.98524755257369,0.03105598334756854,0.25961967676359476,1
9.002236667207447,2.208780569059548,2.452307449846247,0.18583289830017158,6.4171959644601895,6.150098503531694,3
7.4244415434937565,9.009354711148358,0.0791502079436519,2.2134655837976562,1.7540789178335445,7.705590897755707,0
8.671319474299123,9.83340723461954,2.547286633690693,2.6163421854792714,2.3605268999288613,6.493972240673726,0
6.307988092417168,8.470615004600253,0.9101436196146433,3.6557289381428073,0.31741363087109686,8.65805964290182,0
7.602535775436532,6.806242858151556,1.3404729774146467,3.333224331041254,6.563792175325737,1.112286129062368,2
7.003316554263884,6.038589043524941,0.8194410569971833,3.055292989048205,0.43775418767843277,8.770165533355707,0
6.1833062412511,7.094566793542608,2.4782648134021477,1.6160723172714158,0.35862159874867405,6.875982492425654,0
7.043681963378197,1.001003092141965,3.305415421558544,2.3061384822876243,8.017833455075086,8.202640683333275,3
7.9334777050929794,6.579515843102399,0.08102838675481605,2.2344878361747647,7.3840234199931825,1.7506392271409181,2
7.901498281368886,1.5218920299235608,6.246240251938347,8.421862971449318,3.3350573729899864,1.7641559374502789,1
7.66133340303019,9.575484933551193,1.1366444108805158,2.2673747690966497,7.911831102616581,2.764947828440398,2
8.271882680931501,6.925529825932053,1.5157325248354137,3.7541706949621876,7.717665728871883,3.5238209127860385,2
9.762948806502434,0.510370732442277,1.7333559247190342,2.5239462232569103,8.094844357271885,9.341064148317566,3
9.505441474102152,1.6769012147433835,0.4798897153030981,2.2299816925536935,9.79157436320205,7.8508413997179165,3
9.756190786280447,9.475641326349882,2.175489943020153,3.8639435347520914,2.4791389959890333,9.82665881769144,0
7.082067443220859,7.670731553559094,1.4482263742944927,2.7221714963108603,7.512806212803418,3.9609402699926775,2
7.691739552718225,0.7460884792457518,7.1250881576324545,7.109986126910788,2.3282471812122982,0.571306245771734,1
7.865162101235011,0.4563137390093561,3.2630231932576206,3.155398452308482,8.396731463953794,8.967401188506225,3
9.2329478036469,0.9083025448006152,8.979062003303625,7.443848284897103,0.16119344719509776,0.997627865588,1
9.436433354585962,3.3963133147619127,7.1632927876660935,8.229804811178896,3.836112103019596,3.4420595439808865,1
9.947626353163173,3.7845650010715772,2.68722385575868,3.902477300080189,8.848235075182563,9.91701410508435,3
9.62061254774057,2.576599529855849,6.002671814128533,8.512934308049717,2.923883442174295,3.310867378198361,1
6.798202810955732,6.378769085089264,1.7017104153396145,2.914972796752812,6.804151395994624,2.6178654451610517,2
8.948268954949594,9.562151680685263,2.136137563039813,1.3491369963323967,6.932718369907043,2.9261336290579907,2
8.595133674630343,1.3397414608569087,7.0056676781002825,8.470813546421848,0.40501845113106816,3.8280141382025086,1
9.017258540682025,9.467285939337918,0.7299324882057037,2.1265980113571277,7.267913916881694,0.024772494874885975,2
9.098724961063487,1.4436513083074067,3.219657035465907,0.9094449805992388,6.42722013097228,6.05108636998381,3
7.295040868304888,7.073276310352208,3.2583313522616515,1.233625432800869,9.980738685132454,0.7245814495378733,2
7.4170895186187975,3.7018276338481333,0.8400350266262384,1.0382646174863566,6.578998927449822,8.626728659704845,3
8.36941865519524,9.4297256715279,2.9787257663809283,3.4063987021595654,9.81021991916288,2.546025227400736,2
7.670586281277865,6.6608053788127215,3.789704876409378,3.8845688604017767,1.1795734342135296,6.197710794826943,0
6.305691629410814,0.6712366908454919,6.382196576390161,6.879099656927876,3.2941014150656387,1.3517121662765028,1
9.803969934649459,8.371146484455391,0.8949656410315536,0.15310825904623027,7.324617300147659,3.5723237281068294,2
9.980135120786187,9.391445002860422,0.015015488665753196,2.981767724040014,3.4702497990980654,7.435647561342587,0
7.710515465835645,8.6287407894306,1.1906531627049461,2.016414186904066,7.42873407185305,0.46648292575906014,2
8.955420634322627,7.74047409968551,0.3252716611570432,3.86650135785193,3.1464190325850865,7.89686687492497,0
7.017402625546303,9.46132198585242,1.775271683464494,0.4711838107716342,1.8797016476932624,9.848605797352533,0
9.035056080497775,7.955534107829273,0.9266560881776522,1.4108860149576778,7.514388797863045,3.506482763182193,2
9.149219823223266,9.336471794470832,0.8918571463107776,1.2581509878833526,3.130985335851696,7.0489794140816855,0
6.631853296381216,3.2589018676896857,6.239158431920527,9.784371094503499,3.8656401512966263,1.3060731817504734,1
6.676463142544003,9.725727737536534,3.265037666327746,2.7973496671553573,1.9409985805214975,8.232263637550957,0
8.770708013659613,6.058084439988727,1.1087264455083359,3.343830259405672,8.235149156784733,2.0517343180892156,2
7.768942983433716,7.02689687382081,1.4373452829118847,3.418280571443616,2.844939765437284,9.15999613955459,0
6.004482863164149,6.08622791174512,2.682227177992315,3.6988028203687318,0.44340422149726866,9.694239284328617,0
9.60710601280165,7.014685803684204,2.4680341144684417,2.0170013430688183,2.4171019078928837,7.661685923980425,0
6.693319641807429,1.9140338707343312,8.708850085258417,9.797018288805623,3.1590023760301444,1.2490978736456326,1
7.374618570198866,2.668629915400219,0.355010494398059,1.399325153463146,6.59158009292628,7.354994598827403,3
7.895181711134177,7.8860387094524125,3.4560040311978515,3.4234118846576713,8.265263517575196,0.8127954183903401,2
9.853955882366467,9.343876767421344,0.4178465794436663,1.8417204432741916,3.850690901510169,9.07004062921881,0
6.530819675993896,9.360703098085025,1.3232948920955234,2.945373178406715,7.78902437758614,1.0230074768223254,2
6.2523216619297735,7.808736815992031,1.9615248916353365,2.2980015273681498,2.535934245706468,9.155948780975262,0
9.572217161774148,9.037895035485707,3.6288465449094565,3.0909027693226045,8.757203141555223,3.604246761850115,2
8.034003683963638,6.321383327615906,0.4805070735404815,1.8339070389087766,9.467284991728791,1.9452375921018024,2
9.857741899760736,7.388786621631841,1.107706888247729,2.2646235580288923,3.5221562733789975,6.546010853047445,0
6.174597294895051,9.788768280249416,1.7710520521759654,1.0153021660483685,6.244745523322451,2.783858573858396,2
6.3472348737876985,3.2948474622855537,8.737488125659084,9.939549713712655,3.1009818051006435,3.564479114484894,1
8.235412446281133,7.991424631994203,0.884567649051939,0.8498456230979246,0.9112203528248162,6.221958589118021,0
8.099672121374505,7.562053496176847,0.17348159446002365,2.4103470316161695,3.8020984007303875,8.406171451671273,0
9.966464426196449,9.849176451234651,1.0848849666706322,2.7411090626708594,7.783371924067575,1.9455812921792108,2
8.150162898682922,3.058533644596746,8.997085662537799,7.72136103531287,0.17334322465637264,3.6518736645655805,1
9.232698082283413,8.71355950070572,2.3681838874909666,1.4273668141800209,3.6796420425041463,8.350953105813147,0
7.610637639636044,9.51461554391241,1.7256616956038169,3.61863154319931,6.463668489809537,1.3556608181483685,2
9.091261794949357,3.0135350315796496,3.2493813368025757,1.424345153079297,8.420280470210137,8.075340375746379,3
8.588326817043948,6.571190231333331,1.7076789037070879,2.9952601872711617,8.656143998050464,3.9566224628207194,2
7.485485417156987,0.2567001086176117,6.959751813218028,6.685445144750961,2.6950358748416225,3.8886011590005123,1
9.411725478778205,9.907138684385608,0.13904772848073854,0.9163740134151146,3.163423352636419,8.323959846880609,0
8.401431104066102,0.7960926280098741,9.075888146507493,9.568882392761097,1.1699324482827071,1.5143479917511273,1
9.578245510861546,7.449173583447108,0.9250950115261514,0.2518493665474111,1.6145356413142782,8.609562760529116,0
6.323095863510151,7.066679657088157,2.0142017376661636,1.9565167933329777,1.8083865093574243,7.162585350010156,0
6.430064144477585,6.938661120601906,0.6827662655298075,0.9721878125142998,3.6452663527969555,9.969992241960412,0
6.51007285969224,1.7141812902260396,6.289610171342042,9.457424959672245,0.5112354061282707,2.8731640831479295,1
6.5700032894604465,0.8048336873933999,6.250111986644647,7.6925406323931655,0.26567263692174325,1.9949173319293338,1
7.577208063565797,1.5684427144131856,6.948439094586646,6.42067736839145,3.4689743085489666,2.1019525730085573,1
9.822420439435218,8.437577727120567,1.7725474370536665,0.31294669234614547,7.9336574871377135,3.940629631580816,2
9.887726917933616,7.4651561394533115,0.997171022911362,2.1981250883832963,8.861202068660928,0.28652515807759693,2
9.858272229407342,7.597635053344247,3.3884886444972953,0.8198132346174716,1.2337309224529402,8.51478581984135,0
6.674380249656628,0.36309744029299784,7.825042343030361,7.314256128417679,3.9649801679936343,3.537663475113265,1
9.781367629599746,8.777286925209888,2.1292932463865264,3.2777724385610405,0.8852599813220285,6.267008070283284,0
9.477173518617397,7.354165136194521,2.387386593716451,1.687926651012555,3.7404326523990212,8.955582288272709,0
6.836853097414545,1.2839151848966064,0.09433509061009193,2.427902065287655,8.837516166347326,7.109067995903193,3
7.2380843089316045,2.408277339628359,9.895428623775071,6.313630803875666,1.1852853431925934,1.7521480039072754,1
8.53029899403576,0.476435396993522,9.629802820315582,8.97980486363791,3.295844139291051,3.3197889729644374,1
8.131152387591632,7.2549696000283,0.2224145039078822,0.10801315127817235,8.393469205609325,1.4211837319085028,2
9.529806342242116,9.001957467858146,3.375188925933275,2.866048126646304,3.5285502459074594,7.114975679927751,0
7.315823829768548,6.26094896216879,1.0773436962243839,3.4279586599516993,7.751267822385925,2.8737378761759165,2
6.4623323671104504,9.145702092859484,0.39099415670910975,1.0166900054743144,0.42835556122999785,9.155975546053625,0
8.073806302002783,9.107971479945562,3.886336957723774,0.706880013814744,3.4414975805071313,9.8512777060373,0
9.926649131186542,3.5894183634397017,8.632737501213617,9.639511495705552,3.9231767937834707,0.5943801853129802,1
8.589002361676794,8.145456054653478,3.1244898646332624,2.701260221236516,7.496506363408207,1.5648914119914328,2
6.350842989540216,3.5551847761385753,7.661914877855537,7.968791719451378,1.5984928154747706,2.4983796037359305,1
7.063532108179295,2.346111926408666,2.7576442913412116,2.1976668597932925,8.286320536488002,6.340637769431609,3
7.662186905124035,2.68863744249699,8.485413967340778,9.072777920667926,1.1290580546106126,0.5265690217036423,1
7.038907823342148,2.345039849423548,9.497383822763455,9.740315864028188,2.832635498330179,0.032875268449699124,1
9.08013563744761,6.388243562728393,0.7588929820888559,0.8772424520323994,0.5687549005959807,8.698971376335887,0
9.086107606095556,2.4082589748658525,6.952483599579951,6.673124988861648,2.7000665436386133,0.5080501024072541,1
6.067007090478432,1.6748922048958548,7.701272624361092,9.970805740183424,2.2033107589536383,1.9916140185009379,1
9.568865799801266,9.853025325961845,3.932908013564582,0.057773263608353886,7.306864460008543,0.9494631374547735,2
7.985329487768752,6.706434227994692,1.0849375611570844,3.2744670406474325,6.205925601428063,3.1119681934332553,2
7.320859993122438,2.0646510970413163,6.403900971906939,9.613390357032369,2.4286475413489144,0.4257085133913412,1
9.46854382709796,9.794358048222252,1.6239694983640112,3.9954145588876466,9.231003802248201,2.9183438721656194,2
8.989426205902578,6.991717045999634,2.1476251433832507,1.9027792227027711,7.556094449825515,3.210569989757113,2
7.811184110970115,9.437904123585483,1.458370355154878,1.5486511855850984,9.540639624193702,2.265017510886269,2
7.040307060960455,7.314864706016664,2.456726938883625,1.4581895021113604,8.611405465201024,3.884111926801927,2
8.146121581570235,1.8636286415658856,8.748497133655174,7.471818717794676,1.8706181881141686,0.24060366632269137,1
9.509116232421901,9.887248208948538,3.994776479983978,3.9773923122123507,9.547054740127805,3.752657608816992,2
9.688077526572481,3.8264301186515732,8.266889929834772,8.329437334480367,0.9198592441204476,3.387164198056479,1
8.203995632695282,0.6527217692598768,7.097344799336541,8.570777706307751,1.826862350953784,0.5585147776270576,1
7.460161839622051,8.292338930764291,2.505330609776671,3.7284457284241994,1.3937466284049371,6.119091155185936,0
9.966765833279887,3.170715976969833,7.761573639563778,8.783565781074255,2.312920544487155,3.6667662469352513,1
6.34448206400293,2.9719002615152554,9.493002927570974,7.217057111455386,2.424209099126137,1.4489358175914044,1
7.378419186572119,9.829546453338793,0.14932246232895574,3.2092797732739013,3.8619003842465935,7.6513201384353255,0
6.319167974687169,2.5916426903458674,8.253534645278412,6.539212358570388,1.1735682456311904,3.24122753604363,1
7.188362961386744,7.638008032219716,0.7186798492101869,1.715790253647604,3.7869211501270996,7.440254288049295,0
6.939604573244694,3.503432018539844,6.326432028758378,7.445623353564564,0.6825164699682071,3.8174195958279165,1
6.105923087851849,6.131509727782177,2.482490437668619,2.276502864705151,0.5774268239695384,6.951257197227388,0
6.184471317540596,8.127309668383768,3.8757247732269327,2.1976184732506967,0.6540079788193234,6.394268093740642,0
9.509733757206238,1.9718728074101857,8.174143527654634,8.32184629933704,3.7802081442158095,3.754618772330929,1
7.953385704992268,8.840715662194944,3.4724690309478725,3.533118579931774,7.245303184967316,3.0327944744796156,2
7.06924991593202,7.1357000002748325,0.17361278253182677,3.531579417396775,2.773746816524859,8.866509799246241,0
7.460556906004632,6.98930751496239,1.0304051856826941,2.0241894157811915,1.1332187545178023,9.059719733837946,0
9.621216856547505,7.015260501114381,0.8709893344701425,2.524565542858759,1.66079325685108,9.440594672866625,0
6.064424276454177,6.123858568576299,1.5725711772689817,3.4246863386247655,0.5517310539795557,6.420745019781444,0
7.1195507131496445,6.076399319548766,1.6102827664136092,3.0841303524992596,9.015012170848031,3.751292506128534,2
8.544825171537454,3.573158030202064,1.6335302124203488,1.7085253933146065,9.045036483796398,6.847182638219083,3
8.531189396538188,0.768896200384277,0.6794885502795256,0.026986834992946296,9.589431666580603,8.886881904028701,3
8.803724744428221,8.268963856068,0.5418222087569813,1.9435183290570226,9.922909205926782,1.8280476039740052,2
8.807940885870263,6.308627605802251,0.5930735995722296,3.395461005776072,9.417470128238314,2.7754175075734784,2
8.310676708936713,0.5171141083991593,7.58682363982134,7.220025372631452,0.8224755330682174,1.4467181100241753,1
7.125311613240011,3.94576905487622,1.7568977630890945,1.9823027809985088,6.196713729194026,7.1689081728528254,3
8.637439037857247,6.0910832100458805,1.4285202275818127,0.09368279602839724,6.349552290702896,0.07431700059063795,2
7.171631785362214,2.387782266136803,0.4485782834127403,0.17025104504633015,8.079465302855096,8.08492530231388,3
8.023941189715648,9.518452208640563,1.5064105534071937,0.49420808118610937,3.563789470189375,7.4714674202387155,0
8.248168964404023,1.521109565643913,3.2319602814933317,0.7375519834200568,6.0457782369478466,7.598201479592169,3
6.340337312675837,3.8587416757261095,2.9537686305833786,1.593412699280687,9.485851054318752,8.041949119382888,3
9.729276467395584,6.8122990320650985,0.12851822636748533,2.4764116438062462,8.685080645427115,3.1648730953237307,2
7.520118947446204,0.2966178665317991,0.31763074437231653,0.2471261287510389,7.087879098785303,6.855729213692003,3
6.803947208661461,6.586105892417233,3.218952622734602,2.8555920008750824,0.07465617911358313,7.462190627180504,0
7.411781320707112,8.730779204740491,1.6231940725870282,0.05650586672049496,6.99455921941183,0.19965757017060604,2
7.901302605776318,6.705173146192394,0.806224847830975,3.9614159217381806,2.347082597499403,9.123059954876739,0
7.8411222682473145,8.643710526105208,0.2954432578118342,2.729833073093128,3.3784184277057894,6.243483945162549,0
6.978749043642,0.9350424684452041,0.9229076713876099,3.181693317402427,7.760529947084207,6.9468799916539075,3
6.531066356764701,9.255729016720746,3.744302393351791,3.579827490366495,0.6498059429445395,8.293953278711466,0
6.19614228925122,7.209247962702117,3.145341953735753,3.5482940751411665,9.116216630959249,3.7206531790844823,2
7.859445934384523,2.4629292612431395,3.5914363188131246,0.16500110913085075,6.551759526093819,6.606364321641255,3
8.288221688805546,8.194720612820046,2.111974090288168,0.6433244525606785,9.037459696889089,2.080030447260842,2
6.596905447283577,2.556772150841538,6.925586982942676,6.820304709727207,0.5657744135653653,3.445907490176827,1
8.656171518446568,8.615764043101075,0.0010733253385186714,3.6110567166391254,9.566090420386763,3.9605679352198284,2
7.458506090118022,9.029565859251711,2.906005115412674,2.1029896079591146,3.161583442387777,9.26369012554834,0
9.970513276627452,8.160529361142427,3.929015075887211,1.9506381839567104,2.860642820123506,9.875022521506217,0
9.062335162585283,7.042472988461242,3.5818143053316893,0.8961362831862822,8.248068021973392,3.394830333668707,2
6.07759684502259,7.641484192741846,2.950658373285435,1.2214463260239499,1.0864960237491141,7.776155880635233,0
7.96919186709512,0.9655021429359238,2.376569654496026,1.0797845802224915,9.955359170666716,9.421664535409718,3
6.652625737525719,7.161405541206505,3.1202113372900735,0.9279506317949533,6.975886006002506,1.353904320976333,2
8.354964988795096,7.280183955197387,3.2961517912938976,0.7644939688026917,2.6705634401750373,7.326485936391714,0
7.039758712990812,8.822115537505793,2.2396290218643755,3.594712541903403,0.8068179418340122,6.452882762652344,0
8.625038015471077,7.922479616734402,3.601061980314897,3.9794300554086828,2.1722331484883997,7.167343754783669,0
8.27681133381836,9.814600880122576,0.9061766898647123,2.198762999389109,0.8249865732819104,9.216389722251721,0
8.881553035861561,9.778520673163797,1.3956560160325573,3.2681676919829714,0.24066416502521815,8.199293001275526,0
6.228215314065659,7.69775781311407,3.6004964177873173,3.8974289179181616,6.192027085096397,1.0195808930191816,2
9.908260331221387,3.190936919115013,1.6083503352835193,1.6870423609875052,7.917996476186596,7.885366104980346,3
6.3421542620785925,6.081473944636596,2.888571118481618,1.1784275717447454,3.7610985896741216,7.566033788107081,0
9.175450480069646,1.3994982939272065,2.359405485951794,1.5526835058227997,7.832395068987019,8.637861516135748,3
6.568315398476314,1.8679374579675763,9.620406991195317,6.026474299193001,0.5736589747441498,3.5314440738510577,1
6.900962343389355,2.886789157153001,9.733895805546027,9.236919880950305,0.9341647925184065,2.153609921686768,1
8.039186332264654,8.310210890364672,1.7247469634958406,3.0582321248324167,8.633473541043216,1.9156965205854823,2
8.7194894950941,2.2440587487470247,6.575580823216361,9.999299351914665,0.5518987810105425,3.050193402618372,1
7.210164439140598,3.6180381739747047,1.9723451015616718,1.55361305325382,9.665696767250513,6.231031949175458,3
9.954678553489682,3.1668771881164446,2.2724690932888887,2.6376399799197463,9.096728684884699,8.95594265209372,3
9.725744741549292,6.905587031738834,3.19641722369305,2.039719910660726,2.9653330359820154,9.72025909877629,0
8.280084291226247,8.897983640677882,1.0241966679670873,2.000126286409634,3.2771477549610006,9.415512000858268,0
7.523535705934662,7.756901283248702,2.3835525745158828,2.307274906986224,6.480122540679671,1.714683498344653,2
9.208146234841102,2.0494433191233816,8.065522917395228,6.929042560666987,1.883041439738355,0.6882645931772355,1
9.703554595338085,0.17778014470147063,0.31309431644735186,0.32255020735896567,8.320957166652112,9.833056903150725,3
8.120414814210315,2.58939368628115,7.613022408203765,7.428632032472754,0.20738156208206338,2.485680756646748,1
8.114813724407735,2.7183794051431103,1.8745168222504196,0.7402554995827928,7.255348350099124,7.465716199974937,3
9.997805989203853,6.519033171913744,1.8283170046216162,3.022480475271365,6.062089043648324,3.2942554863525837,2
7.751612569667907,2.0597043042612806,1.526832977207901,3.9495601392470294,9.566024902524092,9.356327702216312,3
9.125221445408872,3.6687727568897963,9.51599514547232,6.905383738119269,1.9700354830875124,0.9182533716840817,1
7.785744963088035,3.6315840324560402,1.6653104271927859,1.4570855942097474,9.036753485763828,7.215404739521786,3
7.066914210686237,8.442781454858173,3.2843254490028557,3.7421152513254303,9.070661961144634,0.8140526781420672,2
7.021212231870914,8.816545927250043,2.2290800525952985,2.2961328944904933,3.4255917500498763,6.41597278977106,0
9.781894679970534,3.8241404370131975,8.292337672111792,6.548430236198353,0.672920722606908,1.4147463032997392,1
7.707280198955656,8.65037962387069,3.543611388792551,2.293981942781675,6.478709104768576,3.132012589418056,2
9.617685647548987,2.716091581532686,0.02344494230337757,3.8811305597551433,7.072959505903883,9.745185123067932,3
9.497035837060618,9.543310000948853,0.4265488862888578,0.7303234620559436,6.927483461136162,3.637372975516552,2
9.281255588604365,0.1704621514881013,1.881419836663742,0.9204961711661079,7.288177197608122,9.329093035983945,3
6.049699301491971,2.0560221120136575,3.617372918026953,2.297229499003673,8.017837685908225,9.463389197693889,3
7.7676918369430235,8.921458414175067,2.117861106177913,2.81057427532481,0.7923225198076009,8.625232990425843,0
6.335027897235973,8.517634158013399,3.209921948226686,3.940474776270563,9.284638042568208,1.0116718841213932,2
6.9496722957844606,6.167924711322643,3.426835751349845,1.8024995429947732,8.05659175325702,3.0025192679552557,2
6.20498455558816,0.665637482704625,2.8361905329394186,3.990845853272428,9.553816983456755,9.704278490778952,3
6.308924799286919,6.057000620212134,3.6903057927730196,0.33761872911703916,1.750050621760907,9.872525297103271,0
6.568352769097393,8.180091082743184,1.980037260316566,3.018761105222783,9.173967858607726,0.825798549324066,2
7.0424336350392425,1.6976629163896386,2.5028933012429406,1.214959446947788,9.087332866868039,6.2338061699639375,3
6.71922707368217,3.3993478763799048,6.27426483771251,9.954567584926586,0.9432966137786076,3.012100774776956,1
9.016076000638876,6.332099826825747,1.6130871168699619,2.843260641253873,1.2293281641760117,7.0562605448391675,0
6.610777954221273,2.042378950524884,3.933082974013944,1.7653543545745793,8.801888544385173,8.288574464666798,3
7.10422108257603,2.381082468583793,3.945554988455464,3.1524999744366253,6.7729712982207655,9.166464445252764,3
9.026197080938497,3.1826322444648443,6.009663395055706,8.043114596529602,3.707755185898266,1.1001004095663793,1
6.856078075910615,3.9866524307883933,0.29190995307129386,2.8751611234834,8.913324054271397,8.982223265570928,3
7.132411974807962,9.332334563935232,2.841959147655367,0.4942692211842634,9.513884715654942,2.566294156753571,2
6.433709945858562,8.34016112009065,3.1576905968869187,0.32178101050099794,3.381253340075164,8.230422288597916,0
7.666637703511932,0.06406368830275122,1.0928334008769474,3.8577168263172585,9.927591254670897,7.992451147788968,3
8.027576563103688,6.05673786399043,2.7035789864269124,0.8133670363020831,3.18049973467749,7.897113901869282,0
7.902808389688932,3.6288414195117182,0.21765192446630754,3.7265728433744405,6.541519619369847,8.472061443805059,3
7.665589518742323,0.054668748474484996,3.07460410243427,3.3390851106080945,8.980967878783769,7.052455954048789,3
8.520855734030564,0.14524290832196396,7.315620314371409,8.847451225573757,1.3707818866167916,3.517937455902401,1
8.413263297582077,1.973144259040779,0.8137578865865196,1.2756158180747703,8.255732353247488,6.928092287941521,3
8.862272600182036,1.7169899690772712,8.686291037578926,9.925498689370835,2.467448439887121,0.1839706581326337,1
9.942631397697012,0.5104602522435502,3.2783187683424626,0.046676425383044506,8.161326248931374,8.701020625041188,3
8.264287931810628,7.998726850687171,3.4382226322192233,3.5858555689933587,3.137858227436297,6.282098292781351,0
8.380789365819535,8.289954889439196,0.9874395589448173,2.243965027964629,0.7647658027331468,7.024314493208804,0
6.554055766310748,2.553148854500045,7.850330291379745,8.533753657507663,3.323286123641783,3.0859898451029695,1
8.508723427287503,9.654338744940372,0.6797226736230613,0.0712022171330271,7.233218802653585,0.7537963641442809,2
7.113030177822588,2.8635854533377905,9.604955516971156,9.81627945384198,1.8160652693785861,2.029160492449151,1
9.133867830206702,9.803226937365507,1.0167064562192922,0.8814169042671622,6.518235110800422,3.118834056442266,2
9.480790631228093,3.968169516981186,2.4264746951388916,2.6307014236072974,8.200628923448582,7.688224018382742,3
6.8450558997741116,0.468453319279297,3.562105761173942,1.9070207135634019,8.982662053566758,7.717662063890885,3
8.676936456768921,7.902239610492474,1.2558364223560963,0.7501771089000284,9.641873846959369,2.2852633455418414,2
7.225868396589436,8.06796492653981,3.178885130145486,1.7463888025782808,1.2753108446696606,9.182731073430563,0
6.937005094864312,9.22919776178294,0.3812593787455718,3.8516219573851274,9.282486570937273,2.46623409889804,2
6.600985102809126,6.007534327767287,2.0464918581722933,0.4924337079935328,8.054334519202492,3.7679224722752096,2
9.720811834222662,6.856782604929908,3.974619352656647,0.8123229553375109,8.694998379029364,0.29263101764159893,2
9.037511984016483,8.61284234258753,0.6598383074197671,1.0659933871235947,3.2569484400221613,8.923824302444018,0
8.269135202942817,3.718121569969497,2.198921537211934,0.3869298230363656,9.469942784258897,8.187302758883288,3
9.646998207146913,8.520047786802914,3.5204715135561244,3.8204718283696137,7.64191817476584,3.2271779211509015,2
7.510344823905083,2.55551508932233,1.7905005288523275,2.3281974248922888,6.98324904184086,6.6682406539152295,3
9.186933398082212,2.255543695960577,0.6194549171982664,2.2254481878346204,9.870118771347041,8.672727604947594,3
7.526319987793787,7.6834861647091035,3.775248153147229,1.20959916323307,7.2436889600388366,0.9257824386437088,2
6.901346723688047,0.011840901781310365,6.998939701331379,7.548410898956025,2.557641575332048,2.0796279350203015,1
9.33818874720236,0.13984504096523187,8.147760566468193,9.070354278760092,1.8934830603765809,0.14693586958923666,1
8.73138454390162,8.574417594457037,0.5348947161408142,1.4813643483767853,7.235493950033359,0.8362607216599516,2
8.466745522469765,1.3381545380720072,2.746756650968136,1.5878546909528115,7.96977035614834,8.083015791049178,3
9.926857353628002,0.7941351398024645,2.460872537787515,1.9488074888170073,8.415475029057003,6.75418451146756,3
6.306710609928042,1.14110710155073,6.803424051972424,9.923967815035093,3.947087270500825,1.9275061017079889,1
8.503978266324097,2.1601844866061524,3.4346074619996156,1.339561911573492,6.343725964088863,9.951382524616873,3
6.81278267557968,3.798123683360325,1.377322405302143,3.6517126187729256,9.13076515554624,7.666124082247052,3
9.619802548717532,9.552613022109448,0.5932790041034535,2.643996164251147,6.749150973744395,3.008756712440998,2
8.429619595720428,6.372024059884916,1.7821456526518529,1.2087420704663434,6.005681027585506,2.3046502935173105,2
7.814357027541719,3.8621411847133964,2.0268310877073956,1.2629797820342188,7.4565628792859036,8.552426632531729,3
6.372061392064418,0.2679178870450487,9.95710133008901,7.3937971981576425,3.8521173814795957,0.8470975025159788,1
9.532372286673787,1.7427056085480985,7.283990511007332,6.1494437191462525,2.534387768346453,3.972948406402756,1
7.5518299228225,6.151921251445424,1.0281886658012334,0.37142080926126786,8.633467099743422,2.728590769883952,2
9.952555293839566,2.587364834296017,8.974088287100221,7.888516903868519,3.389801341203705,1.849429696472353,1
7.215019642292874,0.9639044251147748,1.4528457476412258,2.2486048304204522,7.4557921647748895,9.130302564515121,3
7.894190129808692,1.534806452775252,8.064916526849922,9.180558540337447,2.1769993583292924,1.425215145007559,1
9.11144226306159,2.332043854878832,1.2053078024861548,2.6996626775634414,6.9726551310427585,8.86265305766295,3
9.049041480385977,0.8449711040024082,0.004622789024451457,0.9631206152803187,9.989127441218786,7.758851769793735,3
6.854949192049458,8.166100338307638,1.7654686871461691,0.13454846527673636,2.2166326993418286,8.940659611830345,0
9.484696585294326,3.6681411109886084,6.223676652905532,7.328362829100167,1.5048502500478138,1.1757542710101676,1
7.026162551604159,3.566474394574809,7.104265473627846,9.771671815517106,2.400979292532427,0.9910976412686257,1
6.255194440557412,1.755605208922789,2.4154817532555044,1.6187650773762892,8.576748152161734,7.378876043082506,3
8.147913556972755,8.426889783701336,2.5852463968209705,0.7332023800531102,7.856860199097966,1.9804171788339833,2
9.784342341166806,7.861482218466259,1.0083336187442988,0.8621548736265527,6.604011003990581,1.2451910844280465,2
7.57459053402345,1.7327075128585365,9.59270016027547,7.7609616132485755,1.8517683854056721,3.477654066249088,1
6.637416816018942,8.272259168850807,0.31173990793741924,3.4838801722764767,9.562420103634704,1.8957679933496259,2
6.0627792175021495,3.7896909662689966,0.05668729359839331,1.3089191662644781,6.689123135453965,7.286511893828533,3
6.541843540141846,7.3880271079735484,0.5338117282182133,1.1773993141608519,9.63079468595446,2.9213252087802606,2
8.948839714586377,1.7941395112895688,3.1531438887432186,1.5709067013898586,8.92865227639486,7.255490865307124,3
8.470131924233112,3.569846171245902,0.7553420762254692,2.575968697858533,8.348616845705733,6.410886465600349,3
9.957226548777163,6.120879704740617,1.5348819548223052,1.826595311715466,6.850114382739228,0.3959399537204398,2
6.936159253714559,0.013938427976484036,0.9861177804534762,2.627154198036022,7.040498772569507,9.01918168831383,3
9.034760483526938,6.789521937909382,0.8626026157188358,2.022615868423343,6.460232794701991,0.26793372254446535,2
6.659192121401457,7.60733743716124,1.0142462103313217,0.06066128828847228,7.9045321637653245,3.5847069452184743,2
6.548210135836667,8.716802195244272,0.4334815910633787,2.1748240390503715,3.9481414230659446,6.2588311976949145,0
6.886206826922911,9.763252316275238,0.9520850586129224,1.6386112049807595,9.868706930545171,1.6628607466959147,2
8.884472577176378,1.1563625176870556,2.4587704372413453,1.9760244208055586,8.99308636187379,8.272219827658782,3
8.215549608476332,6.56123078881779,0.551425750126004,3.916566895223337,1.9163219149113346,8.764502646067841,0
8.572083113281732,2.92929236845476,7.86397624692793,7.266345067292752,1.2057727641553768,2.541041265974964,1
8.306092158699222,1.8664732045338979,7.834709782246485,7.540702574642544,0.49426281296286634,1.4995432970021465,1
9.575300533307411,0.5493520320587386,1.232476641850075,3.7614196630057406,6.790019271010648,9.822798461216038,3
8.873259880657573,2.5825189004214875,3.970808164707193,2.289481718272675,9.157246901823239,7.29242460568353,3
9.657677553689194,6.260339108970375,1.0818365410736428,2.8584590189025123,7.0252131077388595,0.8778905609715033,2
7.286219974560298,2.755472556310626,7.7333319051975185,7.962645196611333,3.83862718497864,3.014497248239454,1
8.303639738602135,3.0249280271766916,1.6750670488607668,2.279041873759811,6.468835593663576,9.200211060207483,3
9.601093115715592,3.2292002319727846,0.1874848360084771,3.7863788743655387,6.0852887065791315,7.263139119605766,3
6.894115105444644,9.212305923306772,2.4007410687093738,0.06574285693690518,2.1598122661681027,6.323008476401119,0
7.691603073265794,7.717129349135044,2.93790595018987,0.13223109999801075,8.30131649821733,1.8701795008160382,2
7.590311594711352,6.711976521380327,0.2419765005167327,1.495768012747972,7.392305381560572,0.7461953335199265,2
8.723287963296864,8.120586509286133,0.5185150101221474,0.6679716358585708,9.818735265049012,2.059991416442213,2
8.65982944321782,1.179735624174124,9.36677459419193,9.038563460268508,1.8906542858752622,3.1590729203821573,1
9.753505539639466,2.8679501924542365,1.0703396769631408,2.6113620859993363,8.572057215103476,6.470445666410888,3
6.355626763055873,3.078068539838586,3.923162694326485,0.38105217684139436,8.15722211401133,6.683020730729896,3
8.628416684871329,3.450275555999552,1.1487739668655261,3.986722645004655,7.40103193676304,8.981507062116911,3
8.165939133984825,1.7897238163331632,7.949369522055784,6.131404886796526,3.235951497279886,1.877319258698673,1
9.392879875543555,3.1830136221479135,6.157757003905658,7.506802076061534,1.9298009823075946,0.9669827148743022,1
7.455873598248038,1.6117891345119681,1.5628246808981978,1.6595607128113343,7.420798401297535,7.063569438347977,3
8.132281616461073,1.785179580119792,8.603416192766524,7.815163791643759,1.8748823642285797,1.9229150143965663,1
7.097223448356592,1.0212311280110584,1.0453933083047304,3.157942172934823,8.984016279948518,9.556812070961918,3
9.824969769242545,0.7856489374934106,8.551858991518985,9.984898714884523,0.24508341392137423,1.354005769212896,1
8.959444047406224,0.5238624862126104,9.090362393496921,6.06867164474384,2.8603116716477155,0.6448754324353203,1
6.876417613478687,9.593151238072311,3.702609571918801,1.7012245186905717,6.51986949522757,1.213772851747792,2
6.390962762635074,6.556327235485415,2.2255893765215498,1.8562707002477556,9.308020917202281,1.7654046618438324,2
9.206521546431446,6.417242453668964,0.03669286160388108,3.9524964771527618,0.6161885521259127,6.434903217477576,0
6.294367771820835,1.3887167542152379,2.0388847889812896,2.2075880744630565,7.396897591136659,7.230944527765406,3
6.58650295611775,0.6354954759523346,7.7093612515130285,7.561583881921217,0.6836983524709828,0.6244669094491946,1
9.114992277346435,1.1852331735934953,2.5577390431356966,0.1366838975022806,9.348160624213287,7.822332013455604,3
7.518504329949973,0.9973346540712411,8.399177925450083,9.923593939181501,1.5644435628364008,0.2795103243893755,1
8.944424325404253,8.175034960656994,0.6037428699029217,1.0952727503040203,9.67443679747161,0.6013748063743747,2
9.191666606339798,9.99270077090671,1.5433287292672353,0.2822119937303853,8.581993452455848,0.925637144485361,2
6.511548519588544,7.017565918443287,2.8878641124723705,2.303935926258485,2.6443038823102922,7.614446257235035,0
8.158348170623158,6.3158386077616155,3.1455632801938034,3.274272493958019,2.474606236742316,8.231612180589973,0
8.094963466277552,7.788259521571139,0.14155796369270002,3.455232121540538,7.009650345326649,2.5118883343378777,2
7.015691843335495,1.0477029690216697,6.060207469231658,8.043995209183732,3.208839932310834,1.8532741429420092,1
8.208937203042684,6.368004568442425,3.4617676036764236,2.147944694852077,8.188318612000169,2.6980036603378426,2
6.296099741091828,9.034908817929681,0.9032672324350921,3.0852429806562136,3.4742468525480246,8.610564154681098,0
8.650326418843013,8.27688988840132,0.4832014465106065,3.6402082634451443,6.033737079890489,2.7214528912394758,2
8.510796082797606,9.530097437636032,1.9760592262686427,3.0756538210867976,2.9435095386616594,8.960580211571642,0
9.230250696387056,3.003587045639905,0.5836290542001659,2.641776513631402,9.94176460390969,7.023994071446099,3
7.450614351799938,8.272911375333864,3.8130934453736267,1.1671647170926134,9.164829832847367,2.9298506647227085,2
9.38991500383878,6.168494761635337,3.767708959542812,3.923398895636612,8.632689187236684,3.8398394262140494,2
7.429651430166831,6.824298960836929,3.8571471284103445,0.11650785961813837,1.0684884085377537,9.555300710821456,0
6.724740387769755,2.2581202506297213,6.775335568964821,7.773532572215149,3.4243037131926726,3.3191240410843745,1
8.796374247047012,8.08257533373654,3.5447802949290574,3.4032949576873652,0.9693391806156093,8.040904346312303,0
6.012912729081043,9.011577173368808,3.823764561335115,2.136307369359431,0.61229239073749,6.86916708183808,0
7.053134228760674,8.175780644041165,1.4399472238226179,0.9422876970022394,9.223601266332752,2.5042767166167192,2
7.8391052374764225,2.3152678254298236,8.036396804140296,8.93803465369441,2.3438079701445607,1.4480540505085506,1
6.856115835765548,6.196828014114564,0.05263407385241914,0.6425268196736353,7.192559223693367,3.8209069589598683,2
6.0576930103696665,9.246415415461916,3.500781824754559,0.5286149623640455,0.2542163333392744,6.592134303248917,0
8.175843468613845,7.367634465612697,0.7216336703029844,3.9119802690990997,9.768265022054583,2.6609152742448616,2
6.158695206434091,0.8065221109949068,8.389655383691823,6.96220873685475,1.562377908687528,3.2962680269249858,1
6.761474138839387,9.928834606314101,0.2936512691440223,3.8080739633264153,2.437989100821516,8.250386893265876,0
7.828942567678537,3.5005662410461986,6.8580984807092324,6.700371239866996,2.8574787822256806,2.100097375077878,1
9.75941422888962,6.2672102171834005,3.7213983646547892,3.1094678093811092,0.12745472569414185,8.1348925766394,0
6.7712049213907255,3.1026372184137023,1.3938982529192754,3.0914569354970998,9.39439201306152,7.064723115171853,3
6.187770824297917,3.058706129629204,7.416542097509607,9.566469518113381,2.5469906871497034,0.8912274801913771,1
6.894333846482958,9.362351565272363,3.1831155132870377,2.927754543470892,9.350465278193228,2.366798199930845,2
8.17429208011614,8.619591824178608,1.3777110247474544,3.008795064252559,1.9731545107122996,7.191982700509888,0
8.187834315509502,3.7379630519626494,6.248762893145033,6.359706856112511,2.677675031764862,3.3927737927625845,1
9.908686230128076,8.832312300041842,3.8012665659063862,1.621561804699923,9.026466144921795,3.0799776425190752,2
9.19517586820271,7.4142108225360435,0.7742905424089632,3.7907266717976507,6.275159617949157,0.5995250803901704,2
7.171177973627601,0.48074821239944043,9.407417849907075,6.511874240929558,0.6892373511620797,3.227310256863899,1
8.485753487859608,7.330198707733795,3.477971305715161,2.853683742519507,3.923866212496729,7.257309255636644,0
9.083946994549212,7.069576088474818,1.6098711654809637,0.5679778037322056,6.2892238571662755,3.276925411013982,2
9.080039280317962,7.280781981042908,1.8452782386693456,3.2308731176163707,9.043160452689861,1.5806374504149603,2
8.108860899890377,0.8188045118381448,0.2836805489996306,1.9040948954701813,7.9196499687537365,6.18418077201761,3
6.713754370953469,3.129600372902691,8.027702115828838,6.483081603756103,3.832985475878604,3.9018509938847297,1
9.20940049317857,2.389026277023462,9.020990156490562,7.1709826608080505,1.2500875162515435,1.1223751747903163,1
7.160037869059755,6.875590837124079,3.6957476053159053,3.850047160400226,9.118806089121186,2.2586964119204347,2
8.693432294309005,2.3942654474004437,9.80700582452038,9.89968075275611,1.4135116270396417,2.635626194226036,1
7.053852956344554,1.9839349431497868,3.332032442793752,3.7131482971782934,9.402623190821448,7.8105846874130656,3
8.543028014933741,2.7132634862691347,0.7397385891234545,3.492144253217203,8.966363229371499,7.031935212892131,3
6.049485330607636,1.7747837112996634,8.686329696431855,6.336392979148225,0.4760380403259701,0.6903330892900388,1
7.417552845551857,7.762103309072523,2.9790336772113992,0.14669315449717724,1.3866324304505948,9.292559657730258,0
9.237830328039568,0.8695698652833093,9.396461261890208,9.952682926332614,1.5537351396249313,2.9380487064585643,1
9.192889073860602,2.876636073043261,1.5514344335057575,2.7144661098860454,9.262807274356776,6.862444738884266,3
7.270060544366239,1.4178962384121774,3.602175536016626,3.491686506410766,8.6509406807758,8.441321956152823,3
8.327268926853783,1.6572816614093315,8.269157839055294,7.190249096175718,1.5405966525753105,2.073341721884913,1
7.0454962690846035,3.1131295768002047,8.977475061326821,7.6700165014305695,2.7823440479049406,3.09136683643382,1
6.4359550606055596,8.673206178497933,2.7178170790214806,1.9499878653444833,6.602576292093754,3.161780916732326,2
8.645749310565382,7.550444041987706,0.2520062419139375,0.06081934020476343,9.822408090107867,1.5845049433291072,2
6.475137589515889,8.321291594445377,1.4232139505215087,3.346739388062675,3.4534685825263876,6.692861469111369,0
8.419454509214816,2.3928901888397522,3.0835021704816903,0.8398307910860612,9.666910807660226,9.438303285652164,3
7.421990285785082,8.23226936407608,2.6241579961025003,0.3788911799757959,8.945970105299413,2.7855827847770223,2
8.28199796980829,1.5517810064099713,9.041273520836533,9.528144890096604,1.9270219526896732,3.5288217124410965,1
6.023472355040056,3.898343918085285,8.619446242669396,6.834820026410565,1.1827077119951475,0.2650792912734814,1
8.456087711643029,3.5463437364193187,9.750816841032055,7.54267778382583,2.5016497814919805,1.5750132602902625,1
9.043740524796334,0.5502797093681413,2.0790131962471885,3.4827155449418368,8.14024950083477,9.383894464735448,3
7.777584689428674,8.835947688646964,2.885000491377036,3.872335145315622,0.3648027734462702,8.16643116686269,0
7.079205951437835,2.249353721700898,6.879652886756114,7.920862365787809,3.551300301890245,3.4023258222943986,1
6.603947922711031,7.318617712637953,0.08972554146714806,1.616991847700188,9.415886934267274,1.523418508310113,2
9.081535903784946,7.5979365672427175,0.2645614044430409,2.1348998227947504,1.7964589122905639,9.262295330992334,0
6.152815260583122,3.2614225013958436,1.8751650109196834,2.676309854402035,9.0833090959248,9.57401517805731,3
9.741355611424513,1.531801103548787,8.19780526039164,9.317128562518038,2.2061999932897116,2.5882928805439773,1
8.911362639737767,8.433627369230642,1.5171227558675713,2.3138551256498734,9.598966490693867,0.906700079155307,2
9.223386630854849,9.443399184635458,2.0253632487662223,2.9405817904036686,7.2361261095836475,3.5312755593418794,2
6.789433419163071,1.7982082086304931,1.1073646633738128,1.5625959675496874,7.179547266502187,9.926800828833802,3
7.8135030854643315,7.733074747756602,0.06875535018351542,2.079736139746218,3.2905509213249915,7.100717150707495,0
9.89195113075208,2.4062478412378745,3.6320869504722757,3.499847387047332,7.140412698492099,7.486449211123652,3
9.940895771753103,1.0915085379068494,1.7266861795126678,1.016657083609278,9.44100201435635,8.167160069191741,3
9.150641229738474,7.909189288063087,3.493640887333936,3.9875183598207125,1.824614294122933,7.622761103777813,0
7.255853898474108,0.5498737435250729,1.9597858864457005,0.477048360482375,8.997376055306837,7.3004129997564915,3
9.87046312743339,0.894619556684328,2.1435514320607765,2.1445874775380793,6.199638211013057,6.405666219910537,3
7.546409507814204,6.154884424369096,1.2550338127364498,3.0792631833150677,2.341470199757032,9.481512270507553,0
6.661965891685719,1.7566755158917884,1.9237698506358223,2.9030824545640135,6.522832703309108,8.781418826365215,3
8.938641891732882,2.3133536295951935,2.945741072747486,0.8879538927394806,9.122429390528405,8.949275733332405,3
7.933799708683345,3.9386037718626556,8.499491672739916,9.134306058130699,1.4367283197743395,3.053823586844529,1
8.423517634305139,6.856644479575138,2.512943866284554,1.5304207202728524,2.923699456502079,6.28930821244286,0
7.433416880228741,6.659752515310103,2.2210056621827374,1.824431169301448,3.2752399177046065,8.248834971464651,0
7.585431438205409,3.826300422882124,3.094887761201229,2.690955622380344,9.1918271545304,7.379421851513266,3
8.542958196781548,0.20407840390699983,2.7037410526046783,3.9460324302429868,6.562016823143664,7.142352871563564,3
7.3284293284175295,3.479520142464285,7.589494257344237,9.071271619069119,3.403902236708853,2.854454153713287,1
9.420254480070234,8.428508116805997,1.0571219491147446,0.07487064286466616,0.25948719983915547,9.36185049439662,0
8.848163654377002,0.5225998420848481,8.755540565694574,7.724208639126933,1.8466600402953026,2.1566485581270727,1
9.885429525143735,2.7595225976257236,6.504874087360511,6.121422588770129,1.8624271385051867,1.7518886272880732,1
7.3859820854060745,0.12769460031296198,7.721357227209058,6.9064398705538945,3.685953902524385,0.15165348321087135,1
6.162281240988465,0.03695648642263727,1.8757561806833731,1.3255596375177832,6.55023991411878,9.947555881885451,3
7.331538201054286,9.07722546175883,2.6501745769657057,2.8640438694747727,0.7236522561169383,8.419049068098369,0
7.614613934419334,8.590230580963485,1.1955103387042172,3.507141120506583,9.65495127456433,1.6824651311354044,2
7.856875547808533,1.771968516744296,9.774761459344045,8.489794730842736,3.0973494025749195,2.9368115790785705,1
6.819527589721053,6.0516987233266715,1.381889872292724,3.6731998045397134,9.489476749792242,3.8437460049692294,2
7.4888913122247125,7.226405204084443,2.489040586055861,2.3101061977977007,8.23288238838511,1.1923068633107827,2
7.958590975092664,6.986456292157865,0.8850058130825529,1.8881968532729947,9.82656041376594,1.8915062059339647,2
7.2575955470550735,8.73713986569912,2.403141613307945,0.6381990828632143,3.3741419886354236,8.898824940282887,0
9.289861046861649,3.997993830803303,0.23477945403092848,2.357433278952737,9.488078836736399,7.589376864498639,3
8.999016124271758,0.5828896023515231,3.016473513696225,2.2778865020553125,9.153400008114769,7.354708474849668,3
9.59061787209584,9.531150675820502,1.6253938690959409,2.4391679581244774,2.447155486024345,7.321681554967388,0
7.286159052496025,7.7197432200268725,3.8749037491060094,0.7904446501698081,2.6990611791375834,7.742859678693858,0
7.8798093227940305,7.987221890368892,0.5376323998305579,3.7707637959976408,6.195173580841114,1.9331827713095442,2
8.376218011594998,0.007249344961994364,6.1625836226787545,9.993365406891229,3.621708312969621,1.1950207474276864,1
7.086045795061617,3.229314471134959,0.3333983409385808,3.141936879560737,8.182831937077566,6.6399760969020925,3
6.659719082188582,0.20690272656517728,7.440485461310308,8.810529725962402,1.0300235616327655,3.4453414868469308,1
8.22207485935843,2.7162850889842214,7.468571402704407,6.500970266483824,2.9978988092721806,2.4321114599833162,1
9.649287619659438,0.0413607007868646,1.6066838742892444,3.3932503996542156,7.127449082431677,8.005722090422555,3
6.446059785058365,1.3696256080440392,3.4081807955009933,2.1204569164228166,6.0775558416200575,7.676986241714685,3
6.8802636938422985,9.35198697999981,3.634537887963433,1.944964748253442,7.908298345000043,3.8646386208448233,2
9.416574695761836,3.2147507304621787,0.9904234811528405,0.4635125319730209,9.760726729096351,8.302422274319772,3
6.839017888239017,6.867121966517033,1.7483205164126545,2.70288727853393,9.984625802612179,2.1588245055021282,2
7.250556402205098,3.133400541163784,3.8133522602064907,3.489984448333088,7.735119832482903,8.767043738222265,3
9.782076899996767,2.4749647664586507,0.4932832153362998,0.44061105324482597,6.305956592889364,9.194284492156104,3
6.250560229813212,8.708704122687799,0.5836067156164639,1.0964555062350634,6.407449548475055,0.8118528113068115,2
8.922176788882155,3.1901529704787897,0.3779260896807326,0.42213150466489546,6.293824529504746,6.26889929858792,3
6.2164861694448295,0.03416459653442505,6.8587218881687395,6.510873770068679,3.3155917267252466,0.2030520539811551,1
9.525424955818153,3.0699794953407915,3.287773824893806,3.968882948192264,6.887054448098785,8.433290618691538,3
7.487330635397148,3.99015785264852,7.2699202414411985,6.298192528669423,0.6373209561521977,2.432756855869918,1
6.167436838587372,8.344796691179244,1.3964965557429578,2.246655340292126,7.748278381131245,1.4588232429629273,2
6.160142364098403,2.7188238859200813,0.46512488584479517,1.73778149753984,9.574646649557858,7.750708138003402,3
6.173646711284708,9.179615725580604,0.8229483878160244,0.9598367425578322,6.281578498985709,2.7463120925830267,2
6.925132531765268,2.210581440518271,9.00617849010738,6.602372635940894,1.2059292971714162,0.9410021459635023,1
7.277232164358722,0.03908861219899862,7.860091812563478,7.475579439157844,2.684758163041909,1.4365179337582514,1
7.263396491777779,0.4622109596723569,8.957419269640177,6.622223041032903,1.1892475869497474,3.0864909871719624,1
6.046950009818374,7.350425345869289,2.0997009386044843,3.100726864268704,2.93440488612954,8.044333300898625,0
6.861453328431985,0.20781439523682677,0.5544058248649808,1.0063896515257529,8.538177885600197,7.899398392320501,3
8.291938627024237,1.5864326345811253,6.763575378351513,8.212926318539123,2.372153507575267,0.012132473063012572,1
7.638107044223192,7.4149682459311475,3.677684191976744,3.0758430794223335,6.198510071530208,0.6075560283208863,2
6.500663586672761,6.431674456181049,3.5531814418694,3.865138488855169,0.4796709764529945,9.059551192432174,0
6.080335070067381,0.6963702796469287,9.825957043322159,9.679398641648582,2.128696105784475,1.8455315693855243,1
7.46057789877079,9.231763187174728,2.50455952047463,1.5005664708668514,9.143478445850086,0.2584300434295401,2
6.355760147130752,6.835669480266734,2.0453369762667535,2.5267562296787913,8.262678144549895,0.8764590089072408,2
9.532990955766307,9.75054124313781,2.388534972001637,3.614440726143759,7.758733463550393,3.5747057148172816,2
9.944628938980957,9.111247538541656,0.12337332427306791,3.050257953976123,7.739436493358368,2.3118409023365607,2
9.417562306976969,2.5986622300989843,6.32841001550136,6.393597644030407,1.9969954943955344,2.6697061880896626,1
6.599587554515052,1.6480835568476442,3.946334242216308,3.798193513271482,9.936434140123605,8.166782735536536,3
9.844703655731092,1.2635120777676052,0.8807438614691319,1.5179519045266314,7.824547430487632,7.668438114938786,3
6.265833308419884,1.738573726517601,0.6734401426849201,1.0969223774623527,6.312972313440708,9.275822316356876,3
9.114871054677135,3.0464787592845473,0.8286470925616616,0.31719538726404206,8.616301657420454,8.299503940162957,3
9.609848878121609,8.917389674610682,1.4030719593558474,1.6912566490402843,0.4701213619688236,9.543298903916883,0
9.201210476155216,9.824125124824,1.862021311580532,1.600024202501551,8.057534350955802,0.5030312014898097,2
8.966761633710016,8.86336323957381,1.7233337697604223,0.9221863399508474,8.89112870347947,2.73597208726098,2
8.680710350836536,7.422510805534239,3.806649097455897,0.5005309512273621,0.054149406915732445,8.836043630597343,0
9.004328378782844,6.345666615281884,2.157500169910833,1.976119878275258,8.784515257888202,1.3259918601421976,2
6.720623084877133,9.119683084859705,2.0273169116513388,1.4250747827633683,9.73871427426155,2.430452373876522,2
8.81110373649652,9.743642892179235,1.1089644518961643,3.2804673374139917,9.263644663239614,3.5574950649183643,2
8.305908760123016,6.638144341106568,2.339751298742109,0.7565411641990316,3.2824243446479273,8.852562392745778,0
6.329414295387258,8.003617104184725,3.796367034329397,0.49328023544272526,0.4838837470662716,9.318943805143531,0
8.671080845743857,0.23683990166668822,8.085592763068146,9.176271860866418,1.1873015060837755,3.3136923252536206,1
9.277694901615366,9.1278871623858,0.5287819475209878,3.0177027911945635,7.745310263722216,1.991783256716925,2
8.395400827861025,9.680464086819269,2.1591061700442293,1.2230647401203423,0.06303788365579566,8.625099540648034,0
6.536845367257596,6.628319896958651,0.935351205711842,0.413021384476123,6.021687464582552,0.6419748160948178,2
7.497655855608298,7.883058600771239,2.931363933512284,3.84672918345483,1.6013977814696867,7.138961090083531,0
9.141527248655771,7.27630957960065,1.201492242712645,3.641155906908752,3.9405858347367433,8.073582916690105,0
7.726712330632427,9.187313647446352,1.3615322856727814,1.5413560866624434,1.0475264287828967,6.135000889532392,0
7.627536800056453,3.575762468497109,0.6389930630862146,2.4659819708326296,8.154120156638768,7.538742219532465,3
8.349373263150243,3.682046155882666,3.5428399050872637,3.5813330873856395,9.294054732584382,9.053135818472557,3
9.25648724368044,9.77682949483869,0.31649492064555673,1.1463139906224153,0.7804723687395638,8.668811948937456,0
7.602556741368148,8.366299713590507,1.433558641414797,3.4184644355660443,2.745394849071327,6.14897047401473,0
8.890732879652447,6.801309288894791,1.3684643619512946,1.8297263337240914,7.8318176093870235,1.628647087248026,2
9.429738779134185,3.9189600233220028,2.205384585896954,1.3894669662709904,9.217854462898202,9.52062073349018,3
7.967155013171814,7.065815995125721,1.213227804907668,2.3353397709844126,1.5760374605248648,9.987792912675124,0
8.364835316405621,9.151354750446249,0.44414905481646905,0.20536684408521344,2.5305800885618828,8.186370067841631,0
8.778331555946924,8.016369897240176,0.4628157427781825,3.775862784157193,8.694800108975105,0.7950006547567097,2
9.856688048982267,2.0363226030335886,7.752056158323594,6.323211554237423,3.9236784404022247,1.1534669322376918,1
6.7001631280884055,0.20750954677128508,3.840497293377522,2.1161279545637455,7.2894148652918,6.165494458605942,3
7.0299170975146845,0.8169793692868592,0.3525277121851942,0.23526427566795682,7.79746141575249,9.391920086393005,3
7.693718878774562,6.4038660578317765,3.9938304555121973,0.18058392897283415,3.7731333772059696,8.25688056831035,0
8.196195641864238,8.86566831360315,2.0669769796105286,1.8220451950764578,8.907043450710674,0.9615145753229233,2
8.900034522547246,9.541629935165352,0.38236969816282684,1.4279538017454412,9.760834492549959,0.7762323781945608,2
6.149720188461635,1.10200122205841,9.379738189826075,9.986509178220071,2.309816498271846,1.0926886448902344,1
9.968633998370407,7.7604770932050124,3.476670155415699,0.9250863504218065,2.3798166394133435,9.74003548036151,0
7.4854125924186725,3.628107185947405,9.84905325343899,9.83638468603367,2.710964213004233,3.742641076642508,1
6.564416380598169,7.346140442805458,2.7126131540370833,0.5049689949945835,6.93489012368533,1.5152020559769737,2
7.645134735528953,8.536152198274506,2.488186676186948,0.020949628596235836,9.378233727155115,0.6307593253288855,2
7.868062422380317,1.8910251147434973,9.505410426970009,9.964663342221607,1.7644421827526284,3.4260001559497377,1
7.069580435906813,7.90311387338685,3.26457787644035,3.4914816680066196,6.235526119167393,3.771446636379363,2
6.937014564619522,7.736749814910293,3.228874434164447,2.230479724605532,0.04231498137256118,7.010194882465802,0
8.745252872981434,3.672774639396528,1.7813785776259015,1.5208811734755106,6.148558934148766,8.325603878956462,3
9.443215392555423,0.692052804613835,1.8920320067532286,3.817799186620114,6.885279198035258,7.6560708819117345,3
9.40424225570144,3.495793661860704,6.603476636565261,9.622742783833909,3.2122549263983595,1.2119076499183987,1
7.639287793779604,7.649279025660578,1.5041183918092664,2.4848282503286128,1.1169381845270645,6.233743765044896,0
6.963591566929862,1.5786730363229418,6.537975415405558,9.670174943542593,1.681741600207117,3.873781878413594,1
7.78389066160174,9.523919530094272,0.05026109454812344,1.7318076744216393,3.383989050824675,9.059058895087759,0
7.31526694240633,6.369621064077672,1.069843097438385,1.7430992812726709,7.597288832703644,2.2384717029058967,2
8.075870369676137,0.27138995455346526,3.041966415687631,3.337403501198743,6.5927735215257925,7.886594963578543,3
9.82154731666606,8.068572596857353,2.89117706427052,2.2502635690935184,1.0118858189024578,7.55032559500007,0
9.779129622387371,0.7567787668908417,0.2622291491457167,2.7221423461045715,9.430679929516668,9.39801329901008,3
6.552761963370402,3.7496159304000236,8.058491627628705,7.742803534100177,0.3263125252575487,0.12041241828474991,1
6.911289879783195,7.467676548452749,2.150671462725311,1.6840669717801462,8.020688426246963,2.6609015486048118,2
7.559520031766834,6.054001241841031,3.3612200722204473,1.3395750697703996,6.083316010387408,1.1735188914324546,2
9.368781104047336,6.915389145139418,3.636186398549932,1.5785007007772318,2.8958115359159042,6.558233836610633,0
8.895028927622814,7.814467831626208,2.2069161891657334,2.3341301957353218,7.700609414970739,1.8253023422462529,2
6.157817786553643,0.08095369354878379,1.6853230176261653,3.009655377035348,8.072517118258537,6.0006170886344785,3
9.899161608247134,7.041297570372602,2.698706666872021,1.5191370459577134,6.65138335010509,0.002943917394460982,2
6.701459787868979,3.1145570106502003,8.870995946798335,9.306712429704437,0.23095968029042835,3.429912695899844,1
8.957181185577806,7.720581105093885,2.6933541658469364,1.1258705495328893,9.670564231056497,2.562531692146361,2
9.746160527727898,3.8420233025358277,6.26039208010247,9.866841360092561,3.5219265535178383,3.995751130128015,1
6.61234748390585,1.6199276312205444,2.2653474470620614,2.2043950553287557,9.722954018622076,8.150777220949076,3
6.165619928133201,1.8562986969899242,3.207861145631652,3.5070900402813447,7.025326806907984,7.9683452128217205,3
6.582370775506012,8.659996637581074,1.6947080216698192,1.2611093454082765,1.9305430239100705,9.047543961756634,0
7.188952671289838,0.40900527460238223,9.065708456530484,9.19860433503319,1.0202894189522018,3.684572897204061,1
6.810557703086814,1.1701394467081925,7.49920209425089,7.900342044673658,2.67594818134499,1.9535908052722393,1
8.433943327075694,3.5345139565579284,3.269778996916124,0.7237357617297522,8.50747699278901,6.951196680502487,3
9.61152844973777,6.339511867090024,2.0606284026108166,0.813054381891273,9.476858386300622,0.6631737275138363,2
8.312286875703201,3.97470586795887,6.4398075950995315,6.657262047221469,0.513564412318293,2.783835851493303,1
7.576667239450521,1.8315736734237964,6.045378661465248,9.343269474574521,2.8723765866424484,3.520666176370488,1
7.416008197075687,2.7872194700356117,7.912957003693176,9.81759295061763,3.159997887600199,2.2970549235182562,1
7.587980338769048,3.8004996851984503,7.1363569360021,9.247344412068141,3.4081882638060157,3.0168024256808983,1
6.511180933986731,1.5648809096944607,0.15936769382396898,1.2573106258596578,8.186261842094108,7.803941810886963,3
7.3269634439563625,8.409600359422322,2.4888926123752855,0.031232623268584447,0.5822805604494601,8.917047039106839,0
7.240749403853934,7.771731092461135,1.9241789448289337,1.5249742269600959,2.075839534643683,8.922726967362337,0
8.21634097766264,7.601517186947645,1.6208855317423732,2.386093241772234,8.488656709152277,3.8073431397568465,2
8.317136447207966,7.622251912577115,0.9498701041613331,0.17197394850662162,2.6103145407417103,7.249882108800264,0
8.998360860539742,8.247027576274872,3.596049219586115,1.8600191588872064,7.754563598936388,0.2156744301257718,2
7.792624482175178,9.878360436639035,0.3242044235815418,1.0389645211015495,0.8554103878424,6.941033675905466,0
6.400811175589367,3.0198400506296954,7.911309487841068,7.488937907673101,3.917361818029645,3.220000511251774,1
7.02642515366968,6.175849043911878,1.5347608037740352,3.9339923483834536,8.545214679297171,0.7501052222786333,2
9.9375051664734,2.404936430229891,1.982353484099319,3.0498563815767996,7.077742704107022,8.03793140373856,3
9.72882429378916,0.9835404715144893,7.4252754353494606,6.984264771264772,0.5916240701552362,0.6347002229938434,1
8.202521854067,0.5964543555982322,8.243512015186866,6.207779200425014,1.8498994587784217,2.752036152831844,1
7.814946664598791,3.16788521949514,8.974755884016027,6.278051316126467,3.1101927903625723,3.7853533085321205,1
6.975261926776714,3.2608792737139933,9.354404250361778,9.313503306973516,1.1804855950256279,2.465531034331383,1
9.983989579194967,3.893501540967915,7.2598686134075106,7.2809596623547925,1.7345510842362017,1.313022184473712,1
6.975773478163052,1.3814889198251286,1.751460337260613,2.268308994660247,7.367873368373415,9.912427890109676,3
8.415887878432084,7.50672586156475,3.4728565062855252,3.819224016012603,8.982332581833415,0.2897347177235705,2
7.432277019260148,6.049553431045219,1.563673709235355,0.6576949020945988,8.68155850874418,1.1417050565891085,2
8.662262971082326,0.7879463677485692,2.263691022317123,3.9921109487830115,7.54771536394918,9.456755087913335,3
9.940334086506248,0.41252043156692286,8.110588352401152,9.183003203178544,2.796861924659189,0.9055852798381498,1
8.791039410047741,0.24386718884258496,7.0943186823857545,8.395302258326527,0.9050410139174025,2.0642738272910193,1
7.3339885457048135,1.3907415535334282,0.6812693278892654,2.8746122509072967,6.678847410123242,8.193776810298504,3
7.075419576580881,2.8479858627889882,6.1262486384913055,7.064970730287071,2.0887715222021184,1.464252824886978,1
9.5501141185945,3.897960926190296,1.0351083594517232,2.0680331679480917,6.5080799518373045,8.210744511689388,3
6.167623491021146,9.28308155446288,0.6146246539692561,2.3720026554618627,0.9416782590818742,8.731879172135944,0
7.751816561163224,8.311049867885972,3.533405906947137,1.264751735113605,6.587305560351828,0.7991170704533697,2
8.480618508599305,9.732769098636135,1.461047920860628,1.9602291698370289,1.5724229227089834,9.679522633569588,0
9.990348705067653,0.45403817181159534,7.1704200104896225,7.896785635556948,0.7709094276864814,1.098132568525903,1
8.662796240337652,2.209653241074279,1.4661755493936304,0.15004849492108852,9.182190022249463,8.303112129963925,3
8.187028419603458,1.2123200742571725,7.756966691100288,7.328339207985374,1.2816237387079341,2.2385401081875433,1
8.517397707419802,1.1817561985304392,8.04785833326263,8.252290363130989,3.4451398133394644,2.59007922873256,1
6.092225832625001,6.308184074884805,3.570414806949732,1.4818424836663615,0.3726949529907233,7.355060839067235,0
9.625610654193347,0.24914260579033654,0.6800993040190844,0.0520066735840099,8.652935547933817,7.893414715439642,3
6.44690694836595,9.748337843407857,3.2573396728426487,1.2833630587998108,1.4005785121125989,6.332266538294553,0
6.595243334195684,6.829468745486874,0.9751697358799576,3.8603919251272236,6.5637612677310315,0.13627652201588303,2
8.719717947582389,7.132657639399447,1.0551501117264985,1.4321190614658685,3.827372619694032,8.372274947931205,0
8.665478800506186,6.177542158557923,0.6443105887422242,1.1017546108297167,2.755645768406046,6.114240568424176,0
6.038655690534065,9.770543499143141,3.3565613777529206,3.081705681959621,2.0847195568123302,9.953201431018073,0
6.018610254346621,7.797918507564036,0.5484818545624619,1.902285196868748,7.028810171824409,0.8358640388782943,2
8.2643439593265,7.378774213795957,2.4708366747540746,2.140839477068403,8.260650480949394,2.2105554173874746,2
8.989615085633318,0.9339157256241362,7.895955466823815,7.8478142226278305,1.4175413916370636,2.5097550564530144,1
6.895324679443329,2.3871054494914565,7.016226852666747,6.125424470234558,1.0179549623965887,1.652736974334951,1
9.373006707598119,3.9647098641078804,2.0204461407975485,3.3649149915338987,9.533085492560582,8.123120253817005,3
6.907934665837713,2.605756993622596,1.5720061411731625,1.9169511809415085,9.601709867198196,9.645057027588786,3
8.675671357364422,1.3732666729402463,3.032243093467451,3.603790458318986,9.935931060598099,7.007842313291729,3
6.396799996328655,6.473390180083645,2.0144883173634134,1.15744790285905,8.858190724480814,1.0931738344616235,2
7.146700458074692,2.1676046899253225,1.7510585914901715,1.064063468013571,8.600035515616296,9.214234904631883,3
6.98577939634154,9.629194681396717,1.9827090167991366,0.9137940961773316,1.9635683528142596,6.317995049239713,0
9.546438918300632,6.008394431798656,2.44007823712936,2.5446253424138585,0.2840244331438422,7.622646455432747,0
9.122030442565903,7.89991204442412,3.8840234051789664,2.1612542203613923,1.78584485518632,9.384911446801485,0
7.188743440061666,8.633765816830772,0.6849835999012686,1.9553938200295229,2.7490057640676113,6.326528174738501,0
8.173630099863058,3.078081196194525,6.420860418320112,7.699615001406098,0.729761612449217,3.7339512172797784,1
9.198348859453269,9.341223997472893,1.3805510101166303,2.933224245309639,1.9064159757085384,9.264222549420731,0
6.961808729660014,3.1413054501641913,2.8075333069199635,1.594144104210005,7.88390031312405,8.963302271345476,3
6.663868391994599,7.663057632924536,0.17464972997765216,3.480369961582463,3.78547084327047,6.318843076505244,0
6.426865684305903,2.082629031816079,2.067371492614115,2.841060345693155,8.104436000293203,7.6228774576103415,3
6.47412329913214,2.302195869324973,3.3295972673790923,0.10018682923595179,9.618591944688413,6.868418773148015,3
8.337129894912566,8.597655186459637,1.0363204766852432,2.7100476644588367,6.1272614706225905,0.007744207168097095,2
7.242359459559683,0.01044935456769025,0.7384286541364911,3.337657300459311,6.749012104382212,8.551948120771076,3
7.686553878058641,1.6727714840723542,2.2941907608213987,2.5755259070575436,9.245085486671154,6.103889573098449,3
9.489461239330874,2.8193206415202035,6.704989086621073,8.524336741617475,1.0272028061035088,2.481856253803794,1
6.321168149752484,1.8667297780367318,1.0905099864537342,1.7039724426662382,8.210065076087528,9.327225774934771,3
7.800260138922832,6.457246165549279,3.7309892092737207,0.10830309948846928,8.001463016359242,0.3299835379588463,2
8.651621087337102,2.2184234713499853,7.0358220549318835,7.803036154151712,0.9016831984333167,1.296182874233624,1
9.876830942125325,2.9057197602070386,8.921121574182958,9.961461718868815,1.7029593270263312,0.08595987490684998,1
7.439972013833592,2.911149981311062,2.0936493362727524,2.0523296517503415,6.998205714011213,9.383746597308587,3
7.627408335595073,2.9394920047069464,6.706767166598044,8.583076156059915,2.09765798273534,0.4706442675338742,1
7.839193320015521,1.3892755386184712,6.278564835423378,9.950544023210979,1.8766726933216904,3.504766910034349,1
6.197038508010451,0.7643909959103103,7.122696830096535,8.754890552307254,0.05701845475025724,2.134775459671001,1
6.676668254971656,1.259434627690105,1.2862030351747484,1.3708813650432359,7.674075681655028,9.289370694642287,3
7.830279719621883,0.8091521434492166,7.617082172618921,8.529701701801077,1.2979198664403766,2.6652761475230564,1
9.419690907920275,3.3113970278469997,2.2740630000287325,2.7609212129907554,7.301063717776614,8.886060658978334,3
9.225225388584382,1.3187916064381708,6.082715036944018,9.451687358065843,3.330116501229814,0.5213544016958847,1
8.593560493127995,7.408517515374253,1.8909718230236239,3.5582729097263437,1.0601538661627803,8.702503312448545,0
9.202689892954211,6.794407240925073,1.6176674120735215,2.610912018514588,2.4458925174479074,9.028516876545673,0
9.581879867951661,9.150338381776987,0.6206050178941984,1.0153294864123743,6.004152767572165,3.603924583485836,2
7.6650871235141125,6.517623457705643,1.5309191725258735,2.4574072013915096,7.022145690342524,0.8942445117008795,2
7.572711636708179,2.1694574328508254,3.305718973999864,0.7969733822962031,7.2906100051087765,7.1460578964387445,3
9.076519332280654,9.091254040759193,3.481869024124429,1.9774691307088674,8.002632233770822,0.4576248454725249,2
8.209643997009287,7.7265059454508975,0.7594850927539678,2.1461445095785074,9.179742334952307,1.615766697867437,2
6.677166721434704,9.382123702422055,2.8930841257220847,2.408486418856851,0.32417504024407195,8.15036660848533,0
8.480383874712023,7.132445728136064,3.7080081456489062,3.0457054940991157,6.63352503213183,1.0280881251552567,2
6.5432965126123825,6.394370718923545,1.0436287709796055,2.165406763848725,7.6293261760852,1.0786295065457234,2
6.051216829811337,3.0122523332257742,6.776708417605988,6.5122513052471005,1.9647721755311776,0.9905942529018965,1
8.13551295183062,7.134187559342086,3.6358284734989845,0.10978085669454885,3.6224415367972544,7.808234746023032,0
8.57887655143908,7.108465593920609,0.21440451127474303,2.908538186776032,9.246075180500403,1.6592739361345492,2
6.449649878388454,8.894106079318345,3.377558665669806,2.222864356579382,2.208819295831454,8.119472692505306,0
6.405484085291403,7.378148620157138,1.9409288090665058,3.9467759929603488,0.7836345879371143,9.027141353776283,0
8.87446954521119,2.612937746047021,1.400551342814358,2.174935410710251,9.365569639673112,8.134363742255331,3
9.322722854907648,8.819172584931454,2.2623173759818966,1.3346168834865315,6.1104018420411315,2.283596825569003,2
9.02498253961716,7.365982674908901,1.4369272787405332,1.289136254318434,1.1472428625757924,9.16566701811356,0
7.17590065795755,0.2158954368460826,7.661044858869231,6.610357108244077,3.269795237734803,0.312090506526991,1
7.84337950193659,3.432848438402538,0.7473154160873858,1.7651387065435888,6.923956137055444,6.259645455150913,3
7.702692787609342,1.9341492029598726,1.1052762279566846,2.6744341929391635,6.563046497977044,6.3672395603439735,3
9.312943958478392,6.944320115078371,3.70587458474373,3.648940805268491,7.006105285109508,1.333885809537957,2
9.601986615498715,8.021554330407541,0.2944545904067657,3.520875714065209,1.4020868307249783,8.157585763965521,0
9.093736428883467,3.557042295074433,2.3568344658047318,2.015402313660531,9.52230880591775,7.448144954089267,3
9.259403493390838,0.30989094464426836,1.634942028646174,2.683906298598037,6.720880516391834,7.838459760075249,3
9.240154150985468,3.716933781998418,8.39252260141676,7.906147135802604,3.795376612047121,1.211105601631051,1
7.662531609401652,9.236608854959462,0.959373234647217,0.044886250690726825,0.20992023595484977,7.494572165012339,0
8.868807574472783,3.096548171619341,7.938045134387075,7.499791435998541,1.7960927430574571,2.297745275442615,1
7.934505323875456,6.0656242372803835,1.1002041494530896,3.818103749779816,8.47468671806066,1.91986961732885,2
6.504275471868093,1.5425316085263967,2.171372321363087,1.9046197447412556,6.567320253104822,8.675396318817853,3
6.069294951146585,9.21481022778333,3.6158297410618436,3.677530406170135,6.586111138830334,2.766321168841548,2
9.7785916440324,8.477200749090358,1.756188374613866,2.6205902762985342,2.1996227485455786,9.882510002920672,0
8.583091461130252,6.241886392751153,3.755384232843747,3.442793355937537,8.472266996303507,1.447811976614941,2
8.310309025847559,6.790459122810773,1.5428224576762521,3.741221615915156,6.992848704952585,1.3204095576683792,2
8.935203214065307,8.834184333007288,3.530967248377663,0.3706455825302064,0.9479022565285402,7.52017834528821,0
6.658389930060593,0.8990672794008434,7.89287964929451,7.321282846599647,3.0215929486437614,0.8766299817728451,1
9.160477541731902,6.62356263822837,1.1749576847206318,2.2074025940042654,0.02906842679638144,7.225620863824426,0
8.95881946821456,7.72775683332245,3.746662508660698,0.1795065559201512,0.7553772927789537,6.835132526413329,0
7.527899647950533,0.5576180370519359,8.497764221462088,8.50341512164664,1.2067560532128643,1.3346644823822773,1
8.422857258038547,9.800802549784198,2.7414943156356895,3.077270984774732,2.7338604156693407,6.003530959734581,0
9.621615912149986,8.116258005386443,0.6879521283276469,1.8926572075393207,6.933881245700134,3.636924495460824,2
6.789516814723005,0.5634180861635132,3.873943098877904,3.235076855168744,7.293394706861854,9.007907553191965,3
8.404106432086643,6.811185660711175,2.290069162036686,2.9543743432524647,1.65742401859606,9.267345375447974,0
9.62112092741641,9.76683714501636,2.830702359039615,0.5428669204103489,9.694130290153709,1.1225521363873519,2
6.6913894913657455,1.1835082079722157,7.05440099774872,8.18060995475237,3.44796415933135,0.21246790186851072,1
8.005955557305406,3.4120716039643417,6.412302127776366,6.018928232230811,2.923623267143168,3.669983636030796,1
9.978347333339917,1.5860184643418451,9.727522815461354,9.77458339049608,3.124572394060838,3.93887849452825,1
9.914434816229829,9.152636412100705,2.2833460664215597,0.17274102894109689,3.4552329429979927,7.58538567193707,0
9.811320215909866,6.015581827966525,0.88507367886803,0.2450298447301309,3.7314396836955708,6.443931761222258,0
7.4998732575218945,6.500078246875672,0.8746899512657547,1.940853445590026,2.336269037274714,8.404391214445166,0
7.623733182591475,7.8945724911907345,3.3359968370009376,0.5809479419923118,8.171499193655283,1.887304073399898,2
8.216376574796143,2.9582377314004624,8.678091724588008,9.380436071630516,2.9563803871856322,0.24513956879474996,1
7.070265931227309,9.15701861107298,2.11221960840951,2.3096288701070806,8.738338768589266,2.7795602964467787,2
8.54831804928898,7.225477195600446,0.1805463988863818,1.065635799159347,9.37537704205095,0.6083392599976682,2
7.889419546570153,6.539773065071859,3.711482514054947,1.2007593722973868,2.1706909110489536,7.312378918158946,0
9.148288236985222,6.4946847920036745,3.865336148481542,1.4975296932057018,3.78020522221372,9.242563246373335,0
9.62715598406152,9.0879544757214,0.9238287099043108,1.5452338884708832,9.519486285157306,0.24053749128760016,2
9.740747930573368,8.768641516927952,0.5269498692668821,1.663480131872432,1.6989768578220739,9.355105581550005,0
7.046190262954019,2.845403742236251,7.403582356561701,6.992849118287465,1.8083896296729223,3.3165120538224886,1
6.8560458528090304,2.201822999593911,7.4148904065948935,6.194087580558644,2.046442308754994,1.5499003113194445,1
9.435040768779535,3.0315380211707756,1.4486776565069275,3.287550410736565,8.29584548269953,9.453776734358526,3
9.25367940599246,0.9890291540953147,2.079587721102255,0.5555152594994293,9.310759489406177,7.978761126479362,3
7.872721574776605,7.660948997771399,0.8819150901557564,3.931934880784626,7.154163633635502,0.08259174202502839,2
8.844215875053873,8.370959817940587,3.523296888214787,3.575803340310923,0.42495208736184775,8.547795475469766,0
6.571482313558695,9.796456795783056,0.6675580993770351,2.8057427529364656,8.636543512190748,2.9447418288046068,2
8.776156316726865,2.6122818289072125,1.3908359388279106,0.15787107366066433,9.5591763570027,9.583188649373977,3
8.74368049942563,7.8862872483867665,1.5498446238960897,3.7848817640986745,1.8935967416076709,7.679087733156083,0
7.66883333806977,9.660080235850243,1.2040370907727982,1.8482779726040914,0.0852636127110884,9.911097821046862,0
9.212392331219245,6.969621213527006,1.3687029941079696,3.502461016654952,9.974819432402374,0.6882129777130999,2
6.252700621508342,1.925807519176253,7.08757747361822,8.556515162942892,0.981709388473694,1.21276232633106,1
6.102560196817105,1.6893833923055963,1.5913460946642948,1.9905603167383377,7.945483046295623,6.888648260021213,3
7.755647522910021,7.252351384802591,0.9554809567513423,3.547396930817294,8.998236278031055,3.7896919838324954,2
7.481855049735744,0.38094283691554676,1.987339957258265,1.0299144116241594,7.020402396494921,7.076869011540456,3
9.31941834788023,8.890324015816505,2.6469942344629684,2.6636576081583296,7.757962704254776,3.3265764563383904,2
7.398984071502494,9.6366042377128,3.544521216380859,0.021944256961121678,8.020266348776934,1.1061496495586964,2
6.409906448847066,8.194145967171039,3.301487653688283,3.871834304438098,1.3381271236948225,6.359212654295515,0
6.3579047586425395,6.098996078777831,2.5740534652189204,2.1371473336462357,9.325851081787269,2.8874624984536346,2
8.843050056035443,9.902806951477473,1.453567927020465,1.696749357157934,2.9011874717292625,6.939235554929596,0
9.756824721568387,9.28609970196397,0.2563210760928185,2.399502948034334,2.7810852671603787,9.754243588798719,0
7.978866082216658,9.09628655158038,2.4878924770808575,2.2399968785868314,6.778732889873545,0.03770398611989689,2
6.283795356060958,2.4305846375503446,0.3846107551129654,1.5939839344890023,8.013440299671778,9.815578641684418,3
7.444825759579221,7.810114821951262,1.828894178093421,1.7247869384544061,6.903014563984804,3.2182170163176242,2
6.574771695648371,0.06760715041451704,8.476153360342114,7.6613292175841075,3.6028436889404043,0.9354207439561075,1
7.918969960392133,9.038890432542118,0.060827619308073455,2.600876921001158,3.197749636111845,6.888448919182984,0
7.415818406699831,1.826708038018316,8.384704780618154,9.802738064634173,1.2712931162722354,0.8757636465102019,1
9.365394761745014,8.672194613316183,0.015175895227034886,3.077385656912199,0.25671158172291886,7.8683350569851065,0
6.796621107367185,7.521914887517365,0.6130635827098678,3.1188778115228777,0.35981933027842894,6.213051060272216,0
9.958581023134592,3.5307110951757874,8.073204428023356,9.028062043330534,1.0528032336882989,0.8451602944272492,1
9.918447036436033,8.141888666783565,0.9357119336206541,3.1622504236490254,7.236807421567896,2.2281475494679466,2
8.333186377165081,0.3529377504199873,6.39452146024139,6.8150052087242035,3.562288411858848,3.241814393846561,1
8.789025139039849,6.232843263778074,1.0734974079867006,3.3842949819713875,9.41476040266417,2.0828691305500424,2
8.700247329479861,2.8728189128673907,3.0459246069541908,0.9927686394824309,7.452173185707672,9.931765002805541,3
9.436558614750556,1.6053293433831093,3.339036735039726,1.5129751101825595,8.688647111200678,6.074578232070091,3
9.682956169394442,6.746411112126253,3.49869521198672,2.0515047383214426,0.43610007528596695,6.346210865362195,0
7.369114813536804,8.321654021000121,1.1980042894822747,1.7192730660343454,8.181148487225824,2.313133195259808,2
6.027636526047551,9.567037651179382,1.3352758909423534,3.7180384388503027,8.92145129201839,3.3539423109951603,2
6.6504059858256355,0.10612339318241704,9.316666136759505,9.74570097570502,0.28787789641690376,1.4626932901995953,1
6.596708423286335,3.075658884246071,6.140034191580847,7.22690732441731,2.0402030600322094,0.04090496490073603,1
9.080695138883454,8.184038610107894,1.917216085602206,3.6340219774878917,6.586110815355614,3.493894084494535,2
8.160469455687545,3.351092146873524,1.2014820368079917,1.8825017835355848,6.400150966378948,7.878578967923369,3
8.65964248482077,8.525176594658838,0.21739226941069623,2.7090988217034524,2.003247815656588,8.649939037423934,0
7.729421392610282,0.41833652299249735,2.436562618077317,0.36829077305573144,6.347654437147739,7.175614344994581,3
7.551366428438179,6.300042227938665,0.6629311935859077,0.7385695627003401,9.133932041028435,3.8426934714860894,2
7.34882461861473,0.9642113529374017,3.2265902431568243,2.6722972701300587,9.184769444065516,7.846720317660406,3
9.610747585676597,3.9499987147285585,3.9284919534083413,1.8488982381535801,9.379907868450832,9.323331328189754,3
6.819020032549032,8.401387023131388,0.33848307489821616,2.393493320899939,7.243794766608454,2.359998231046823,2
9.775261376694763,0.9794347817572095,6.653617093431492,8.456802898425387,0.7435761650558717,0.2553660624835561,1
9.020486445619571,9.837461002106483,2.6179458653385232,2.5454877290093494,3.257616110409722,9.005271654528933,0
8.16243075024473,0.8641455974523309,7.060404495713845,6.892808514166825,1.7584505952160994,2.277651932840265,1
6.931344467275176,7.470179614128007,2.5845716528820466,1.7984661851236963,8.698264902462277,0.2969577171814559,2
9.668984602315987,3.426548261847113,3.1804497766562334,3.52088366181374,7.807912438022502,8.761772294031438,3
8.070033469464057,7.383106329299338,0.5118101504856813,2.585008006401948,2.888331856779435,9.86687616412977,0
9.971453340710045,8.19915244601258,0.8255618319833538,3.8357281051819667,1.4246204989031725,8.153312397345616,0
7.277462510187603,1.1394420422514973,7.615597781554881,6.187497076918715,3.675848811079118,0.614041768094062,1
9.387138618304084,8.190720403039364,2.246590098029338,3.891317144547529,3.494625096120118,8.679455248202135,0
7.514051493929093,3.451730955572831,7.663441763095397,6.1187080116483585,2.7416120902032937,1.4020025296678034,1
7.580672775035707,7.874735819180733,2.0954451898949173,1.6124378625068938,1.28085044407643,6.0669748579427525,0
6.045654630414492,2.252831542394406,0.3728439741690983,1.7209458492907213,9.709425448649512,9.63633662247171,3
6.627210834433101,8.28428020966343,0.31290159820230734,1.0566424537362642,3.388550259960203,9.248087331623331,0
9.266469388096342,0.38238379952097645,6.020920877797541,8.180139731270279,3.571791417371052,2.3995385594939087,1
9.835536203841034,9.299592168222206,3.4505503492831138,0.9171493384630369,1.4578353154869137,9.660183002317773,0
9.736791871581955,3.243371082926678,8.406567699957215,7.649260112104452,0.8581703446276907,0.40168079670104184,1
9.765068504016217,9.004512548867073,2.022493490647069,1.8916175277031062,0.5977227129311324,9.276463752299692,0
9.965656741059725,1.415395143740657,0.6237749883158901,3.354416078083543,8.750565362947226,7.58074459986058,3
9.838234398610927,6.122092386267562,1.3681571314250847,1.6424404054036188,1.4568859043267501,7.53894546132204,0
8.13078949886938,7.747999476575881,2.5226042307223397,1.2765842614182827,1.0752587771877926,6.156778741360447,0
9.112998562462266,7.813817736680013,0.175776893277098,2.198846432932819,0.8909405288572523,9.397701138798968,0
9.068199234662945,1.061293990652131,2.9204563145907576,1.7841758428174526,6.657259916075541,6.728957065205233,3
8.618644722659347,3.0657197262742457,8.835987466981216,7.426940926776913,0.152114661500113,3.922097434636173,1
6.788674083546734,0.2776655884309527,2.8540740336126658,2.359855894529162,7.210110228368906,8.112732937089104,3
9.707929536179787,1.699316956759628,1.2484038167237577,3.287603504000797,8.389768215550365,6.862027657212897,3
8.104547381412308,8.857159052667875,1.536424218618746,3.6464414341286977,7.8815183575756524,3.1822442237167174,2
7.658928062518909,9.64128358540917,1.0811616827959,0.5761042314964859,0.28711965273894124,7.976045032333207,0
8.623537981818526,8.5126840855187,2.8111506356590867,2.703330119572708,1.933802994997862,9.010698523410719,0
8.934760434842463,8.157608786904978,0.20231124599487416,2.1343771254798285,9.990741490029219,3.7580187665619715,2
6.745196080230455,0.16507662339279738,2.5011891852201735,0.33880936188692834,8.137142964596162,6.4346179229864315,3
6.712777437811554,7.292896774517896,2.796535541186878,2.0030303139465966,2.565463548108507,7.177650500405364,0
6.9164979638626445,2.6841204486107855,6.26249653257264,9.361799058067648,1.7822594329159194,1.2192439342185608,1
9.466572837288531,8.536482015949675,2.433624928803416,1.4646911901560715,3.3264244058396284,7.941901086009906,0
8.920184087135755,1.0796405696106945,9.953957023009862,9.641254467190304,3.6397073675784095,2.2023999578290865,1
6.678681574502745,1.0704680361786574,3.087038784416961,1.275463974300961,6.614498572305363,6.493531776194166,3
8.297403159587292,1.2447155944631128,7.915049269858756,9.3465953967664,0.9267695603708672,1.7407993014137793,1
6.667118304869177,2.9222579337295516,8.083585671071488,7.247012255710787,2.899220850231839,2.8916734760384633,1
9.148747263008127,6.483195922184692,0.9254510227088129,1.2728979181452624,9.228186835401935,3.2426071797636133,2
6.238432106885452,0.4542870997796147,1.5096741501198552,3.017112834828656,8.556955772264061,9.468557865404739,3
6.318134807877777,1.6098344754407332,6.812982935912624,7.4143175905239165,1.0008368105394867,1.7710036710212442,1
7.399204637303248,7.679811715593685,2.9644951369108234,0.8855320844269801,2.606329720863778,8.078108339893832,0
6.7355485776431525,2.4414045599049814,2.751687389152566,2.039216470371906,6.603336540023842,8.646893806798293,3
6.109900425702962,2.5700601546516846,0.4022805470325639,3.2243326169273168,7.9092290755749985,8.580345624608894,3
9.74186880579049,6.18534468810612,3.184851278881427,0.09429126096187224,3.350003804614386,9.507963339850516,0
6.091629383811808,7.3742161346403865,2.0342644063787216,2.4401379013191695,7.829580005085173,3.9788396568777396,2
7.084738178529053,9.435697929884164,2.7707396012581174,0.2787708828912012,1.1197778999910937,7.39283027610891,0
7.046602077806277,6.300750736028457,2.4589853619213518,1.1402528276770076,3.686284063959362,9.414690619141895,0
8.488080995134357,0.5932472666930497,8.233055780706906,6.6660319058877,2.838480303121037,1.8996046148332986,1
9.587255952357326,9.7496385885124,2.3106260838095434,1.7917948264262313,8.42286357462951,3.0509341318643317,2
6.287948810523309,6.790042291319223,2.0159236780863137,3.76388665754129,8.95822339939821,0.5048608772728413,2
7.206114874220476,1.5963256361182312,2.8149754508629803,0.49664299027816927,8.146763096572524,8.989728770575478,3
6.585498156705811,7.753550080898591,0.8184717214622639,3.349637769020343,7.2240408600307795,0.018430762703314674,2
6.77891658746055,2.9614097573168126,2.016165795232927,1.5989122652224204,6.02353555061871,7.109671179001286,3
9.41073917500424,1.2572416033996516,0.20835127486490856,3.3049798262934185,8.325596091263101,8.10041031071726,3
9.824064842230893,0.4807062529980497,0.6476814553583998,0.9739544042297257,9.428176486900652,9.883661039369555,3
8.182072079103358,0.5414383572562524,7.952548267898116,9.965195445732506,2.63819574499866,2.114628503420365,1
9.308735148869216,6.666865618439607,1.076164143324339,2.291739113348166,9.838250694975205,1.976624190420487,2
7.712651662276416,9.875508573831759,1.6271279208569713,2.618778899001958,7.581920017387693,3.695301367273666,2
6.972752332863723,2.6731703383742436,2.3465706096487136,0.07722962097834074,7.754864012877553,6.994776283299155,3
8.023841464521373,1.2238883341693851,0.40737378151237724,2.947806936732955,6.30979437073176,7.994294799742121,3
8.476296233366366,1.2002496047955558,8.698971716555056,8.010114436155433,3.071952917392994,0.6116213758161466,1
9.454956734847494,2.3859775214096017,0.9148165963350694,0.36537029237888285,8.459745492500524,9.183673143641954,3
6.568836842335471,3.936469394118149,7.728484435539635,7.341883356698209,1.419427955788215,3.1985038000969737,1
7.480386272289087,3.444235908003347,2.545302916225944,0.360114410692415,7.227629415008783,7.691439019624042,3
9.404804636840556,6.467884126523698,3.4947121428999495,3.297105807476907,7.734361727604654,1.1101837637880543,2
9.230728072794227,7.762879792666287,1.0790610755601637,1.2576153795299558,1.4735029150139733,7.4812723524198415,0
9.97871082924319,1.3341676836408833,8.22682704478094,6.263046293881009,2.0341682432968313,0.1250925012465265,1
8.74244481217593,6.847946961870651,0.2334440328884151,1.1582758454414526,0.24630514048481,9.015239141681354,0
9.565918528967922,7.618710183705446,3.200835261519922,1.8349622004976327,2.3243619878150805,7.675326031435964,0
6.273019854113958,3.2560949979105294,3.247499951804561,3.1397757287223724,8.618042124482228,6.115063660856218,3
8.98505005814212,8.217567052085881,2.083064164092997,2.4366678842497485,2.6268531793572865,8.61554509702428,0
8.19791773486463,7.1247374316458,1.566791495901389,3.831625500306026,2.755250452672093,9.462161583645768,0
7.6279525051485635,7.973366625773089,3.1909901964853695,3.9049427373220147,9.376592637688308,1.1482945885131848,2
6.393167439564944,6.573133435354258,3.1337975338795294,3.332000604649861,8.813953714521794,3.1039555270574692,2
8.676948774849505,1.350205369181698,7.83967416034557,9.538757699632697,2.51864190977544,0.7196754408957253,1
7.250150349896966,7.267758812183625,0.08091947363901753,3.9802428894240265,3.7213189217843543,9.283036407712727,0
9.791012044611263,1.85078473852795,3.768595948180531,2.1238743394081037,7.039451663578681,8.339855551656791,3
8.105549702005844,1.290281951057152,7.791517465449564,8.847488456062147,1.3519744312528679,2.3389535390919876,1
9.841102903633196,9.677556236820134,1.0790534526060553,2.820472454302734,0.9898655532568328,6.182454640419107,0
9.784574013528218,9.248477665476438,2.2786078112470856,0.660754264770997,0.9279443105212066,6.276227392343451,0
6.733519290344202,1.1042375600868692,8.129574483405687,9.109359980267683,0.22530513129625396,2.573166397161658,1
6.371658915103342,6.084344715560961,1.4889033267203846,0.456455163534228,9.230369046901448,1.063420273811948,2
7.385799173212076,9.941375617212303,2.189366268782177,1.3633920337334602,0.3398198372059227,9.622723394438527,0
9.834292198339217,8.047023449151856,1.7818860109163461,1.076119051213078,8.745047359607081,3.0452247397033116,2
8.79102915208394,1.482972142553927,6.796640892436354,7.152962370024898,1.2076387416299386,2.956624800762461,1
8.119309193870496,1.564474019289254,1.0618886632030593,2.053679032252044,7.293698011633286,9.308707426855726,3
6.554526635837826,0.5292003033399726,6.314953202511096,8.00724475588872,2.1269019324245244,3.6641271384225824,1
9.986665719868563,2.856579254324432,0.39588146101475363,2.868368912870198,7.316271326692101,8.91987245204987,3
8.544998247853815,7.058003886254074,3.564342621866488,2.39041891528516,8.136725333295814,2.2342449672431073,2
6.907161204063161,8.680363665062659,3.756955649252569,3.2624145190665965,8.707778189210721,2.1200747334471077,2
8.646884250414505,0.08584890633566511,0.1308458342572325,0.3428087674687563,7.758648277535791,9.133613694935445,3
7.25738576192221,7.298826920627342,3.8400497479114373,1.134478190018804,9.75610882689371,0.03232193791020421,2
7.539486912124488,8.909253046633214,3.644738241125671,2.997411624645604,0.7647287450042373,9.655017899277185,0
8.571612323579107,7.210483601851315,3.8529767683215708,3.925180070770042,0.8826245434074096,6.929530113540175,0
6.986643088174918,9.023163187042272,2.894424428388883,1.4813105382900011,9.778216889343355,3.8579149319462394,2
9.151928552141896,0.43764097275923675,1.7336238247828186,3.0761060107767224,8.49805904886222,8.784059422174764,3
8.576140354364428,3.2937980641927633,1.2093602835811965,2.7325959278288243,7.662493055593538,9.201563394989247,3
7.258809224285455,2.2816030791140594,8.10215753517108,8.29665517962133,3.974498520490401,1.3481220099400035,1
9.212401341825306,3.7303728995606713,7.414381224885834,6.64051363541804,1.2331212423730569,3.1142937384409675,1
6.012239344089947,3.7483341801280194,9.575295800900212,8.574498243212634,3.9403356000159646,3.3082806983034834,1
6.069112568388002,9.997481710419773,1.8644760548617918,1.7419126244381857,7.776449870320057,0.6749311204091848,2
7.026084600848174,3.237711134665723,8.334886011652783,7.87075428548125,2.9818564306286466,0.5525128299660431,1
7.076173617926727,8.959054378480063,2.376816592246186,0.868551077503029,8.82590266124527,2.7080732224650865,2
8.134024230216204,2.1593396583701328,1.5518700829264067,2.828995379192029,6.883843307701488,9.263256726299298,3
8.243690305603874,9.744002979943252,1.9429311659385307,3.4336688454997963,2.08917587423325,9.522980581079512,0
7.5595147218192835,2.2812517067349436,7.706536995090927,9.755403171384186,3.693528875914469,2.2459646573936047,1
9.47716857783107,1.4829697602010912,0.5064542862879811,2.4482108825204802,9.07862895960347,9.441378142912153,3
9.10083120068105,7.489289129478442,0.3787542555597341,0.6628576248688729,2.5741145654583426,7.503330485064632,0
8.023603358996251,6.902142102522678,3.7188066570559863,2.542638597384719,7.24768359713795,2.5643327875906574,2
8.465652570666688,3.7868762917385856,0.1825952988346291,1.7006258374912595,9.41585540521191,7.698650139679663,3
9.382357027089434,8.396239017930679,3.3713082107672716,2.661639129073269,3.8654444220948347,9.514682722444986,0
8.08620584865204,0.4204893315847493,2.6851647253169126,1.5906985781473169,7.35645946900379,7.1340525732493365,3
7.768834580647837,6.254374298859438,3.373710719400903,1.8316011563543797,1.094821029717942,7.002797996156255,0
8.256316616073116,3.7105667238043134,8.297137098631657,6.251038970686896,0.20690203496370252,0.5347098616854633,1
7.789464597495538,0.2725453577234962,8.710445765010343,9.503860971375419,2.8312066601032213,0.3912327431021576,1
7.253478303977637,1.8073762995186695,3.0544672613287855,2.4144115966533977,6.191872312577518,8.667607973837935,3
7.598244779778429,0.5089132634949158,1.084133829876928,3.4987660572733774,8.6062511978941,9.654721051587789,3
7.459137092185188,2.6619848063222977,3.279152912055309,2.9775784895917896,7.935287940552691,6.9666869417290425,3
7.144945985598795,6.41295384513019,1.7113932335579687,3.041977350554111,7.901705242200457,0.057216946941803126,2
7.07700033757733,7.6756132081016535,1.4851941471298127,3.392391807473709,8.309334758439501,1.0393917597181481,2
8.930356090291125,9.739621432231267,0.3483396890538448,2.4607586573779026,0.5048696443485476,9.077705244144388,0
7.80065997610877,2.6229503605233653,6.946815174909393,9.233351244822838,3.0200999552964807,3.181477153842972,1
8.105276573875862,2.630225172007761,8.54990931109466,9.718289706928042,2.059757311794573,3.150950904540411,1
7.63424252499449,2.5344888168790116,2.993095823310845,3.607099482112243,9.833899295260785,6.844631278381638,3
6.694079877243539,1.074865116421416,2.2502250169260503,0.019280487594135476,7.941529920992316,9.606894516682669,3
8.094049910122353,9.942212547337341,1.2799827850714194,2.580196793523718,6.352393272567451,1.1462444768170075,2
7.3230010006502635,3.804068733833354,1.3058927123438604,2.0534513530330445,9.64546178169439,7.876885586506933,3
7.136607788809462,2.7375367053911908,9.824358584401491,7.305655509097599,0.9351703920729988,0.8190499729176182,1
8.09097168450668,2.0108845303011074,9.104621241607582,6.698224901081449,1.8420928413691446,3.458841720809299,1
9.795005615021537,8.211097691964996,1.2921476341558256,3.517136866376508,2.2408947305793756,8.098354405359888,0
8.499466418402347,0.40962071328591243,0.10896549536192968,2.424569393786009,8.319540450623926,7.324278700061652,3
7.65994402494843,1.9546369125774739,3.5626140643512882,2.6181135235150665,6.180476454180299,8.121351213635249,3
7.441785804672778,9.449200206468495,1.9013065247678678,2.530661166458262,3.1109342744631743,7.873037913458271,0
7.582058244118995,2.650418545349237,2.136388872399932,2.389218854486636,8.239557680608414,7.810206052994992,3
6.3018780553897065,9.401772614650303,1.5588381279746804,0.23020000089115022,6.008591782547259,3.4186927747418103,2
8.595123574951735,1.801873089161032,0.6515996399000712,3.3578237870906764,6.262814402846611,6.651512602303642,3
6.605381901285092,3.7483942440122178,1.9215297154932571,1.146473892830027,7.731185342541828,6.478174153289631,3
8.872602286015372,0.40130309697249444,1.6442410639230807,1.5719144531495495,7.374387505221273,9.186488474185762,3
6.722594009872379,1.3472231593307673,9.504210048567987,9.016597844476788,2.337151172132585,3.5716920654133784,1
9.770361841851944,6.1860541733492855,1.5531980882406917,2.296263514477342,0.6604102026666321,6.537322104041509,0
9.035984113414452,0.0033570809585303785,2.882924760854389,0.65983448726747,7.040553230226358,7.34961954308972,3
8.961648757023957,9.638303481219676,2.7226604398358862,1.9272125538927676,1.0067403388950384,6.562771748450431,0
7.670060653504837,7.641898169083468,1.9547206884387491,1.6814467062357377,7.3835926368164335,3.439061769794066,2
9.22172304991525,8.4130194404765,2.227539695425829,3.100247602351537,8.692506005564745,2.5048345721040923,2
6.905632489068383,3.1905249952176304,8.623793103115215,8.653735937108596,0.000762277041661541,3.4545690719476316,1
7.312454227270747,6.793781370579089,2.3792805677930544,0.816235168714746,8.327182611832905,0.5071062075703741,2
6.618738184964471,8.731081886828251,0.016188786661976984,1.342899310091827,3.5239118766423196,7.823454893146055,0
9.543572282956868,2.3000108871259215,3.4176165395232565,3.698038804593152,6.570951191198206,6.673320353564586,3
8.505599743034075,1.585511634377689,1.285590846112402,0.8947552721744709,7.092670972926598,8.879942398515462,3
9.046886777785058,7.78997155691676,0.02354786199805181,0.9166456221904902,8.933464024965017,1.880433984028668,2
9.762517685741438,2.0820491851633673,1.6866548201569977,2.723420166128156,9.623023891223701,8.539592265352612,3
6.454213759772955,9.16932019594633,3.306545034036191,0.10942168822195297,6.965976716675609,2.0160804396898984,2
8.994824137963226,8.039979109326522,3.8946367486931894,0.45737887795202337,9.499142054266667,1.247841839743698,2
7.4597436965247965,9.15097462987012,0.8191151112595838,3.9510214500910608,1.064850748340334,8.173459073423988,0
8.89029882158949,2.7330519202005594,9.382604945145003,7.801739252177678,3.3974736994578634,1.8295228626432332,1
9.81079073986832,3.752457441513575,2.2917293146575686,1.80468777265289,9.785317586163883,6.884824720565771,3
6.6967767119052075,1.4607979503239976,6.871565144834435,9.493632285640956,1.8589935390294379,3.164138997001549,1
7.300849456409555,9.217867797850765,3.4224964950606567,0.07781552157586358,8.178348669131497,2.2829416241755696,2
9.647717181085499,9.364220482785083,1.3377294178977919,3.4828489561476785,3.2098123376112966,9.213562789292508,0
9.494909536988073,0.8551822784056111,7.599951488737796,7.086232549106317,2.7852692126110363,2.6829946572252026,1
7.652588401925327,3.2848923349385077,8.490191156764675,8.790264027233226,0.3018611222995373,0.7686202976034942,1
8.600879470721454,6.385497697271763,3.8534442108111557,3.7924997867754873,3.873725697543479,8.262445313672586,0
8.463961617204797,3.633567111971963,6.990840842205513,9.027379589909689,1.4998198824073707,3.0040204210738994,1
9.680294499401416,0.4818484660533211,8.601346070408303,9.458073660565908,1.0441500871679086,3.6909114695887872,1
6.78927797558522,8.987674149612651,3.073511878378889,3.6849203369370382,7.79417003103634,3.918845905701693,2
7.828910211986456,6.2254497219716125,0.05686537593264518,1.285949249893068,1.0947921611539448,8.903859310614568,0
8.844334181217201,8.257408415501573,1.8366718621792688,3.6786610255588577,7.986003095033725,2.8718443892799237,2
6.355952217741164,2.6835162285227443,3.672203398577594,3.546260406797405,7.023860632948228,9.123865955123165,3
9.045889237680191,1.6617206611802913,0.5790430317341091,1.3761291869248051,6.554475406152946,6.291771298558942,3
9.98790678287001,7.550659450557152,2.4791206012541247,0.893845374293829,6.771000194982321,0.26782539627231206,2
7.333299884574684,2.6222593292469845,3.8441689541983766,2.9045435286116033,7.286828894117104,6.024366338438423,3
7.246424484927974,3.872774511834275,2.1846841897481264,0.6280453030315991,9.289790599343329,9.262972103929016,3
9.623967105655383,3.0243604922737375,2.529500583777632,1.846273418580929,8.866138055526656,7.780434369135567,3
7.890974983841342,3.2440401138139894,6.48080023693674,6.7251611758005865,3.709444910023391,0.9899409567588342,1
9.405589080406992,7.978883261077009,1.356535751593702,0.1715691563164956,8.940201639948178,2.334121723185896,2
7.8818409334198805,6.042348678205118,1.4486775979765967,3.717972622164471,3.6068086549043654,9.23604969276373,0
7.089376910546792,8.13853029217489,3.909713108241962,1.017401178250887,9.94567708727426,2.6405182467800703,2
8.572353047445894,8.921150895403029,1.1541788992126305,1.7774300825348148,6.271486207976832,2.6906854950617505,2
8.658485441801703,9.038243452022918,2.009751155840616,3.340531079842646,6.845586178327761,3.3223498022058773,2
6.076013813965091,6.6423425769878515,2.4437064908882875,1.7510733479803742,2.6632185792584946,9.950345244032984,0
6.6734699139489955,6.937491581209645,1.5948438640280105,3.1428347030834187,3.425846788190447,9.129513111318523,0
6.832225305406622,8.427715489916555,3.15859155252394,1.6549504738011884,8.713702367581408,1.048783066722637,2
6.279320429503928,9.845012341355224,3.838301234548535,0.18012690736657033,6.558247229238802,1.6105764941505059,2
6.908510010312843,8.270045412304176,1.6251718601266556,0.958277592622979,1.3575514157033681,7.294755109963797,0
6.582149624447101,8.931385192192888,3.717021409919559,2.7541742717834623,9.524376901134332,0.5408775934829162,2
8.403279528421084,7.677569498985072,0.7627570983318193,1.997202864715625,6.015966251863903,0.5935515108239136,2
7.403025539183505,2.204546373413088,9.06884815600529,6.561112934900393,0.7550762141655869,1.865038756946272,1
8.43351418247973,3.5041917846696595,6.298411442208958,6.530258411636243,1.9282102623729704,0.20771555936273645,1
7.116564534387258,9.992279152563194,2.3596602282483228,0.6924735860588851,7.3231333369930915,0.3851063300718929,2
9.11810901711037,7.067913566621592,1.2965823859631165,1.821283112923974,9.844651843063486,1.635814209353386,2
9.933932873866336,1.5448348382792951,0.044708914184829585,2.9606876142089655,7.211287172363425,9.386869286424943,3
7.271559397520154,1.9371699792493442,8.673107249385946,6.0903304877725875,0.15447663144150692,3.8625890852682483,1
9.771069697210468,0.6879671762878803,0.13020748562041407,3.222119552011725,8.75122694531663,6.834361103212139,3
8.761247564171455,1.2123833575945646,2.4169348505021278,2.77172751238026,8.406150700800618,8.798184247252314,3
7.314267112546948,9.537346332571337,0.21453369915753973,2.2839645668096544,7.025031062321081,1.7100169305036435,2
8.854357176595647,3.3459517058786186,9.5487706578511,8.3249396769361,2.2973348638910633,0.8897237735562378,1
7.894942582323704,6.24429029683497,2.0849084284732067,1.128055187692644,8.429387388934302,3.228516488628712,2
8.968471422860322,2.048119589344686,2.4140588937628626,1.8327906789059685,7.603017238538104,6.484014706189237,3
7.318126682912835,9.63616881823627,1.5143455287389376,1.5871252061714363,0.8661602710487473,9.050604867966609,0
9.391535960776041,2.7426789919799677,7.113075261071158,7.269532084979844,0.21962353709285143,1.807797461561417,1
8.486269292828172,3.7459614593273516,1.1298875698426234,3.380386844808823,9.418083104265312,6.73900976092008,3
7.607431915454681,8.052093114187869,2.6669296220731376,0.020874082763215895,9.938739051431092,2.740132637792072,2
7.109334479805161,1.1668020642880128,1.2350612364531557,1.23182508438518,7.804825291612655,8.415001563384392,3
6.777001806663427,6.60248982692606,2.8768497408351483,1.9456041635937669,2.6820790132847394,9.907757339754603,0
8.991533868392391,1.4474697012242692,6.241650448151057,9.002086463688483,1.2824572624459827,0.22062719319589386,1
8.65909718988051,1.7148432778267582,9.131148150652052,7.404141815672515,3.6041695221831476,0.4082434333703895,1
6.72362149011057,8.530398501554382,1.1195618297126462,0.24869854679835957,3.0919266999618324,7.0595964268280245,0
7.880607261954028,6.545186396919101,2.6869472108646955,2.5594613661937617,6.142088856427861,2.6875304239814364,2
9.173497686896589,9.457248771148631,2.9748065170069498,0.44534582522197885,8.474245403295566,0.11013394339963423,2
8.726602388656286,7.366975302249254,1.5196380548508581,0.3713953859911232,6.8333407948676665,1.7190577908297602,2
6.785638929086753,0.682783623540109,9.30252968921226,6.861647649608919,3.0475015313839973,3.047367402298553,1
8.768976258427172,9.801331920268622,1.2379811759274197,1.0694368451393337,2.4039815787479344,9.976431582370877,0
7.490911918783306,7.234393481820926,2.5035508580350267,0.19270418315922733,6.953902877862948,3.6305930020217576,2
7.926663735255147,2.2221370264701252,2.510758578734295,2.6529084983266547,8.04251185595042,9.303478796548973,3
6.761659407819129,3.98584529407055,1.609563955525299,0.7400038213475262,7.728754979478794,7.830228081050029,3
8.265934639775564,3.757856896680101,0.27958883829368064,0.9207827234047876,8.067735689501655,8.374637680331691,3
9.60808325578108,2.3435449275856444,2.6906172081195865,0.07047665334634612,6.583904763942579,6.3382434890760475,3
9.519581987979938,2.3254406610958123,0.2996375683806658,2.4531015139147514,9.534628462980548,6.780119717900389,3
8.18326867999759,1.7014732406325468,2.176173800227779,0.8951767132665496,6.728596981928876,7.004049530692791,3
9.2876158627361,2.1380573304494552,3.1544208479670637,3.204516844219878,9.616320756543352,7.260998297687698,3
6.080951214339322,7.475842341563778,3.6082013724461355,0.9061187559754114,7.386707086357254,2.7481212850916235,2
8.302478034374175,0.5664347714393423,6.84010764576232,7.062689444090551,3.968806102570278,2.9854955150381937,1
6.744227383589031,7.508270895719939,1.7059557959481193,3.2418784318792375,1.5172483690438368,9.486623282428763,0
8.279713623331226,6.01990840941443,2.7930062965224582,1.0725245822958094,3.2016429159203628,9.58315699937873,0
8.386131221886846,9.288110360301072,3.843353722994628,2.356352577840441,7.32653313853349,0.43979849463664644,2
6.338255157801631,6.6662912006363,2.607540992262515,1.0560420167169267,1.5261930555133687,9.28312145506596,0
7.051638345476801,1.776834280983262,9.711433496179444,7.636277051122789,3.6204554160000124,0.4211950282529098,1
6.179263713921809,6.192288247570537,3.463014471962085,0.6097078438098786,6.785542855613793,2.3251342800988652,2
7.497805444128698,1.9470845192819133,2.9310090794604076,2.7927389785496146,8.890065257189377,7.017082355017284,3
8.088109031643507,0.5914088951301082,3.4713613560080168,0.5595535133779856,8.00050700681235,6.575604313514246,3
9.441448445772249,8.558131173445132,2.80118256179705,1.950813769509311,0.09592896963068398,6.097004923318699,0
6.211761137228814,0.45356144993301184,7.33030744251141,8.499001128141591,3.2600590004017693,3.20376809547081,1
8.553423102860949,3.784449793257162,9.651340586091791,9.597623530150061,0.8797848482929846,1.105649496915837,1
8.83398134687671,9.658718698352102,0.9868841343867762,0.3994629643861902,8.44882030442823,1.1014907430920107,2
8.244614806019836,8.030790263501563,0.3017366434516946,3.0119207470961546,6.591781444835133,2.69750764328957,2
9.52372421185161,1.7527892626962092,6.865723408749943,7.993929433381654,2.4082448090941084,1.7184638775646,1
6.195614834692055,7.890691727904411,2.6279734265998007,2.5710541898836934,3.559040103887747,9.353345072282588,0
8.45235735171171,1.9715322372637938,7.768207049902017,8.181605376998217,0.07106034486593416,0.5777961075376887,1
6.591224683820911,1.307039557922661,2.4008892160093533,0.34436021598227207,6.39189518253813,8.642998703601108,3
8.590859645466981,1.3703125185449418,8.778806496679824,6.544267964218363,2.9489551610270106,0.36283999589362814,1
6.9145491137322175,2.0974253225930926,9.401598076754116,8.455043147164428,3.0925085009771913,3.9358899190824648,1
7.693672090217586,8.00605520551903,3.155917861050142,3.2735319408727883,8.635596468246925,0.4783181260437144,2
7.169839189898718,7.310227114295573,0.5158563384314427,2.5741685145291755,7.576023825008563,0.2834350909287622,2
6.171632390260829,6.218094216846501,0.987135001399603,0.7566677211327515,3.2970493968687697,8.214465296250472,0
8.185514376203319,2.251392539764169,2.8705417205884607,1.073806652276133,6.57631331608676,8.685878346441045,3
7.6123538021031845,0.8825686623886226,9.665522792964794,9.263711503210875,0.2217770868484923,2.55952151888248,1
9.087506325056088,1.8135596316801719,2.5288128212020067,2.6648488362332663,9.71919423317188,7.24360415470297,3
8.897043907971371,9.574565297837463,0.8461357311280495,2.1229311524578307,0.5295118385388609,8.996092067839669,0
8.974316680249428,0.9518113571283493,7.730996061439194,7.187897878402978,3.7045060089615927,1.3812374823405027,1
9.203707203558434,6.3592113208903225,2.9365195196522107,0.25177621928090277,2.0678986220848077,9.990889340808499,0
8.279346779381845,7.790944281468949,1.5171094024004441,1.1148154418465777,1.5473734774015373,8.5127168029554,0
9.707209366641488,2.336143778128546,7.671205495824838,7.800365983991288,2.991241057268302,2.857727142188294,1
8.660466722556905,3.413926716709588,1.5491983606932607,1.9702351863048722,8.25132962964045,7.844136243058297,3
9.09292727357293,8.226875089476652,2.746391732465094,1.7156965065905871,9.296380198105743,0.8569491335748927,2
6.395104923635538,2.407041155700019,7.017680763045613,9.44948610813767,0.14876354091803856,1.7497852081880816,1
6.888154904273895,3.838304363288695,9.090441847048051,8.840031434517089,2.5532380078514945,3.9982153625218992,1
8.047073455066078,9.04966760278412,0.5913328981606272,2.6253055335374276,3.9681736159298486,6.141107624933733,0
8.308195963265034,2.792642160234925,7.8002811340930815,6.296034869386984,3.5736927766875146,3.1298209793661127,1
9.973150744941995,8.144969931730273,1.6012006441466209,2.8559298182802477,2.888994570035194,9.185763980972187,0
9.74773028036211,9.508250576636932,2.2443045455283293,2.53832475681627,7.742604323012295,2.4167753701817736,2
8.400524449488088,1.7756404259688097,0.27299261540642705,3.59418024989662,8.03299724068713,7.902802580646213,3
9.226191712863145,9.67887215555441,2.9765549697579714,2.6800971649939065,1.1211268320579069,7.467778417958117,0
7.112454162644552,6.262714714910272,1.834589788534919,2.9147882200020523,9.036622867238986,2.8912845615285923,2
9.067402408556088,0.013162830368635081,6.553828435675132,9.936580623500644,2.494867010254655,2.867005852580859,1
7.871014658467686,9.415236186991825,3.2373256846914247,3.7367274411238713,3.311673551357625,7.973699442209096,0
8.053614101236516,2.677245584063679,1.5561492662470506,1.7699814357161183,7.451400921600536,6.238569309975539,3
9.821259423084367,1.6800254668569856,8.52208804850569,8.876325527587964,3.4400306394019697,0.12129441400946117,1
6.652142444045556,2.9596243216565363,7.642578918618714,9.422612419056488,2.2301306799208303,2.392661432291341,1
9.83694520450164,6.815067031064715,3.2846546089071325,3.689453542782513,6.876173703718514,1.7545593864424278,2
7.100542491928728,2.2772886264416976,7.823155856681435,7.683529405084423,1.2163608783108848,2.7911723499762755,1
8.03109612205898,3.0951499663143682,0.257629928557392,0.5700899442602103,8.143145219428803,9.290754969664226,3
7.735724338265488,7.839799904803085,1.0930092667830822,1.3565470847440486,0.8415842258697128,8.520286107635085,0
8.3632388789095,6.769799362054829,1.0547516188702106,2.409948608522473,2.6933272491555664,7.867450295029098,0
7.053163413867269,2.1688885711113963,9.329230503021423,7.602963066006128,2.1587599550071,2.461075992302514,1
9.421034281007035,0.7247615716900055,1.696901593062563,0.05235928053009564,6.754742195573462,7.82419130639116,3
6.985570248258876,7.723171321219945,0.20933085659336115,2.930497772323509,1.6401689717524817,6.365848830436254,0
7.420902575033545,3.2228248591967845,1.1264799065057676,3.372439518081152,8.597271441073389,9.58735352857035,3
7.7426108450642035,0.14779299525224543,0.815448693882924,0.39647971352390066,6.241639239509265,8.112766398062153,3
8.986776788552449,3.6198521547959626,1.1936953157361772,1.1041899280303995,9.274864690190402,8.288682450378094,3
8.02466439515847,9.38012771427304,2.002294132878635,3.8393140557380185,0.6513459124094347,8.724461338754,0
9.26590367029431,3.780687890792612,0.8599454229789552,3.067187689554701,9.45606889352272,6.105987532105592,3
8.244635071177129,1.8364611741584773,1.0607286864600574,0.7743256694660663,8.47770303718181,6.579209144512393,3
8.049902362298791,3.4257230262913723,6.0463674408182415,6.293604678795553,2.112454327976539,1.0441560734783968,1
6.368325649412173,8.563028376388829,2.26080512920872,1.0634499324354723,7.114368793921466,1.6322930044749682,2
7.020182500228993,8.432980619538162,1.744730844235916,3.897343354717494,1.4162386143197447,9.565590142820696,0
7.896144659382242,0.3267743511313572,2.498291002458765,3.8039478640081414,8.85656089458774,6.075258023078128,3
9.63636284066257,7.52077169507138,3.7006961111801124,3.1876168720115525,8.044464108972452,1.6209459400171693,2
6.013357252278478,3.080275617770072,0.6922097169289989,2.402499816583847,6.207368587273689,9.404502819612105,3
7.414518052842737,3.708605681186486,7.0165784431703795,7.286115951837889,0.4914678361530651,3.805828672926541,1
8.770659597180135,3.9205516366592956,1.5805158070293452,1.2921653687675296,9.371684409643034,7.698544865935293,3
9.1074091944989,9.13087239698213,3.4885995328118256,3.9715037652706116,3.421244279346901,8.507772089568334,0
6.7112058388708835,8.860911599649892,1.4275946225426708,2.2291396150377154,1.6645291217182665,6.148964583829505,0
9.22582431301321,3.1462831179693747,9.755231628184426,9.168048197111482,3.5217716415662252,1.3522314663016068,1
8.161350636545661,9.156515136081428,1.2366077854280935,3.88255476070107,9.745913464660177,1.5871280804774708,2
9.663452152908762,7.266074950494591,3.989577044791915,2.5232053966669294,0.04717651203064799,8.742934479144063,0
6.83429887125831,6.293182048174321,0.5405253220363688,2.70057979597889,6.6184848193147285,0.4417860138405616,2
8.955044758090963,9.1579147280087,3.267157030573648,2.966575426961941,7.991016864016148,3.8347473843963664,2
6.247179322782796,2.860223005529042,6.478745256541009,6.0190900096740965,0.6589622663799313,2.7112002932337544,1
6.484197288790997,2.0112140895864483,2.7975514902581304,2.0627322758751,9.884828551135355,9.799354915331785,3
9.839410224206476,2.222435193588696,2.306888445620521,1.6334080257176766,6.455932232053142,9.526171437216032,3
9.050284489785797,1.0753979521770467,2.055507017061264,1.1866530175322731,8.864566996455798,6.091927799255238,3
8.419137153998033,8.8113770556729,0.5641617556999532,0.07803074311573344,7.066477143257369,0.846087617322508,2
9.224019396665389,1.1666349980949748,2.5469307927164033,0.38005037179997725,8.927710812960438,7.680375301536721,3
6.498451618031748,2.9016118144130405,8.485646694406316,7.290103930757994,2.6569019245508785,3.9967027752343416,1
9.834603421428147,7.231309731978207,1.1236565721537426,2.1596844121446592,9.80972126534705,0.32773763134939715,2
6.39785665264989,1.7297299911931079,8.252168817094148,6.480591086661592,2.466450435298081,1.1683314309053192,1
7.541707276625303,7.587298902514788,3.7366481822132687,2.192362583016228,9.936304264224951,2.292498949929867,2
9.949069851548503,1.4121240868515654,7.2825514495334875,9.497507783248746,0.44978348404058854,2.7306026122805345,1
9.68312146123108,0.7828654648551039,2.882026763262248,1.6864089496807813,6.225277902611852,9.085252364914343,3
9.071421970987192,3.7176156316878157,2.6169519998813238,2.550068061926973,9.537059535214766,9.2963132942001,3
7.29698348828823,6.030917723092941,2.7511682739295606,2.4257742897695023,0.9724898407769675,9.705605623514948,0
6.6982101255694015,7.8162550402372535,0.47109253697693587,3.7688471426405017,1.6903580626861516,7.840424259991193,0
8.461002294508159,9.153790956298671,0.03944753508155108,1.3263482385912018,9.41325384929685,3.9420857490987755,2
8.538322215325586,2.3829240339988966,6.0137426615236205,9.80477306989748,1.1653376489800595,2.257298751518557,1
9.967222679321155,8.655420179452507,3.761819030269166,0.5184640193715144,9.267133953892234,3.1037531429490066,2
7.134353932322432,0.3101889939029494,2.2419831148364326,0.6683543590715892,7.837853726505029,9.981554756740419,3
7.307584975801819,9.75298362484408,2.8528886269382006,1.0302827505662973,0.1244831711687433,9.216947221256639,0
6.088760725169584,6.4911464594349155,2.744889416625178,3.390326279284575,1.2697270992581733,7.871737927094529,0
6.429695567756294,7.5206088235725534,2.3432823365281257,0.14762232785682539,1.2111491168449073,6.419188959056838,0
8.485186123058153,6.1249664830255135,1.3526250224439438,1.4694876678686932,9.459941017582544,2.3089902318928592,2
9.06869119568928,8.016320438370695,3.981333770129151,3.21427220670784,8.972367673891346,0.15241264690176282,2
6.173928398937776,0.6595035215397145,1.3921465375444573,2.554232122910876,9.333367197491054,6.006111465353756,3
8.215158994226947,8.029629122868617,3.132112982686742,3.6526882117676833,3.241976927699396,6.9506988193367345,0
6.9297585966420225,6.117621812400181,2.7481823694073353,2.8331365196662666,6.979931270151104,3.5256564690923717,2
9.76146428200396,3.5226582256336125,0.09047330778151297,3.5009648183638418,7.167741840390942,9.487556562393006,3
8.382605985428643,8.899273054019831,2.894347918907187,2.759861438693054,2.5645716597507704,7.150471206446046,0
6.989307968377366,2.366647796698447,9.942750910329487,6.103142399274269,1.4944920618115831,3.2923557274262953,1
7.745813040344887,7.39861149087792,3.9420313960973625,1.1730920212320388,1.6537656635906366,6.643442466184139,0
6.634993849894192,9.397292786387117,0.6441142696317965,3.879351835081169,3.472866386867993,7.831523930726904,0
8.17212656246289,0.05953994600301771,1.1188066035220672,2.6710909789994184,7.309926990113342,7.471113947775621,3
8.611162904207525,7.051260081988071,2.82089780418561,1.4404928620914532,3.5116125885030014,9.626127350435087,0
8.559601813957688,7.140083270819398,0.23415114191231856,1.4388135617062519,8.729029828154108,3.3270473518813763,2
7.4717724134509265,7.766374015553464,0.39934563100032694,1.375585124571697,7.39349675781032,3.91747403311189,2
8.324472821346374,2.130631490124425,6.401725563520573,8.33151572748052,1.360909589154038,0.8498420644347426,1
8.09092624833306,8.177400822853645,0.8750312424140017,0.3412140721275918,2.138113475339092,6.074846366913543,0
7.323765272422844,6.9679494988636534,2.1202985384525332,2.0625021999894755,8.03598720729287,2.8956899353935732,2
8.663385728709393,6.209256884662649,0.06324151718305604,0.6232142330412689,0.9692123742383916,6.163791588376403,0
8.021494853271108,8.393433622197747,3.458165522511597,1.9426369700128636,8.89114535027254,3.379574654414267,2
7.794510888895465,2.2905204022803476,7.988104953204488,9.625602039920041,3.006592538171752,1.8569457705950314,1
6.463119002069984,9.52956356599329,1.7626292691165184,0.891254331956802,2.07726647835724,6.5376501747932405,0
7.069467217866809,0.49740916383850786,9.962184972367117,7.475707011964261,0.7843651058386008,1.1269001342893596,1
7.228756410781333,7.656571682783728,1.7416220130271727,0.6535362373813758,9.723366795921645,0.5454533151956453,2
7.466495600234024,8.27395216922973,0.08880469183590378,2.4608889771486897,9.267106264598679,3.6548003401585993,2
9.036544542072765,9.662053604063189,3.0509062261729936,0.6700387782001882,9.797602024766825,2.710562597876297,2
7.8631931243382045,0.060958035671836,3.790816247336245,1.462182997543442,6.519991060005372,8.877172533377436,3
8.314467944697196,3.1635080607576183,3.9581859294928905,1.4283149490466767,7.280267124312575,9.075656650996887,3
8.164438629194231,2.474300367235037,6.255419291512068,9.867466814465862,0.38771244885028056,1.7733701548606868,1
9.246382055642027,7.4946667897474235,3.1826073428705643,3.0195770237799655,3.052554446270341,8.003261268510789,0
6.759922068766638,7.645011612648709,1.878804004861795,1.0802720902260208,8.400356718301598,2.824392240170718,2
7.474821841376825,0.8196208531212825,7.152523252981997,7.169230928610798,2.1266255043827584,1.668617045395294,1
8.560001459491371,9.590053561682613,0.7127124215786793,2.332030691036577,8.196300310819169,0.9860802981705921,2
9.41209424137146,3.3658616285323197,9.42310014620399,9.351926458262776,1.5412355338354535,3.1159273637049436,1
6.720461637974889,0.05923071494068477,2.8286977195150196,0.46289285459244844,8.247965552648653,7.687889503004715,3
6.655898601875615,9.543047485356997,1.8876019327672497,3.976798314273702,3.345723831271668,6.163771602003152,0
8.677074478078426,1.7645845843961387,7.297923846438703,6.020323347890997,2.9002173375540514,0.15277331054805332,1
8.639670478728087,9.643763687821927,3.4368972008287884,3.625911686329562,6.801299093694125,3.6050896187168986,2
8.192536508074427,6.235151150806505,0.528254123912197,2.2189937104031423,0.8921067461971908,8.490267768835182,0
6.585475061618537,3.2526227043384073,7.000198729137868,9.843064430255193,2.218233487682537,3.9459662927484755,1
6.337342669043839,8.523006101376398,1.754441623828177,2.7544123107128353,8.165612264270894,0.9720253987228915,2
6.473578223381289,3.3097947112716177,1.7285395744963141,1.1207386232135712,7.363346362037781,6.580870375547955,3
7.496527502955548,0.6034895314865212,3.7107209403928034,3.037780198895762,9.495360585644873,8.157485579174564,3
9.130572896375897,3.7887505791601925,6.920428039316306,6.461431998411262,3.068163244577923,1.484036476696001,1
9.877695021761234,3.1172351171559343,3.7985000983056985,0.3734017380079946,9.901000801605917,6.209044091981748,3
9.467132993231573,2.112555615705448,3.4387729738326995,2.8113096462231737,8.645380401477858,6.177821393515791,3
7.607256224921988,6.464401523606462,0.1568389817016307,2.5021780493142556,2.8743089571174183,9.604921518435921,0
7.380590474555245,0.0032541111794639477,9.121461209591477,9.314891880904693,1.9372412600363975,0.9871178134928589,1
8.9107435584578,0.9796324027077326,6.671953110405648,8.9211264946744,0.9622922610270939,2.576361872985164,1
7.550194452402165,8.15776894949172,1.5804147487109539,3.138851695657161,8.138674234195857,0.6568454001186277,2
9.251680075090661,9.625774930819917,2.28219157922114,3.268046007845747,6.219954108359168,2.111226909535849,2
9.158303499836515,3.209425523225308,6.78042811804684,9.798026840345734,3.3917078656091313,2.586058640141918,1
6.662266760018788,7.822994510334963,0.5251888944392529,2.9981013659027975,7.686907217872369,3.237295819969304,2
6.437793682819486,9.306542225291523,1.7394181449363626,0.5927657819259742,0.2674430477227516,9.931077691402198,0
8.758603402237924,6.049347670316666,3.0859017676229983,1.4491209464667723,0.5218221093124216,8.439675354554161,0
6.554950318161291,2.789424710335865,2.7223069247507397,0.6838835727046435,6.031592017215807,9.315064616328623,3
7.747762715299565,0.5025080334946823,0.2542082647441877,1.8798293354691582,7.925395044278742,7.569718880989237,3
8.494178786786186,8.622371630363084,2.0790479582898698,0.3520583999851028,7.596153098078535,0.8424848469165407,2
9.457247587360229,3.0671310286126188,7.3903155360602355,6.56331615234793,3.780457714531547,1.1387382730068056,1
7.134101645711706,1.190136593263698,7.457280849949901,8.210109722620745,3.0667401849544467,1.1969745759913697,1
9.086287709186696,3.7546304054323563,0.5160309429013368,2.1191565213573367,6.096706986539305,7.258199248157451,3
6.286746113481022,7.646452299224499,0.263387610207348,1.1639295827637692,0.8057614040062449,9.206465643703037,0
6.350597518212127,2.407300619839716,1.1069444829034438,1.9105022170537613,6.967953306334089,8.76776528802689,3
7.550332921629915,1.9731036356325582,8.812087979205039,8.186282225264303,2.01045194910481,2.7223929125999295,1
6.244606783347966,2.8210717916664194,3.449861368957244,1.1049970157575046,8.220554886717629,9.513684488628725,3
8.99834554485242,3.5208422545546862,1.9705297223383953,1.5478764427674014,9.247581146349848,7.037547928165015,3
7.87570871424409,6.577514356163913,3.668994283209047,2.886326355753254,7.803311431009176,2.964871157731448,2
6.421368010252013,1.8483793334573506,9.38701441331425,8.83162839724896,3.0797988361220496,1.7054606522222895,1
7.005140672889576,6.809868725308042,0.2826872361794823,2.3351739240908485,8.925468249906071,1.5110503165054054,2
7.754934824950197,2.902846635482826,6.61573788311188,8.633383096634255,1.715791952319969,2.1557662730647107,1
6.611922095248421,2.599134325210083,0.02892417814863535,1.8362039220429467,9.056219841713443,7.513188321906901,3
8.140146010258935,6.068837399415358,2.5676088124630647,2.2912460142532467,8.949885672245586,3.431601583392784,2
9.75927528434052,1.8863211218558198,3.1300952499865238,2.195290470630674,9.501954707533393,6.943548120863588,3
6.2944624644879426,0.3092634839626398,3.4660648733914905,1.9025889869158514,7.235806014747309,6.831071955418266,3
7.061032625367718,8.341912016345095,0.7545724115183687,0.9730224493844015,1.7040419480540718,9.399485502322317,0
6.2443833869392416,9.924186862208863,3.3490165164510204,0.6956791890209719,8.475612865416124,2.7646677238212565,2
7.540990499797992,9.046130313711053,3.9041118856689567,3.9957220555317368,8.732095701215442,3.8803602597591884,2
7.572889232296061,1.4920978628175212,7.227134717476271,6.42020214725013,2.8793596280692784,2.8325687747235526,1
7.557506915131156,0.028924334482400837,7.090574250182792,8.332620892581515,3.3029286506785773,3.1622404094570773,1
7.417677178003485,6.540339520822709,0.4426154937075939,2.546613355401561,6.052499841902888,3.458432193263506,2
9.130964261192322,7.682774964208777,0.12134001322217758,2.793740007294242,3.919775481214984,8.79151684147528,0
6.643531262769337,1.8613296293762676,2.595940508951911,2.0445019312242043,8.039145801492868,6.872418215565459,3
6.073023835882962,2.2365351767711963,8.924385527666622,6.160259321591289,1.754369676140882,0.3384883353017236,1
6.052421788693241,3.679714926175993,3.524298537675966,2.2711295440445722,9.911734349370192,8.538792083150174,3
7.874915525391878,7.495261590431415,2.707007487061158,2.414961023312985,9.241391875999172,1.3544092981897546,2
9.037927336084945,8.736350378877523,2.5848586674174365,0.3527274680977128,6.696749938963581,2.5851736806102785,2
7.920701522929702,1.5106546066497888,0.9787224076396637,3.9372849955855793,7.837926600898105,9.15276741222851,3
9.914581221263756,6.275570718661614,3.4722716588305462,1.9196427965263845,3.0175170564172307,8.652904832761392,0
7.692517629349201,9.267872037642903,1.1878033183206749,0.6723600783445978,7.187044457842786,0.3688115516700212,2
9.57113696584213,1.4478100825144375,3.53545403094942,2.5816590942404285,9.36544052985527,7.2271645624640035,3
9.182238767107517,1.8591930396077228,3.8893760790834806,0.13549618096774907,7.300604188881501,7.383659744716413,3
6.827518420714296,3.8072425385913626,1.878668377704995,0.9436055783568817,8.395159589861056,9.25521001838771,3
7.083533209658343,9.229467668339812,0.6346987637797681,0.8496220767867619,7.021216484562876,3.9203865348792397,2
9.845751131926093,3.971555181029633,3.786361855810991,1.8587805518218614,7.811181826583489,8.099519742931092,3
9.45754278471218,9.719215182281491,3.2471666074305254,3.22864514471614,8.209359255407966,0.5398162745678174,2
6.198637805781702,1.3305855746863071,1.6381669005863415,1.7106016539722186,6.754814956134382,7.9472379814232745,3
8.802048000394974,8.95256877288157,2.8848600770509036,1.6047796909131482,8.936455838450915,1.8350020187388867,2
9.442677062084721,3.4149646017599222,6.317503340724421,8.480163857262907,1.5939496726320619,0.16755709649958117,1
8.839755705577343,9.572598246335021,2.2882793181648293,0.8311702845126829,2.9210620953528337,8.36432699402108,0
7.1272433379779,8.996280396851517,0.7080068994011541,0.2997412590436035,6.27832306421875,2.6299622964976224,2
8.290492748782816,2.230647496586636,8.789134440738815,9.172160596287242,3.0207373317960995,2.943604874592229,1
7.681541541082142,2.9806615940298915,2.5930874904757464,1.6451012712540143,9.162412792309699,8.95291314592117,3
9.953563713632825,2.108913068543523,0.7233790370122364,0.7999307024692612,7.639294091484595,9.231420465657994,3
9.94044885586975,9.420266606573936,3.6862673192596387,0.8848684467976797,0.687388281778992,8.739859533799365,0
7.850651556501502,3.2491582971317374,0.5650575030208005,3.4808522477305726,9.75856653166408,9.882120883470586,3
9.935921591862751,6.921586466902969,2.06636589462543,2.5245351585641234,9.0699622434488,1.328044605977985,2
9.217481278174407,7.725872450811572,2.7126450871864116,1.90262564146229,3.362271869236028,8.29878543648161,0
8.641943516192686,6.320097155269352,1.896844765697797,3.12396114328353,1.6445018882779059,6.305002530113463,0
7.04825683537562,3.9756188053659867,1.2928176697446578,2.166145009203385,9.574667189473146,9.867994540151125,3
8.956689186791493,1.770536792534009,6.752735102839949,6.1503348673248635,3.874824076224218,0.6296494800376045,1
7.6159271957426355,6.304414398649105,0.3338954340254574,3.2127839573218746,1.8676179876911343,9.503763855450838,0
7.036088118181121,6.3657618588724,2.6925601934401833,1.463105177229124,8.888654921268873,3.4955065431574925,2
8.819681486960416,6.141897294858972,3.616164921637697,0.7559583410776485,7.97507468806099,1.1002652004560027,2
8.17787243655826,6.754784220841667,0.006734090130174675,3.4784669328351296,0.38882299899534356,8.927767974603112,0
6.498485129077548,9.988716422244355,3.0328018997736206,1.399968617381604,9.693206829078294,3.313853802637302,2
8.949060568035373,1.791832911332636,8.605219614793668,7.333173787573259,3.810479740534727,1.4549703030955166,1
7.555116266876054,9.713841603807298,3.1294984549359115,3.752455865814032,0.8046134086509937,6.9079911725533805,0
7.555770658414842,2.3991576389196787,7.107990391922608,6.8063145356865284,0.3998678390723538,3.449340574428469,1
6.464033152485092,0.40130992594965065,8.286598294920744,8.454604279173298,1.3443126044695406,2.0886612073237374,1
8.609246208311674,2.038764064127215,9.400450667760794,7.72957101789346,1.7467925119163223,3.4766297829417128,1
6.024136117354491,1.9712217436170025,2.4799579001319323,1.6888373045817588,8.201867337713171,8.846071114491174,3
7.043314246351558,2.3647166500758234,8.852660894131667,6.3612764907695425,0.5066662446656833,1.8627521386850274,1
9.646617912742759,8.581858630202538,3.7222620376279605,3.369919268953307,8.500701799538707,1.0422198571698735,2
6.934916768399342,1.7078210169177548,8.425938906505827,9.533549797687467,1.3722024037705496,2.5726736110669965,1
6.624688909088665,0.6347170742046933,8.884243162422457,8.597077004329101,0.36521119905441823,1.0229661406208521,1
7.125594819639561,2.4731193370762328,9.475427154073058,9.06425030907594,0.9207872435734505,1.2657535095358874,1
6.558835520354988,6.6930863425245395,1.3537881542757066,3.488467328551438,6.090961218688893,2.653694004559235,2
9.280219996747103,3.1715862673881725,8.233382277639835,9.08817750170277,1.6086261276091203,0.21889108571241112,1
8.86323415841752,6.491696705382335,3.225566584131209,0.768259212189716,0.12334139137038314,6.05729371171874,0
9.213729435227934,9.04567637685038,2.5094197763067028,1.585547665383542,2.7323132744346386,7.9084759243768445,0
8.852678942878947,6.703686319691544,2.698590573744447,3.9617452481078854,1.2107952833497504,6.789980433344158,0
9.089424818147984,8.002579403009772,2.4810445633123686,1.5612839728396803,0.4441306196681163,8.814487141426417,0
7.7309457701400515,3.8589739075029295,8.44742731319553,7.707147149816126,0.5934960605223707,2.6105558933962616,1
7.863387504936789,9.794696779711563,0.2810906401833866,0.42699333772345716,2.703849575679242,8.242385780289741,0
8.81465526891387,0.7343507070480726,9.705196821564005,7.737999654134126,1.2842521197530679,3.6530444858924205,1
8.336224521445548,9.16988234620637,1.5249122963970252,3.019872847634304,3.8460185387444126,8.587973738845855,0
7.812592609266314,7.03143027078582,1.6535202221286625,3.5206744733065216,8.506949280405516,1.1376703983238974,2
6.775197966853205,1.3234649340817288,0.7623965744440442,2.7148154584381614,9.527758570615545,9.25626094958076,3
7.159878501535566,6.059848312700794,0.026135226427338676,1.9374370488381922,9.129217809778561,2.987722142585082,2
8.555203558124438,2.28437983261093,7.191440061140991,9.108700876742468,2.7332331395633878,0.015066401779263217,1
7.462357756128963,1.3702105359081145,1.7387438379034306,0.5068055188187359,6.60598967936294,8.548166638993067,3
8.89556740840397,8.735599363246488,2.1471812746731316,1.9190234678898173,3.534805981556898,7.5551175980386756,0
6.180824577822805,9.521790877467744,0.8869038871654271,3.560057628334903,8.80834973543993,3.269593003002005,2
8.044607643523365,7.59805452759219,3.8667043217825805,0.3992956040432687,7.556873845054025,1.6886599709884034,2
6.544674229672546,7.862759798140755,2.1971051594412776,3.1198039916116755,9.644150764183037,1.367104124659226,2
7.486608861715308,9.883975412169328,0.0525690933347307,1.221667508951099,2.0315038046659435,7.101847310881812,0
9.564099576262198,2.351799453342986,0.22853314852425832,1.528297830704855,9.677113368621802,8.050911005319412,3
9.049558007844036,7.269728937786542,3.513369008560373,0.10230191099248742,6.688051713868564,3.8270073647832725,2
8.339491604056134,8.446635654431294,2.610855480528984,0.10877207033949077,6.8684500474415024,2.793991849810328,2
8.389783032714487,2.281736664488534,7.778020617382078,6.409633771113077,0.33464098386903185,0.7531979206179589,1
8.878921456558286,6.989855886703667,0.9916602570024908,3.2385841537227082,8.172232635687607,1.3299862509485587,2
8.354745939056256,9.75288696035141,2.8340944006336803,0.5790634806898449,0.9690055019654289,9.01420181377328,0
6.998815459587192,3.7741327181129636,3.8604958658057806,0.39083218202297143,7.658074235484282,6.531695779241577,3
6.590870051910379,9.092814536097423,2.8376843493240838,0.24463238134820875,0.12299075489788214,7.142800190832769,0
9.1532963532289,9.564237099718927,1.9734137838325658,2.84080762439398,7.577617325973796,1.1552987294123587,2
7.4255189716643395,0.26079854657430657,7.480569730850233,8.470741783569995,0.5846257928863077,3.94092349771423,1
6.56845421688133,6.462153694350469,2.401659296135225,1.4668542581807489,1.7870525150422591,7.344044975572123,0
9.154741708233445,1.2466060506111774,7.969099341431982,7.653126469907677,2.831835214228332,1.6516011503204373,1
6.5123567566953575,3.5309598165608946,1.3518737741493405,3.7971836778639805,7.885092571044748,7.6735831186744665,3
9.657024390219128,9.41795905885541,2.442592499303951,2.529471816688,3.7003470544599164,8.604997053860686,0
9.821571331508245,0.4879288177647991,6.793720894378093,7.354805609465746,1.0708994446811495,3.126724100071878,1
8.698179862969395,3.0860877398809112,3.447876753918789,2.4361374562284186,6.945875055205121,8.396108027939423,3
9.849515263074219,1.1624533588285684,2.2587196413694453,0.5156067683419692,7.6469755218582645,8.587615255875285,3
8.340229547420329,6.262023975464468,2.589519999105487,2.2688031703014238,7.563173595585462,1.0061414774665214,2
8.577472148126818,2.084196219016878,1.2376307588862416,1.6466930309971133,8.647000182940204,7.3241667645073685,3
9.968599535108236,3.9380073016296975,2.197536756988891,2.2288469893274745,9.349773909307828,7.96242222619298,3
7.277862889746145,2.9157063082884243,0.41942222669092555,1.0952845926054513,7.29385917387933,8.473358416259781,3
9.958344156352483,7.66862702368887,1.7077325737146642,2.222519684714636,3.8927216785367302,6.6453093280787146,0
6.016008107941605,8.601708308505097,1.265533700058974,1.4171976374717223,3.8492344515327623,6.548403527631838,0
6.39481059448439,9.9414372037668,2.9691063987899504,1.438666683767102,9.702138130237897,1.3901505355162875,2
6.052451270301682,1.2857110797740012,8.613751047798932,9.156970015433743,0.9895469641117072,3.7376792319492522,1
7.557947917949539,8.817083651762587,1.6815537372920346,1.2976111315242678,9.706708176416397,2.548431111334355,2
8.689972086361212,1.3460685215641934,0.7825323470550405,1.7657082113500575,7.032062510332678,9.813290742331606,3
7.974194644844338,7.5338289022480245,0.7980857005934898,3.719307973530626,7.506361001343259,3.1498441572542517,2
6.7071017758273435,8.741401643829267,3.525267245238897,0.1570637846093308,7.673777636085391,2.381015665537287,2
7.497067848663162,1.2787872385823267,0.9557283590131003,0.13004809797373795,7.963571774419606,6.796518040994474,3
7.4574742222465575,1.6107878973172123,6.148098925948171,6.658718315265464,3.417476263438701,3.7893972518883223,1
7.493813515287673,0.8812686287847997,6.872783518214687,7.699872237281383,1.687414180199085,2.29695594916497,1
7.995225451813152,0.472965781226824,3.628482923783818,1.2974538773332358,7.793636576260438,9.511356031107542,3
8.659202955013924,6.611458315925912,1.4508062121492165,0.5186797068829243,2.5281087769611164,6.8069194792210945,0
9.645706018384896,2.7076253357430122,2.3581769645771993,2.8758990148177603,8.294377089151105,7.0243602839199735,3
7.441435850711214,9.171232274963774,0.6507802851422073,3.2414256235795342,2.2862104028099166,9.938184532252816,0
7.876117866491798,7.934966874004161,3.660237646382367,0.5819223954022759,8.925199198477586,1.2818032557143542,2
9.907266507069307,0.11993785280529412,6.858246564829712,7.19957755205016,1.2846391119843,2.611645457940302,1
8.688445366700304,6.28270856567174,0.6073986129669451,2.415369843002175,6.496289133335245,2.9627029093742276,2
6.000054953808494,0.6620692902336489,8.131992533210617,7.342440462560182,1.9682582834520796,2.015556458238447,1
8.842770778277313,2.4719096191700918,3.092682853124571,1.9915371132184077,9.15476132273449,6.775976256673328,3
6.3101620309781605,8.000963775653098,2.105527675033706,3.9133282653194117,8.342446815360777,2.8475714429836407,2
9.5037733717679,9.581027580583221,0.9140273706623616,2.234311262720838,9.102934722799388,3.661037294059209,2
8.027449284051535,0.5357701945156426,3.286239039252644,2.962872048517404,6.235580951129235,7.597939346602755,3
6.091376443407761,6.573498296211119,2.314070783377603,3.1730975081573702,9.511028648129468,2.9891715352056423,2
7.097024842225501,1.542413436667128,0.07529825763802744,2.227339604331825,9.273546441136057,7.593373827366343,3
8.003291887267082,9.088448203553712,2.2652079870808515,0.6533682038096162,0.7112613707001443,7.3029711854991755,0
9.68499156053203,6.939116438970195,2.4415140371137296,0.3507670928121924,0.17251167472417306,7.327010388461705,0
6.323439905219034,1.0442699335686907,9.283989959149519,9.109213942203496,2.2369493780616607,3.8267310807907906,1
7.1080149349379695,6.16679097151637,0.45621734640384837,2.7579122203550024,6.365325514537981,2.2857709126207544,2
7.696443388362661,0.9104050806176098,2.8887057172602932,3.5490647445874277,9.208156000355078,8.986432959446056,3
6.111603909788791,6.042879580215336,3.602030965049517,1.6609917791855162,3.9554076067806063,8.90770885736704,0
9.550098632242081,3.0399737521361305,7.2098755512015185,7.872360475988192,0.011120275985764483,0.6067973316220923,1
7.378826109081251,7.845141564913717,0.6108505472393464,3.3763713923735703,6.259880728532275,3.554383701724587,2
6.21960548679019,6.346062552671436,1.818301955396075,0.047015696530503526,6.168232399930178,2.6199258646009174,2
9.252335957502174,8.307652077918569,1.6037703600749835,3.4337353043270915,0.3118378559945896,9.896155101821531,0
9.21427997541374,6.054706903243544,0.14237840667116064,1.8675994228104265,7.108268041990574,2.326693769442211,2
6.339313860754558,3.477370194151768,9.357951531275983,6.030104662628018,1.7767058450851376,2.683962464794308,1
7.081620504386472,6.885227403555878,2.3148044433201207,3.2445690315398914,1.8813763006232334,6.601585480478255,0
7.513265607125517,6.4147597159893355,2.5419807465562023,1.2238691239772432,8.445368663864368,3.2103134061352967,2
9.110692916974509,2.3554365863214146,9.777086816860754,9.167434494604324,1.2481903372834382,1.0300152550213038,1
6.2719345323063695,8.323429066479466,3.3055841291154446,1.1691595149437344,8.512956630736143,0.703997463625254,2
6.938154597038468,3.0333520880601283,3.978396744632531,0.4720282623389891,6.171263226407399,9.809305673525202,3
6.2757234213426,1.6747752068522361,1.2669246701765111,3.782274859953543,9.21666277634,6.693227992409947,3
7.8023374497771645,0.5883421110791618,2.1222200755349565,0.9799455427468571,6.713279054481021,8.84090950791365,3
8.137017364548674,8.681863968584173,3.8575962059464843,3.758253319859546,2.0352449965601505,8.256178553046038,0
9.543695831541386,7.678241180070263,2.101876220896839,3.337885089246923,1.8783057688442817,8.98347046444609,0
6.093863676140107,3.3954134214437475,2.9797989140481267,2.394496899617578,8.42929963918236,9.183316096420992,3
6.831195347323526,2.6922728618971523,3.0941348710016183,0.4948930753565528,7.075285299428298,6.681283366157104,3
8.194427498227503,0.5219912648688645,7.3946154720743245,9.54794958825754,3.5916516220222032,2.1985529157755876,1
7.3346710728056,3.2303474542367527,1.5819032968733402,0.2941972622202367,8.515951886421096,8.34482597815505,3
6.260096358490715,3.4851191204918774,0.019099599768718445,0.8060605488112658,9.111669940075181,9.019611786999384,3
8.791043861810689,3.0731494628197042,7.818585844604378,8.215412314830422,0.30060843586919894,1.0103625823397753,1
8.505796561396217,7.327552441464111,2.8430691842370934,3.6733067155187715,7.717522298161208,0.4810456527769933,2
6.848004596756014,1.8411491232641453,6.117706020657881,6.10215321928972,2.212904741392377,2.265194278498757,1
9.114688451330778,2.0386687746573613,6.891340409452036,8.035578875959292,0.05716924618414465,3.1223153440566005,1
7.780301911791321,0.5324357706211384,7.816494433536274,9.71229309485955,0.5805391240049502,2.879841758042506,1
9.281176069790416,0.4652970169347661,8.762043182324492,7.271506548907277,3.278129161559693,2.2937406351370733,1
6.303765482192988,6.271989747903861,1.090695996315461,3.293303687242116,0.9025182976386525,6.969799866806604,0
7.484220793514432,3.4860227032907494,1.4889440923227855,3.9062303929316844,6.823178153616745,8.004750594360743,3
6.45473520934055,0.7806668878512228,6.951553394965369,9.729046641345342,3.0902312804369982,3.575968479260304,1
6.977287480659232,2.2098570832370887,7.161951910805379,9.728711694100237,3.712534261203289,3.4492945720265613,1
8.502507738694277,9.623858574965833,2.752582133991405,1.7194489079625517,7.48353417861922,0.2792430553152738,2
8.94675090301198,9.934963765843358,3.216774702277365,0.7995140834118337,2.949306478953608,7.696158850835121,0
9.640817754406582,0.3000752107655269,8.436219519952843,7.359603469638516,0.22935957657294637,1.9734635507359846,1
9.831514234766065,8.798074948389063,0.23253959924724876,3.1759277990636465,6.4069095581124476,2.144691621080768,2
8.996743640765992,0.15639935647855197,2.1085857174516516,1.3095934234421933,8.719234126535722,6.963744782577981,3
7.41638468557243,6.627514070233987,0.5237862259021493,0.14658294869833766,3.606363822784967,6.272371286793213,0
6.202449841779162,3.1635098302018756,3.957437240022697,0.9539935557825947,6.800429160198865,6.8318670650208,3
7.435500467958884,9.96342316789506,0.069766429928253,0.06758113098730378,6.918936200215953,3.173826620185648,2
9.862327681657721,6.984344606586404,2.136207686908771,2.212956485082319,3.445612890517107,7.110560328967331,0
7.440736170653816,3.3413230927907676,7.999155113968209,8.739915616438308,3.9191481846003944,3.0704607233276273,1
8.194747516555948,0.6957931978453114,1.6509390665320933,0.5801926579036829,7.47377914867639,9.816350478468559,3
7.845744918519831,2.791568153068418,3.668578261188448,2.932219346292565,7.3969559823872295,8.994676235155715,3
9.594291560331136,7.593985833530969,0.8487986366891533,2.4901042002369724,8.550687530710118,1.4217430507583697,2
6.475629783112816,0.25752171283912784,7.807614722130046,8.952766724040288,1.7425876575298171,1.4610410363041724,1
6.009192578223608,2.578707845891745,6.299249791146968,7.1991194122987405,3.895801958492374,0.962172660181797,1
8.687868220724663,3.4688896734073498,8.780959199487278,9.918478372785543,2.3629143691055745,1.0770889681798828,1
9.623340042470709,3.9974599436047886,3.60632149550175,2.543210531192737,6.433684112795904,7.990654192779519,3
9.26211832378649,9.309103906319512,3.807161128285636,3.9916566689381323,8.878066706907429,3.513198509167674,2
7.783684626886371,7.526083396677011,3.064637901756241,1.2504958651795062,2.5375416817566694,8.054055388954673,0
8.411512582007326,8.504511857671178,1.5110957373936715,2.262042282404643,7.053584607093753,1.805570479728054,2
9.38020570238669,3.3143128354824376,9.387944669598918,9.177607676928499,0.24662222186606186,1.9868909487167339,1
6.363498895089526,7.607830637622547,1.8834632657616175,2.5766210520561432,3.3927950069605854,8.236137637906362,0
7.211398987592647,7.03130385885811,0.08226905917749061,2.40012506174422,9.855445805579013,1.563160586330239,2
7.609040351304066,6.1020057375654115,1.2383728051572471,3.051654575910184,9.075597189353779,1.7287939905534633,2
9.210608394638802,2.932967959841131,2.436734424358834,0.9573727282056641,6.001533251230985,9.683315753278444,3
8.541102686305166,1.16509320377952,8.261437089114347,9.642736174987444,1.0505067885119148,3.664387538302046,1
8.895400898791415,0.4319561828108047,0.08994814865515055,1.1084007710006976,6.856104859689111,8.299228898398365,3
8.51523478742179,3.3943718257555062,1.2065506197379179,2.8138255079694967,7.83072902842124,6.063689609641333,3
6.151996207374102,9.833190825077924,3.0702507602266373,3.5725171338404227,7.254608138086983,2.762382857169056,2
6.028137631787847,6.010257499749024,3.4133437346713253,1.4884247275943645,9.057852511374913,0.8237749123689357,2
8.563829488038579,0.8187829143381808,8.088707190356011,7.98801399083092,2.363363675799891,1.3817173311622972,1
9.833739422985943,3.069316984031969,2.6223998665374286,1.5970730688280588,9.418485563425385,8.22378118175293,3
6.524322231260422,8.828620778200497,2.6804920560776333,3.664763958854154,1.675695543256,7.803364384054925,0
8.504134619359794,8.310992954404284,3.4649357430907735,1.4566024754336966,7.771389554907842,0.13932388727596168,2
7.531254719333338,2.9713132907643094,3.0342336999299286,2.972328904644407,8.393069481504856,9.065226114728105,3
6.366232786007885,9.411520372256858,0.2145768550350735,3.672775787273074,6.1814824137192055,1.2302474827118202,2
8.195306252523194,9.671175216734506,0.17335997653703128,3.5870888782577453,7.895588932608119,1.214708699410029,2
7.64225415030336,9.232578830920959,0.8038953737086283,2.499376468933886,1.9854238691903787,9.964737800788182,0
7.876688733240698,3.9927917355502593,0.10423535188742505,3.928011982494027,9.317292436110877,8.35850519101795,3
9.349436277736237,1.4929043721107638,8.628572249245316,8.346726150670753,1.891592422030934,3.933548306425621,1
7.252984447496553,1.964443761332289,7.573744204458782,8.67669962283794,1.055500270610016,2.8810539561727677,1
7.767315116252005,9.282492089830393,2.5863748483644398,1.8538102734827655,7.7412249142100045,2.9323013472833934,2
9.796042101385934,2.525624609717432,8.870943764775358,7.442664326018298,3.385934159372997,2.8525891057828847,1
6.686132715695788,3.2672209188884946,8.60660606421048,8.298807949922699,2.387751487046636,1.6968383550671784,1
9.052210136528092,3.224172086402281,0.028001957147754553,2.9692335635453375,6.953104394411852,9.387078779785789,3
9.698995341930898,8.934694575890441,2.337282247554919,3.7632724669097053,0.7570058471604546,9.056971015033655,0
8.708966031629059,6.062980675156547,1.1436198657330414,2.041869426185383,6.047330105312435,1.3513903349590417,2
6.672670270123641,7.41842916645862,1.2120535712389109,1.5455401911804687,0.7374209087404275,6.7405972735604935,0
8.15421850143333,7.109038236164553,2.162986852354047,2.5480405817123657,8.82800674736769,1.5201516465155063,2
6.55214153842474,9.822460106375988,2.760782563219328,0.8341302831444954,3.553410573660011,9.364867134050792,0
8.648701621441239,0.05501400133770673,6.234909822751247,7.8484605950942985,2.8331875251588303,1.1369588435245577,1
8.909311269436635,3.1982407811944813,9.45925438139837,9.291849207225091,1.3339470635674986,1.1220662686210088,1
6.064773167665971,1.0246545858413123,1.4449707086417907,1.1578783692660304,8.2536016741326,9.95889203505535,3
9.667015804002034,1.0168977620053647,9.862290474866622,6.513347485121862,1.2017903991661743,0.1635699109220652,1
6.5794448341497205,6.4257620845828995,0.11886164636185059,2.6903686633685244,9.89090180730263,1.877172245838178,2
8.791779156779596,9.779567733073634,0.911384451629345,1.3235321205425281,6.183694538015399,0.2931472339913763,2
7.308700568983955,8.20960461674598,2.734462550853179,1.393965513804289,8.36439290826154,1.3681131889333251,2
7.138095824111906,1.337168889521247,0.7260561823514018,0.0910950286745793,7.750626794109276,8.313648002497173,3
9.389100442283592,8.282359490843847,1.8302547463377978,2.2060550541676154,3.1807214032084254,7.526949412507957,0
7.2247658155438135,3.221114339628541,9.59247173902116,6.400357732545729,1.0449621774696505,2.736087663913354,1
6.645366994449332,0.8774261390006117,3.3176325406229044,3.132874495217862,9.195425444578726,7.91171489671922,3
6.297385953853537,2.3093406518958774,0.7972846706189824,0.11556222230134372,8.35798519924248,6.036871595989407,3
7.09956886313282,8.827950029804628,1.6850705145352776,2.807670246517977,1.838776393998193,9.023387576369696,0
6.363219967746358,3.6126251278083235,6.795818238745335,7.136234477244515,0.3126696888232252,0.10487052392852947,1
9.288885242521221,6.646891772594911,2.046446130824715,3.5758117341350317,9.689734855786611,1.303124724028768,2
9.00682592203096,3.8486755008228957,2.287662688440713,1.8596933691939679,8.8860255588306,7.000034872095112,3
6.475525354719029,2.4185363816352763,9.4698751907244,7.416371541016188,0.9260133975206268,0.910637218573207,1
7.3872146324634365,1.1861765432814702,3.049662441083635,2.0135250163173493,9.687192424609764,7.646902121656467,3
6.558931342189579,1.5581165257161023,2.756236157761682,0.5507909176463954,7.670449690948618,8.296088929101595,3
7.239251494514278,7.179965876193756,0.5084906578896389,2.387102298248218,0.8964083887819045,7.8544180785280755,0
6.677834823877745,9.854304947961499,2.4184308993459798,3.6346774188327378,1.5843374395246368,7.632493768744722,0
6.543852916523186,8.85345763780163,3.350471992477146,3.372410204608458,6.547866997297514,3.9198618995079544,2
8.328076850462013,9.346921375761292,2.3353367611877323,1.6920742178043637,6.8262614751279855,3.988911546402523,2
9.537620037224475,8.378462907232699,3.9035495880955127,2.453636620673953,0.5045549330431998,6.525790366820885,0
9.246738583006412,8.041753883851902,3.860137967581827,3.974037347106377,0.09392166338814967,7.369007005381295,0
9.770346397913475,9.755022878385066,2.1700879151527412,0.35685163588727287,9.431042466123913,2.620084939417835,2
6.224228123724726,1.9874365476089704,0.23972555619728197,2.099496174471906,6.117236304315061,7.427981555101061,3
6.869438898738647,3.083097110360354,0.02422353598423399,1.7092622843281355,7.87127655839852,7.501524792253415,3
7.11815851318627,3.093395951780374,8.149504353531967,8.710488865107417,1.9360242104097298,2.1899391615755484,1
7.792597455876752,7.914872290602078,0.5027627446009437,2.133129497502842,8.211133412250906,3.05282508192082,2
9.707021158790024,9.380369353654551,2.6390903974098667,0.5232358111259208,9.778901126677699,0.8147550287803149,2
6.091789456833549,3.016408417992253,2.556793908667604,0.17282294367718354,6.175244032318984,9.865275194413622,3
6.793801440179035,6.673473756006386,2.3451389114495056,3.7430178886741676,9.219344709482797,1.9734434689811073,2
9.457059547713543,2.090122027681031,1.7086304818385454,1.5302007016117702,9.642209804362073,8.174076958571085,3
9.940131920856198,8.377359278873499,2.7828553836119676,3.4094927240896067,3.7543943001656293,6.4007032434593825,0
9.315074560243307,1.020465159708749,2.796391957466766,2.3652042796282027,6.95168238862317,7.500243779614557,3
8.149631565485468,6.093974282732475,3.765267688585674,2.580250053504468,7.573077966644132,3.0188689360186025,2
8.5005390863427,7.14965975118784,1.405949542233183,3.31908561028392,8.509182284659175,0.6818815407446208,2
9.63059089774746,9.327628068108018,2.908213982372814,3.9203137614437176,7.516842252105185,3.3796140077728656,2
7.345246144637238,2.461865143805798,3.4065532259282594,0.46637162981719316,8.704767011111993,9.608625407296833,3
9.788095991925251,8.00267724509244,3.584655139038127,2.1243988211797067,6.049655889692074,0.026270561825803007,2
8.525309994719908,3.478085437823014,1.243793030382054,0.6962972277993287,8.6296704615718,9.497208951022081,3
6.426839414141988,1.8063886924239938,0.03063649341194985,0.14229114419759403,6.059389159322883,8.004903444753197,3
6.99399134921961,6.948581009779851,0.024811118077959993,0.09253963383121278,8.472871119725834,2.0200546879264514,2
9.76729509245731,0.2591548381015989,3.4140552695425694,3.1154639720881896,6.447110081698055,8.2212448481596,3
8.253744133590105,9.408467258574,0.6803444856696426,2.9860043501076494,6.251166128302938,3.380522671201656,2
8.158962589747766,8.155364183180613,0.18498345779034553,0.5883688910393245,7.595774537790106,3.6815729851282897,2
7.71646545530098,3.0100980413697584,7.336303019931723,6.606896634006803,1.2780759924131746,2.945590522615505,1
7.866744453114857,6.636634342657215,2.013784626905414,2.8851332473932674,7.925234058998548,0.15511656922389472,2
9.53453925619385,3.7262189321109935,1.308858678855139,1.7961707127323332,9.938571366419634,6.290873327494302,3
7.08783682099481,0.5723728996797064,9.679753116135585,6.385445167396599,3.723305040691032,3.134445407860274,1
8.660261127510486,9.746260318583452,2.1450016530042157,2.539150549496359,7.724548381373808,3.021961156120915,2
8.761327919041236,9.86517107544003,0.28555063366571654,2.8185681267869964,9.760252619476208,1.4937311609793285,2
7.970221056231602,1.5739443105797029,9.397365553016474,9.860096458051508,1.4184351660461485,1.4454930593954862,1
7.815464706521043,7.412005577704953,3.6596659762794173,0.9113723915778831,8.482679158315843,0.7386132622635411,2
6.8011348754143945,6.232538443272281,3.3227458053203422,2.7600406158739497,8.646355653402516,2.7161846509515035,2
7.328951420235416,7.526422067410003,2.2586576456902954,1.0304569736088118,9.800656570400056,1.7556506708717579,2
8.990389566984915,8.297364091966019,1.6640459381307067,2.8118501182947666,7.470886707666011,0.08946872433868647,2
9.526473028321139,6.2804159749482675,3.2842662422778997,1.821549746024262,9.132580898119572,2.43918375137175,2
9.248851985253287,6.2091331669698056,1.4937772977014347,2.24778163988535,0.19450790790812578,6.818193358367511,0
6.300319823113659,6.409444584422458,2.0433831454737263,3.266181362696881,3.9756657208928425,9.307870186123306,0
6.6187086384982905,7.234713401710769,0.2142342868792313,0.41583057314493344,6.714500538674983,2.755016492165897,2
8.485106630418597,8.644917770901408,2.1582460938441317,3.77501792946162,8.012291856378246,3.931313658386613,2
6.1528588108133375,0.8965342873101787,1.5919598333812908,1.231411587334399,9.464016720369507,7.016049082549504,3
9.014311204293561,3.514613071047663,2.4859050701104466,0.3495219971750938,9.46327190536347,9.02582420346901,3
9.736711533026522,3.3274271509776274,0.4616284367075143,1.813470520686344,8.362408779114048,6.9476647511928205,3
9.533211981069122,6.824800482578441,1.3390150216245176,3.1268298955245584,6.8831857034526,1.3373889600778854,2
9.00691585110353,1.516359722541341,1.5678119242790536,1.9536333938614878,9.973739615172708,6.39169721570685,3
9.865648682916554,9.82601998809161,0.6750532744609812,1.4489675580702652,6.5683509694919415,3.7053108191735498,2
6.494655842757259,7.839707324010539,1.9075732789528694,1.8430874026870212,3.4233729545817213,8.491632679422992,0
7.943945327193079,8.859827916739498,3.7593753049342387,2.917001395690035,2.9464091630814115,7.774698735807698,0
9.535932164165311,2.276950004247418,3.618701572669669,3.658548671402417,9.407164563437684,9.683490065117857,3
7.569910227004563,0.15769413408799648,9.931766929137556,6.530366743185009,2.1435077690928424,0.3485757716646187,1
7.501471838441214,2.08572743511994,3.882403087105273,2.581599440939084,8.5479126378021,8.280860424225798,3
9.558500093030572,0.9212499734233175,2.556042130677837,0.4669769973980369,9.823913626869079,8.893741898951454,3
6.477989405702267,8.732982412958565,3.527931856552551,3.595536686535047,8.712732114762984,2.8889549062808677,2
9.013787777817825,2.095833490129835,6.310469264795626,8.286596443446559,0.054211623881967874,2.7337091197164347,1
7.6432362909251,2.5062734549735,0.05982748657227477,3.937397516171281,9.343791819317863,8.872112584786187,3
7.242262184942596,8.0537557267117,2.9908866648336163,3.1592219507962676,7.215006494191909,3.645905774595533,2
9.054256525607535,9.14698225777119,0.7646996847460308,3.7115518583629865,2.6369410287790926,9.058926943900243,0
8.321642531643757,3.5997913008822984,2.784524327733176,1.9893991485496345,7.342857069498907,6.324324422939693,3
7.524496206338002,9.852259644488203,2.4039943167240896,0.21760282263855846,7.707344712937575,2.30719465720535,2
9.285935145155728,1.119307561789976,7.815840758067376,6.533845598007714,2.1034065698109434,1.7510467168288275,1
7.63104737242046,0.17569737355957393,3.81941308718093,3.860955475298761,8.318663967534421,9.652928396675748,3
9.556999442254622,3.1283151529685314,0.44870085507908186,1.0111082991811386,6.95344740446733,9.093302758739958,3
8.023161244035418,1.381025853024989,7.270938781759479,7.418233292021684,3.4670891799834123,3.527792619442408,1
6.598761620226529,0.5776321938889377,7.346043825294558,7.225885391045091,2.3982986678368374,1.9197187906112534,1
8.987315725561706,0.3605418885130849,9.6253721028544,8.189799523989919,1.006704791065268,2.8691141194488625,1
7.193936527286175,7.801447055774656,3.0989700848872443,1.2186364379365227,2.5496926334168544,7.959639774192527,0
6.975904349266619,7.972695146524146,1.727762726904745,3.0640831980926433,6.269033847274617,2.6557864173234527,2
9.500846872278839,6.006909290178483,0.7494888674570084,2.5682627258907607,7.731606632578585,3.85262978247493,2
7.113300740185819,8.733179359300058,0.6423533125222383,3.847474309963782,9.38615696644534,2.691203793347565,2
6.934342394712082,0.6412911775554266,2.5263378066291016,0.7125818808059989,7.453301308139858,6.022265606759382,3
8.22963444793741,9.459747674501424,3.856399760236126,0.05804982321747154,1.6722523428518312,8.762780765293437,0
7.26806682059409,9.37851521861307,0.3727652724967534,1.1410975496602136,3.761859684762796,7.968518353297506,0
9.279511844160503,1.7897568653849438,3.5985517008089434,0.13464026715559285,8.40340157866021,7.200292308841779,3
6.548573058112073,8.592536688167291,1.5785960047606182,2.7612516025206637,1.6546018022149496,8.223243671060661,0
6.364433035689711,0.3604058945834754,6.133057174549299,9.985925634777306,2.7911193481655956,2.0424758272710575,1
7.811545299121791,1.6668237841505715,9.357961204756705,7.183688127124018,3.7192371463567255,3.7289026673640713,1
9.152358207687483,2.0421151793228525,7.317990060188498,8.35718581190406,2.655780930126556,1.6939077660067068,1
7.803392673352887,6.489455286860062,3.5558314543837475,2.072834211524114,2.0332751192166842,9.823168366336562,0
9.696307021854533,9.151022219686205,2.590654972177888,0.7218832076786104,8.284525459614947,1.6487835760755454,2
6.427053762158971,9.773754239319295,3.724575349321881,2.9070565978888134,8.398840900442487,1.0932741123975016,2
9.947854928544741,1.7151000137370076,3.7513668849917567,3.764755403729012,7.095276298174142,9.154351367127896,3
8.518951117475323,9.5492307978936,0.6486081856935813,2.099048344492459,2.1093074764277544,6.75794041483959,0
7.466910659192157,1.4120113281939175,2.902962400302067,3.4578323395505826,8.153980027822055,9.552146486157998,3
8.60766987074718,0.2714412527396335,7.421683447741233,9.94496067616171,1.3277987910802542,2.263463733101329,1
7.649874908853024,6.217106274888962,3.730300132696791,1.9613709706913474,9.53783306458292,1.1173124027322086,2
7.8152503146844445,6.2194400186877825,3.347174535841089,0.046647605527159186,3.2759465680787963,7.264040646296303,0
8.538748582291756,1.942722215207838,9.749022585823475,8.515033223963043,1.3820746634889263,3.8690637743270573,1
6.556254794733258,9.09371615011807,3.7161309111692993,0.9488875056390009,8.555414687667056,2.4114063066827884,2
8.943896030310448,9.513034363175365,2.4146412919585085,2.993368456194881,2.9168979287127907,9.380950681047857,0
7.122929320859117,3.8184089974958355,8.09887422807806,8.236273912918872,0.6937204819773011,2.335795109280864,1
8.324245435982036,8.446548521098471,2.38404784214092,3.084978610611983,7.674602479040162,1.1028909747133548,2
8.593653357763401,3.2826731854111197,2.6558758410044296,0.2687395793015481,6.254420011544794,7.6437264053317175,3
8.6919696633414,8.805198140029166,0.44862631848219436,0.19151422616623304,0.8712845386853858,6.931762708865033,0
8.95703624819289,9.164674589163381,3.36549364010083,3.4218885674424455,8.050564343687851,3.5264814648626017,2
7.137822205943645,3.5373176318430444,3.4010340136193626,3.9858321036402757,9.475154487775306,8.864480905880766,3
8.901875451496194,7.207337680464758,3.3801416793720582,1.737500830922397,7.920789381945876,3.9574059099815497,2
7.464244461325782,8.469001239320963,0.5684345274233151,2.1513986432249,6.901684267407118,2.505369730424266,2
6.969659220464617,2.8762179143071536,7.905457596957271,6.543967415828523,0.2154268472526928,3.6303327441091615,1
9.126899389159556,9.844149683218498,2.694197976934333,1.1231937629897133,8.459549261031349,3.9524665898009794,2
7.727547310069406,0.7790995077655247,3.836258830820553,0.8689565329420081,8.74062110059653,9.161230851384788,3
6.390032592445673,1.2538998685452256,1.7553172355883127,2.445003373486653,6.198117930122075,7.695834556062971,3
7.26165413046092,9.977449442254905,1.2667983477531282,1.260963647018127,2.9329330371250077,8.704311110997333,0
7.026345115599147,7.977268350626614,0.36458012218305713,2.067010724699402,6.7601552845484205,0.3830474202958296,2
7.575217251136184,6.939152207824339,1.6018677161760322,3.7961725639179824,1.491386795038729,6.8531104400911715,0
9.569036374717633,6.895117827832618,3.1190266887755795,3.8774615935047545,8.04691035755456,0.3929094723509756,2
6.8230590746364665,9.946701336707441,0.18635173341874678,1.101087576308165,8.99809903777713,0.08928280400004507,2
6.231024456018819,3.275227251717228,8.409433987824293,7.9168443109463595,0.28037242339751867,1.2338346403170433,1
9.570113443405722,6.930481768360737,1.9054916891404554,2.5083217304884466,7.822364075685304,2.8949775327960143,2
9.804017625655808,8.93306485890595,1.3652490816841838,3.356049423068868,7.029111126219443,2.3810073143609047,2
9.441430306634295,9.953536472821837,0.8569015707081156,3.4443159129719607,0.20474861281960033,7.515386578668737,0
6.189866663431722,2.9616333694871235,1.9867970272579147,3.8271080694277977,8.784784992445125,6.3797290132623115,3
8.6299695865188,9.815959642746389,3.267921462395789,0.9848217358340174,3.1249985686870065,7.1217136665488905,0
9.11143536444471,0.32739867645218146,9.769816822522838,9.425200950251616,2.6798489371829985,2.7264147401467156,1
8.877102635906038,0.14801595704887127,6.433203646312817,6.504552283064818,1.2139401850825697,1.0474792098073542,1
9.943320044965501,6.086445155446977,1.0222350609127218,1.1356278219385412,7.985070332445147,2.3306853965578544,2
8.532094318075298,1.8268422600690601,0.7078135371816971,0.5843308596726735,7.853150864672271,9.13153999908669,3
8.782035019332685,3.438474034655284,0.48335772740101257,3.6002276536955304,6.407224814554229,9.538047962679823,3
8.838142270293623,3.4860290430786947,8.628770704666506,8.117689284076167,2.8210269652273317,2.1992705630438367,1
9.450969445612508,7.755123757984503,1.8238737532507976,1.2035118508068798,6.0164652686801325,1.99384262165557,2
7.506760422446183,8.662977190513,0.9944496258651676,2.5180868120214,8.322678340165366,0.07857401656317942,2
9.576972239919012,3.490583127957818,9.400389750191689,6.004505931280875,0.9725301889206022,3.0152164624990223,1
9.5259467767163,2.148102936834897,2.268516614555638,0.7124457356682954,7.818534348246997,8.95870765351441,3
8.158673683989882,9.975896362550698,2.887145535639932,1.3648384264930349,2.5196583480033605,7.258576329262869,0
7.669511173123823,3.760281155096789,9.913836766981406,7.419749056603758,1.2241217740066,1.6472181708268634,1
7.25295688845017,3.100266294620996,3.8239232982617417,3.9634402548409526,7.852251421813629,8.532602238817729,3
9.959824072857131,6.120777221895983,3.0945303638335466,1.6549994368620102,2.700480115887932,8.626635885140505,0
7.580740419828264,6.762381865745555,1.0009918944344154,3.03877176006001,8.70696324155751,2.053312611623404,2
7.565092710735427,2.9088359415038822,1.0590331029198845,2.875026650525509,8.612397986016632,9.071107860976111,3
6.87166832945954,8.138835219554933,3.8764673909392493,3.3277709498551706,6.4150768176885755,3.4827218264945996,2
9.699416569870996,0.3825377611287779,3.116260177393789,0.5192892981025397,7.112018267517443,7.490548871306649,3
6.488295257109946,6.109607094082305,0.510525746109598,3.3312024442386448,0.33281332936772845,9.906592422594269,0
9.655268890638016,9.9359738034575,1.5538470878830801,3.6732763243190427,3.219406660545667,9.14927613868113,0
9.494701349555728,7.745949038821941,0.22840793956884742,3.6468054251153426,9.8365023734451,3.4920516548033462,2
8.772990228979701,6.016625610229813,2.875076056295978,2.5225890938974884,6.232801966209287,2.268753437350503,2
6.760279495239389,1.147220145311731,9.402671654722027,6.713081936740466,1.1859912738426899,1.9325128566060354,1
6.315830044096135,2.5008958761232485,0.40090244853823265,0.7544515885950709,7.935125270092623,8.939151548621727,3
6.553578095929835,7.894001997905065,0.5889070427775871,0.652112441334948,9.33558244962307,0.05079407799819702,2
7.427534415989712,9.663370404685276,2.6812236358457793,0.6509103742970654,9.610853989424399,1.3358941000603028,2
6.5596819432309115,3.935040216796049,9.726919400019662,6.2594239334485415,2.643882950344865,1.0869992697914101,1
7.505304469912626,2.5002572545096893,0.9851303018420645,3.753267036394295,6.875312709349119,7.768226473352922,3
9.491821103714525,6.911725840135789,1.4946737119053064,0.17223561854277625,1.3228350783675573,9.747206899678249,0
6.190938297800433,0.30081363810320516,9.104396394913067,9.458271094138134,3.3013064011165536,2.98073942907879,1
9.850706756211565,1.9585143434890138,2.341495173029968,2.6666839053506624,9.959231001533697,7.852953598149807,3
7.857036870167921,0.18003649024455637,6.00712941224009,7.5605270058137375,2.236730104226117,3.313318640556406,1
6.527794655252887,7.068644353456419,2.673730152809879,0.5272418274593491,1.2822940673992909,7.58026750390977,0
9.485833425380118,6.414822885792253,0.633573635162239,0.8377019721777113,8.158210346376535,2.278760922205988,2
8.004712095229596,2.56679309699611,8.991704395292858,6.1593906657921655,2.7159194705212726,0.38859860297597715,1
8.304003486873277,2.2436286753524666,3.7942527676986244,2.0698176874589844,8.216957352131889,7.139280014133048,3
6.003368661725865,8.520712306547399,0.1839631007595326,1.8817537863822418,0.8481306146176495,9.564933291401069,0
9.09579670999806,6.225359090934663,1.8718492638422775,0.5672190464517546,8.92836473227591,3.2471424376257763,2
6.082960101419365,6.378662439366708,0.5803836964018436,0.3241272686442307,1.5336342495926587,9.36474799804532,0
9.263190725477026,3.5792511126817486,3.0989974833652694,0.9148249564625242,6.7894978534028425,8.788397957878937,3
6.740903846947976,9.806423608394216,1.7882236772378293,2.864612851348316,0.06905450598685947,9.830446790694694,0
9.681302312699843,1.3776812703217125,9.334099153860276,6.902892660177804,3.158277962608915,1.3721299068131327,1
8.868634017101769,2.564905212848866,2.369314651439824,3.417498947468956,7.346884105258775,7.4862441156062,3
9.53901223735513,6.261994111745468,1.0514355182783515,0.718869148019528,8.800820299063515,0.5568449262669781,2
7.446975290794176,8.844172968693968,1.0626718311828904,3.299714461141018,8.291319358934922,0.2710286021164414,2
6.224720979348781,0.334071758233645,8.055138239252148,7.125025192570428,1.8840814780041764,2.810728007192676,1
9.257534016219655,8.865974740870712,1.7849708699589946,1.0324421643828292,9.434848490971808,0.336754874849829,2
7.76723857461028,9.535046484663935,2.93445589490363,0.09203908943139494,9.962448064653387,1.7115753563228102,2
7.824923044703715,0.8813298097124713,0.0819900564284235,2.97139263039442,9.325534883963769,7.580876743993484,3
8.356023592837248,6.618605181822733,0.719329842724421,1.457391213096689,7.9537546242159465,0.6194120727750123,2
7.080389038053934,0.37317651809199903,6.675160874580708,9.234955632763738,0.040877796924919885,1.2819277505363522,1
8.11743027388751,6.848385603783035,3.891449388205947,0.867709909117373,0.026784391483243297,7.7288336150058345,0
6.9936842433409545,6.149166203545856,3.545846103481261,3.4659023140988428,1.140484635474421,7.686187140836242,0
9.529132221323907,7.711314874366393,2.6163957224058807,2.437827217013871,7.7420764171000584,2.7936593141856623,2
9.846924970361291,9.060172812114736,1.9977219392494918,1.5769987368193057,9.126075847829386,2.111671223820137,2
6.80661545948081,6.4588172458998585,0.7546554829085248,0.7913924983378919,2.77602300869508,8.652565697898376,0
6.858337625124802,2.7912744606124114,1.394770329068714,2.05637270422558,8.573889834939214,8.602542681019349,3
6.227381082150128,9.985055881055931,2.4754351122743357,2.908908773622351,6.787768260397791,3.4722103884575266,2
8.179191169880813,8.231399583063943,2.761948086551658,3.783282473577407,7.685683820529016,3.32529994268599,2
9.210340825081479,3.5905400243080927,7.38937196663292,7.80296428279952,2.5271064085371235,1.9673789128737984,1
8.99463262712096,7.235361736750617,2.247891023304083,2.9620986318585483,1.6806429075880849,9.587784810009724,0
7.029494380055596,7.282093270143784,2.5754378687634216,0.8313849698841809,9.979472431686787,0.23820638037556785,2
8.830953810734062,8.746556994738766,0.762137589280262,3.37286293073729,0.3413019899185752,6.631549897350681,0
6.454764713820991,3.65167562527611,8.02243587688405,9.956337438984837,3.1941069368981743,1.6770339267333223,1
8.069236273241343,3.2871843342329594,1.916429264732182,2.306728892497609,9.288996159898236,8.762973060232413,3
8.309214567951834,7.319976834235373,1.0775564587480693,1.0861095691997473,8.036069891930552,2.8678284093505293,2
8.096508274039707,6.254908447992472,0.6665756504449059,0.671028576053927,7.743386980020691,3.296669037208578,2
7.494217769715869,2.3527916057392475,3.396472450459473,3.4981082322888946,8.169691145592655,8.622080040649754,3
8.236762288442462,1.355792384036957,7.340829413628341,8.420755922657996,2.8296432144347117,1.7528268990243063,1
9.809220620903925,1.4677462821877394,0.9081130248966005,0.4498283877300757,9.163297024689026,6.630977733818925,3
6.972281501720966,8.891209823467998,1.8561578219115273,2.9714108070239305,3.5544103556273416,8.573445280762357,0
9.555350260427115,9.629247047111559,1.7510875978957738,1.63708251491704,2.036783623800526,7.848248039740381,0
6.947981523557187,0.2851979387646275,9.035571361825145,8.864756319795383,2.2497987273447944,3.4380065641210567,1
7.437349271585973,6.875689820314825,1.1332075330127305,1.2529658556470809,6.890313742065507,0.050557106898296844,2
6.628451452817131,0.2840172545582704,8.039849524418576,8.32286421498981,2.3970780846352824,3.9223807530674764,1
8.720858111712584,8.693728765022328,0.2194880771482337,1.5772919285662859,6.2446768567425766,0.6406429357647143,2
9.71706532937269,9.66718102397685,2.163158197823079,1.7030572073949775,8.166198936342003,3.259082810489518,2
8.685958434001712,3.957788490642131,0.30911927866367117,3.071199524333419,6.171560038595819,6.222138308627336,3
9.50527648430215,8.025364393115762,2.7707689333885304,2.62299617917057,0.30378160554339484,6.496338091580881,0
9.584484952416982,1.8829284408273796,0.02584069236402753,2.3963500431850226,6.359454437819225,8.681598523573264,3
9.818586806918251,1.949049202438236,0.2760822713117572,3.2885179310732875,7.014856320690473,7.711582580434614,3
8.081058864142676,0.7396633974343465,0.9129801345897826,2.073412335961883,8.020386468156644,8.644200644366057,3
7.427627980991167,8.326306483959142,2.8916621401439695,2.262330797632445,3.6265974578563487,7.3837854175158455,0
9.196770150092847,7.235759018103819,2.16602551171244,3.861586353083926,1.8404020119356774,7.3922879703524345,0
6.124724147883493,6.815681099947695,3.2061950254587908,0.5728895417423847,9.453171223999998,1.6786320261326817,2
6.065771517542658,6.022636978325087,1.0501739243302013,2.2791696916905297,2.6788799611502543,8.097703814445506,0
8.642311280336946,1.9638485315117657,0.8937830602736256,2.888771141929093,9.039047118984815,9.762888912693022,3
9.470702556713825,7.342542419144615,0.02217533797707638,2.7129342571383703,2.744999761458044,9.185582948217146,0
9.812926101175355,2.767434395771529,0.7833413006256253,0.3628556262607545,7.303930619847453,9.332267872511734,3
6.753973326369528,2.096988100422689,0.25626989025113023,3.8556161412320096,9.263647088033071,9.453214292601965,3
7.41659509858904,3.189833043574674,8.922234307344988,8.589753993142427,2.226659160963303,2.6767652267565554,1
6.472440279531639,1.7433407348976617,2.155024193812384,3.128595176729284,8.817725602092587,6.2489808568722545,3
6.106256608383639,9.65866617809718,3.3918738177725962,3.6712153910537975,0.47865993365263204,7.683068635640479,0
6.674417919380244,8.906875132504304,1.4147052972593892,3.884220460020603,3.4341375678773836,9.34587362757594,0
8.833326449584092,0.631104784820979,0.34159886344431456,2.8491063062567807,6.959056811004307,6.4137573380962865,3
8.15189913258642,0.5183317180424014,6.65223987260628,9.563179612483362,1.4388090107046771,2.9660555410180693,1
7.400650472629099,2.7589203871064343,1.6825228323381611,0.8786496681962195,9.812140919261779,9.630028768672277,3
6.6402781394865045,8.41038050354569,3.4502880396908524,2.726258539294199,0.07354615015387012,8.25166924752062,0
6.0906920174613965,0.4805656463368533,0.8996267436194252,0.7014497891263276,7.365535572357315,9.512461037765657,3
9.158587351905656,8.530451838586526,3.3839211307331003,0.3609467786024916,7.152197026203408,1.7437342378579759,2
6.139337270332745,2.419963199159913,9.646639505245908,9.965661072489688,1.285488352812017,0.3122328575176794,1
9.494140781507921,3.1103525769766187,2.2691788303109175,2.191342462333891,8.238933184606847,8.83261804618343,3
6.888824133259087,8.945811507974213,2.1687984968375305,0.014631472628755748,1.7416285916304242,8.781807343390165,0
6.300185782702286,6.9635646399798325,3.718518339114375,3.584274756612871,2.2071105371724875,8.10953208263124,0
6.149204433886187,0.07043833220589857,7.625341707675261,6.379476581121567,3.0384696507044726,0.609394716032079,1
8.889637251524302,3.669078588257221,9.260207382044694,9.630524436638591,0.6396532911064505,0.8367061700665479,1
7.414422196680004,6.896811143432684,2.5621513540577054,0.561724400778814,7.134951037259372,1.5680934963321103,2
8.38502814544597,8.065534354671883,2.89615814104626,3.2933308731625095,3.0511654635739363,9.243640050322618,0
9.506228966850015,2.331233609710204,6.728554277759816,8.36759114159034,0.6686221257639273,1.2513017547401861,1
6.7973826006502165,0.34002481943764673,8.299709748444753,6.583380735320382,0.48442475238661453,0.7420444052764328,1
8.296333281750762,9.982832397552075,1.6175784329238025,0.462368493191343,3.453552981103903,8.560429029267192,0
7.7033843357617755,0.5626898660617519,3.332697736417819,1.8540952067873864,6.012603031492215,7.962179514740625,3
8.485808010614406,6.216687142328455,1.5917048948889003,1.7411735329643983,9.48043157157875,1.0476951556031526,2
8.47523553687889,2.288036024291293,6.553302652883385,8.229343917723739,3.736327146596796,0.6175093432588046,1
7.225822865895495,0.8114463381075008,0.986566007741629,1.0268808772816267,7.506635893448452,6.493061210833123,3
6.175365421642246,7.045403114593263,3.8410216790449763,0.8046443658016593,7.306728800703373,2.9634058850667118,2
8.230112488842908,7.581420808357624,0.19036087594866746,0.7393354498115796,7.692349647849349,3.924457828266497,2
9.202741745385136,3.076420810336042,8.476441206339004,8.239047462730456,3.6737972732636863,0.42975626261529065,1
8.563350734894065,3.680433664261418,6.237180726413236,8.215594064973866,2.816574927679948,1.9119336480681515,1
9.7568254785465,8.003632341745835,0.7791322330418664,0.03605964834543762,9.305732504253893,1.856139204619462,2
7.725020722805473,1.547917025425651,3.645288280035127,3.2143221722894144,9.889731763365656,7.464647923459606,3
7.779792828205475,3.554672177782976,9.60535170953398,9.16759188145976,3.170051863580573,1.1511880128120309,1
8.565832320537472,7.992503671976795,2.4202606398460125,2.8490060422547625,7.1923735982850445,2.445530454125843,2
9.710636833783548,3.1862453313098924,6.976026174701818,6.123947854809002,0.6442579381291393,2.974207875906714,1
6.105279985417129,8.301524072508395,0.1355884422187703,1.324535191779391,8.37719095542731,1.0966720826268137,2
9.417505023437087,9.222682440471802,2.2083372778799886,1.1800481310086632,6.615776646780475,1.830719052433118,2
9.3068839786306,9.3771174079653,2.277165714024302,3.0016744127747725,8.791549744446009,0.9850377175903877,2
7.274644097476642,1.8677457942115026,0.6957730136507654,2.060969909684191,6.366015796422851,6.681687912832945,3
7.9776007262053,9.387974510370194,1.9942575692383544,1.5939102488245527,0.7850619195804698,6.245158592148478,0
6.572601942248178,7.208988429583584,2.6094095980864176,3.4074745829283595,9.800384647491056,1.527476605392553,2
8.412293745378603,9.45282001848143,3.135147517528906,3.266975520308026,1.4433063065074023,7.336251041577736,0
6.585610057306072,9.796493713065844,0.6860573751598493,1.9307773562182002,3.8050574449115957,8.414950104269098,0
9.67706906170673,6.82621120949269,2.929474576761455,0.8274832212244125,7.2330683218971,1.2051238699117635,2
9.390511561675753,6.881415682484794,1.0753169558524793,0.7070474847505817,0.39514264980481295,6.008994493557152,0
7.812123694580135,2.9985958893352063,3.7338671438135704,2.312195452522026,9.41721717841501,7.11663304316837,3
8.635303909739996,3.2521998088312483,7.977583016667145,8.928377497702769,1.8888628160478333,2.03634820420805,1
8.930357142874406,9.206484077182056,0.4789386938050111,2.568240277090508,1.594194848586803,8.142794208000824,0
9.301979531340862,7.025778886245522,3.3538070893534164,3.1209112638250196,1.480051433435066,6.211430019849299,0
7.1923008737492164,7.317505737239749,0.24407799566728627,1.36140539510032,0.33523560859121115,9.163376034284653,0
9.03958914454401,8.927831878423671,0.6607340535392945,0.556536390650249,6.92500564669664,1.2333172449875907,2
7.282567459979367,0.4670930375823388,9.382016990197135,8.582109006632376,2.9677489864796045,0.6383923368901927,1
8.573103253200383,2.8702379313766793,2.6515364682616336,1.351088934669793,6.300098914750379,6.005840555576483,3
7.164614989200142,7.332775601726391,3.3614192555248708,2.225723877686372,1.221675223841884,8.579491508153378,0
8.525641790218252,9.5355652734499,3.4013099305739307,2.0958973030332895,9.149759046943291,3.5891386107098926,2
6.94980777696391,8.125297420712686,0.2750660206126039,2.558827443781174,2.8754027475017314,6.41162494397404,0
7.752933019409388,8.503143380904714,2.2796926486631253,0.3207712383468122,0.07770519220024763,9.662247824568675,0
8.002421113083878,7.185301958832385,0.8773551374874451,1.9224030420933849,9.481846362544223,2.9306804197395633,2
8.123039927615896,1.7859334363582646,8.362556439964205,9.850214437692525,3.7620983778176815,3.7967352623720063,1
9.044617779369286,9.550611275269375,3.040015587355957,1.7884792101124258,6.327993144712541,2.2071206117409212,2
6.653898830513151,7.6985696514762,0.2868912469682532,1.560747447040781,6.932173127907292,0.14734554882101492,2
6.927463660866209,0.42154534245506925,0.39079414747825014,2.784197600820169,6.705586416524785,7.04334419283575,3
6.789668000052817,7.794169038496813,2.8551733873190615,0.8194398358844355,2.6126511230972778,6.87834938023582,0
9.137917452375673,7.500386143607681,2.009029299756196,0.236265436686232,3.9946957675797155,7.1428513746356295,0
8.78300923346206,9.350053438740808,1.5055234032612224,1.4965794818738956,1.0622825590459852,8.853414065092357,0
8.370326835961304,6.363806583407967,1.7327595438747871,0.22207436133724157,2.5856181022960856,6.421203006971728,0
8.507311652478574,1.110596530504059,9.580492302959588,8.868122396619125,0.5141790478364454,1.7543999372881132,1
6.856084267236121,3.003444451573665,7.751711292327068,9.918008046317851,3.7530044515387404,0.3768277307049246,1
7.516517876675678,6.920602114422829,1.5775777039756305,0.17617302623247966,2.120980079853881,6.8191579264117435,0
8.615909468692795,9.950463524099495,2.2766959446310597,0.562109655550262,3.177099694109655,9.293190932517026,0
6.8550649233506125,8.13922257444974,3.2788488883460514,3.8187916985772747,9.776187803243527,2.5177684038064787,2
9.521483333021859,9.279106846105218,2.934342921180944,2.9234795643866067,7.266421412225752,2.3828823241439427,2
8.148339020597739,3.2407665514357764,3.557225218817408,2.3595574474820507,6.117349675764459,7.60002765947314,3
9.549250797810156,9.082198533629596,1.0347601492829361,2.5463439377502723,1.2338598198298185,7.86302131671594,0
8.641088412702178,3.040067051204331,7.043306391565998,8.981000542553804,1.6489611944994098,0.3858391478610441,1
6.72679210670442,9.130627307765646,2.2113103830438616,0.058879945536355116,2.6810576221915494,8.945103935119002,0
9.98450683294853,1.2455827066963354,0.41780519283468154,3.166786531858876,6.878133425344976,9.223932955811723,3
8.160130040510754,0.06379981124417977,6.852810987996815,7.44205772311751,2.4516715398134212,1.6693568980083908,1
7.9650182175513775,3.815705948776265,7.3250503911839155,9.162417253972345,2.7686386489806294,1.5162572179457956,1
9.883532780189306,0.4369884772103063,6.998535285578527,7.806846419600017,2.885945751940148,3.6856319052389055,1
9.285290466849771,7.143581879710943,2.136172600116821,1.665981128347144,6.124845021872355,3.147897837728582,2
7.306238839350499,0.8528919243534179,2.5501723017319846,3.3979313966714453,9.153117323657483,7.705306131761112,3
8.009629392591053,3.8353284383514046,6.919912374019905,8.718608229230421,2.4206720612371617,3.7203694113087065,1
7.55735077488516,0.29448072963166094,0.14273736736913056,1.672212817771059,6.036481642851159,8.309955244136674,3
9.272377340251165,7.23985156853975,3.597781813198414,0.14467238691782036,2.076257640329563,8.2719605689398,0
8.439112588620041,2.5686438454773306,3.474717042510129,3.568114522486044,7.4575349851890955,8.496817071399338,3
9.473975054733053,1.04240830843763,9.334496521693366,8.443019595594905,3.2807993711338823,1.2012300473889872,1
9.85547536317625,9.104822710774457,1.8173995834373384,0.014976887382200044,8.789519754347365,1.3116487277514328,2
9.322616831400019,7.105784814042517,2.420382138657448,2.531899279084978,2.339821739384886,6.986376611562898,0
9.766021634543813,1.667388204703732,2.2638303141508778,0.3409450324977583,6.500232576250317,9.303307070045083,3
9.536291756233679,2.039682531350845,0.9286209899922406,1.5637755487994043,7.1332407418018615,6.176759895767109,3
9.470136650844996,0.8153995733192283,7.337393379388847,6.521886373973571,2.371781897164569,0.6625263570777999,1
8.791662985448626,8.851089497117744,0.22178845817289128,0.28852453986956483,3.84206502838614,9.145705038040035,0
6.2648540853445684,8.181759861470955,2.6718837369112207,1.584923591057334,1.8347796163126802,7.099996976221705,0
8.695838576859648,8.770560480493792,2.4131829336401927,2.0320657875199153,0.28190854784567776,6.587290186611717,0
6.560226030070686,9.623078182690062,3.4147367912595907,1.0408156660321528,0.694870852416869,7.584602601997274,0
9.769960477992033,7.5432950605197195,3.048358985106832,2.691848693641267,1.067160112796807,7.457453077353203,0
9.90280296131752,2.886626447950585,8.612579959693186,6.244213390829903,2.230104259075549,3.574655185833953,1
9.860976777996575,7.79600652798116,0.866898213813244,0.9607670824108938,9.63782428036437,2.3387909840907266,2
6.1967402974012735,7.547463665622379,3.764935573846728,3.7493503000612236,6.886825870637274,1.4358524785281404,2
8.543254557956603,6.450051123845342,2.2440573236769166,1.1714689339979123,0.4407250986216842,9.289771631789698,0
6.830164376256489,2.7122276670331793,2.3047159588018844,0.8996613721248385,6.432242929460093,8.319624235383271,3
7.175806068715456,8.585287943489321,0.7427126525839145,2.220368938087592,8.652844966109825,3.610881002913232,2
9.278822039301918,2.813416539845705,6.821716043828275,8.882794401259336,2.638453119256244,1.1663451454613485,1
9.462673090988796,3.813771462263288,9.833270062757114,8.359075890672665,2.1966476137645925,3.727990152235027,1
8.571804205721788,3.2336401286717353,3.0207279727470024,3.4791485983815695,7.201993485501347,6.586222562282879,3
7.168241296010067,2.294519044623968,3.4240019723387016,2.8935076213051225,6.194394956601116,7.810136716279258,3
7.54197012399441,0.8194126516577467,3.424730644686174,1.8704272600529155,6.639439211107181,9.656366631731053,3
8.064045627462086,8.435908079034686,0.6568181139252611,3.516012055635394,2.905494841294086,9.653906870621634,0
8.687443026922935,1.5962245111694582,7.529624039165379,7.91146150523239,1.4485184825103485,1.9004643396060343,1
7.12824915999335,9.785963743387242,1.6322523820226382,3.1997975876537113,6.631051187262065,0.01232147215648638,2
7.368136460899494,0.5818640557886066,1.4148074399546147,3.8377834023141317,9.647722480997315,6.6656041104684665,3
6.837470156891861,2.006371520325497,2.0798833471289866,1.5250083890448711,9.027222177442972,7.0371477047174285,3
7.900712635557152,1.1985620480612096,2.6894898914421828,2.7804021843333118,6.552246408586779,8.992375101760715,3
6.9263815422233765,8.861675300481917,0.7315065717321332,1.509953025008544,1.2700549027514132,7.985908663363656,0
9.135271060386588,1.9004857221027067,8.275092293124695,6.810661269649545,0.0444236404518743,1.7596841312244105,1
7.901315506756531,7.085674803500776,3.5143486978487917,2.9811987968557045,8.38202590303771,0.6676882739784533,2
9.575131863631794,6.48998508815504,3.651349188473092,1.4263818414399538,1.68483668495423,9.643745870103873,0
6.823676728522965,6.370675444202083,2.169775101912769,1.5367230203774316,8.588463120302572,2.976055394474247,2
9.569884437344289,1.6252190599217595,0.2843631234881143,3.388477789755694,7.837968225286972,9.479523014916778,3
8.784770395631853,2.830907746681181,1.9548160337966882,0.22205221934858077,6.8311967489311085,7.338112858594546,3
9.984276271481976,8.210956220961057,1.0104548554365236,3.7902115026861516,9.504210651341225,1.7113505358659142,2
7.811057783883653,2.920096041137906,7.0514886353738575,6.539904407348741,0.6516353386147937,1.078095115798447,1
9.661277378351109,3.269616663950014,1.946306848399348,1.4350254406347696,6.2789855156417795,9.721802109700388,3
9.92392012593858,6.072638109135966,1.1582762136211944,0.8432401505794398,9.801223235965603,3.7595975301216025,2
6.914669413323793,8.94454065085188,2.1202784435525364,0.4301925351440623,1.5381544547558814,8.153863781086049,0
6.174398884201508,6.182785361953453,2.178545389087728,0.09747021466808237,9.27701660811784,2.146126183390587,2
9.813373358093159,9.252303433321503,3.141935448469914,2.5963825076058202,9.833742245364268,2.477434375966515,2
6.7967852837055815,9.328018981939703,3.4704375582113145,0.7537008696199652,8.90216793382771,3.057889168299468,2
8.617592151179867,2.2546342215877893,0.7974773461066387,3.938455953417529,6.029903981384775,7.226703005042265,3
8.41300510248495,6.406962579471168,3.8467575773147122,1.9020060271721162,8.468780315805153,2.795403184887828,2
6.112031636831839,6.1370037480100255,2.247264514557949,0.9258690582145759,2.3649741249817846,7.266848798879664,0
7.285300065550824,0.9107143150643457,9.862997404076161,7.240595639886088,0.8195117133045278,0.025526544989893818,1
9.360509104602567,0.7001787253305016,8.773619394537679,9.106265701796326,0.31423950557650926,0.8498263387724432,1
8.098574015077705,9.272009049549183,1.8464742413555664,0.7007806529201863,9.561129655454897,0.950216551518055,2
7.199967238518811,2.7826763236719176,7.325337260420636,9.374577124419869,3.415100519656367,1.442126397953265,1
6.101170499142901,9.460945667353684,0.6397867904914718,1.5854418142492128,3.3302748044562516,7.926826011905174,0
7.352241237654221,6.006121058106709,2.0226630955451794,0.6739869502851557,2.9089352773632835,7.883478786768311,0
9.482315317777935,2.1369035862130326,9.556736579018528,7.145405564427796,3.078003002619746,1.5265308077253872,1
9.603565943982268,9.501160508799938,0.7498530142165616,0.6152941075177774,9.160602191839626,2.9794850555667414,2
9.989844949886049,1.5202649650909854,3.3628233967848526,0.41790105140315426,7.051412317678436,8.459922286793928,3
7.641476173753199,8.825687674882023,2.1025859824217017,3.609423820831569,8.632124166958677,0.9087497064699916,2
6.868830324429217,7.881470227625946,1.9440761554201291,3.583555842139288,3.575419009795745,6.322345002534489,0
7.772383462758049,9.587050310588586,3.7516015813152777,0.7155239143608276,0.397334816949793,6.619711242835142,0
8.856013838878479,8.895227167453754,2.0448218337507487,2.3844820922174463,8.803433672263907,1.7187185119891617,2
8.99221497459358,3.6311165715909497,1.9431175719664124,1.07946244625141,7.74205353748985,9.801584123196362,3
6.268528415894073,2.9786822857111988,6.207898354672539,7.3776745979253855,0.9683619931980347,2.1749811239863495,1
7.326295509927929,0.8881916498143703,8.537553196799092,7.188867489059952,1.5038143865702915,2.8576693543280385,1
6.851573622740189,8.247106891069855,1.3680774812185792,3.1040098195633417,2.008484518893953,8.955330570115226,0
6.974597357307632,8.68289726310956,0.6114771293265946,0.14407653078625238,0.6160298907739072,9.310545659293703,0
7.142310225919415,1.3455354788229887,1.4657406118099128,1.7619078464589322,9.00281452220299,6.697349074254612,3
7.401930462135445,0.7672359440119734,0.0803755478081829,2.498291096339385,7.728645815593795,9.723055054464322,3
7.03739372666057,7.645793530429392,3.447407877381667,1.9270118960273401,9.225245917614025,0.10932499833553688,2
7.491173193383994,1.6063810072379674,7.865252679377577,9.348666472297694,0.4527119313466721,2.3021268452852053,1
6.852252334343721,1.1527446942650736,2.200043515368264,3.1736733749505204,9.713840803883956,9.80924507070525,3
8.541619122919464,3.5006183533255313,7.158626309297549,8.337947278858366,1.4501542370037792,2.9558310117415205,1
7.240675306846781,2.389743643160644,1.422361995967238,3.35527636026377,9.872234692297477,8.288418044204754,3
9.265809314934021,3.867404536153343,9.393244264692992,8.078241366156893,0.08771210084516268,0.5517409840084282,1
6.344077673676014,8.126572258887311,1.2235302934157342,3.881449171169869,3.9839685570471928,8.21807400903098,0
7.261978010391145,2.529482099594994,3.3314502545094675,0.9551581784593215,9.925640776068043,8.284618186647407,3
9.636716399881884,9.256101370325293,0.28580602051296333,3.1591950580284394,8.304396370125247,3.4056661934929013,2
8.181892079097583,6.183039870825518,2.1850301379360646,2.358637640406986,3.9092969399611466,6.097009389768768,0
6.366746077886537,2.194429314971007,7.1789895218868445,9.344079789318435,3.1076735793846795,0.18210827808959573,1
8.556359044903187,1.033310698658799,1.1097655072001444,1.2545916252116989,6.4617765172966894,9.68907373109518,3
6.951599602906315,8.511291042597627,0.2854097925623229,0.594120150946384,8.886566855857737,1.4661570250964608,2
7.54204619934935,9.704185683006472,3.3329200928339264,0.4787961165835162,2.207415733478769,6.4377046666085,0
7.860456397724386,7.382583849802815,3.03405788176874,3.2529970836850604,6.405408974134143,0.011333198154792612,2
9.749522404015723,1.7759336343628842,7.851735460933017,6.968504216343652,1.3311154550280575,3.719489891948756,1
9.241568266346805,9.010102290861518,0.050707351024475766,3.4268881528057165,1.457856833997159,9.78449307821979,0
7.7589190065098315,7.7731996323217505,3.3634373968804643,3.854220618875931,6.372370410646649,2.7513956509929427,2
6.08909404577528,2.814452970100326,2.505294593261074,0.2422811586551905,7.91173896248071,7.077462745113348,3
6.70620125361372,2.787023493688307,8.912717412583405,8.782627412399858,3.0624194789155963,1.6047620590619118,1
8.151346616321918,8.981667052557022,3.4013639304152306,0.7355473172004183,1.3712606911655412,7.145379952288798,0
6.102620094237716,8.890249849907129,2.2298349624381184,2.693209743126244,0.835989491944078,8.06831215503141,0
8.504755000188512,6.527841827117556,0.41594499251621286,1.4956923289170252,2.7182822769713764,7.0717571321652795,0
8.45630103372498,2.9422599351132472,6.778651888844525,7.688275973924366,2.4007016497536147,3.8085875259531,1
8.372992323832612,7.222278924709958,0.7775697540915418,2.389132055855861,8.457087317965113,1.4891281760031387,2
7.535285677369328,9.165588305673193,2.1604599595962153,0.9116573056661403,8.692459357539532,3.636464656531041,2
9.80980350409157,9.626571510588493,0.539935898109893,0.4512446352924999,9.14068966226041,1.6550829224741328,2
9.585240213751185,1.6427741730391734,1.4556941125854852,1.3200843565876688,8.01962511152694,8.48431397484092,3
7.266793810391176,9.674362800527085,2.464971259625023,2.8401498013029634,2.489451448285064,6.158087832078179,0
8.698170684173533,0.0800348430933373,1.286362628687074,0.006092950593000079,8.863190904000941,7.754815073526761,3
8.26379383108229,8.380905201203124,1.9226118878191407,1.6881557283249924,9.483572795206417,2.91676138566549,2
6.145436545047723,3.460537261523443,7.357105719548038,6.945776697446817,1.695719231496355,1.6580016536720357,1
6.787963254254277,3.004702684448306,9.565913512591496,6.205478939211893,1.9413469929079357,0.5442662385959336,1
7.456747452925997,8.48498198201245,0.16929345568316512,0.8229418038458833,6.509889753814852,1.310311407036691,2
8.286157222986068,8.877633381396112,1.406594435905233,2.2987831273794286,8.673830338438428,2.604536524963283,2
9.196017873231986,6.552805688922494,3.6008534897118407,0.9916562756904379,8.585834278722194,0.2529320093153533,2
6.573349118723071,8.832354889563227,2.813285282007162,1.372094484769026,2.493848856443853,8.004180704359076,0
9.16089756764377,6.5209694152878965,2.058557497371982,1.1062887866326538,9.313584636071612,3.9116145195381424,2
9.61113619859103,8.113659926166882,2.9958477919779978,2.08297116190723,0.16198450554534816,6.9863071972490225,0
8.722228684437493,1.8940063431757035,9.758938719393964,9.409006931073643,3.5656237495391934,1.1240762692094606,1
9.1753433681011,2.5500413453866506,7.515196228482977,9.855466510311823,0.28892532795512116,3.0463959131905827,1
8.847704726672866,0.2633060138224379,3.102319321182441,1.5826185979181138,6.340844103454218,7.19297043001032,3
7.023374626630184,1.1913689016152054,6.034021304786137,6.354428891945981,2.6594855478180497,3.9540093630374527,1
6.676422019904283,6.28286382804532,1.5012654943939858,0.6386969420037536,7.366919579703338,2.2825278707900067,2
8.302830666843594,9.199657444203684,0.12429723193408826,1.5246412876707147,8.668264480972928,0.6010704155309208,2
8.292503091001326,1.3069074916578032,3.7743234670894523,3.2567756744303744,9.299762618768497,9.221008012767982,3
7.287929935445442,9.873201894997086,3.2827984950940454,2.284113987021936,7.571344482280151,1.046057595835744,2
8.783111501202447,3.1391235024772453,3.328495233498929,2.932210106424143,9.310744744087232,8.562413023269956,3
9.51747185115638,1.0957846410226013,1.1766007619126038,0.18682808421135277,9.33826340394279,7.652594140220573,3
9.634246853901752,0.5863357393140105,7.215114909173881,7.233222075743868,3.4342967447233037,3.724012997032606,1
6.426848693202004,0.9140626775054526,1.0366052000870178,2.319161084000247,7.2912980587649106,9.800934822617625,3
6.116569581861142,9.083138975656086,3.5958685821099614,0.3773229893390022,9.213417807275572,2.5307860139356153,2
6.901878690313113,0.8505902478166472,9.559727830191003,9.958699155544085,2.259325307307201,3.4646452303214574,1
7.418727670621138,6.365932489789987,1.5096480852772696,2.921138262751872,3.0643161252781193,7.6434180471912505,0
8.572348254705414,0.4736613164481893,8.882315494337863,6.506763083345156,0.8911071441742107,3.0019963409890016,1
6.1327507850486365,2.568936922940265,1.7201499895666141,2.145628527252662,8.24301686849938,8.483170784893694,3
9.669216043815846,3.4101557010597556,1.3699651134649549,1.6556592553613947,7.624280720378895,8.45059514510346,3
8.044714293478762,0.9312757720418445,7.000149977681991,8.719808880328586,1.4064679181663013,0.44622391542267303,1
8.921812702066692,0.16560753878696355,6.705164769846766,7.260992135214126,2.676556818438063,1.2080946551524794,1
8.877344625840532,1.8137094691362412,6.4152539888133955,9.468660469561822,0.1822084763876135,0.6981262245665647,1
7.904394959722254,0.3920241419522288,6.155216977380718,6.176583756440377,3.0300550742847294,1.385578363756545,1
8.122693105615182,6.29283819237393,2.285711224731777,0.8616822672179176,6.317263004668311,3.5372759778310066,2
9.75128624912711,0.40101160047959095,7.2810019180287435,6.0733949313949545,2.527762186205359,3.1219121280676534,1
9.466946618597534,6.408469520148952,3.101289963393788,1.6993153411690014,7.778627290713105,0.46348508797659127,2
7.176664284363587,1.0519486729068173,7.818169490982394,9.621006210441116,3.104602948601579,0.9018625846947717,1
9.490811892644984,7.068944738417251,2.5508683088903683,2.0930851657983838,7.789552166633104,2.2816470353961598,2
7.755754513385555,9.761566588081774,0.5848918317673006,2.2377750348371723,7.052191738360335,1.7389743280939314,2
8.654031163899937,0.3562889268792673,9.26895921069664,6.902692509582041,0.056462553447660824,1.39551130247666,1
8.094350049359882,1.046424919556276,8.73203468951434,6.652137857888858,0.753495043933067,2.825873227545871,1
8.350487081610282,0.04524572381087699,6.877021889444343,8.76483741557441,3.881962293799437,2.211286440093999,1
7.119695634917409,6.913386727891249,3.9018124724146825,0.02151093388574843,2.877692824766199,7.169160280921682,0
9.315555701114405,6.986347485529421,0.45845638129892485,2.318408125097667,1.6184961982047246,7.15699042035317,0
6.233425607063423,1.3560012216648203,3.375702874437499,0.6540480269792286,6.9715633798520145,8.053953014813668,3
6.284893240068197,9.627396656777027,1.4460524843296487,3.6116752286902547,0.05698129704785204,7.857422869932098,0
8.237398706881523,2.937737110961795,1.9148623709677137,0.3408776888180163,8.917821087248548,9.42763550501837,3
6.922702033920861,3.5324101840942888,1.0067772052235298,0.02044764122890763,9.007317565159317,7.252135834897519,3
7.533132558828659,2.661736352286009,2.866675772126374,0.1359667838396832,8.470055210082311,8.536975967658611,3
8.096513292976248,8.240639227428488,2.3593979385188466,1.5089160681090878,1.7297832030636653,7.305469852990601,0
7.319114737121639,8.516221764380834,2.2065315494796804,2.880018681519629,6.042849511234362,3.47793880461903,2
7.608626618600996,0.8110339725279823,2.3679032109381284,1.045316539048831,8.399109014976538,7.469560379958988,3
9.07107048000549,7.018495957329504,0.0013059933831831572,3.9755634894495615,0.27681084675628265,7.3223489667193995,0
6.563431580831482,3.6883826424156623,0.6958889610447239,1.3269438386569474,7.381699787885379,7.662182450147938,3
8.192453734803069,0.2803004200528383,8.194014393957687,7.410048330434306,0.604631880652545,1.1867879627913576,1
6.344400830393635,7.336614774543657,2.9784743482416545,2.1537221151114707,8.83994475143788,2.3877293123775223,2
9.253349358296257,7.559384397942322,3.931972676316227,1.3370487544727427,0.7588897633315015,6.619863548515899,0
9.51338277894726,1.9463850131511071,1.657498550218841,3.9131780886322396,8.9587766995039,6.482186070067733,3
6.296361325270897,1.3653218951482207,8.72721406504446,9.728008303844243,2.067557401497542,0.4355644154744791,1
7.910557244401062,6.533823365861689,3.915578239019888,2.3281024069728424,8.637742957831065,2.726259124955916,2
9.310706653963287,7.77673413615172,3.896691264503052,2.7396419304311435,3.9266756495705875,9.886674121358295,0
8.62697423472311,1.6950667654452403,1.3392638583444416,3.7135700143181474,8.919949442697714,8.022507539438454,3
6.295475536132267,8.379682109452903,2.955530198763824,2.0692353308431546,3.075678635642195,7.509019417076354,0
9.838710400793246,1.5075238581220556,3.407376929650541,1.173103370835106,9.86508055241479,8.966947878494715,3
8.120290170020187,9.240923661664507,1.0825229413341053,3.617983046964331,6.871446028185183,1.598839454544823,2
7.202894082673205,8.00068905458525,3.152970912965232,1.3210745657728569,8.602277180667535,2.373748816453649,2
9.273024416964546,2.587706086064233,6.725349360187561,9.107378802564426,1.9253795155343534,2.6561056503178415,1
6.838962689772611,0.5454668842055415,3.9859737372867863,1.3479261727224046,6.92784053512812,7.457947736817355,3
8.381035373102984,0.14610366459313262,0.38062074142233904,3.181614696323511,9.861155147294141,8.802330892862663,3
8.294188225813196,1.4722063456021672,3.877640265428475,0.9372034992818028,9.395670304230476,7.320434044812819,3
6.20253632781148,9.151174342092048,1.4856221556247537,1.7633283151206456,7.993451756539846,2.3819257833433602,2
9.63166157143058,2.1696763730775563,9.93286514069635,9.755657786592284,1.4704173065981436,2.885552503978133,1
7.015742022594996,8.659428892276647,2.844561004429069,3.445555084925752,2.3067642818962915,7.5543273130264925,0
6.29618048506361,6.7641067070657686,1.8700275957747818,3.1748506022296823,9.760901340458943,0.8859555876727834,2
7.322510750670633,2.6507559161085146,0.17308110467482507,2.079130789784701,9.881801482455025,6.752078490728757,3
6.358554773294353,2.4635256984773015,3.3175587472795964,2.0654734431035036,9.700472082419187,6.850326892085886,3
6.686314527111126,8.15843901940333,0.3846959076722811,3.5442840884168936,7.647098862179856,0.7414119354279922,2
8.742821622003131,7.814156817087019,2.218886103460044,0.8630556375855938,0.9415860600327495,8.290613918499846,0
9.066257075491187,9.502182720983903,2.916269212176153,0.0032559611297879876,9.012027367719975,3.310670068181694,2
8.271482276716181,9.597169341076778,0.4661649740597902,2.7158041984005448,0.7162592938720596,9.93587407535658,0
7.153747575706637,9.092803094383791,1.5510937218177334,0.1130212933432646,9.54755998138142,2.7348012517198996,2
7.572636918371381,8.608412882555731,2.2128893799179554,0.13038238163268678,2.261042667882388,7.573448984438423,0
9.848165859573236,2.961282600541806,3.494941180546458,3.0020191735573345,8.182736274194333,9.150923848649905,3
8.66332352082102,7.565395438048683,2.885280179095115,2.64099643871228,0.9527180522807415,8.443393359520584,0
9.129793113391381,0.7935803815790798,3.7004813278473776,0.2379082106823378,6.163364807240765,6.986801234141945,3
8.786381737495265,1.7489704799687527,3.441068502133733,3.9187017283024583,6.9337521649734235,9.413142553228896,3
6.04640991978052,1.5015369116798087,8.17712172483752,6.294894516698887,1.789114389982637,2.369985167780499,1
7.156836701011944,9.858724568373288,2.00192880121932,0.6395634326629991,2.1661393652944576,8.615132758065007,0
7.287390942447416,9.938011082798315,3.6414837151235093,0.702383625763396,2.5096961367484796,7.73651405462479,0
6.650335297697377,2.9044025946789245,6.275534568140749,7.140006095809102,0.7284248633050154,1.8901498849505267,1
8.487838019350022,3.0687934838456643,6.380620641882007,7.540056614486086,3.4526456105329424,2.803502603500846,1
6.566948528957459,2.0090811786072127,9.553855092112368,6.096946068144998,1.9261549135203704,2.5863781674431934,1
7.458520198969001,1.6377491404164881,6.673938514663104,7.251815686822233,2.387305328516447,1.1224708205576004,1
7.237057021797172,7.974975614441121,0.49370267143507185,2.9092423873178404,6.019206477085138,3.9150473347843953,2
9.064243776074091,0.8374834770507862,7.952739336816467,9.406389349912542,1.8021869189019801,0.0039056640022221423,1
8.658379922034031,8.500209053112172,2.26275486857948,0.9147024770417755,0.17741266533743927,9.037970329425214,0
6.544778713978939,3.4048410541899785,7.789291227615198,8.657696603780984,3.3744801344008115,2.6852156329944,1
7.085627056017508,9.001942266315279,3.324606465624211,0.906252848862835,0.02674760412121646,7.785644192611686,0
9.438824795637947,9.193135049762853,1.5915845829708273,2.4379025216085246,6.0441787180491975,2.0923829175011637,2
8.29965385864568,9.010641242267555,3.913275580058223,0.14888025983861475,3.364952488254023,8.696552364055613,0
9.830569820549954,2.0047539875779745,8.159655555049971,9.214803202557734,0.25617087367738156,1.1550853533919967,1
7.851906775872137,3.4577342706933223,1.4299526757484196,3.3369341560455763,7.021202132090538,8.523815987083715,3
6.4048047185104995,2.416684719906421,2.939223314570397,3.653620674440168,9.166721354569482,8.044465619898507,3
9.884638646761005,6.1789526434404225,0.3542633937801676,1.5382143157759383,8.766873589010565,3.127575224098719,2
6.7703512509704,8.396867425966134,0.9609362387796994,3.9149693085563464,7.370446678991717,1.4054536039210594,2
7.614954505507938,3.711413264258547,3.468318190742612,0.2816982014350895,7.526852952601388,9.328390167684393,3
6.762227716981386,0.8871236914738718,1.16578540518131,2.49580973788982,9.594530097736317,9.628912137067514,3
6.459806664803717,9.982843864935603,1.5083060011809888,2.407607882987957,6.94148322810645,1.328840042959905,2
7.645859485898933,8.504032620098174,3.0367924614462756,2.499078019915343,3.9440672556517904,6.171605468839342,0
6.949042008476636,6.577692174003111,0.42556263713649933,2.5544444673480404,8.314950392536533,2.1279663885011617,2
7.81051742292581,7.188977893627609,1.676008392842065,0.6064708629065478,7.026189615570297,3.9524784926769807,2
6.897767920552062,8.503165021017992,2.274890931608269,2.464215332206763,3.541724606714637,8.626099981801396,0
9.910989992038328,3.3606587820511717,8.831725963958297,8.510030567258346,0.3784592608837327,1.0629996845044571,1
9.220334386257868,8.742132247737057,3.7213545014554392,2.630912660768605,7.6545246975203725,3.4270983318476733,2
8.00545969546507,0.9293244308780717,0.6819635490819911,0.9515667813929314,8.754822016452069,7.557249789275918,3
7.608665110358193,2.643985026410924,9.332258169611748,6.8361289442418505,2.638627110260267,3.279616620337323,1
9.89151631017527,2.158334672058082,1.5079827197744091,0.8187373563581297,8.685168418507338,9.726081406005717,3
9.769616839318415,0.8467731041963646,3.4631332262585395,1.463525874011709,8.548817568995926,9.548620857269922,3
8.558167070034848,6.325825881785593,1.0312695509806313,2.5125338687844203,9.748476121258392,3.6629572696165855,2
7.891825404066953,8.480545633803331,3.897606113793132,0.8581208448723974,0.9856713011999712,7.008224268226832,0
7.361423504163572,6.5608091424228085,2.196319401479082,0.5576874732362214,1.139866094713672,9.323338747256678,0
7.7222240943063944,2.3098978484599964,7.752745221906288,6.599482441774196,2.5818543557791123,0.9843205142833589,1
6.886297013188475,6.5963178585239035,2.5120055426945633,2.8729965922136413,3.4026271879415484,6.526387089475795,0
8.588449869404862,0.4866272314842992,2.272738856008712,0.8024704290621978,8.730168516302351,9.19585350428278,3
7.69775968869702,6.325542881740514,3.1812981720046114,2.7607218830191176,1.1213450181415805,8.160515220471396,0
7.143975781028919,8.036559619516195,2.784965513936132,3.55552065441482,0.023672031854286235,7.333205259822655,0
8.573356913137676,3.0652648719205158,8.40631408194988,9.694346987227872,2.441554710393094,1.7999653540384477,1
8.924335476641351,6.199631497703404,3.598013825633935,1.2508800473518638,1.947805054841817,9.255966646029146,0
7.89222650978051,8.924451010425289,1.641609540769898,1.7011090870012002,0.6164207682242804,8.237854991437636,0
8.587263420778937,8.052201108205978,1.5819355467126357,1.3931819965536256,7.1787813174914294,3.6779118699998987,2
9.36507518554874,0.4395195648573429,1.4892874132467444,0.5209522684006491,6.173079923946926,7.8268349188878386,3
6.327235264148602,7.420042300959583,0.570085021969204,0.3696971357005112,6.636656200661243,1.144036827623475,2
7.084685587066019,6.1790793437200335,3.547275157768253,3.2697339868385638,1.7916562036569745,6.932371109191051,0
8.31734138784303,6.53261382544959,1.297779972008903,2.4791037056320566,7.603464906335795,1.976548570722377,2
7.018662016211911,2.2944443673005694,6.875313577792021,8.03289454963748,3.274906302488746,1.7802676613034154,1
8.233355980302488,2.240101928329849,9.957330626376827,7.009675190519243,0.9377831749537346,0.018977809630706943,1
7.688609477870056,3.849322704262501,8.066507283256435,7.931691795556723,3.1329806529746995,0.5867571480014271,1
6.708973469749531,7.359079118491625,3.805520962527241,2.2255999249834013,1.3424423625922626,6.2911776805377775,0
7.724113529883072,2.4948304711289992,7.305357248719157,8.662492380994212,1.0312850871706734,2.5630163281809213,1
9.137049178978579,8.553448380065273,3.444355956821071,0.8298602916212108,8.422170616310638,1.843360536480489,2
7.193880577246286,9.10573429177608,2.4464800477773188,2.3567733472827626,2.73910625473098,6.191385491798645,0
6.051917842170653,7.508323245925869,3.80463030586813,2.6041278539730492,3.929114825771656,7.037667159052003,0
6.754980077765088,6.247326448067953,0.7267632563839173,0.7008572526930061,8.171388258518448,3.4171681803611564,2
6.507878441275933,2.535634848479689,3.7758449164283094,2.733284439157651,6.197262301389715,7.04211124427849,3
6.031001573865154,7.138131193815806,2.1731595939699138,2.2651991028139973,6.106323272631981,2.2694286545900817,2
8.048219637173592,0.4024157498580663,9.567969096230893,6.8879620719413746,0.9781084312194035,2.3242672753943485,1
9.653465306602616,0.4281544295155739,1.8152241171658239,0.25559060110297915,8.92851084470925,6.0712671033822705,3
8.009125154030604,1.3513245521376112,3.9037183356647644,2.9613907753849866,6.737862617218417,9.570299165024483,3
7.876835830095496,8.314146139438602,2.7940097319577064,1.3873570673363078,7.105905319284644,0.9405462659931154,2
8.816814307797518,1.5408212040006344,6.057590720771314,7.023639638317421,1.483201723200187,3.3110128320656615,1
7.998770916822125,8.042121842698439,2.0749875719630686,2.6502836039522046,2.493092429398657,6.830204118381885,0
8.727609739963809,8.246498864944126,2.5484677843012222,0.47078909654496615,0.08662906918093549,8.49416379754455,0
6.027027769251504,7.999611009741622,3.53951453918834,3.007130359761918,2.5439567477714475,6.206699386120734,0
7.142101894039238,0.10721162334912249,9.570121590404069,8.326447961664744,2.7611798733810726,1.6241900457086533,1
9.681305401408967,2.6804611634804405,0.2368436268600962,0.6060792789748595,8.211942184879293,9.039604650277502,3
6.656303341845669,2.117823640884016,0.7510197388913635,3.118477458482833,9.459605066662096,6.537999268544503,3
9.964221479330533,8.890787936551433,3.7450971754847706,0.6510958158283708,7.751139514212113,3.8578745896243545,2
8.377141849482653,0.5502983744405259,3.154442149976213,2.1949287575318492,7.691569192127112,7.637665190000195,3
6.590829664367538,2.8982781893729976,0.9528672205448441,3.342459023169486,8.840996805918948,9.325823609677617,3
8.569038273951772,7.127916728130067,1.7847704473631523,3.8732155794848926,7.489959346740202,2.7619931005075578,2
6.50057270339224,0.3083935398552362,3.309658838219477,1.9928145337451557,9.800744043787777,8.46075281665904,3
7.854166605751249,9.863205283639289,2.1605979889784157,2.212349836672969,0.237055996933488,8.787786437534265,0
6.557879543228161,0.0635725631228441,2.1189428959766468,1.8832082098216296,7.339221530516218,9.399858808490913,3
7.732653266362287,8.290945009036868,2.8195247300803397,3.5874633364937822,3.224680278411765,6.977337952629259,0
7.297268908348,3.1831229150800247,8.806321989777409,7.8526878190505,0.9644333295494074,2.9737901389718644,1
7.852677829252038,1.0840297714336198,1.9907350730906814,0.12231333150368462,6.234764324326459,9.876014206887007,3
6.801199091605438,6.798465389182589,1.3723266025601126,0.23662055988538988,8.250051446575085,0.08506266832052667,2
9.483581077967775,2.843186698577757,2.3038705810459135,0.5284704500005875,6.227373695771551,9.635566341171234,3
6.337188487508264,1.2366259714981318,1.490657530738051,3.1039135643725073,6.46513088715453,6.3607999556525785,3
8.374438982512729,7.970486381126092,0.7818044251429499,1.6663306809015048,1.6246007317804274,9.48427418587941,0
6.76882257148903,9.616015156680568,3.9458464480144233,2.4506177831226257,6.718569464551615,0.876586013301818,2
8.113119608324208,7.767902442635533,1.442389868796805,3.8065815115752817,2.4950480261004317,9.133381173809285,0
6.473457813045334,0.477904108016169,7.2231219629075465,6.330786248124698,0.3252352468641244,3.905209598555625,1
6.711635886584508,1.7956367721228403,8.465116075098639,7.829780552652281,3.09009965942742,1.144865501289377,1
9.09293940609603,9.043711774425082,0.030559169948885412,2.2652995798472895,2.6767525065971505,8.174425260726856,0
9.487700695295274,3.9717998535508587,9.826069631347313,8.819158511782081,0.9281268057911842,3.954761795112681,1
7.6592099180352715,1.514851906571999,7.160134423475393,6.407183675279967,2.112733175504775,1.8202920468096657,1
9.145690795160373,3.885391775739756,3.8752315294419146,2.023162297367417,6.572859084060331,7.3676156519384435,3
7.2469863234199074,1.40688589869219,8.552037428695929,8.010737534224745,1.9239723907368886,2.040614253867453,1
8.496833001125049,2.4109993802434326,0.9847361128562961,0.3726351546950051,8.602128414636372,8.8608446076539,3
6.516825453045077,9.633355124488023,2.2172611221352168,0.4306881916601033,2.08867522664499,7.988992876380792,0
7.141790176140635,9.484803749242293,1.9204336168216782,3.023066163248895,8.315402057205262,1.516755207404795,2
8.108089705840865,9.026429555117657,2.554557214974533,1.6315272681799309,0.9978890576206743,7.337489747729188,0
7.015254652553715,1.6413255884130638,3.0944599477387227,0.6597700732022167,8.284011970660513,6.192476321785145,3
9.811778265533448,8.643914678747164,2.9000491570601086,0.4070202325315706,1.4507166928223567,9.873321188172163,0
9.958217715225313,6.85614883772938,2.9758411286393107,3.1240961125146587,2.236290307548231,9.899293876624299,0
7.73652028737566,7.963623266447615,3.9378165179113953,2.6833949031644884,6.275009726016462,2.164733530698658,2
9.519965332779392,7.747503843818478,1.5246360487819008,1.9982263587304927,3.535774092523968,7.7808457504257635,0
8.58597043020194,7.621357282924379,1.9544015551366982,0.9260115835043488,1.6496262996870925,6.436276218556523,0
7.874358467377518,0.481228323463295,8.198351209761523,7.102689742405764,0.859237096329954,0.97990403499431,1
7.676235258376859,7.599178104058373,2.450798718690125,3.314954051700302,2.0829195274040937,9.876577899601191,0
6.72757030577816,9.291719526090983,2.65923241152026,2.9144677890395387,9.472206458214837,0.6179378725449327,2
6.735532375482524,8.955178421917047,2.586356020125046,2.365112030101341,7.183942491092692,2.326185109330369,2
7.148661371166554,1.6760277915774306,8.93408107596155,9.158289979677257,0.44790943283775997,2.3393139416262643,1
7.800145071252785,3.623177777449567,8.565334869537256,9.551314589754805,0.19814043307715856,3.95405951457405,1
7.339365536529213,0.4494729022266113,9.357144322840268,8.890735397161993,1.5571282322047288,0.4693411950212365,1
6.336065815474489,8.050664449551178,1.9070246563463593,1.4033535661110945,8.570624075819731,3.6423881754635405,2
8.520278297553926,6.269725384148849,0.6068951230322313,3.242869466304287,0.8250861875950029,8.457121388938896,0
6.502453137149271,1.3846686087692621,6.574187108862924,7.651895621661126,3.103200467853587,2.9252760099531625,1
8.647924769475592,7.257133887336876,2.4148871160193806,3.7843843019267527,3.7794855696462584,9.961820568158373,0
8.936780223696186,0.8534893204185718,0.07043287041968904,1.503960366458017,7.3407495978598325,6.704030119637827,3
7.32529383051283,0.9826591762835553,0.5182731887106082,0.12881615683568048,8.967018409957543,6.216642194285461,3
8.449236346488858,8.267004808383705,1.5731459689730167,2.26661296693707,3.712039505966778,6.5375198881556,0
9.406404468925258,3.9318140912747133,9.060224713842132,6.58153284766386,3.381026975715407,2.7037921141678543,1
7.999291991547928,0.46323443283716514,0.13849923269310693,0.5355181240082558,8.677293421423323,6.006943412784944,3
7.685058579552229,9.146094159459116,1.7748551234015588,1.2359505046753285,8.765060876200089,1.8828134459050365,2
8.106671385974414,3.794977620015437,7.4829183446948235,9.16040875852093,2.97762091055475,0.09873198427288665,1
9.234138311661702,7.042231100759143,3.2305227258246147,0.622883369459033,6.808016509670855,0.9531570282947559,2
6.7810416990573605,9.579438944296736,0.5793205171214102,3.5700176156694954,6.453436860795527,3.47027898548007,2
8.45027241339777,8.75656570475293,3.2709508008647794,2.560525710263461,9.193224980321336,0.9967803389352037,2
9.307931043037199,9.866071973240764,0.12167913581153478,0.5201160964292408,7.168060853349821,1.447630524813449,2
6.007041100886296,0.7629957660564539,1.530605150318919,1.580501169926551,8.31237325917986,9.942018403061171,3
6.29670574636665,0.5205747883762468,6.794397721635477,9.408175755311438,2.8780579074524995,0.03614966223934557,1
9.659276567835708,0.4595879622351857,3.7284115440592385,1.7146468151582042,6.778182220066399,8.768866740569521,3
7.074700339057584,3.8780880935572117,0.1256670412395695,1.3164044071440975,8.57297670338507,7.735984672147161,3
7.0397477705325855,7.371412452786181,3.607582520235339,3.3867310226539673,6.601452890404678,2.825692622245046,2
7.325099555670768,2.4951884453991484,9.660967248231138,6.664799208549158,2.812235080065168,2.8038486672826055,1
6.523524239534927,6.959937487053262,3.2342915652958597,3.9647919234569393,3.4791224323086705,7.614353182627989,0
7.054045936190057,1.3190442467787196,3.081097020726811,0.5939201564250056,8.815713919605612,7.255797291751289,3
7.412226570299891,7.221215789046013,0.656725628076503,3.5215660076089517,7.348579072663549,2.187900336823631,2
6.372890943930613,2.478559591205923,7.219661616013887,8.897300264929687,3.52417381133939,0.7180979479680012,1
7.837807257494838,9.735082512972163,3.8554607199560493,1.1337993028936473,2.783391755168555,9.696502816429152,0
7.659418046750011,9.552904811010807,0.9288270038100253,1.8240274342004614,8.920668531265543,1.828681261750464,2
6.977613528838619,6.65572243823539,1.1750559761946988,3.690577021351121,6.261166842931749,2.4171452759579366,2
9.364788104133664,9.062296078571562,3.394616281204733,3.582272056993913,9.474599334825363,2.04395238562891,2
6.711762334473269,8.759942442702492,1.111062478783643,0.22394312359168866,7.8261676046629205,3.994460670139347,2
9.119697745909665,7.587629215857874,3.8943397951286802,3.5145414853224612,2.2154568233403076,7.348805397258284,0
8.753673839178683,2.3438968707320824,6.442210038859103,7.534911907225119,2.8274122337224266,1.5174330218504801,1
7.343639025791887,0.16413218358860027,2.659342317522493,1.6318187951713004,6.573417002153947,6.774295229859131,3
9.490860857491045,2.2742370837714585,0.45140249917689523,1.6778629176249718,9.182080496466012,9.088443122495764,3
8.308278401680514,6.749630733341664,2.6148612932800503,3.931011495668818,3.7088229295882704,6.950804826067852,0
8.294226702343963,8.39886047412536,3.3813429759237743,3.384862099168284,2.010819269826157,9.01584635530641,0
6.303872788469651,9.996512400825475,1.0537126765504072,1.0649195953343877,6.736030937801388,2.25569692646573,2
8.435870493848046,0.4980116495691962,2.750031988267318,0.34511646079997504,7.488866611734821,6.153511426338625,3
8.57287245151691,7.97459977534262,0.34295238846178,0.0015141553723552192,8.231620749526495,0.21651443220407662,2
8.509370288373688,2.7119331967468763,7.125107287105633,7.000863973024806,2.6926597594442363,3.4455970941734892,1
8.411745031993382,0.689369459802974,0.13798323820479608,2.855216504993845,9.192267995171223,8.613091841472443,3
7.943093652997148,2.269616213479218,9.698057553963132,7.405108565741028,2.9592015387057176,2.2336711563152654,1
8.041754214458138,9.86293980119765,3.9960354057171834,1.7475242946802423,1.4632615547282173,7.2959876296552935,0
6.996579208950042,2.013879919957498,2.0403838890093318,0.24664448327278032,8.547122919709436,7.658038407780356,3
7.243574451469495,2.091336385199917,8.732476584566044,8.342614512443898,2.979300766449684,1.3964948182904342,1
8.601463584042424,3.9022435129695583,1.929396129877805,3.1009710276681974,9.606891981288644,9.46892333717897,3
9.969044280151552,2.0944113833554656,0.6924572806536871,2.5993469816928765,7.259537547886606,9.712741504899483,3
6.824937760986362,9.94918467482933,0.5638752563171914,1.9031849514785395,8.614810245767657,2.9934978681268642,2
7.68142878601615,2.972651121268978,9.558714299633277,9.320535869409472,3.6298359985609663,1.1905900430341352,1
7.499272304599909,1.1014619492867954,9.241419345646126,8.919944725137105,0.6503913205234504,1.4646749897512952,1
8.550770698984136,7.556305466220515,2.054737413514107,3.1811630640336244,9.773727328540126,2.401984004449618,2
7.866117316829429,1.3829030844534849,3.0471400611634105,3.306953059887718,6.536394299081969,8.07694846659945,3
7.163234441179936,0.5840084441136542,7.953159207262849,8.332125438677084,3.4569715422690828,2.662634025228392,1
9.015834873607876,8.49332686281624,1.3376048283741588,0.664825590840711,8.13227722998435,2.5598754515329527,2
6.785247965323365,9.99224450172768,0.9010861670555492,0.7607461450322721,2.9647073940234288,8.326694406081758,0
9.402020705833088,9.25784719040831,1.6754926277870292,0.706118021787594,9.07692607607672,2.3026302226555218,2
8.778254461289379,3.524036881729741,8.373099074281024,7.89951123651209,2.0508758971246768,2.0837348617793405,1
9.995242437763455,3.4749171539071346,6.0920605704530075,9.617082224170352,3.7235383493347136,2.5450098295086265,1
9.847202743879294,6.002904126533081,2.787504060824365,1.7592839892628538,3.9698925832000937,6.148148409412528,0
8.867113051382479,9.406149099095432,0.1784626411317567,3.5506138704172057,1.9998980715905113,8.59791439287265,0
6.374187546149292,3.5125279245579875,3.428273039628098,2.289158483203677,7.380546693565172,8.839255477409885,3
9.50623657449061,8.212098881338626,0.14741608664767858,1.0997607156100422,3.257941752242897,6.414733167354531,0
8.600174905531757,7.003400105614659,1.1601959096014771,0.6913255157543166,6.548952896049462,1.3425988462013123,2
6.736613756722448,3.1157117120151403,1.9813847474645216,2.3080057286879034,9.140365298783898,7.41522957354268,3
6.896484880886064,1.5260133178082524,7.730737512087763,9.679713522390216,0.40566947595545333,2.783607496634649,1
6.560567415658575,2.487474800718469,2.8324986758112765,1.3419502164505364,6.0345049549626415,6.666709768138112,3
8.882575807300107,2.7186945202673383,1.7795532900437223,0.5063991808545225,7.732871624643657,8.766154711500608,3
6.176679796192175,2.5757145001428183,1.0697479099133034,2.9499229866413974,8.991146635851067,9.748659372542386,3
8.84535713200128,1.2579926926232199,6.331537417425755,7.793122326265357,2.8280936033876594,1.3740091186194454,1
8.11566407372826,2.1126676129713573,2.532433627945869,2.03512399311135,6.73421562535303,8.111508805222897,3
6.157350604356495,7.516644778425825,2.7419111169979313,2.2691126306770553,7.311566383512185,0.5032875614082242,2
6.287284305767426,8.385481131980756,3.600595337294743,3.601598585700637,8.412512075084322,2.4962203961888334,2
6.336051700660889,7.916389291761325,1.0394155312100675,2.4096114430741777,7.693337579078591,3.186319143611781,2
9.41031734515653,7.807698005443836,1.6767981632922941,0.7914885127726978,8.701764818431949,1.4446841324344044,2
8.660881533328354,7.034849265659958,2.721403565112741,3.9444818760050926,3.4709646455225327,7.040705313926385,0
6.561017838653412,9.749473486839738,0.10882011590473795,3.6056775329047137,0.34601106507862367,7.113938016138149,0
6.181202255600472,8.757544003565304,0.717977431474929,0.0403072828446569,8.384237716031276,1.9826154188949108,2
7.875717230419635,7.975802785210904,3.5988893496618055,0.328024595344802,8.693997179878833,3.253397253908308,2
8.61628632180738,2.44258605749211,1.1635161577736426,0.14035086061310142,8.386448276112148,9.337995883731807,3
8.153119138574894,6.2165944577043195,0.803037120214602,3.91699860851917,7.8690314581311265,1.5805732419392737,2
7.702203193421347,9.681351436035863,2.326546594294198,0.9508141858315944,9.014935399442793,0.5721153828724188,2
7.344496803329413,8.062347005501476,3.9349816362675343,1.6708585352009835,8.755678369309752,1.9646722597981148,2
8.014983099637668,1.8794470878036127,6.963792045231626,8.012547486538548,3.3210225834554503,0.39066970550351154,1
9.60843522600585,2.301834420316728,9.64286517849509,9.369429398909478,1.3822524612003377,2.099852702641867,1
7.898557017896118,8.803464495583363,2.3534679978631967,2.4380847779222417,8.116638976607302,3.4215427319682385,2
9.99754080330337,3.370499029388756,9.22269240171197,7.586355186618027,0.5291789060356016,0.5315748894866421,1
9.774566174997622,9.172063084555273,1.3885428417549535,1.2553507595612219,2.223470024065479,8.753235594556712,0
7.788503937707917,9.177216833800045,1.8496249222538808,0.5827033146416807,3.2055896621233946,8.938017737320822,0
8.609377750199545,7.676081412740979,2.920119498251313,0.37748948871277754,2.944169554668654,7.722640203128414,0
7.269758267214381,9.64439182172943,1.392409648249263,0.6431934091186622,6.104444708295035,2.1702814702985047,2
9.001490711881829,0.7630445908693058,3.945705204744134,0.2502109047062313,6.923111266549919,7.787154585774338,3
8.580835216523129,2.8037167411205854,0.012827689073845239,0.7032123136553188,7.008229054060003,7.526508822148741,3
6.250049930520712,6.315364568051907,1.6254393453868725,2.617442861717678,9.385012905166851,1.4659904477453982,2
9.606750971352364,3.6195711863551074,2.2297269717000896,1.3276388082401964,7.520316120898053,6.75386043971055,3
8.548106222067638,2.7656994275584066,6.330209358047472,9.064817364263035,1.6710384251986024,0.668510919965871,1
7.410952650674464,1.1828504612287638,1.0674522105934985,0.15433117201540858,9.719997911104102,7.56899666753574,3
6.534433787013781,8.725522867130529,2.609465068170148,0.5730846846933919,0.5176976965402034,9.225371867384098,0
7.03284038796326,2.0780937076365356,3.5262575339131637,1.0435726357892934,6.994204345388692,7.3461874702987195,3
8.083435696978485,1.4842982155976578,3.408380788590757,3.1889923352907394,8.533688420025761,8.911237452606123,3
8.257265142570207,2.882334036452156,7.917892360114859,9.975671589107742,2.5163103903801565,0.7888643978938328,1
9.671394460779164,7.181845846866985,2.952125995248831,3.767227257445607,8.992773137972584,3.642632719552747,2
6.536992377254548,1.7411589624778236,7.7182899606531965,8.878370044717622,1.425906599157282,3.0966275804286623,1
9.212744391133754,2.2972669905446144,2.9246859774490463,3.503702853050811,9.908705785597258,6.892284424081945,3
6.717376650670275,0.3797068436649713,2.356920614635255,3.365239943004933,8.235100174859618,7.299827842331267,3
6.9390963142523345,1.9058226963671054,7.127525728107532,9.798203188338798,0.2228244531353405,1.7720641980928855,1
9.9875651100108,8.462042165599051,1.892745327847042,2.6903726023420864,9.833062412468882,3.3945255094160487,2
6.87113853825961,6.107202968002211,2.575901663005783,0.5816109756419272,6.9261841265204165,0.1811350008093564,2
7.676260643659479,6.22728146751207,3.696066671681029,3.0909133912697055,7.344008087082187,3.4755840188870324,2
9.915757850690829,3.3876040696471437,6.005316141963154,8.845049911852747,1.8902124992850302,1.8212230430424539,1
7.065935820895568,9.718979420360723,3.413176678326847,0.5914208886360361,1.4781689514742982,9.69530043770224,0
8.098749058448245,7.123216338413265,2.6321351659644847,2.498070145484634,1.3170470171800583,6.0604899136976,0
6.014900310133886,8.696533272697586,2.9769262030071912,1.531774920465708,0.7581135484420334,6.54429352210896,0
8.29659337143806,6.738661600405129,2.1372420803785905,0.7649178975668227,0.4862585115574669,7.226955257236938,0
8.347508332038231,9.50814361670345,1.1231231906476715,2.9222863056196493,1.4191744015319365,6.396550396186003,0
9.669140899973929,9.339867046140974,0.37929504141020454,2.7153888896929423,1.942772587461226,6.359506716225598,0
7.736632916849728,7.3890644843165525,0.5783964616210189,0.3281888583792618,9.385115646236198,0.31095146012992947,2
8.32609490517328,9.606331783259611,1.853680381174784,0.412733429986484,6.886536859349112,3.973745281101671,2
9.508465736061424,1.5247951124180927,8.832261509145184,8.625143986561078,0.20335732578099286,0.8739791523560734,1
8.318686823823283,2.6203231848030857,8.288812202183946,8.722302350872972,3.433960999399428,1.6685469434625801,1
9.740949870947269,0.36170401383295614,9.213658572972633,7.307782525472463,0.8721891353469435,3.2348523450730955,1
9.688656189375589,7.969965956054323,2.265149554025575,3.2469755138374268,8.771822474149548,0.7692418350426511,2
7.058854017071425,2.3351798358786855,8.181034852771012,7.887195182493723,0.12251853348677288,0.784635912720542,1
8.378660084837746,1.9393399735428138,3.417567308128705,2.554124048071598,7.2592760533140765,8.230117729127114,3
9.309478305297686,1.2408745125867298,0.6473930498974112,2.868393915061803,8.307129762308293,9.024028062724689,3
6.736509040803009,6.543894171902144,2.8337392691403296,1.6567034096806474,2.697067085129883,6.263493844294802,0
6.859736851742542,7.731235368530067,3.163266644105109,1.6674023915450253,8.663632342673733,0.5921079759450034,2
7.245036328946681,6.109077495359339,0.44656547486720255,2.1053389328136047,7.860862635283698,0.09683776609241157,2
9.082373118909317,7.410881984132589,1.1582029670948337,3.4485240019147385,0.5600087401798599,7.838406802873614,0
7.338440022999956,0.6418567137583855,0.6710930569551787,2.7050792815365075,8.083338763199327,9.073557555571403,3
9.03945545552795,3.754200147159899,7.442053021384089,8.740252233199271,2.8386296700918323,3.852486749969476,1
9.21222038038486,1.9221194473014238,1.6225543724826768,3.5571519424882565,8.61693940041141,9.829519392828832,3
7.302910913954377,1.5199954241858151,2.8287304508870426,2.284734409099447,6.6088799513325025,9.313433899960325,3
8.537351830419334,2.89769780379355,3.0796127221260914,3.5312603387928228,8.469752218272689,6.5964786997802065,3
6.318142008230419,3.6539271794263932,8.356906777139425,6.18105150035796,1.8684915651731049,0.14158837577537398,1
9.52918901547338,3.4766286232847707,8.051206684036663,7.334870254272486,0.4100139774770284,0.5781056450988924,1
7.33711271805454,3.914141592154304,2.98617571203965,1.2250233127348635,6.089468293144835,9.305052417886838,3
9.36072633860953,7.1858170824279775,2.811481513712725,1.4080806299219226,8.982767430081196,1.367342931908694,2
7.886201235110407,3.792451331112727,6.223752492086123,8.668619793822165,2.4984988916561726,2.683291650645677,1
7.67831045145725,1.6928106285492541,8.037563367024328,7.93305950320603,0.6410116328654976,1.5139135375284414,1
6.089632158612209,1.0049703137306785,9.975850412645237,6.052454329375735,1.826059823442956,0.6982987941942622,1
8.306557030364786,3.3890973966407154,3.9641665337250602,0.358713038427239,6.72980488758844,8.668610182782967,3
6.798666382352388,1.6929321081543085,1.3786683676847482,2.4916022129205926,7.072890197437459,9.117460622691967,3
6.509263039173204,0.9755953981990921,2.3522308993241103,3.101701535088306,7.703182757482107,7.504674195640614,3
7.175831021097213,7.2665122480364825,1.201654893482333,0.5595522000214097,1.5099420814511881,8.504348819359276,0
6.079266838229661,1.6708773217568864,1.6440871651326359,2.2072485534611586,6.868495508003095,9.566909335381906,3
8.79851086755842,3.4849277424139493,2.7918581758617105,1.5006592364339664,7.928889136182564,9.870550140903761,3
9.531576983137771,9.794097626133944,1.5362573859338768,3.7864007163542577,7.438774398053491,3.224240914605608,2
9.453041616419956,8.662634509702377,0.589936228959167,2.6926063778745433,9.078170370365445,2.265698098542964,2
8.75765697386425,8.589569021703525,3.5447389022025533,3.3889193772186634,3.4082630602281605,7.687173838514448,0
9.941533656138665,0.36277068579743066,2.049084236004438,1.4696619341097068,7.497679615397553,9.894657852615742,3
6.803119118728038,6.059784059920146,0.23859769058677438,3.1122534196258123,6.441337065001182,1.4166037692401945,2
7.9806318033167525,6.195530920209871,3.6474724444211426,1.614742225653845,9.720818853248481,1.7630904444118802,2
6.125085283688536,0.7618334567934779,9.351824396099147,6.504325915633647,2.170250584370664,3.3896454769568845,1
6.767818666199712,3.8732235798952983,7.187773039168512,7.773577647936346,1.6528678865454611,0.8100413535138475,1
6.151192582629676,2.0071061279936435,7.451350426787459,6.604288049410796,0.23949586729543482,2.0475440872988164,1
7.606687308652306,3.211489050900056,3.4995077455081463,0.2952686389249921,7.654676914557178,9.137498747394666,3
8.489045271429687,0.6670349091500709,1.6314239188700022,2.7504968511742107,8.166428943651901,7.749378394907989,3
6.434471655906503,9.690540723428327,2.342624114185425,2.7203556610747306,3.7810561858494673,8.531816443296911,0
8.202163709057027,0.2805663234047002,2.7980602436487856,0.5473593067901277,9.456729422922308,7.458131152637334,3
7.140274399477457,2.4620181891420336,1.0707797198877156,3.346221158923332,7.042748090682267,6.797158322440543,3
7.175446948428984,8.375655185503234,2.2154567945709673,0.9226757632846718,3.9857928389639876,7.674856525857065,0
8.375742178564748,0.6834197790669481,0.4989014172931352,0.06856970855267575,9.036556223307139,7.477703272096914,3
9.468706614873787,3.640938818174671,8.884414338934084,6.075124060153607,0.260378077664869,0.39990671134753963,1
8.15599775418504,9.135274059208593,1.8090096319809752,3.5634944464463367,7.715160150012391,3.258396152727683,2
8.772392162499736,3.1092957083413433,2.6437759420435833,1.9288037084650274,6.084620612345981,8.497919767149648,3
9.963676871473805,8.292825689305225,3.1082675878743626,2.61631401195158,3.0597926019558503,9.249335251928738,0
6.731241557696604,2.2836681175452433,0.8472773207410138,3.6308780264794875,9.959256538033863,9.135882704914183,3
8.554459749437553,9.139000798923606,3.4699087556858754,3.335323021054698,2.66446481851915,8.617008243752538,0
9.695822098834213,1.9609856746309804,6.756692926201419,6.946963455074754,3.6407314401065016,3.255476359200868,1
8.500846890259567,8.032978810483302,0.03437516861438539,3.3638947786103457,1.555752144784746,9.077629331897269,0
9.215554347871741,3.1587754273876576,1.975775347654594,1.3254159132990186,6.893940523525013,6.554446154223231,3
6.945900593731031,6.362832373481728,3.018639747114376,3.07741333283004,0.4957526519702662,6.230256720420741,0
9.913552891046036,1.251638227396667,8.325885455836543,9.761550555615907,3.679471129213719,1.964563992397438,1
6.158274198282667,3.6325129946171644,3.7031193355699203,3.570680180281823,6.693492734156294,9.389274772483182,3
6.688894975338259,6.606011671666941,2.3971073079879184,0.10475783824847218,0.5393570485220534,9.877211955350987,0
7.181624502723758,1.38535175088423,7.8717358308049485,6.69738445868995,3.444981998222165,1.9791809747476758,1
8.00611407126407,2.3821610448124497,9.099237997171798,9.0729973654676,0.15999882650051012,3.745860828051684,1
7.629039664607323,3.9869406234235103,7.48581302178002,9.33694004158402,0.7703596344229369,2.686840036991937,1
7.129151282937226,2.1937807238267104,3.5522826080726007,1.0238159253097883,9.279033590432716,6.3730163134179545,3
6.714639538274669,1.6617396898389636,2.009269015087939,3.042589138444597,6.009576341203868,6.932786563502047,3
9.624656280261004,2.511756091319608,3.065285751264725,3.2587777356616314,6.755198308381591,9.8973156485155,3
7.905184887241715,6.953535004727922,2.1557874675434205,2.9365176207408705,9.498359707169296,3.4375126559984723,2
7.77704615064973,9.153999722496945,0.2116940467881947,0.8921029283711381,8.974418419803717,3.8408344135465193,2
8.948011905365284,3.0403647106476153,1.6679891130682623,2.8287306868773334,7.83078097541895,8.238826189761218,3
7.128539729791978,1.8902781092273329,0.0345676622104607,1.37550808084488,9.368826062917377,9.158437448668503,3
9.449969822416211,8.293611255413351,3.443457616155342,2.956522256030065,6.236357514512454,3.6745721305315446,2
8.618766951421781,9.538053564378433,2.7914650178579974,2.5774031531504575,1.0512739631655261,8.074051343707298,0
6.728888822007573,2.5120524365860786,1.0412231847141964,3.530855535268611,6.852388435419885,9.635121845111234,3
9.331562033631142,0.2829722264924657,2.883172442725041,3.950041955884667,7.331963796511957,6.8751852558684865,3
7.811883448922398,7.10429467688142,3.044923874854492,0.43034962917329,9.556507660883234,3.829819714772585,2
7.895292466187296,2.222888893727488,0.3820671868645058,0.1627480341392018,8.806891284587257,6.602751612742857,3
8.78580117561157,0.9782194471104133,0.9351626734165248,2.7422416078445098,9.435374847896172,6.589775139892651,3
8.454295998932306,7.865075309248018,1.1447149767761102,3.824024469540079,9.739387606123968,1.4221045485686599,2
6.751272315020025,2.8446486241629874,6.337144384468918,6.759135498117667,1.762957125295141,1.3166691102738852,1
9.750023826587691,7.205662129084846,1.3758764395798067,1.7631335502643681,8.643159293584622,3.0999947734209705,2
6.1235098470384095,2.803665928874132,6.483928376556792,8.361042676852067,2.864171222952841,3.244197332449034,1
6.396707156556294,8.17717337538298,3.8185416466341,3.1337876262827717,7.126243744127198,2.8441403423798666,2
8.63959689984372,0.7077754919655672,3.677642307987725,0.9239090377198074,6.061586729287866,8.910328326403132,3
7.584366162424857,3.0095824228119135,8.3457259326532,6.044005111007259,0.7041613433068599,3.335104955716563,1
7.609833963891767,7.963978805285436,3.6062495826790055,2.364242009101377,8.908083198447082,2.9875667856156514,2
6.514577554340306,7.902161053578496,2.581005340469182,1.7921944251511976,7.034048202386652,3.8240052702719143,2
6.265664567910436,8.681078551921436,2.6532259102464133,2.264206267882636,0.41549525668812004,8.832638967591912,0
8.737226925322695,0.4206848423068603,6.150643316121096,8.575824374220108,2.1385159154757925,3.138047391849306,1
6.2327010451967055,2.65603529898265,1.3787043219979398,1.6874513035338485,8.052378694632377,9.278133767376483,3
7.579416024471783,3.205691109262985,2.692955167578689,0.10007857339745341,8.729030393994254,8.503981843060494,3
8.557156673525476,6.773742165021729,2.286888316390476,3.398109322165031,3.8865490495724484,9.676435753277005,0
6.8423537645678945,7.733536705022306,1.562503855757213,2.4533193420317025,6.518832724021914,3.2974616602526385,2
7.336009661443496,1.1379190740498748,8.957515474561498,9.328656291810834,2.3869193797548,1.3253536262574137,1
7.439209610761139,3.5226712225377614,2.0945320897448205,1.4719505450147476,7.503290295955544,9.545146947741484,3
9.908024961995388,3.5471010800953686,1.6702352492026122,3.562932639805406,6.778411645727907,9.186941855764628,3
7.5424221185397355,8.048385416903859,2.9265258573797333,1.1892509863734912,1.3240386363516792,9.732864949064139,0
7.187705565093123,2.0629661970838447,2.6939340078392924,3.2199870834192805,7.148812359787353,7.786172199674956,3
7.938376970385953,1.0548340421553006,3.36811143639126,1.4187666314562293,9.466642822082285,7.710022836269124,3
7.478648586081717,3.540282263280557,3.064204399355136,3.514853922482403,7.748296663113068,7.3735876081751694,3
7.810684604027965,8.574121493948148,3.4833790156887043,3.0203973660710854,8.256127229842468,3.1014531269697905,2
7.949292120920294,0.4184841197628839,9.9570676551479,8.765408946907929,1.2119186362247154,3.2730881494993285,1
7.722974459312872,8.934426004702642,3.3307513452990616,2.105408548048029,0.6533602905476972,8.097726650503645,0
7.217168080055426,7.921556671051571,1.1558303548518594,0.6934202713789723,7.98842905166447,2.7293198510312724,2
8.524939474683045,8.54505642133719,0.7109540645692483,3.9732515329810676,8.272976834811498,0.4078647716856434,2
6.164124720964134,3.4095509099313643,9.344772621670678,8.53542689295791,1.6571859730739664,0.9676857244535224,1
8.275484951722545,7.950581811024302,0.44005984108481044,3.8122426201843322,9.333615878060805,3.108577221877811,2
8.462200892193382,8.007152482704278,0.5595025789451213,0.21134349184733114,7.531719727034371,1.6073321900819884,2
9.26146873477867,9.646173792838418,1.8419731587364327,3.817530364742521,8.279485861523678,1.225282006933154,2
7.858932476734978,8.15001398708144,3.8114549160551787,2.53741876883994,9.754334948525473,2.507922785432311,2
7.366601650940381,8.048894727512623,3.296090725379917,3.4925291065636475,9.35607448653137,1.834162705453473,2
7.004547058458841,8.792071855352098,2.3851198477750235,3.8686015446267095,0.9185430958562968,9.76470852959733,0
9.073506596285524,7.985462800781746,3.0346822658282684,1.2234145421908722,3.303052827022732,6.567269451010253,0
9.061435268397439,2.907567462110517,7.520241069168819,7.014983018886625,0.8552110656135987,2.0543339272519283,1
9.766588160042588,2.1418546096056734,6.855403831802721,9.791162119393158,3.3734266467649,3.428157915610352,1
6.443757192067757,7.457710571478016,3.959163820356723,2.4267787488952544,2.1492651616030076,8.651584523944294,0
7.200731357359205,9.13494782878982,0.15578643715030793,2.0738853832096735,6.7900757808807235,2.198634146595682,2
9.67244354661307,8.315666283828048,3.2878068670707985,2.6266401177956356,7.678061758571586,0.7668468022552273,2
7.953216156606667,9.074569704389733,0.30811947704883025,2.837046710807967,1.6925008749118233,7.299672966164085,0
8.958898444952279,3.4546412460480673,1.7369978515752926,1.0026056137121038,6.265194093190837,8.666033143917382,3
9.990650868364293,8.588886738960207,0.26499076898109397,0.8428215480378247,0.4664699924514153,8.356319444016663,0
7.906638759667971,9.023125046995808,2.601538988607299,3.7485906994575746,7.982215797971728,0.32700144798269015,2
9.996415665632936,7.01525514160546,0.4650218425318986,0.5997180434508791,7.900137548699025,2.472307568549804,2
6.717254276404271,8.076098840187804,3.695240852427353,1.8985043073373769,9.445572973450204,2.018277480904956,2
9.995860097264963,1.9058698803212368,6.601383908901235,6.4283611458047965,2.2343023806801874,0.3373718996894879,1
6.098218492210981,3.916936020348535,6.507224214012453,6.208094821904341,1.4468811585933583,1.749855174661859,1
8.37864005639847,6.982630643641345,3.427594997229835,1.7389759483168206,2.2067637474478077,6.713461072892389,0
8.803663015311624,7.583035951183156,3.458518637470487,0.2613086531656643,6.173697503648996,2.2068260699094724,2
6.2563264904292,2.2261004509782847,3.459238241416044,3.6597815356208754,6.400526423524329,7.837156899694904,3
9.214126398207704,7.199330471796148,0.8138312731989972,3.7107147333632646,3.272157348887943,9.859778150008452,0
6.910105001384447,0.4865805933651317,1.4567090106628862,2.4150165954334115,9.541340699389524,7.453163861705503,3
7.813421372466024,7.04853427894326,1.7904253977452873,3.556547822875187,9.97136121738554,1.523999455491842,2
7.77199346294446,9.112107114659903,3.520627706561459,3.039470129736259,3.107497318123174,9.902863496358007,0
6.714850871822799,2.862522966502663,8.342091828258992,7.810043522390821,2.0094044927991814,3.721942914830302,1
7.422024422872111,9.33206697783078,0.6991495299813755,3.7447601397297174,3.0407736266771637,7.6976239741618695,0
6.133702980237057,7.795431057071196,2.4294838913837613,1.4937989384833927,9.062948890551038,2.0667729753024355,2
7.82964870024746,1.7992889035774935,0.4774077011600619,3.303791331538571,7.719324953656821,6.3600852124404765,3
8.373481397401836,6.912521305272325,2.0341826197020274,1.1976163245290623,6.65473881045886,2.7148639701365864,2
7.383721641800385,3.8707859355282115,6.512052462873717,9.086612620416265,0.9476342360278767,3.904971217024403,1
6.712146924728392,1.48856879491606,7.645999936039125,8.946508995247456,2.957149795652586,0.7619043358982429,1
7.4747233684134695,2.5632600545231967,0.4567444757059862,1.5145862556357006,6.648323835310544,8.72001053157178,3
8.21678086493938,6.0036750712033164,0.058200251903604006,3.225040580945504,6.004664850868469,2.7465851945517263,2
8.494667256131022,2.9172856275147883,0.3709992025401765,1.4850845798881767,8.895769488228542,6.370285166315824,3
7.240034720253998,8.32284304076212,3.476899298154827,1.6475559244568374,2.272374869376494,9.99039100166349,0
7.045090355929655,8.843387816763403,3.5676544181471916,2.2340512018002348,7.7035698495976295,1.3953937908833312,2
7.528560356201599,2.6485819675156557,1.5981414270321381,2.1398684039587397,9.681209120059927,9.909866041550625,3
6.503545401033616,8.642799837803773,1.4459532761436944,0.9475770840162503,6.016457959713234,2.1043759604753487,2
6.0257057143280495,3.0396448675377528,6.679891583432672,7.887210903868127,1.1938507929092816,2.772502606601811,1
9.186111346488879,1.4218151496734222,7.60414710276807,8.675452127180717,0.00035230787556361776,2.112894322348793,1
9.492527168564852,0.9448386128611777,0.3922063456316476,3.088710018044799,6.387915505607812,7.505830461123322,3
8.19121522539754,9.83516909262839,0.16124002233160706,0.14259636403393872,8.076433359069842,1.356636027216957,2
8.244151034600463,3.1298735093066288,2.059335013564285,1.405574255397509,6.329491903921133,6.1830390751687645,3
8.102597142599786,7.374308983056896,3.7080746809090646,2.2386396467838017,0.6167850927431751,6.466016013590359,0
7.157891260687447,2.126739714159,0.5259066679150926,2.6459089690127255,9.737616086356741,9.196796959899887,3
9.451315728186534,2.52048253248138,7.201655465534888,8.020307672420207,1.576138942922519,3.104239601119712,1
6.975314511040809,8.688684535686953,1.0781391629429158,3.7505569852662073,1.1499513578390617,8.252316690847614,0
6.753823200988757,7.700203193979011,0.40401548942665144,3.1891667395958034,9.839101241878296,1.2779341012836634,2
8.477524649898072,0.9189386818099199,7.83955436451358,6.3370864805258345,2.5261165298856714,0.6581774915333329,1
7.699704250001185,9.210347610491695,2.0970565272193586,3.4199864708607857,2.783436401715966,9.273244750455154,0
8.454894984768957,2.6474834736869943,0.007667500583959708,1.0102669392752324,7.214152394226029,7.9278570367777474,3
6.784862474329259,2.1377101577480713,0.6781082237968312,3.159434783585056,9.631022263571277,6.774634366455254,3
9.976050806591056,0.32888475862991573,8.024555002290205,7.35256660938725,3.013429464615685,2.036787889143566,1
8.655724188785733,0.39168353066438,2.571873052688505,2.100172188631641,7.532232933003893,9.928874575996534,3
7.959370705377482,9.662086777163523,3.4067631122330573,0.9058013262745819,6.187573591962993,2.421813023341547,2
7.5756631433565085,8.658048020558306,1.0365299768095984,3.286318374444144,2.60335137522862,8.577932840598603,0
6.784638398215259,0.22469539491457136,0.44790632598741276,2.528002685773639,6.1599788074877395,6.714595814297453,3
6.677281187502763,0.6262946063304944,0.920490341857334,0.17278767735686795,9.34759346137604,8.777166898566403,3
8.018777111143716,3.1828067352271345,8.95448253189674,8.877578208376502,3.299555593997686,3.2085121598877167,1
7.6598113878834795,6.887620634154965,3.071491546395006,0.36716622591014003,0.7669288318758132,9.406778241444425,0
8.017191259165735,2.784700091357649,9.007008920772051,8.945316395530147,0.03940032365977997,3.5441863314573574,1
6.547398608965232,1.0537384798117548,0.3816402612823939,0.49413010773524313,9.086777345980671,8.675167642378979,3
7.341796168598963,8.64382924170007,2.015289728522777,3.5128956533186457,3.4991754677939486,9.647535268094922,0
6.531984169031608,7.6972885702061955,3.3563568894987803,0.8854487720344593,6.426484607882233,3.0380250087927045,2
9.92261774462514,6.234152464019675,0.2658037820039265,2.8543567294013776,0.1488503506348029,6.880309922255623,0
8.197009195140406,6.981332767346983,0.6289048961060573,1.0674739025236826,9.391223237258766,1.2994412444963244,2
6.170618863759657,1.0881985787464,9.693270631246094,8.60977574801977,3.728890126192993,3.2568857752022664,1
9.631779284033016,0.48294532708419524,8.893857162673909,7.124106058914717,2.7567617570765934,3.660033238577976,1
8.856562587533155,3.82487026124641,8.677710033877016,9.209197041955404,2.6553611967667603,0.462561067647989,1
7.326627745088962,1.1021315145451775,6.377720887676562,8.406032346119424,1.189901689578095,2.2134495949478397,1
7.460018671938606,1.9867398159624323,9.919327325613338,8.588280972391628,1.2629843962471052,0.5421556296420462,1
7.133556789057142,7.442865160095492,0.05790668361149098,0.03495474380889174,6.284652384635052,3.814512600365901,2
9.455909242346035,2.1710558479156505,6.962479925614954,7.537142629525342,0.9677496952653164,0.0051368557204911625,1
6.186727381972973,0.757572800938048,2.592277203531502,2.2562242561627617,8.544613130460462,6.32200460952498,3
9.990831750017303,1.689175305192561,1.6242273453611986,1.2510059978977992,8.335169836646338,6.657088922260675,3
9.409794356388314,2.6907312948269824,3.5231164914525923,2.4237077342524214,6.491652405614509,9.540449154931443,3
7.951660863662639,3.811841812647173,7.3514202844152425,6.9478025409275705,3.3739571612091317,1.9236297296053095,1
8.496229596220642,7.678012991160203,2.7465512685418014,0.7336698570724316,8.010112151614246,2.4690377120060467,2
8.793468198501367,9.978287392935236,3.6843564508297475,1.0790373444746062,9.202369655319874,1.748454569279347,2
9.242176200456841,8.14073480577388,2.433269069762596,3.738106916770031,3.7710309107549436,6.5701833464174815,0
6.5433352326073235,0.17327470301293157,3.3212353924138447,1.2208696130702927,8.249082030236403,8.334081243698348,3
6.995854323457967,8.021873988705966,1.8488635718897162,2.6824923917570778,3.023536119797393,7.880784039728136,0
9.794137710232132,9.913013226493334,1.5042836266519588,1.6074970924290128,9.6533125677265,3.814327731216406,2
9.17461575292497,9.540635015798195,0.9713777520127942,3.0466324756462155,9.700613179746323,1.986434843571125,2
6.401344890194797,2.969901614550269,0.5102547435211067,3.5494043678623766,9.811348112994802,6.503982450833284,3
7.340459031478366,8.948148617360314,1.265731153047935,0.24704065701531208,6.776202306062008,3.5251109264227583,2
6.338148079028757,1.9231640694858623,8.635674990181634,6.1036441108500075,0.08475389810061795,0.1192195450308624,1
6.56392085526104,8.33221739663594,1.2137060884009307,0.35489683925320303,3.548734420991753,6.249217690138478,0
9.084030904486163,7.5675702413989745,2.9865087683671567,1.0653494107219195,2.66620778809217,8.64806641679159,0
9.08832827632531,1.0450059820353546,3.2526122896959464,1.9258159573530467,6.193056735821751,9.082890898856991,3
8.393103263295712,7.999041018836319,3.7923674743132914,0.5247359683536055,8.531942821632319,0.39211165010995686,2
7.066336710681428,2.8970759764062883,8.286633687615701,7.908580028484947,1.4932407569857293,1.841289882173963,1
8.023115486281322,2.356990631213836,0.13232332641776345,0.1793424086622255,6.57936346308345,8.19394246894888,3
7.348282944539594,9.97808056692606,2.6951934603791052,0.7591801017044211,3.1713240005251038,9.003743935680369,0
8.266521669394542,0.906746785013882,1.575872444241206,3.7939531862090488,7.918662184688103,7.0113469948878615,3
7.470636752874104,3.160544839693765,7.174641333018235,6.536775885868936,3.3649502305448546,3.270212433211985,1
8.462007886561716,3.977755667814387,9.541186930932344,7.283944361722208,2.3426450505140872,1.0319545267210959,1
7.7366320626771685,8.629536360966789,3.0697105010379437,2.500425406552762,1.057530929175945,9.28945055315285,0
8.209602130889017,1.8515933902958701,6.927106196138034,8.156761628697122,0.2720107054461276,0.8294302529387072,1
7.886805486300246,2.696381558670944,2.0937524385128023,1.23426873852838,7.820526013599803,9.649350013529011,3
9.294414884961714,3.1375474998319306,6.369386939022581,6.571845247570694,3.8287372495210077,3.2709015061930113,1
7.4232988808572244,1.4650453205525058,2.0198047227830367,2.948105115513624,8.182425812472028,6.5351190026328405,3
8.109505121369505,3.9453480631833164,2.0523429714848596,0.5608013174558852,8.072568764673806,7.250431198118037,3
9.724206315068248,3.152861840939927,8.313089234351878,8.87249610200211,2.2669929107981557,0.9132432441831395,1
7.680212278534928,9.759146231249552,2.0284417394066536,3.2472964052943905,2.6316491196721428,6.634164402100626,0
8.717372021740378,8.462468193807917,2.2237419587150975,0.10921694696803996,7.525471589020434,1.9461568379467695,2
8.432054661680983,3.578070875644686,9.295165866421568,9.774504299346265,0.21208268407402153,1.3026621333082455,1
7.086912302320672,0.44315631523184607,1.9415964896484108,2.396635991455303,6.539503577879104,6.701827353255071,3
9.963554711510367,2.8027145494618155,2.4066773348367327,2.838362252105809,7.713195365386433,6.250601987737058,3
9.467327382722884,1.9537983709741336,9.65367780257352,6.07525847944249,3.521054385582089,1.1300487825632395,1
9.016612235188965,3.1022395885094745,6.647258088149858,7.972246720799124,1.5389643595303117,0.18802284619174436,1
9.682721308451757,1.8027646205241514,0.3812759802845185,3.8111687828500744,7.251169243541822,6.724962384954769,3
9.597865830864158,7.413060228746444,0.7137396493097548,3.99817020487567,0.46983201295659205,8.432130365506602,0
9.4057999060858,3.894134608147962,2.3514058327745846,0.8121371890783151,6.169364484055171,9.73491482527786,3
9.068786824880469,1.0483159186542226,0.45275466895769645,2.9797725355074487,6.140193976279251,9.210440066949392,3
6.629370856178765,1.9934845118395192,0.5008278028762811,1.4027001641022907,7.369342253784873,7.060499457599747,3
6.7635613467539955,0.6915129161219968,0.4588136031454515,3.8961362843442937,8.438504108210624,9.266186458361556,3
8.904772098538752,0.15425192223875772,3.5741971039422356,2.765293293097272,6.566638033383944,8.858585085657857,3
7.6865496966888,3.0597032606357772,0.2993523402143454,0.7975512105643077,9.341709559596744,9.201189418433072,3
8.08193689082732,9.776980011024635,3.396192251847578,1.7748130441358372,2.4698244057966567,7.524514298491843,0
7.330465479347944,8.397709231771646,3.2280572618727805,1.3303019135518244,9.0172616788532,0.05335239558610905,2
9.546572385882204,6.00182618561675,1.191310772411129,0.09589780153524119,6.6316522244058405,1.3153178560925927,2
7.146404883103145,6.4362505659352305,2.037094378478843,3.252056997101455,0.7151674310810034,6.575315412282645,0
6.784077595146243,7.08721723845782,0.49894893636166904,2.474868330549533,9.711104131696377,1.530621318888271,2
8.034464160594833,3.56023076532297,1.7407328615393047,3.484627578030663,6.3579235792242415,8.986318500165456,3
8.109607538625701,2.4041214616211146,9.074063259515839,9.753373507502275,3.5220103590148155,1.9136937990507294,1
6.196519794571165,6.7068513901535365,0.8734147762767193,0.9763009928980071,7.9797054744366465,1.8242548378323384,2
8.534087154090681,1.456351053766055,7.342243543556579,8.636243773913701,0.1042883290556258,2.1482817310123785,1
7.602599464777958,2.8600351164301454,2.981216633361337,1.642234259074431,7.891115104293691,6.610197394874165,3
7.650529299007687,9.311317656913522,0.42413246783391756,0.6781795410777574,7.948768523276288,3.467903061669364,2
6.203176561034823,1.3432852943628824,8.919056992187622,8.51415372326943,3.878068697089303,0.759495531401503,1
6.599195808607555,2.9391883474707767,3.989336987176174,3.328388246957094,8.175778246194929,9.60175593868772,3
7.364838391008101,0.1362841672813726,2.0101378523276745,0.8732996579871046,6.068075127586237,8.19186729088026,3
7.814258551555045,0.8437262039427194,8.026748485871616,8.020660050832708,0.4041456977122859,2.1097916215257273,1
8.863637162326468,3.033704834284607,2.1724162594027696,1.667800699845821,6.650094533663749,7.462730431976542,3
6.759963839525362,2.895254064340518,0.5792745495647638,1.2726830324937461,7.675316304282082,8.93496007635739,3
7.866699678557557,8.794549396769964,0.0259367982084453,2.2648727921358973,9.333666610769207,0.4066394520138865,2
6.816239930155097,6.005027509356784,3.877591693964854,3.7039630689552507,3.1214838023113676,8.44713716091145,0
7.262982325532073,0.005462167148944985,9.8495668034628,6.4549011345496385,2.2071187377775954,1.7841060507159145,1
8.42748484806699,2.050199142957746,0.029001147555963502,0.22496242048386028,6.227673052341041,6.571749384622807,3
8.519279369413546,3.8588806051520006,2.7218192957144978,2.5842340001033404,7.1059228907812315,9.063163854074794,3
8.625051129245477,2.203675884462404,8.682695071894516,8.133524134350584,1.9270020193680168,0.22188331775977943,1
8.29625860982668,7.072072938594716,1.0286033778716592,2.3186339613840365,6.040640676318345,1.6813332843343054,2
7.7508230166668035,3.605875192729183,9.374980636658883,7.906854762081956,2.5739225166921496,3.7630319800212626,1
8.188348742531161,3.766462785183686,7.5955283845363,9.959456504978398,3.0404318431546784,0.7868401512857139,1
7.87174779918699,8.488144814951402,0.7810225330215532,1.7706820741297689,9.59249234944529,1.8680913034612248,2
9.684679702766232,3.4057166167963993,3.0570526401214004,1.543188214166562,9.212260503947078,8.740834615503058,3
8.91275140569604,9.244870397643652,3.897591367552578,1.3246036564018997,8.491033298204501,3.581461636608386,2
8.968175873557655,7.837130661932129,1.5975180045306825,2.815409239562664,7.418462626254968,1.8068230264513918,2
9.66143186845026,7.016098363669027,0.5952190091122436,3.740071279633068,9.308755001900238,3.4530683983891173,2
8.518290879192053,7.528169401220233,2.6700585507588266,2.4831489446454658,1.6575763139149644,7.475810651470736,0
7.599284706248552,2.987198070087316,6.816762106304387,8.366312565583717,0.6755620185142996,2.9281245097258584,1
9.485931849590173,9.763010069414491,0.7520028651381239,2.126146060358012,9.530386851542548,0.8984002172108636,2
7.302462227753783,3.4775590382388595,2.9884762476226046,0.2807477180673619,6.743480624802052,6.042118253687474,3
7.350189223575828,0.2523204552276117,6.680383610642986,7.960983043315251,2.22384781894003,3.487435974432377,1
9.575279041371367,9.599407566012996,3.1955090401608888,2.517984307404001,0.4430898599738162,8.298403616950331,0
9.221237130501196,2.127582268936529,0.03794591651629675,0.1053000462519007,8.236260323855323,9.311417873071699,3
6.493592356721378,6.385635748429665,1.7913621606064138,1.36256706690188,0.48897187732992853,7.672893972460493,0
8.638857427579325,1.3480288055478833,7.26714583394798,8.791882254252524,2.71687911840305,1.455388030451128,1
6.2403598635168365,2.183668976289604,1.0847637212807588,1.8372158712199687,6.792176389919714,8.8786108911088,3
9.528728226660332,0.1524386755754925,3.8503081816342117,1.027418527260774,8.596673829194359,9.168689533926463,3
7.379380886511644,3.4242270345802104,3.5340183079152916,3.240274593280123,9.033815315627194,7.975890256329004,3
6.671110467859657,9.677213943794335,2.5618032663439076,0.21852092598417938,2.4235429782086704,9.438485923355655,0
8.209052675609792,2.0046826483712303,9.790762037713444,7.419320850065954,3.84154976449516,0.9997503887135051,1
6.347314594925914,3.877961430371982,6.583917033482251,6.563480554942748,1.791734303510069,2.273439969683918,1
8.288335874973718,7.046847854984902,3.7393156786866126,1.8744876371548358,9.526351505264527,3.3308274353746024,2
6.397611975980153,9.61700241850967,2.3345161093782845,2.292548894646089,2.7382976398154826,7.566743522233801,0
7.146690961624577,2.9437225305803305,1.8070303894695723,2.2703078669693624,6.237349585229139,6.046553970702835,3
8.798170004416608,2.830671774062688,2.4563707798700563,2.1534485983071407,9.961467095466148,9.774878075382471,3
9.974730066603644,3.782032196768646,2.50575269114322,1.7832480365154577,6.665090460549717,6.054884370871289,3
6.403441348328366,3.332146682494981,1.1153609596512575,0.023385456265232918,8.964211122742435,7.362278325242332,3
9.727010996696793,7.768032244456931,3.732616927661515,0.9075355669569776,7.2042686427527105,2.143315417174787,2
7.982129725589039,1.1878467221533482,6.143094415534156,9.355419131207357,3.9591469573421665,0.8686120155115709,1
6.371758914830371,2.8582103781779216,9.505918319374038,7.475591999316236,2.0990714215754527,2.134389811919145,1
6.990064270693744,1.8851465280393565,2.739738439369574,3.843844024297964,7.562957163330107,6.87158743317967,3
9.326690850309774,0.6573946551812808,3.2416624941362358,1.4965215928854274,6.144949234217337,9.336350020848045,3
8.202526175041962,1.0630679917941404,9.39618243813682,7.2461908619272215,3.6641164136331184,1.3430785679471207,1
7.152778304061769,9.534375536726927,0.3111234118633104,3.003497906514175,2.258808388477026,7.683646794155507,0
6.916462033026017,9.285648263694354,0.662186466251518,2.6195715988049804,8.177258359561733,0.6444514597066555,2
7.464168126323716,3.6978720663459668,8.021844844449287,7.937444565774273,3.534061549181163,1.6356384055155977,1
7.009750682737634,2.5150513634509113,0.9080533423360113,3.575929539862396,7.890840152815601,9.522706494719749,3
7.3152706301897155,3.7762198935349005,2.0181051630286935,3.3987751869112333,7.049126734129924,8.494179431543348,3
9.989428243141084,9.167356451569828,3.9111241959791263,1.5927770709460574,6.65157091737165,2.2685498277934966,2
9.809519565469088,6.8496714890501735,2.820138368504162,0.5855051119560448,2.7357830722946495,6.414581440414745,0
8.007234154016716,2.3477645914877234,6.513671251164572,8.439639956778548,3.4300513095050134,2.20159074340672,1
8.904568691870892,3.794775475448432,1.500916858143869,2.0436855030538092,6.015948410018858,9.820158539950011,3
9.631910407897193,8.4886386795084,1.2682413959890573,0.22978241871387972,7.077629693907684,3.3698575260322503,2
7.300404528328784,0.3584315068224133,7.023142681388471,9.448669234070778,0.7190776580620857,2.2982770155255072,1
6.596760339144202,1.02030881082809,0.991925777059981,1.3105198006235832,9.37938091474529,7.748894572397871,3
9.284665308655468,1.843919926405993,9.942797111359283,6.632231059472261,2.3469737303087728,1.3783022478154536,1
8.948707873291752,3.3916055164337497,1.3303413403825948,1.3599809360932382,8.810701382534798,8.865619713519376,3
8.184435375793878,8.899556158028076,1.6181039416774587,3.910145468402802,8.764119472585442,2.084070900656823,2
6.453622897829414,1.3875549767388407,9.995873427133802,7.050173719218703,2.0263585370481296,2.1701071990088914,1
8.15227619007246,7.559460893191295,1.071129483824801,3.1025663695941836,8.242657074806932,2.4180481765072424,2
7.74627770193212,2.078986102276887,8.804632467749194,7.5020801764660945,0.886769271340051,3.3991644334011686,1
9.807576894200846,0.1713721731187552,9.918254150177411,7.984219982588256,0.5372664996420475,0.44518229759068806,1
9.371390735464683,1.1438548376203284,6.38008041313681,6.327736543911089,3.51527454151066,1.2365118594397182,1
9.995016956566491,3.5064807643791487,1.6568071050503117,2.3689630982434524,8.733275180923838,8.754818793069367,3
6.200598499133383,7.359551253927421,1.7138382824525071,3.371117028779419,0.06408633884109438,9.836333582852394,0
6.683504198499881,2.6420670467613756,2.439695962701881,1.0856818909147279,6.561110545012328,9.425227915725122,3
7.397320270225119,8.322517192309279,2.8353500533499045,0.4439348816438642,3.312007982799924,7.304703494543139,0
9.466352847492939,8.313607635866905,0.5527252351587904,3.703300418168664,8.69839544927489,3.3541557546386076,2
7.415574483310175,9.9846091996447,3.046492667136163,1.2675213139667467,8.779452654643611,0.5085643996153837,2
9.67655578587937,1.66217473145457,6.531124686549971,7.485252752511066,3.9943448845788745,3.9582282456021898,1
7.742385440159412,8.574911630409826,3.342462606953633,2.841025443663732,9.396055087799269,3.447075194102603,2
9.561988927532258,2.576883982432383,9.572790205219892,8.764389228419082,3.586116120204405,0.4081094016751954,1
7.716934972084124,2.0277652305246736,3.5301182737119743,1.8817074576984312,8.466111550056128,9.997282380964812,3
8.122198092326443,1.5780681807099959,2.544522111555357,0.6208997499732862,6.903804602663797,8.093278313068764,3
7.0969815207261995,3.1555426009463328,0.7116062796594713,1.2734338605779114,7.4646632508034365,9.64670118565191,3
6.3661996815520645,0.6096713878838615,9.866613824334053,8.319195414993144,3.1940311739233986,3.280734364504169,1
8.0376780572897,9.276076560751868,0.780463911255219,2.245423134280228,9.119579981784963,0.08297058283854852,2
8.814275091048437,8.884139772774553,0.052855937027793676,0.28140172311421274,7.38819952323892,0.3187617022836826,2
7.001981152097399,6.442241343987794,1.137487495559352,2.640595936786563,9.581517825011483,2.1115244625856104,2
8.515207156844305,1.53659206651305,1.8292807712645414,0.1646459494716872,8.833490166877851,6.22839833315523,3
9.220373216257496,6.417891071664106,0.9676141332634067,0.5973164064836172,1.3716274666945676,8.192978081209624,0
8.160678162229116,2.604890483092696,2.75212294765664,1.606171221472422,8.342457216222893,6.133465502225148,3
8.320523029456481,1.1747839575618828,0.18392944561425395,0.33981108229901524,6.354657410322551,9.806712308073523,3
7.01382273998004,9.728788209979488,0.8271364773430214,0.3064383462678273,7.467304992101031,3.553503589922584,2
9.994635494916254,7.318677797586057,2.478345773006821,3.3518289710670084,7.419937586410356,3.810068183384204,2
9.866072943003914,7.055477939423941,3.9569265515282837,0.6573822095388664,9.803895029903678,2.8830332636429707,2
7.795471264496014,0.04013958169348397,0.6147467390280359,1.3807846636234102,7.77324332065544,7.894612043303388,3
6.295222243363718,3.291464274644353,1.154103971675029,2.1595699312340835,6.6111196545757505,7.611902114771122,3
7.167759914549729,0.46578356555109846,1.4689820236329072,2.642680379674584,9.760552078648281,9.15550295772169,3
6.438906526141265,1.2694971182071866,3.8037775165038377,2.04100207015042,6.580090532121909,8.467129720213336,3
8.219720154665069,1.327387185228179,6.744087433393739,7.332002181396233,1.687349758824134,1.0769636843554302,1
6.760881548798848,2.9321682201603276,9.763756847839126,8.951652180981874,1.3016902276147393,2.2494587565232274,1
6.81339742393149,0.5609082282941302,9.067471194635608,9.371839857162632,3.99773523559882,0.0631901497730527,1
7.260580986524889,1.1726772143169648,9.168133244179351,7.238997442187639,0.4472121407257399,1.6135717277557946,1
7.423817953591893,8.496641719440147,3.591128960966059,3.004734260110226,2.387826398046882,7.963042466270558,0
9.278011690242394,0.1616304350846658,9.665731943455564,9.28154710655617,0.686938470613192,0.9050524336919943,1
7.899883962272778,2.1970238057180542,7.08435110343466,8.096809867818251,0.3428784867540857,0.8103997743337765,1
8.898571137677191,7.243402985045266,2.8068492012885327,1.0630867551864447,6.913994587206384,1.572510368612806,2
9.446084087118452,8.19258260006276,2.13334566846883,2.516422281955086,0.6489167694459135,8.271355254584826,0
6.1791735331642865,9.12493458226735,1.7421240982592523,3.1522298799569795,7.155707014764719,2.7333339608088685,2
7.2613622037780505,7.756948724528133,2.1863664915149967,3.596885224657045,1.259750481553728,8.70258450547728,0
6.2927418463797835,9.186372995446405,2.9858231660784553,3.9456385843857307,7.794231570229166,2.681224482385758,2
8.537336438386113,3.970833585119032,0.7742892214261743,0.8072664486703212,6.7859033112133265,8.601633484402623,3
9.107865087171009,3.311361264223688,3.8964304299168497,1.992389120319113,6.9291847306502685,8.045907373425827,3
9.959267301499102,8.158685443782371,1.1547647929445914,2.3915811051227176,3.129310913101598,6.830499905753468,0
8.906337733170833,9.02957582287448,2.3245771735447875,2.3918821558233754,0.2689411250579501,8.139336052413409,0
7.220740752695593,8.76827326739114,1.2679569109511744,0.4596579308707178,8.21505090151643,2.932365761950062,2
7.3206704270153296,2.5022806851023605,8.025670672517583,9.227859398607603,0.6077059218439422,0.7194182541177896,1
6.2213302412175855,8.231624857223267,1.6400542438339665,3.480525819329123,2.113350628692887,9.389886332416975,0
6.779946494014445,2.0717946492418333,8.392400383474468,7.9121712810744125,2.5901005816742892,3.0271448374564667,1
9.416574055361137,9.292681099587647,3.664551528927335,0.2203090345159353,7.7554346897331214,2.9333548670289065,2
9.083170822528272,7.8724031493282265,1.199299610265347,1.6828548226288866,7.220982200989156,2.4990601657014064,2
9.640330240600022,1.6887406782939909,8.01495339718605,8.641916247403795,2.446501862185892,2.702688224964444,1
8.266163766210894,0.802024814240156,0.7442510140341905,3.3069642658080887,7.9208750322224475,6.890216088355019,3
6.487646338585497,6.7314043647770285,2.0390947307893037,3.9264619168933956,9.601071911421876,0.5062249380896371,2
7.123628479526315,8.162029187274856,3.380032413625198,3.380014365878172,3.543438436877659,7.826633778954777,0
7.934705144929605,8.988051549026638,1.2186115189154347,0.7215272640436061,0.9947950029590924,6.333599018891998,0
9.682288758620096,3.055984781318758,0.6943784886720303,3.2699581450780495,6.7349564851659265,6.3207071405574276,3
7.527410196919321,3.8666882113011614,0.4905925013999708,0.28749239217516287,8.917478425504173,7.680761126089569,3
8.585661670303937,6.554838841999351,3.118538182853297,0.8116055081627538,3.862778966280217,7.190473295602496,0
9.4832270732936,8.822641200868917,3.4349927769148634,1.3316379678587875,0.8900818140429281,9.007201413946104,0
6.536806745731903,6.3570754131814615,1.1742488574737617,1.5006810429175177,9.16736929064572,2.4902446909139,2
8.978818415723488,3.203575736058012,0.3473525455299429,3.4604080781096145,6.387385954001154,9.871007438577003,3
8.018504745026734,1.5819383209047548,2.2547207214903846,0.9683971561607558,9.449383726832483,6.745327379291938,3
6.546981020513312,1.861500498802049,3.043866920772058,2.0904525977932393,9.091719968838708,9.557267294025472,3
6.999309036226132,7.441854030072263,0.9353249309573575,0.015579296659006037,1.295048942253438,8.017714434283935,0
6.301065142953734,1.9552300763260222,1.525101783150033,2.6595910151471314,6.180025979667011,6.6720507739386985,3
9.977712082955302,9.751925565783967,0.09067513957233375,2.314673437808595,3.269241488671262,6.928535513542236,0
7.5334267495630876,3.17247720851413,7.254968895116286,7.937457675632201,2.9141738233720016,2.0464377802847684,1
7.108539452980762,2.9351734241158143,9.258392335166489,9.415675189166883,1.514394116607758,1.7964245681613225,1
8.725072221780838,6.941954371177058,1.0958891001040256,2.942822640382406,9.845593799478287,3.2099429290064405,2
6.170693502478899,8.270589009831518,3.4450138753628994,0.40309838811142784,7.919651485755626,0.20736813655090636,2
7.991353124229003,6.922739532795871,3.081851725978248,2.3091321233811866,0.33498131690086685,7.125271617919562,0
7.029748762676922,7.958624016554003,3.3153822163118516,0.6786195041621652,6.0864931143180625,2.7696947388228463,2
8.320308653205714,8.532339527587695,3.1859055869118063,3.7962085760402395,9.985908452446205,0.20968855363272754,2
6.052864438692858,0.6731121202387609,9.230106949090285,9.0925277036152,3.544513952860745,2.7497780025906375,1
6.368107122687602,6.2393924900235564,3.2961073581403015,0.6680183574710705,6.70407353322399,1.5117908320235847,2
6.480276766039101,8.989270251233112,1.1045326029217013,2.599135437652291,2.698158692840393,6.655860165425564,0
7.436066905060637,9.509512893550022,2.7741603363570406,2.1498899517965033,8.744399533568718,2.314956527698356,2
7.297068561320561,8.99033153607513,1.5702964653449833,0.31180700133416295,3.9461889007552635,6.300392680915292,0
8.422770524467833,9.33510157808704,0.32195380787279415,0.13271668794279012,0.11218818132040376,9.026374725721032,0
7.432798811092608,2.469269564653313,0.7425645843887603,3.1229252796273888,6.509472238900624,8.30117572372921,3
8.706180586729575,0.5650359822250319,8.015672499021797,6.108196794490938,1.1289655389750046,2.559796619166271,1
8.081954993824468,3.5391942039497315,8.723771526235359,9.916587314242854,1.4257063911778047,1.687981719871643,1
9.54952870847519,8.995947280626964,3.952712294521323,0.13073977971940431,7.0262061417518,1.9771308125185256,2
6.030735170206325,6.101630540551674,0.733574264505723,0.6959987736156394,7.73584028244558,1.8429003060547808,2
9.323848662228693,8.340704106820201,2.8527279966803594,3.75332535753585,9.165138286432008,0.7521400294325638,2
8.544147828320847,8.083574907661143,0.4244669695179484,1.148913804970746,2.5410286798440187,6.99359313720943,0
6.796053660714545,9.823433969927677,2.960456602630711,1.7922312851222273,0.39664399675934003,8.35572656030935,0
8.287610389078509,3.7752578056833905,7.145942686905853,7.632187950772267,3.2410083922658304,0.49239159625622886,1
8.17294204920221,2.7519719733856323,2.7433276744158412,1.1596443232901699,7.920357717640141,6.6371572063704765,3
6.591995037853956,1.7208116556395336,2.865762270451651,3.411057173005095,9.565846080191344,6.383569433302336,3
8.395968186694995,1.7865018221029705,9.238137878185658,7.743392357663471,0.4108105627258887,3.8934725002632904,1
6.37339151396842,6.739881542384266,2.309912728077815,2.3709858993053765,2.566563651679424,6.1962115761977135,0
8.073417823552655,2.0465953233588587,0.9498962196364773,0.792705524581526,9.42615931899709,9.725776176108242,3
8.91986903161585,9.528386026522607,2.0199551494729273,1.6114459858552181,1.8501581804080218,8.813016530537784,0
9.01964071373069,8.312883108589382,1.530666223653824,2.1117094039410724,9.088573158193793,3.7884279457159176,2
9.774945507252221,3.0740188261483627,1.0250147549366537,0.9866235289021006,8.691505304564757,6.374272278504038,3
6.885797294548304,1.2501899318077965,0.2964135161146295,3.575068362797852,7.195508822804527,7.6952485640562465,3
8.528772133111943,1.4435351251649333,6.443835576172485,9.420538827119664,3.2604864503997817,3.50630794017907,1
8.641180308145538,9.883305325908319,2.9490072820232562,0.7144107690663186,1.8920227668162082,9.80848130815107,0
7.004569534744229,7.705773682567246,2.326443097328773,0.5268772371313912,9.96283212443403,2.577126820271342,2
7.674442236367071,6.298557140806826,0.20160420174856197,1.3191030803829467,8.583168453881145,1.7653301340368563,2
6.3639444672825665,6.917075870916248,2.283057705125842,1.4349466221963358,0.24844166395740785,9.795396878883167,0
6.614886156662976,7.116634577074381,0.5773593505232051,1.7807999266448213,3.210291736494426,9.97152479604165,0
8.73468543913493,9.889313075315405,2.5137038901199698,1.3120592056342515,9.957928283647703,0.42025818416043714,2
7.919469776519963,6.239554811284304,1.1431811091181028,2.7919680567863523,1.1865987590387106,9.956687607688863,0
7.40488840644754,9.006816637431417,0.5179917206348135,1.8526719867083292,1.759543966035217,8.542595875850498,0
9.592840070798392,9.162187564805592,0.6926503142968277,0.4280656650649477,0.4945703719255765,8.502195853718213,0
8.405545286759835,0.7784536872554324,7.197460627550469,6.33108222053554,2.1918090015022846,3.0843395779286875,1
7.312318357431767,3.2011634331854766,3.01630115474444,3.362805795115558,8.16449450448964,6.002849505990823,3
8.914948697644865,0.0918882357337556,2.7820302671515553,1.5851714231266807,8.832073401505415,9.6376406814811,3
8.45014354111674,1.4092370517627244,3.5703284902020074,1.4574550067536935,9.09502533772056,9.424994662485279,3
6.266464740736795,3.8312060140350828,8.774929625276904,8.324839146328202,0.5008043713536519,0.15205419288163524,1
8.158674861903785,2.2255331261080697,2.8561709471828878,1.0057559840876364,8.696938696695181,6.9020391350876595,3
6.573189337902326,0.02861932783790655,1.9407646676888177,3.402222827551085,6.908111738317525,9.673012651862585,3
9.657667761631856,7.637485833931306,1.4694745541359802,2.962886008890075,8.456664259178204,0.5854362120011944,2
7.413972291714682,6.194513187075504,0.0894939380240114,0.4151163152343038,2.8892216647309383,9.466445603248474,0
8.936160209064829,2.552037614580586,6.99916048067894,7.391122221939167,0.277862745809891,0.8894852418964949,1
7.699373144899974,3.0670745342025887,3.1872417398845636,2.0549233603210886,9.992193829572155,9.349943484311705,3
7.40211499711924,7.0776329208728015,1.893429590040551,0.4770885534740015,0.28640741613942167,9.905266014604235,0
6.624488194411638,3.3575893234584107,3.368669046122367,2.4304502642012866,7.1693622832608295,9.878089169350016,3
6.435565268156095,0.06152408342326243,7.730886803466616,8.081324489859702,1.3464884264102626,3.8329339163624776,1
6.389072888212601,8.363662658473482,3.048900400778859,3.6281340827679047,3.1794741869798995,7.366790398833682,0
6.285111791402106,3.378565638263858,8.021656469755701,8.751011586088758,0.5274358834244852,3.856594717389865,1
9.487582892686566,9.959274278089017,3.5320122220921375,2.162169027537248,2.0322138308225197,6.564416655359795,0
9.09661776429372,9.377259289137658,3.8722360415051162,2.7350188742914323,0.802147070431066,6.129550573948668,0
9.36045820220831,7.7981612564192275,3.560308703225846,3.454713778808896,8.657657091362303,2.098930468569075,2
9.015494615312015,6.063056378115858,0.2589333875440838,2.0181809231508154,8.437076989979055,3.3872884475888796,2
7.8538225701227615,3.334605194133533,7.840522822445374,8.117649699606842,1.5841576402748903,0.5776776057007624,1
7.699310931703927,7.01219496320571,3.735004985186856,1.9120910611503548,8.718345572692545,2.2589728786959764,2
7.270553806520258,9.883312251483703,3.5289336989775033,2.045531645347967,6.523734627663308,3.1996278051529012,2
6.818371473249713,8.037704075010078,3.9360497229675473,2.2419171932638644,1.9378953389725853,6.760640115041665,0
7.463787700738951,2.2523492473091387,2.834858395501459,3.3250969086331716,7.74458655959357,9.599671920149454,3
8.327124116966221,6.320645341600134,3.5827035598409984,2.263457228889071,8.601638395687713,1.9009235616519482,2
7.153059588334104,9.122534195905486,3.7444085916803176,3.625829479272427,0.5403961632158203,8.360175733319846,0
8.797777823842651,0.5736797285079578,0.7584304446881549,3.5710260355120718,9.5932824124252,8.294771126909193,3
8.177518204908583,1.905271219337298,9.94761214037619,7.253581399917621,3.9477131353148476,0.7515111911429333,1
9.34445648790088,1.006756668110118,1.052354148734684,1.1234884066072777,8.625802407008852,6.549932158766789,3
9.552396371089397,1.2403400302019971,7.011869848106521,8.59741234531465,3.5390249671802807,0.9200354621070352,1
8.145647350097839,0.722711772130225,3.353378589001425,2.526997781026588,6.297356607649331,7.196555530080936,3
7.299583904144109,1.6991280278732939,8.651065769639388,9.914011086340677,2.3730493939816273,0.3855413632172633,1
8.271613503094157,3.549081509848701,2.5517638852836195,0.17367686085868073,7.29417486732599,7.747954612185086,3
9.101217290271949,6.659503561644452,1.584509321145101,1.798072280087637,0.9375016707530812,9.771704572710988,0
9.080161842855912,6.571370455255338,1.4073272999959316,0.38806479219979817,8.461347277761188,3.8731307415438194,2
9.897316903020664,7.605697450482548,0.5651625668956055,1.6610081200574651,6.432417247176236,1.3143690379982123,2
6.709789689631924,7.10502751850604,1.346709502819691,0.3839353912387926,6.722054076022074,0.9986752682378857,2
6.794972018076223,3.962668519640051,7.141695573807173,8.37719322726424,2.8147851530207935,1.3050810281571295,1
9.792704902344733,0.862662516870977,1.0710618862005936,1.9403934016501765,8.85846430190832,7.82071441558036,3
6.258338271067503,8.366016274006364,1.7313720084455375,3.4367666611244756,0.9638065356875267,7.055108364770833,0
7.105943471234141,2.128074397828077,0.12079031566365517,1.9761582526040673,9.859763061519077,9.195102277733213,3
7.451322888363794,1.0377483206329345,1.0686723682206245,1.5338330351284775,7.977925230676597,8.402739120465958,3
6.469233599707078,7.584139873346658,1.290362249227619,3.313415976830865,6.8551559510686815,0.04484328115020597,2
6.638805923315838,6.4481902697101505,1.8777091960195484,3.8367531607234207,9.634978944804493,1.4591188893756706,2
8.028320086354611,7.953646063861043,0.5635948037955161,3.465021838461774,3.3979353920212487,9.038953454064595,0
7.158063468550093,2.067988919506328,0.36562475306055653,3.6792279281681366,9.69582792362592,7.5607910989321345,3
9.510589803446713,9.326172824444235,3.903645461776753,3.1294625095775572,7.248036346041566,3.5675147963482328,2
7.947719880295257,8.157969110887459,3.934766510946118,1.4689720629067406,8.266868665640395,2.726496161695068,2
7.313091142971058,1.673946579244915,9.735823612995954,9.371592092403349,1.5313228927646496,1.3443916347721125,1
7.606617863091607,2.9263496513104403,2.2805897635815096,3.4277732423560385,8.98112272111739,7.059799823927357,3
9.61156015449908,3.206783323592269,0.21759360978247955,0.06824821112763191,7.682482815141531,8.611413382505873,3
8.945693766020435,7.567346088544813,2.2325467589201486,2.4800302986155875,2.854286291267176,7.989302297825226,0
9.381235113981008,3.3779838561064954,3.702887807026289,1.9823236887611757,9.581873788429743,6.527446415488791,3
6.3291825175897785,7.572246870644938,2.0279008652610724,0.8738031767389041,6.354464967286058,1.4047196490819993,2
8.193876083093521,1.1590681125705835,0.3350012439982861,1.8542295207352781,9.791149990246272,7.9910629291912,3
6.684938745165148,2.0629570798655474,6.050272085690645,9.889172464926013,1.3900597017950291,2.830960109380072,1
7.059133266913154,9.284007226981437,1.1366449188148007,0.355555564151417,1.6392358911222873,7.156575760254473,0
6.740037914371973,7.320150802039626,1.1889827783032483,3.053240451242125,1.9362749352360473,6.939056671890773,0
7.934633844220221,6.067147524532702,2.597569663635202,3.1443099679434083,6.711591486687596,3.6181286924331113,2
7.968008890301139,9.613339955043116,2.3322542240779605,3.2701620455603027,8.756801292700747,0.49637540972463157,2
8.396989640910252,1.6121919770662663,8.989304467982357,6.702340136422025,2.0498159395144127,1.2987550906768197,1
8.745757132624217,9.696957677489591,3.232153129095155,2.533005010865162,2.0382776505952167,9.347040869147396,0
9.772873187077774,1.3326490526696646,8.220848120333605,6.446204138651061,1.2296210688601263,2.521733486316028,1
6.757596748345355,8.418087138501868,0.09642634465119171,0.7745547384401985,0.6048659807892105,8.36166129289379,0
6.9236555864347356,2.9414867737484776,9.114964040334234,9.185548316889673,2.0718389354978344,0.12613155314447244,1
7.861287193728571,8.04184255078615,2.0369375112153802,0.6978205294523376,3.7979687052841844,9.268146103642422,0
9.326171347285879,8.351801094574505,1.3389401715442864,1.771198298333596,6.008104560133587,3.375650016832128,2
6.750710065077186,8.249134524635773,0.7808847295681804,3.0845940952855733,6.108696899505867,2.317354470497912,2
8.245653939339016,2.6561025685559456,0.727989001465617,0.7690885793403535,6.842685785872659,6.758318518490563,3
7.023638716688535,1.6268062906190366,6.656983629415921,7.119568794932164,1.4685813187657555,1.7192783211234879,1
7.8575255295474875,2.349802450371068,3.619592280291864,2.8647295421677117,9.145171292898095,9.849019717373247,3
6.0379380773806375,9.863242123123111,2.573072703403781,3.4588522006915516,2.697693169755117,8.639091331510965,0
6.416672854856277,1.40348029187729,2.5585735731245833,2.033256117845313,8.37325285073259,7.02037585896923,3
9.823728593905619,0.8225987975532632,0.16757434390585502,0.6742968923697559,6.7060098570342355,7.490610278810182,3
6.355772807082606,1.657161054856343,3.640308607432469,1.104533036647481,9.690151620163618,8.527151541997593,3
7.786083045271466,0.8098109497085404,9.774283950794867,6.8898490399514225,1.9915537672794068,0.9312918848467913,1
9.299140546082754,6.985894694243532,3.8280260058205324,2.2863621229273,3.4728482380960637,7.528123423768933,0
8.327179173075638,6.5848141699202145,2.702951205346278,2.2414705350773416,8.323121944647426,1.8320208525847543,2
6.140310296439057,2.9646198806913997,3.7207587971444194,1.4243051695655295,7.627449396347922,6.69047917323112,3
6.817191458723048,2.892797633893273,0.29038868326577827,3.306295455766797,7.348973536291028,8.902318550849762,3
6.712231197276546,0.6883048150868007,1.842106371852962,1.0126752247664568,7.31556031663065,8.780043603765725,3
6.369428948275287,2.4903433874733136,1.9613731171095679,1.4562373695774546,7.1916427921177855,7.705167141044572,3
8.529711877935032,6.945954369810588,0.020611478320908816,3.7055925236272276,9.820985897282242,3.413700899454387,2
7.024496568852003,7.7996219573490535,0.6806522580444914,1.731728137353791,8.469261318500093,1.8887355073050345,2
7.163608906622139,1.2750509003206711,8.893682901541355,7.82190126814837,3.306911905066875,1.4283386524435366,1
9.167330913202614,1.1077199220251388,0.9867248632111894,2.6563481805802716,8.291313975563284,7.822223029203251,3
9.264498214272468,6.285400748703716,1.215794731213415,3.4383316323712143,8.55349465943473,0.24258542291927743,2
6.774883484232625,9.294002457610368,3.232967063629423,2.9745655330343874,7.785020759341869,0.2604216877036345,2
9.358112333980682,9.2712768198272,2.355430576513505,1.601864823393905,6.868892395052153,3.4282258871327773,2
7.023272452308159,3.3299201705541006,9.873603886711681,8.04218115107422,2.1713486621275506,2.5898675823869275,1
6.863911602374767,0.9250727773506391,6.835723407219264,7.9163892904632736,2.9699232036376975,2.851640616036744,1
6.858960257490585,3.175218750337393,7.591376522426459,7.79932744769985,1.3028893380853024,2.6667117200214046,1
6.876566296458765,0.0948582572041925,3.000525852533066,1.5825368394226214,7.482967422232223,6.557909035948397,3
6.954018402511355,7.4955039117829525,1.237214300479872,0.770360197091418,8.93082321996242,2.526310240862777,2
9.641402377288216,3.8994598793323245,9.496434422673872,8.126879496571915,1.0156598308258071,1.8647325939276773,1
8.766901174512002,7.569965679618491,1.0502720702799482,3.1098508068749786,1.3270121420002212,9.283813009111302,0
6.906600625206881,2.127869669996453,0.16574979687863545,1.4605199359942702,9.017577841093804,9.261908898558524,3
6.178262401750981,6.963349057409765,1.712175549585524,3.9107619037063994,9.992705306851677,1.1025982524023004,2
9.805357581801443,2.033685013122801,0.6948851152659659,0.38625040037706615,8.015106325657449,9.51330348961806,3
9.862932851286812,6.282786749024718,2.0003268578971514,2.317139258327475,2.973941107008776,6.455248883174654,0
7.927616757798677,2.8174330573607156,1.824073040073083,1.2755497556396636,9.259748809422234,9.220420261899527,3
7.505892662093432,7.518666691087521,2.615310067081556,3.489309529415392,9.826073704693757,1.4317995052797468,2
6.850001642922333,0.8894837350506299,2.9252911419952397,2.9434165910251022,6.8136339119272105,8.531455409755601,3
6.005147949603903,0.26763679571536736,8.243901578094373,9.091049789447554,0.8540791337202802,3.074230863460844,1
6.737440376414812,3.342024618147243,7.046674232642005,8.430835799574478,3.7249154393763275,1.0058478403627036,1
6.080539405486164,8.729184406947482,2.2571293219887676,2.0820117912561513,7.628029518596944,3.044819168643269,2
7.1432908752385105,0.48433717093222484,0.1831068240874263,1.2998383573607404,7.426861576298278,9.425566917004959,3
9.402090339981314,2.0218794727822194,2.8634720211740516,2.9610879144719338,7.602364378589026,8.124860220583907,3
6.200187551612103,9.331557129899947,0.46024341234008537,0.11110767560005952,3.3469430671681804,8.001424239022295,0
7.592879448818849,2.468840129110411,2.35527165748125,1.0814220738436027,7.43784214173066,9.25696709714678,3
6.353912402853799,6.334855794280157,3.065969308446798,1.4058986188198932,1.554171061618152,6.714116304124538,0
9.858117849926893,7.5471550801870855,3.378539399686779,3.244864450779911,7.105413725481268,2.8841630128626705,2
9.622444301974241,8.1412800119295,0.5924220166802421,1.9111500435805482,2.659429718551999,8.882400484032145,0
7.784955137249212,2.3390817511753252,9.314613858774681,6.285213131868939,1.8776605110036524,3.8548246656753125,1
7.646144650380576,7.957309070407009,0.4606411334200864,0.3843125945196739,3.3427693594751826,8.371822445531652,0
6.639392616210185,9.201411231713656,1.793439264206219,1.2668925538954698,1.353303367789795,6.4113217601079855,0
8.178683952603471,6.880847522834534,2.0691879851270554,3.306345493394173,6.70457300459494,0.6837776965531277,2
7.973665335240632,2.05510558939996,3.7693781720815966,3.846037500255993,8.42464109512333,9.238504366459575,3
6.984234318272339,9.360002796912664,0.7160238038612747,1.8036166852291267,8.491963689275869,2.809723933898308,2
7.077632067063933,0.7055528329206715,7.837796495878583,9.010528818152139,3.2286752824937763,3.1595831149506823,1
9.011139641848057,2.242251485186996,0.24338151163077715,3.5035181486205564,9.248569873828593,6.819867977350171,3
9.554000548520245,8.297718335599502,3.3792592877139884,3.859155009624558,3.381871926427836,9.828171556776066,0
9.851488866985578,3.5392195249098797,2.48200130136985,0.36594595111691985,8.258938189524873,6.453805038646669,3
7.729895116297052,1.9314962960986959,2.315350095326468,3.605744294872241,8.868897063215435,6.999587829263641,3
7.977968457895414,9.510942240040045,3.5687372101580803,3.059243242759816,7.883620062059377,0.15595698610238617,2
6.910167208932878,9.763227402937817,1.6175594261307422,1.7927441226534193,3.020387363519413,7.861234951135532,0
6.170515228311487,9.424427744838852,0.8902959690501375,3.4212630933519868,2.014456810972808,7.171903287335676,0
9.637358309739419,0.28247637149297633,3.149240236831951,3.292547932418015,6.037577417793086,6.7451513770364,3
6.4736870774776465,8.753437606274467,3.032845901154529,2.403142756657213,1.623945708312065,7.170623133880069,0
9.271225508632678,9.131000384490232,0.8016370412130152,0.4229906145331248,8.889713537669671,3.8396230389889405,2
7.323303503687379,9.618207356256683,3.8803259391924088,3.699841376619227,0.1800338709028937,8.56384298784321,0
8.068721505628458,3.8269892144454793,1.20799576493256,3.0141190213835105,7.930316371420428,9.542275098160761,3
6.956125242798618,0.6749806014098034,9.988230570166687,9.133072157721402,2.082650391131063,0.8912194786438485,1
9.342121818410119,9.4092733046099,2.9308322550211066,1.0110038646416712,0.6558506292862001,7.261052299577538,0
9.544790719857321,3.9528067373874034,0.723814475845427,0.5520838977062743,9.271478552730457,6.046880449854691,3
6.637340409212676,6.852060743957134,0.6164628496613074,3.933307288750405,1.7222527243291728,6.763009308876898,0
7.486247593068299,6.861108538727022,1.6121804721009272,2.8663678454092425,0.7628392252120246,6.883244932158693,0
6.913673287973392,2.4872455844471686,8.583486837338125,6.685330078242607,2.529721356032109,1.9980122769509885,1
6.8609117381976565,8.514313137191513,2.846625188226482,3.9840632808589063,2.6595630617412347,7.531291978648865,0
6.836717722387155,1.4089745099845472,7.673130731396857,6.872188230818725,2.071530833360879,2.398807333322034,1
6.121297518802213,0.6692344920411415,2.9718800058363377,2.064794044270027,7.394785634554771,9.313777079406263,3
6.389539802271238,8.240841522057579,1.1058413242818572,0.46386257945428566,3.7370691125637645,9.528787387408153,0
9.385738479693513,8.759318548391837,0.4564806917662869,3.757194241495599,1.3201920737032848,8.961966447422176,0
9.023363277043751,0.3237030595044157,3.0597217249706175,1.65854677161895,7.5090644450832755,7.777560742440564,3
9.146834775541986,8.85390122124813,0.40252434822047656,0.3851956289246896,1.3070125119283147,7.8903245196402025,0
9.20790663095396,7.142306238591157,1.083860465592371,1.2082928942732383,2.325975698454766,7.540838454325493,0
7.084192670641167,7.940488618005816,0.20989122105076108,3.944357899392716,1.6163536283058377,9.888894042404699,0
6.448740359905074,0.6331233364275701,8.268377989253935,7.384856908858374,0.8704605408360995,3.558830420837424,1
7.297795424521824,7.774213340832162,0.28177656538105733,3.2765712114451158,9.938939381843692,3.563647236856169,2
7.503203135954113,7.747115320230116,3.0007999788697965,0.1712537432745025,9.996539099981877,3.6501853796487223,2
6.245189122676001,0.9890965184643488,2.1454762516101655,1.8310262695586554,6.4717756633223065,9.275225080247198,3
6.866322429830639,3.6845301030071567,7.686560360153072,7.86161119528576,3.6717660528548315,3.338029371397115,1
7.561096023247904,6.176659541706188,0.18525674364811806,3.015718199370971,0.9196115172185682,8.523739057413424,0
8.309366837162505,1.2673297260733607,9.341802299042055,9.132047851447938,2.6712566157554707,0.9070314961145973,1
7.121462543759646,9.115194593975364,2.528912087919553,3.207267916949854,6.933742682224045,3.4931392041668574,2
9.040919052379904,6.4237754285061754,3.018435440978364,3.869531265621938,3.313280234117025,8.75276861441265,0
6.748519070003903,7.3233213653887415,3.430236720403883,1.8977645490982904,3.0007159844831337,7.235716238592924,0
9.989118712284737,2.649108198973208,8.56166301319781,7.225098228763802,2.790151744817654,2.334346750085008,1
6.329637642903297,1.587957795881045,2.9738269369159025,1.2559903552704732,6.421984051198097,6.801992309916713,3
9.659367484398686,3.5757342884821766,9.15976452559373,6.945462268258709,1.5878820280470642,1.1381072190494366,1
9.287507808330792,0.21697164672719138,6.943313055250701,9.944754508059834,3.7143556774633963,1.803387033765894,1
9.82634414141816,2.7675435248458506,6.640018223209904,8.94932055158358,0.52599220662756,2.7869007882899384,1
6.990884385676168,0.4160055553020179,9.638973241814416,6.616594241525254,3.3402375875637857,3.8826276418729497,1
6.624405500623729,7.938707851420645,1.0366377345208764,1.0419098262515698,8.660184153246846,3.5740108762817777,2
7.919356955446578,8.322457921882416,0.10136717856877864,0.0869182341588659,9.582117821316935,2.150183572699258,2
7.0609789124653695,1.029060699730885,1.0363591433574584,1.1233730500340497,7.139018642408919,6.657858995738225,3
7.474339751262686,8.371352051503113,2.5363239002620674,0.6919305617684435,6.2447825260548075,2.908743786725648,2
9.659076960663391,0.7069092982084548,9.134685500282359,8.172519509719352,1.4188842281615681,1.1060766836096443,1
9.106479283599738,3.6455569141918382,0.3774567826979678,0.6629776143019703,9.127356592499057,6.780058709469659,3
8.730179197229205,2.274504323240619,9.243171818691492,7.5481270467765675,2.811829203671856,2.535693659020513,1
8.620481073819212,0.20230519051282858,9.435616487449167,6.951140569111613,1.5003166804078925,0.7715382938604205,1
7.679908248508637,3.340449268110634,3.407811510065787,0.1726333291720672,9.64758525961396,9.299542353240518,3
6.8081987142352025,6.684244387210017,1.8994096265366611,0.33078855721874234,0.35632864327511493,9.067014784871917,0
8.509985005674483,3.416579329316575,3.7168261917774252,3.1376143192636006,6.116566449123885,6.235464309293402,3
6.1892818790980995,2.793416782859274,0.603885987143288,3.8105593123999006,7.813410032287601,8.210631784739723,3
9.812836023580374,7.744552087947962,2.0767248252522545,3.0535289139879582,6.6326952841672,1.5941452113144616,2
9.803855772057414,3.702701142595608,3.505100115471741,3.5854771727277592,6.031210507808806,9.933482189087723,3
9.995735895407389,6.29375265408634,0.010615090854496412,1.7611337323305278,2.852893320220629,6.3840989480492825,0
6.543865618820089,9.91000605182031,0.04786125344016767,0.07411994729437144,8.33707481236151,1.8800672871294135,2
9.255287736656006,9.761134045926829,2.1944775341519214,1.0160340005108202,1.9785333672009253,9.800942937686406,0
7.4693953693488915,0.831776621172716,0.8014296706057271,1.1713506863041996,6.461073072028775,9.69150497202623,3
8.120281642527207,0.04520478340714762,9.503654848912415,8.357756867331421,1.9617826911076968,2.0680806059408283,1
6.1078919716929665,2.693742726180982,9.824738493209463,6.029011612432807,2.6935817007228273,1.9548176256626206,1
7.457052109574981,9.785929986961037,2.5473968633472555,1.299956578505316,0.47199346250776086,6.125047386123919,0
8.787176090281738,9.439591654773333,2.2887753085280624,2.6692028834610126,3.550363290548706,6.391735595633909,0
6.141758356784525,1.8863617205948344,1.6934803818195618,1.9009162619213895,8.627948090400505,8.561454932319911,3
6.331250636700371,0.12272776006832986,6.549096203516054,9.426799428382758,3.670643792549899,2.76186801249555,1
9.906324351338258,2.8155250157248384,1.997388367043444,0.9548208330020707,8.658715468884958,8.015529292552724,3
9.409602422134679,6.071244366002665,3.1434405999878967,3.4126587941723594,9.244728730045125,1.9387938569158956,2
6.3116496124300525,9.460489347026469,0.28464758212572416,0.5056700629790254,2.000143655615576,8.086329608204878,0
7.655707510978711,2.5378211247549207,8.590722897949526,9.438359858427038,3.9890805524118,1.488380536002988,1
7.335441866489945,9.223649596742849,2.4461950767601848,0.34000149006507163,2.504811924230475,9.333116124827415,0
7.7773368037268416,2.8276330408043924,8.115010219513731,6.977234039722185,2.6420356255374258,0.637059803627896,1
7.812220626850561,3.2505194596991966,9.714720918044911,7.049589553851387,0.2989069136528162,2.720088495622115,1
7.401502844357415,0.8768518898948967,1.482203796709102,1.0704927927550196,6.790761393307737,8.92611155930163,3
7.611387091532461,0.8289499967580563,9.53339155852115,6.805648854994972,3.6171472053583025,2.370450733346311,1
8.454752738078316,3.5197889279166974,8.706840390170747,7.538506770092208,1.7298402072719354,2.607048065850757,1
8.158629550533284,0.6684979412322427,7.79226611495289,9.572370684394722,2.022845244092204,0.5823998276083606,1
6.774832004918402,1.730427710290129,3.510573198073513,3.5335737883702802,9.024192663882104,8.976230994985988,3
6.079817740550427,0.8369748475165308,2.8494400393215504,3.545809774957214,9.212641403655233,6.300453180375478,3
6.451450787316389,8.68335134961833,3.2199890872674564,1.3018898180807432,0.8912477074347582,6.735047501787676,0
8.335449274229237,0.5265956089759238,1.6871320966247185,3.49917996195832,9.632985802837068,7.899850375077402,3
9.068552513831678,2.4756675087359756,8.279837697094845,8.884217344175815,1.2404627943947157,2.2137619525552457,1
7.390147504450749,9.793774069054628,0.7550409685469419,0.12372895150726126,0.24271579233550877,6.671553543215792,0
9.18398811065526,6.0656699956636535,0.31452554012575185,1.6632743576312383,6.671983178189539,2.4919193996962368,2
8.48520362462317,0.7874059770424453,7.920818578828495,9.750674475000146,3.8850979393345626,3.3150248625215966,1
7.535738643646819,8.713288284722806,1.4579811159765041,3.4265836228624567,3.748718602997716,7.711481710654839,0
9.018956334852332,2.8593417302430093,0.2304880697402485,3.653851506251874,6.032503577672375,7.0630157952718156,3
9.86385134034283,7.389928868517414,2.641867715407696,3.967344782515563,3.003027625262921,6.69211612613265,0
6.419770598348089,8.651871399122179,3.718142704474316,1.6912230181130683,1.3774137235154122,8.84607105603742,0
8.196593370274371,0.29761004905186894,6.708817744687978,8.362440215206565,3.2971941078355664,2.427273494181901,1
9.067674469332829,1.391662259177655,3.3361971153397882,2.7042554848441562,8.323435374000649,6.637897775959722,3
9.261879375976061,7.363024989408765,2.804606363958805,2.8440245193794285,7.359688803306462,2.667765057280617,2
6.114264614886883,0.8572971348794938,0.35575967351896276,3.1416028108169147,8.253417492046351,7.330706246874623,3
8.053663310531476,1.6571086680483367,7.437327862939682,9.44441930252854,1.9880417158667245,3.3636171753298716,1
9.480345776449298,0.06033813182969627,0.4670494928050011,0.9757648289163234,7.6193680671375335,7.230420069713036,3
8.434674212607396,6.847324763476783,0.8362472109210173,0.06499282081432511,9.352757511391133,2.123646250910483,2
9.58575727912306,7.897291440658623,0.4788140712992477,3.6950732269985314,8.746215889607413,1.345146370142435,2
9.648001078434714,8.755503163804047,2.462596137128357,3.40876046804048,0.3778165037225145,6.863742134178459,0
9.34322402966427,7.704653468284755,2.4773374324960415,2.901757103132315,6.895893389554335,3.3359692958239835,2
7.5895848498039085,3.0387269468128593,6.518108035140118,6.372422086836055,2.3054716899496164,1.7594695233231277,1
9.456814908322869,1.7260803302815573,1.603690086901067,3.839604767563745,7.981610889256881,7.807324749000458,3
7.301311590807076,8.19404208408027,2.4540618151761224,0.5032257772433528,6.517700425091001,1.4488880861967357,2
9.694812283830828,9.644732819645856,0.9546423802569963,1.2180774530206318,7.87794373400953,1.3354025174666062,2
6.76422316200169,9.963839965271523,3.928346872184143,0.1838566827472241,2.5647594412478214,9.706613146915634,0
6.44896407848807,0.12418367677104847,1.2091693965348127,1.8400000405039085,9.391355268539872,9.495432413548528,3
7.364400084820643,2.2852752901755546,8.409934426833683,7.888804856264087,2.7369957917635457,3.50423657126086,1
7.0853409989518426,1.9610974385532307,1.6768283912792756,3.1166685983538867,7.965803134188462,6.563951780252456,3
8.53406169117067,8.601191259460583,3.448471970538929,3.070944021476594,6.522191395330087,3.40622710797974,2
7.4504675808931395,2.864951529168692,1.5733761123355947,3.061939778381519,7.196577255681193,6.391451295948054,3
8.544486080908825,7.53302027778276,1.7241080746215096,3.3159738570045696,0.27303960534432603,8.474663588563388,0
7.725377552797373,0.7465543954193952,2.2695431409172606,0.547883314521004,6.5701367582689265,8.957296558682017,3
7.214263037858962,6.353914169072315,0.7720092789391764,2.01256445716325,3.6308060824057944,8.131036335289625,0
8.693167553079864,1.8810765997078311,1.7866134411977082,3.1074458245033516,6.149123744653542,8.612277173574299,3
9.220116917023446,9.98858609511405,1.8513481512457823,2.3918630447574913,9.409926771978984,3.387198740536755,2
9.906719584695914,1.799188227697973,2.862853383571736,3.141060200967966,7.423875991127818,6.789859636341264,3
8.036687448663594,1.3866376224750754,7.234428237231159,7.068249250244086,0.3939265140394501,2.785851728077783,1
6.44143590614096,8.777176378359666,3.526644326644919,3.587454060076573,6.942843171936353,0.8947612479833871,2
6.263003768708011,1.262367438310772,8.9680085391094,7.790094153241705,3.310250485585824,2.4811499528401844,1
9.230396056790216,9.669868857930814,0.6563028832178861,1.0626144035407408,2.178322223548475,7.8279191273322475,0
8.628851102171463,9.16129894812036,3.3096347737482716,0.25000958883458857,8.043937228138923,2.7448737714465503,2
6.427901268033308,2.020654925025416,1.2176057709748433,2.4103345550213104,6.381935861636627,6.265722187346904,3
9.073273659203766,7.333708251497251,2.941708458418543,2.3595474082922543,0.6141998639021606,6.02275050951811,0
7.7141866430985875,9.60545758970758,1.7991153528151838,3.2408868441136773,8.329212608203044,0.6561996088469799,2
9.604697105410285,3.966054083944,0.16880243021862462,0.7702258231765802,9.605183377051787,7.038558074202065,3
7.010325427032344,2.5433427187749493,2.8380735049783765,1.3107596621526394,9.78181060951622,9.720445570801676,3
6.7381929918152,0.3613175464162941,9.163525541473081,6.609336559863938,0.11743487433539723,1.6965827506941165,1
7.640999584464989,7.599354121744543,1.440720538278037,0.682034064666984,9.755075997988527,1.1823354201174876,2
6.570800342053143,9.238732977189,0.3610852357898149,0.6672513149931749,2.9848390901834447,6.02998805500871,0
8.498822169354302,9.247355043549497,3.0487829501560206,0.6313978882938747,3.9797127569177033,9.110105715925862,0
7.939776052227932,8.484634300858675,2.47065511705949,1.2693822825049144,7.8993356224888505,1.9881671175439055,2
9.246414707732926,9.069223166081757,2.954781149793509,2.130471194535666,2.5898555899435483,6.23777950995084,0
9.123451407611341,0.10119890522282438,8.119406282226706,6.4889676881982545,3.7982752716351973,0.9960569217504704,1
6.07113792474788,6.958240401169407,2.404373213307511,1.4981351218224983,3.0129046631110388,6.277712705215778,0
6.561617085996858,8.569203186615676,2.5320423596613977,3.318388518768643,3.790385920797531,7.893032240121171,0
7.245724719638283,2.277107720642904,8.005899205740395,8.922477341471469,1.6346610283645275,0.008596229078972506,1
7.365311632781275,7.397018884521373,0.6641839163166723,3.4160278244635705,2.3042814220940353,7.438445813546679,0
6.269329423763194,1.34752751688931,3.1914363269763233,0.4678795366808579,6.083178343595426,6.16705085682125,3
9.300083628096965,8.938292934483119,1.2154609453922869,1.7336220438323813,0.9914507204801781,7.615330762044294,0
6.4567435441985825,2.554583641667209,0.1692632951258939,1.1668992603821375,6.337122683164056,9.622616458565657,3
9.798501260210362,3.214494575687995,3.114312868379738,0.127576761863744,6.549373731992363,8.906311617623242,3
8.537063236174873,8.581295008635186,1.2032645125686652,3.5550433173265454,6.49105351690001,0.31082569450793684,2
7.666112622960169,1.40986538133114,0.716934603382763,3.6488780223856683,6.4650535245616,8.293805354322034,3
7.339986682895212,8.314218085360057,0.6916789207206855,3.8745105176399055,0.3720734613301788,6.914376837738534,0
7.129749062521301,9.396154001563772,3.8652478191818216,1.1923226583761912,2.1875755213745487,7.157759720164698,0
8.199632786212922,7.495190570191443,1.8377852612678796,0.20720473753785207,0.4432481208345096,7.892479608275661,0
8.79726505853851,8.7820343295555,1.8548398437450455,1.29695264684982,3.3815697676793217,7.571920197048349,0
8.100216104691963,2.3455401276068932,1.8755867485749675,2.05617735304745,7.4547407526992195,8.948164107844244,3
8.908768451831376,1.6613728859723138,7.002516804462189,7.685606014494606,1.683089481312824,3.9645773246653766,1
8.279938198439961,2.03763739495423,0.9046153810301227,3.6570894565153056,7.4852428940378015,7.21575888013254,3
6.306863298514822,6.9968818152774475,0.9495056265604225,3.971182892965628,2.734526330114196,7.209706738163579,0
9.90979975921684,0.7970545363196733,1.9295167174719987,2.8474120191851013,9.72571680737558,9.452057727631072,3
8.348343516325007,7.955281828389,2.8498130794307523,1.1848488965764359,2.110748768582113,6.965770733867177,0
7.2757606341590755,8.809655475542591,3.9659699900065597,2.4636305195874124,9.02450756818368,1.9541521872354477,2
9.626450818423553,3.1945975471891086,6.348534085117077,6.807879816658663,0.007092462193578619,3.448441203847681,1
9.882133038059134,3.368756086412605,7.9229025921129566,9.21693681909234,3.7981436043212713,2.864005768628703,1
7.1715872579523845,3.0321405296192947,2.0365443305546114,2.1159450208799466,9.688431302730542,6.796674382251881,3
7.328189863757883,1.9618292394146866,9.009387160657878,6.300454688785101,0.11871646893309507,2.166614063441827,1
9.792986232739516,9.610189435086895,1.9606814938856738,1.6866896077287454,9.987883523880267,3.784288763921934,2
8.92326373148223,3.872164265217254,0.57205629567069,3.969823533364345,8.902432666673267,7.101848275183528,3
9.914894265207657,8.55140766066435,2.150305831121647,0.28407750559334843,3.175517584637134,8.540109983239555,0
8.31429974380912,9.48415591073235,0.9862243603826442,0.2370010337553432,3.571070955741916,7.7196662110702965,0
7.3546880368149585,9.067661566645725,1.0966170398376698,0.6067418033632519,2.27086208500225,8.995469808134905,0
9.756584549559305,6.658347125436589,1.9560272298184946,0.16182443349894982,1.4370741281574775,7.738577678978887,0
8.62281851652849,9.90765053061115,2.6033416974837182,3.10313871359176,1.6850887947193023,8.190297158310223,0
7.090149546206009,7.726283610695559,3.732211410923336,3.291872254220505,7.721188344772317,1.8148832166695983,2
9.512428529707371,9.2330836734832,1.5263883581765008,1.2797087284699358,9.998044278509544,2.377205920879038,2
9.109047618621918,2.800733159318135,7.475681615899922,6.203233155322735,3.266244918810613,3.4094022077513606,1
9.30837392257545,9.316140567754868,0.8553964124904994,0.8041518182773748,0.9051027289670879,9.838941229243341,0
8.011550045984944,9.495104974601212,0.21360169515222838,0.1805842860849185,2.9002087215218,7.441798321712135,0
8.901562893362927,1.6585271673068989,9.006525157463486,9.046478410806568,2.671266753639707,2.681566945473878,1
8.52075094662787,8.449826188819184,3.1742072478543646,1.4243684077556011,8.324972628623378,3.8169150044758453,2
7.714285163389523,3.649064086697112,1.6996055163577486,0.086697818642131,8.65543540879874,6.234039344168794,3
9.545019993497645,3.0413593565061396,7.069717815648037,8.790922633694425,3.4772873551702514,2.703704894163764,1
7.599929466667421,7.747877071215802,3.470899315126517,0.7937948256622951,8.173266203804125,1.7683286301889805,2
6.684117192626767,7.47418376534308,0.10575034989991661,0.842985168756766,6.83930187046713,2.807235424657064,2
8.21771314866618,0.6723451505616826,2.8122887210072,1.714498219075987,9.785516669103774,8.811490267280929,3
7.122801205187179,9.571305187112504,1.7063497070599745,2.6981495262781197,7.169394494796899,0.08858611914196413,2
7.395591468973922,3.3062951879218256,1.8094008151528653,2.0102704697961045,6.401652044605928,8.196639351964139,3
9.35180975769406,3.4552353295526856,2.2372494848706355,3.3460179566767985,9.385217026923874,9.79233366848275,3
8.993634870120614,9.894236448485405,0.28252826263956976,0.8519562634520246,9.820489684236435,1.7163999458332402,2
7.155412118049675,8.664148460986164,0.3995419684252086,1.3028812059891552,8.696895111858112,3.792038278525969,2
7.0815898493576235,3.791369178531171,6.470583017978006,6.0541360042759,0.8563847691582702,2.4186659256831,1
6.630703712167458,3.313059218394366,9.441340889454745,9.876153432950339,1.9664248364971075,2.648041574698801,1
8.880859735960822,3.0659525643561176,0.25152149429010784,2.145475339207992,9.884939057401732,6.4764304065574105,3
9.585976196284859,6.3463804903789764,0.7064090051024028,3.631814452334938,9.16915364958233,1.275014852758877,2
8.51664878663204,6.1066831644558945,2.904550726731621,2.093051057757425,3.26831040240406,8.530984337447691,0
9.44642911753097,0.41122173930749595,7.922538642813626,6.614136775873108,3.955852066416544,3.7117327930724207,1
8.101552644945537,0.9260804851195652,9.293819205095062,6.694368112493028,3.474426964159248,1.6139694007073926,1
7.82819250904614,6.586295499292448,0.09718212445478969,0.12743329992099373,8.619800573106442,1.6553631004236107,2
6.994925585326181,8.039817496225783,2.6653558786444047,3.180074821477615,9.174242052918792,0.9560565515603714,2
8.900581026218493,6.590002279364623,2.6980098022343815,1.8081819484630466,8.227571260145865,1.6655317707469153,2
6.874001995022034,2.3645333375474364,2.986734088189977,2.098669698444982,6.9636636650512544,6.599119830078182,3
7.110773337294351,7.259275184379967,2.6108117070578025,2.325133723293463,3.732371752641499,8.34714139788747,0
9.548218222358138,7.259600004868734,1.2793904978676207,3.5173859150414684,1.6790783051770295,6.179167566437547,0
7.862891528194419,2.431796494816755,1.4425911302848453,1.8725225014273734,6.2274855117761,7.419914043319949,3
8.248506213416334,3.069595906429568,0.9137208169392848,3.166325618555453,8.387009305048954,7.5665459273964,3
8.717970305691345,0.19642381319616753,6.620544996255333,9.893887071127619,2.375422905092157,2.7126784860973228,1
7.945058240366766,0.9033892178353233,2.259887152728308,0.6407168071343206,7.301593442916498,8.53801547687542,3
8.638214898774164,0.32236825619662035,0.7602515874250946,1.4008199055279595,7.817493242603799,8.051161152262056,3
7.893305293935968,7.772370824422653,2.5078531369905064,3.0906544742434123,8.315329896582686,2.113834288770442,2
7.310921464290439,6.3231385195019465,1.5542309514650978,1.7018772069792005,1.3868351830244139,9.074414892227681,0
8.033311138924466,6.646222507474317,3.228731228935099,3.2728105353331065,9.101130019165833,0.9517674554667543,2
7.845489054461586,3.8027948620243794,2.9098399780661883,1.9903607304495403,7.886820608598993,7.979007759916735,3
6.901672152965654,7.172132003885546,1.7880198380569245,1.0678105353453562,8.687312360024443,0.5922681652718089,2
9.65743177888305,8.283026718015599,2.924417162541391,3.4885933711948596,2.6438689037221836,8.282988510255727,0
7.099773989533548,1.8190007970952564,2.64440476399104,1.57849496099695,6.1733171367122255,6.459958117605025,3
7.6762882988052565,2.304190260272511,7.422179335769654,9.830708595083054,3.517494922537687,0.8554416616893263,1
6.752833638600583,6.994275430049862,3.2909683620072374,2.778240749120624,2.5113707026114898,6.751218453728141,0
6.699949504379883,9.88583280152411,2.100403302108049,2.31183526235541,2.4121081547051353,6.849650025690876,0
9.55192805858495,9.22175198217501,1.5828587157334155,0.19454697055051584,6.005219159250643,1.6817085258285007,2
9.234997943637728,0.826876443448251,2.4289803636747243,0.9260006786290624,8.846626912452537,8.049201164945227,3
6.612073738879904,0.43866057379981394,3.46106148254295,0.29228806993631773,6.635759842340254,9.904009823940005,3
7.858240583718612,3.6662300189957207,7.504941354634644,7.670183146942021,3.6375707085151063,0.10384506764360424,1
8.90003436883643,8.59733717407078,1.8506217856024634,3.262928376593275,8.918929160479104,3.389544729590919,2
6.972573283058592,7.832555444205969,3.3623232795085425,0.6494275275870498,2.02090387870084,8.069218734782837,0
6.672911705719997,9.878250456193676,3.771247711670765,2.7569099770071004,2.2914110268065175,7.6897427710655535,0
7.208094086862491,0.925396536501701,9.737917359290824,9.215814500297208,0.21024078214542596,3.245459823063904,1
8.412624725057665,6.086993289966937,0.9781928020781572,2.0345987566283714,8.393140262908695,2.1550733008613836,2
6.76018354467313,8.115863382841285,0.9350560187587114,1.9216178137389668,8.316092125551602,1.2766194295701587,2
9.547153036921484,1.2828998213623968,2.120102943030309,3.8309082795520064,7.111420288797756,7.747958408416412,3
6.48800527321781,8.222876683861239,0.9031789735800806,0.9543641647026306,3.2213781514631346,9.308429303217672,0
6.9328825767855005,7.821827877280944,3.827346761661844,0.0736267355144351,9.58837131718455,1.2116382633170626,2
8.565036757997373,8.39586660076149,3.4725972001088783,2.7469623792316407,9.591608745734487,2.7196815613265035,2
9.662232333551316,3.101664484412703,0.9258716751001641,1.6832813217842277,9.398023783276201,8.700658029567713,3
7.004957710390718,6.330707786346926,1.2280800196705934,0.23790608141407388,3.7958565471057217,8.932287322092465,0
7.310282928146128,0.3720544329267419,3.45636966625069,3.2980241966860526,8.729613005557113,7.803798825336358,3
8.497409574153899,8.676008506536048,1.0960217767336706,2.7110196675003673,0.4132526172759987,9.857131931460355,0
9.688130810354185,2.443518377633998,6.074810211358724,6.02125350930018,0.8430376897224425,1.841240556205193,1
7.654038289178639,0.6769039091591056,7.506636060973408,8.818491197211758,3.313912078546123,0.10964361280168333,1
9.767875396135242,0.4701417534256258,1.3272420478593516,1.2616238015570693,6.7589601568739335,6.073171988404363,3
8.471279350602657,3.326432604975737,1.2022740505815137,0.3372487925701444,6.876772812737619,8.264386342158197,3
9.503355445427024,0.2995742408827229,3.4206033474112454,1.479023400937248,6.416341693567371,9.241803629606865,3
9.363725972066785,7.566274603101946,2.452533858095486,0.3492853605891124,8.093119345637387,2.2227928926098315,2
7.070134694823862,1.794691554723038,2.9174961353649507,3.353500232430232,8.868715388329278,9.414038226259759,3
8.69535130210846,8.04673551183475,2.621208592395543,1.1256116650436279,1.2770367574685073,6.76407248801859,0
6.569192967241234,1.9182620218003272,9.471170245080998,8.366113516017691,2.487075649478908,0.36399893682438833,1
9.16155165261069,8.378693812133033,0.10791822054409383,2.990697046704567,8.201219220345582,1.7970907761067552,2
7.435096648129844,7.575207137766881,0.5117239285189235,2.972840938704164,8.118032932934597,3.0671561150023687,2
6.9055102090493365,2.7611913022108068,1.1865721755764258,1.3744432369221538,7.737836426083838,7.981264382396971,3
9.88484890106444,3.3337594640808477,2.9438158252068973,3.8510108675977754,6.772518316891549,7.465529320655332,3
7.303378081621217,9.346878258910031,3.544749198000264,2.882490996892716,7.530808952035214,1.7046617220138933,2
9.827490554824633,7.982502757447346,0.2511948359527638,1.1043839370871114,7.5837400216591595,2.4298031003436247,2
6.949417780012142,7.157617634478342,3.173152553437298,3.540473485126073,6.0063688515441385,2.878406228035943,2
9.640925186366653,8.320517407887367,0.4693365952383215,1.0370350276090088,0.2946019656113159,8.488540043561853,0
7.979410025025416,7.423629042865345,0.24108942974297776,0.8113878636947698,8.884697004024074,2.354038239513508,2
8.768318403200604,8.620381172485057,0.4627809260130089,3.3721442465626676,8.174197019486797,3.114815317446084,2
7.968420022017858,1.988528193549719,8.299681445247856,9.24141738480575,2.2125883072614583,1.9703415003479474,1
9.981317812667683,7.450653356383734,0.7991896460223495,3.4229536066029076,3.5488728048365816,7.383836050949742,0
6.848162706831663,2.5151704537962645,2.239348891023378,0.12079026525864656,8.9270751250972,6.2573238060133,3
6.823190210336136,3.497420292721383,9.636363781547136,6.441460630282121,0.4287896135378566,0.6553066159608969,1
7.2903767102874095,7.718300095361069,2.847170841694489,0.23360181939922597,0.41714202010650103,8.505767256514586,0
9.98736863636884,1.0706913739749662,2.8581186130598772,0.8562034020171243,7.999208211887002,9.344677383389518,3
6.2110442667370656,0.2512751485957385,7.055169560617727,9.119749647651687,1.0351033555145537,0.8469130421234339,1
9.718720752772184,8.758021271629502,3.6411401671727357,3.421100363019468,3.1913407322782876,8.528208717841304,0
6.18065338869935,3.674947808441559,2.8205100316544556,0.5454719657511751,6.990601142500703,6.065035401611121,3
7.101933523216383,1.858303510187722,3.683503591445636,2.0894079861278287,7.044681895000254,8.13953166597518,3
6.880274363349637,2.402800822678491,9.888749828642522,9.043759182344541,0.27589466089636616,0.444752118837624,1
7.648915954208082,0.6194832481495394,7.972206779348141,6.017482706837564,2.2322546085596646,1.6557931810166955,1
9.782183056515894,0.3182843327068574,0.9233782086600999,2.0222191679599186,8.196688218849737,8.038174089225516,3
8.954918594589124,3.7495124436244196,1.8774644346230125,1.266176765704365,6.039561054328104,9.584706660914668,3
8.426936461290577,8.80955873564108,2.82290864660045,1.539140024496095,6.75976052063277,2.8225048489245914,2
6.511376078286814,9.76472828702849,1.5056136060337395,3.2047860323853525,2.51400492079364,9.746182741322803,0
9.94267825269854,2.0743261174609655,2.1043127538281454,2.5769390625233415,8.708801363847263,8.579321036817504,3
8.956592887926913,0.27782373885898837,9.019678534646804,8.360101663305345,0.8042341558810739,0.03308834240814962,1
6.085927782650783,3.1258520792485096,1.249107352669482,2.9579622945648945,9.645988477080431,8.139919147009424,3
9.678358132912523,7.190040244939759,2.424927358300484,1.9431561123028946,2.6681311576549933,7.306325630799493,0
8.631442799560554,0.9845235865811857,1.5652111333182384,1.303855215311692,8.193052971070435,6.447174568483982,3
6.322605904948144,1.0840030391655846,3.5212799722730894,2.729123313689264,9.230227099531877,8.25860154882362,3
6.5967031153532405,3.7923542049019874,7.528771391678523,6.6355291072387335,3.443231149645551,1.6257525329855955,1
9.569831131544348,8.677791488334442,3.6117604958854903,0.9885236976502667,0.3260156235555347,9.894427382571479,0
7.567427064507575,3.2344744778029315,7.734209648463805,7.192893487240736,3.82925829661468,0.026000289038922375,1
9.068018253372394,6.64793023414863,2.44578680375634,1.0059881433060807,9.339718024907452,3.5491007324013846,2
6.88161651540282,9.886173713169562,0.4377996925728169,2.075959528665714,8.728657163131697,1.428170536618548,2
6.122011818101692,8.321480887114998,3.0927314419407277,3.691572536174363,2.1842762804025613,9.494631451984738,0
7.022582506163405,3.536421676395996,8.577861104847393,9.919755015217877,1.9627396950381928,2.2496450815753333,1
6.327352907468885,6.468129097142063,0.874193739892855,2.119159864360186,0.5476053638417722,6.313238740696194,0
6.372227003378733,2.595758121910194,1.0420619330859755,0.5392691919540344,7.4972513280290745,9.994089819158187,3
6.313993551568913,0.7725044813267115,7.2210003117216,6.593649441229011,1.97318779099363,3.533461121714719,1
8.367510840820987,1.9453348598869775,8.219026962337432,7.699923409299711,1.4857042353038294,3.531423369122117,1
8.20951809201554,2.0553437562279253,7.849450300672351,8.779210658915984,0.25245011827354036,2.0705472937310887,1
8.828133283043917,6.239323457360225,2.942488750630886,3.645762529547643,2.4298728412415693,7.953349569401447,0
7.792522453417968,0.6408833832599417,0.15582163646115177,3.1288114663274658,9.562258971036407,8.61150057984531,3
9.395625396289796,0.3930535593105855,7.053814153570553,8.86330634796335,1.7935290851734025,1.9240428944010883,1
6.822753921841423,7.824132631481866,0.9922823252155819,2.828018429801547,7.209646330582435,0.21582678057260463,2
9.276053738991088,9.87038895315909,3.126704496368702,1.5356020364285974,1.6775429690570913,7.258068783151385,0
8.080288527881793,6.8463512321528714,2.0652324026326028,0.19308767438068442,3.293586787617174,8.083233671169928,0
8.387805548957688,8.532371315396693,0.30561040379018634,1.6193517520698717,0.15337532372775797,9.12115044552625,0
8.498208074083763,6.8549850051123755,3.3406780066562574,1.6974510677034558,3.4816279676158115,9.182887293574407,0
9.012936366323341,6.211580179292374,2.9942670590153813,3.9195918474303446,9.816450423885849,3.4691926558125328,2
7.769000948112349,9.119202288906656,1.4613627947171075,2.7689302521236723,2.1062272565843045,8.218439471270992,0
8.733165836258449,0.6648782335593912,1.7628607332415416,1.6583025267718736,7.56254089459453,7.530900553965365,3
7.268783849758358,6.333697142689044,3.0270996847794214,0.42541634110266946,9.503780018188166,0.7679985178123787,2
8.85520780437805,6.421604203904154,3.878416630796334,2.397553639720152,3.422094940277511,6.5081513835587295,0
7.180489426942129,2.0373880645961733,0.018369863700365308,3.206141022795159,8.259499248732155,7.1240859921664885,3
9.893908860031944,9.524364677112892,1.40717674037663,3.783543665511443,7.029146797533809,3.2335633619844186,2
8.772818184500343,7.939198090654342,2.9195779971897875,3.3301996365284743,0.7645972474162233,9.210082482090378,0
8.354652836695507,9.22513288648039,2.010448133588553,0.9224410990874876,3.9057519656316484,7.170974180773177,0
6.002783452961433,0.311661230674225,0.5093499436315492,3.618868433537882,6.906247153329697,8.40412753264258,3
9.871956220911635,7.005389612626486,2.517159601145267,1.0853973717172258,6.892498574340069,3.5547224707645264,2
7.199462106912484,2.1500297407860667,1.1573218020501717,2.1748678610748255,6.838517300655937,8.004872420393394,3
9.045806141825619,8.89214002674039,0.6732230671069774,0.7852428638842479,9.35683395817736,1.2845508833126518,2
8.83739390874601,2.181477680010189,9.887599152690864,8.954369556099758,2.5740641049219217,2.212308612665103,1
8.251601459510296,1.8508480034256491,6.78735460165759,9.906059721329918,2.5961065815795816,3.4627455970325576,1
8.654442382297539,3.085393589539437,2.686097393346616,1.8714416876189777,8.823365293071564,9.463736533742003,3
6.600553435375351,8.73208763639591,3.0163653473579055,3.8455890239083272,2.368849073997383,9.650795118189947,0
8.576758010287431,8.203423926941188,1.7528683253248865,0.18025651918856145,2.6791686441484197,9.917973568841536,0
6.489898598845581,8.47753105449015,2.069412381780694,0.3808748669704989,6.400402770273473,0.36850629672291246,2
8.107369637741728,3.337062858399379,9.457146840037616,7.748827250437888,0.5924190512895304,2.499997897334438,1
7.40232367055699,7.7365570575940055,2.1848067623297,3.5766376251220717,9.979117894727413,1.5057925747066867,2
7.7428909552019665,2.8724733416067574,9.40569498331163,7.216266507999732,2.981498235070812,1.7088829700499235,1
9.595966436755031,7.899589152912009,1.591615277952417,2.833581957770629,7.712431486977361,3.2802794193983633,2
8.076862410761319,8.988047266807504,3.3651669478048984,2.865999845873226,2.1398891330883543,7.539387991781902,0
6.140843792238584,6.220663959256346,0.54611217494132,3.9077743959549927,8.128532688196898,2.1140327323603207,2
6.549463693125535,1.3068278207093567,8.63709299753672,8.681304329293598,0.014184046610048462,1.4159177851787765,1
8.058748479997565,9.709796505218412,3.1729981173701627,1.2093257929749832,3.1295278659915833,8.8927490290272,0
9.788390300481183,8.764832470303977,2.2636772839120765,3.849845985076766,9.005378952888243,2.8594327497862966,2
7.760128697941859,1.1706011917375005,2.80530851656467,0.7110729363004209,9.883940240362389,6.623157788865636,3
6.954579187666566,0.03801281236549903,7.255076516051763,8.713929343702004,1.623111605362665,1.8492728454977132,1
9.220280466377297,2.590486514426172,9.238193501684089,8.867179573500984,2.1323492359422125,3.0714778189842975,1
6.042055962566212,1.1851996305264656,2.4824546123472633,2.3747122013838937,8.105072798337623,7.757361382167236,3
6.835644071313414,7.426014543737425,2.919093602793311,2.7608283873379293,9.42532863933166,2.0352756147950855,2
9.318612435756204,7.193704876715708,1.6939699892632931,3.8986255766418574,8.135461737170871,0.4099829323585431,2
8.407427685428097,9.861907137107838,0.08266862545162512,1.3536123372458375,6.987307216017275,3.150530553435454,2
8.82435880636984,3.786009152910536,6.60689284088089,9.019801765886466,3.262604640483327,0.34113347558390616,1
9.078179560755405,2.9172093861871877,7.45753850916683,6.724815180634702,1.670074384081532,0.8038471182983211,1
7.747767023664592,9.490446967091035,2.906205182244224,3.8588677113913863,8.543266425314897,1.3302303608015995,2
9.190283441313074,8.985204624467006,2.942099115022692,1.5064643893813718,7.117575905097176,1.0296671323214177,2
7.8869716728393975,0.7326979647247476,3.4509429018261204,2.6697319171729608,9.323180673487707,6.815318032857975,3
7.675633457959041,1.515907286393786,1.8981060184263474,0.46332034488877216,7.531413829059435,6.886987941542393,3
7.594690295472176,3.179798222091222,2.93108310532926,0.10629224422680705,8.95005733415676,7.951553166351256,3
8.852324765239239,3.798654458666408,3.66695408193387,3.6309460526626163,7.456800275340756,9.751110426622077,3
6.022827386584855,0.27481353128333197,6.773673683187573,6.649583835826321,2.8767470733582345,2.254205020860877,1
7.345459785617178,2.723010552785346,6.251024222617925,8.861629715271025,0.752591300856507,3.5866949886141746,1
7.79845172496197,7.328386593413503,2.060180598261857,0.2705593526522825,1.98870301249704,9.79613982308685,0
9.2740761646015,2.7087743829759763,3.470217361715101,1.2629933176003503,8.838614991775076,8.990127844595,3
9.827872430272341,8.245101750342535,1.505601305951442,2.398065404778322,1.9581769983892272,7.469872642033783,0
9.751757713522268,3.7769576418753332,8.42559651761555,6.150882603594239,3.588295019752744,3.0502298804631,1
6.407424376273545,3.7051031688656257,1.2766841301300338,3.1460068689565177,6.882065708495574,8.43702767557026,3
7.869103942331693,7.717498432833416,0.36204994528337764,0.6168443589528159,7.352145826007703,0.836982984299611,2
8.441906578731093,0.529732591348516,8.36872031309858,7.085576462798145,1.2972278536901034,0.8544600622984531,1
6.826087662496335,2.9264121853364835,7.992844941431954,9.257401300633141,2.2355526411066706,1.8526632931746159,1
7.749041631358622,0.8056360667452971,2.4411707140994756,3.2818838254455898,9.505114577158004,9.803757614319668,3
9.1038287191573,9.741605003342052,1.283855952459171,0.8407226076494849,7.752980541047364,0.5860175760648949,2
9.540288356036129,9.506973314250397,1.0324133987112627,3.6626477050585127,6.76745594750107,0.7512428913518421,2
9.115863947753533,0.8915834600686718,2.9820557529778586,1.854772576148584,7.713069582455642,9.993347108701986,3
6.578272402794701,9.703048608741355,0.34626629638905326,3.447256745019265,8.145431650096103,2.1514271699301424,2
7.413710227593118,7.498119005784792,0.7421323381605438,2.711831279669719,8.617455772670473,1.5791058169794785,2
9.28608336407991,6.551270055989912,1.7333217769655218,1.1929285589264262,3.8682369596561466,9.782652098877552,0
9.352407064649354,3.0155318676725096,2.5828398396694086,1.8749301381995167,8.160442861080043,6.303150717693595,3
6.424515145161774,0.878631077651737,8.949782900000592,9.849492912274654,2.2464641173364432,2.2219233423415385,1
9.742641460464517,9.118858238679184,1.3612962080820035,3.1752263242811565,6.723406333808783,2.268193119965365,2
7.823071509372374,7.529410310487986,3.8725855849624478,3.1658288621582633,9.334172895399426,1.8654425671184502,2
9.57190342148806,7.395183258727677,1.5961917511462809,1.3483951466020847,3.1925162573547334,6.356398503376605,0
6.815649390458605,6.4781432352979875,0.379004469071754,2.9387934984993254,1.6124331923477002,7.958404448890509,0
8.686084502427157,0.1591914741325149,7.724647733823801,6.496361089445877,0.7616309614322794,2.5352853335948877,1
8.604154584043293,9.001333758504552,2.49696416743275,1.269373676403327,2.109664043420184,7.020171736939625,0
6.715506529475963,1.2734881364174404,2.9934018707401235,0.1419713774646718,6.156886929046705,8.072651520298788,3
9.001526232774353,6.972308817307759,3.360972930841745,3.37902833766678,9.612783964963796,1.5923376428271885,2
9.474176589389115,7.728289553395911,2.3779845519941256,3.767479725453376,1.1852673446951831,9.341084334314218,0
7.103173176234449,0.027301162840867477,6.504010501686872,9.958125776626847,1.1149857284202924,2.887149295428681,1
7.564867917534352,2.4965674513902454,6.7912050968546955,9.122048875148344,3.065685434177379,3.110333544479508,1
6.766568836566927,9.130630992278297,1.2719757009068542,2.8513569089672814,8.417965448468815,3.4149597465123644,2
8.644479797288556,3.8323778586672694,2.804303172604383,2.1336219286576887,8.530703472071401,9.252721125989737,3
7.98329692512738,6.410503341755906,3.2141286180475253,1.0478729869401664,2.3049295252393565,9.899888262962229,0
8.401916245992783,7.633137381294121,0.23915235916018363,2.1134007750486252,0.6467739140632882,6.948503707570511,0
6.941488178121393,2.1501551731473167,2.0694384914147816,1.2878441932078926,8.501110361818807,7.6519628423995325,3
7.14133009563683,0.8363559014718112,0.3202791558087328,3.2588735958039257,6.94329839882338,6.281842831577004,3
9.70303907212774,7.6588502154944065,1.6906968578816826,2.421941763448242,7.493558370316646,0.48665036964687847,2
9.13247817612472,6.856830048961315,1.4241187873548973,0.39665020390702077,0.047424473234437325,9.538354566481884,0
6.363594149611795,1.1452190402631333,8.092581199542646,6.975066384258812,2.0683392295603817,1.302080753735677,1
7.906100349480672,8.504437309154035,2.8393538694407314,3.314620850912496,6.078705750106465,2.5918086131240097,2
7.179702426492139,1.5407006285144527,8.85850269336246,8.181986002614796,3.591834134391647,2.7992348830164193,1
6.658602709245548,0.3109415126747166,6.195217935889712,6.070885271776245,2.147546694011168,1.0187504509429837,1
9.903185371066598,0.08956642031572848,7.534484568203748,8.705948997436618,3.059154327375361,3.5674368671809815,1
6.377029662192154,1.5743453140046015,3.7877409731408496,2.216958334735039,7.5778421076106675,7.4451577429150095,3
9.19089164369925,1.7376922230368712,9.184206294561509,7.559709325256653,0.3586680826588493,3.907327854298714,1
9.11642641397819,7.0906747423780745,2.256650996069129,0.1407567737649389,1.0379950091559311,8.013000968154703,0
8.919149314612701,8.40933421757472,3.2397257327076643,0.27573817603593964,2.356432674350552,6.178653352784666,0
7.179562131016112,9.866415022720599,0.4010075548392491,0.1250922095492477,1.7844374057923735,6.293055182837598,0
8.792525650468189,3.0816185712875543,1.8620372894276889,1.1368527228031744,9.374490233139595,7.195756867669445,3
6.659187367776854,2.2120211106051224,8.087339223736155,9.818395223981067,0.988779242370637,1.782264946466603,1
8.704426798800892,2.559017536290212,0.5118913824008313,2.433483378192145,6.44327748063139,9.523195752034,3
7.50289307278206,6.336039989829721,1.5076458643716224,1.2848950962436918,1.6233886933042903,8.739284793539099,0
9.230294817458445,9.95936203975388,0.45684954970049185,0.8566140694981237,7.352052931975717,3.048321448711498,2
6.878086071437693,6.049792611285003,2.083594611103098,0.8478696227322731,0.2772621964157236,7.7028562385083506,0
9.149147061756313,6.321177702424597,0.8384461277902115,2.0470212877448533,6.451304425163176,2.320979873378037,2
7.54583872172082,2.62753408289998,3.43947635499099,0.11496564356029904,8.692168249606876,8.667604000252593,3
7.059437186664898,8.76814088043702,3.6634956086690833,1.9486757537112154,2.3966686205301713,6.876252573933255,0
8.611594892554544,0.0814203985795352,2.521290364472469,2.8395939598790716,6.219423251855859,8.406276955202244,3
9.31758507917687,2.8969175406664847,0.414477863279719,0.5418360625347018,9.486092001475853,8.662554845481875,3
9.201057281123703,2.6292592793044327,0.1202269588548921,1.902936082839536,9.631678661721114,7.3786955961313865,3
6.142032466761075,0.8002802542532086,7.8740627613003555,6.755135518515656,2.22265390589784,0.8528138106222043,1
7.68286085114713,6.7262136671005734,0.2381519577830078,3.2354789681611673,3.4202283503393396,6.078644513659347,0
9.184560697361075,7.881695160086789,1.6626875270590107,3.9687339485048385,3.5663043354809516,6.658380955258876,0
6.22182481303046,8.07869465861041,1.6209471603286199,3.0023696782782703,1.1479517501184633,7.864881525469674,0
6.674698909951152,2.469161193327283,7.519883492553641,9.608167593624948,0.3460957807589846,0.7318324394251823,1
9.071817389902865,8.563620077853518,1.8424808131720392,2.2196493307398066,0.7439811799190275,7.161523745273149,0
7.890167313230295,2.1707006797920947,9.078275557175568,8.244273670897925,1.554509875571263,0.020875519852150415,1
8.732674217142776,8.136667192911105,3.315764649861462,1.044736497483287,3.4006108995641267,6.7571993465107205,0
7.58391410533334,8.987425132790085,3.3418391461661683,2.3041146053278467,8.775381723880248,3.3783540547068136,2
9.16865132635811,6.675664841889395,3.8218628175465974,0.1436351811385954,6.051738814122125,0.672703231765535,2
9.731571377529384,0.9463084824893588,3.2446799006127027,2.463459210077276,7.665721785899807,8.826404772205034,3
7.458712417050377,8.192747811103976,0.5347106555269376,3.1865934008735115,8.703467073459276,1.222361616683775,2
8.508368137789152,7.730878845804126,2.947215829750482,2.714880882239351,2.8805128382084164,9.433947521175579,0
8.103145045979476,9.338654225892647,3.4279991986302862,2.8672811292853275,3.123736176266214,7.782735245070631,0
6.162508941800916,9.520250523774052,0.5123529528684969,1.1518336433904541,8.662081476630451,3.881446499439296,2
6.079256382114659,3.747338935690936,6.2122523639357645,8.272242998931949,0.14346256154434744,0.7672443033143508,1
8.728538441214834,3.6645865501991843,6.734208718012132,6.113292446176224,0.1304101435514542,2.1690005467829683,1
7.945930281326071,2.297156832342713,1.019930177080096,1.4999535727931406,6.216298648306892,9.777835262251594,3
6.262678954908893,2.3982065726334314,2.238873265220411,1.356461173422443,7.504667768251165,8.209110716318916,3
8.780084464649999,2.6167999010027843,1.236817626656948,2.163895872953701,7.3866143880598205,6.6052816472023625,3
7.930743459551611,8.757606747020116,1.894205770376303,2.2769838343996964,0.1364158138685374,6.273789087336899,0
7.481265022896202,6.282375536566665,1.4785519767574957,1.1546872472451257,3.1224391711210107,9.740645076413514,0
7.224397843637957,1.3455063507179843,9.019108791955219,6.988611636777003,2.0483008188966205,3.820063145387659,1
6.005870645516887,2.6972176560542414,8.49910600735999,7.998219117229995,1.5770313479999487,2.060786680769906,1
6.874668761667012,3.133488510608299,3.474201904201007,3.8308229753581133,6.6043003853409505,8.011350949238595,3
7.156700037916652,9.132510797726397,3.6528982559538283,0.04205337651967689,0.8449870334634935,6.472961953136381,0
9.876762039156125,0.6852057485741434,1.9802280990338548,1.7149512259252742,7.947258915523469,9.204690224782794,3
6.9501500971156895,9.49992054368125,3.872040565926139,1.7055224805206173,6.0827525575050325,2.4199515071586,2
8.557197287820738,9.759306382835891,3.5851792355502408,2.9410936663929466,0.2968880512016394,7.977154310832123,0
7.033624665936643,6.639198346536368,3.5117010099059294,0.2853909922527911,3.937445229383397,6.309669666010292,0
7.591037621252923,9.539902500856147,0.7828986478591689,1.588703636771727,9.921861009329,3.3908968401290625,2
7.8094090713057,0.8755689278509236,8.224405575628964,6.547775305645805,3.065320791210874,1.9259010162528876,1
7.998533283092665,0.00297092691478662,1.7209224255317834,0.851590873231689,8.335505260624785,9.462536397121042,3
9.992640651894064,7.898213400310818,2.434980838531203,3.931860420825492,7.989785941795759,1.093861149893384,2
8.52416636382622,8.279231173491425,0.6461455445812359,1.117662314120297,8.263851188062862,3.3846862307441636,2
8.268190740950253,6.110262453897246,0.8605344537335102,3.120790865334612,7.648855182396902,3.759348297884673,2
8.705444173601322,3.624283165026431,7.906286756463389,9.097539786316615,1.7891938248136454,1.1649817736608887,1
7.658698430535766,8.500379166165049,3.8846101833523448,2.8843533087946276,1.1211885194566342,6.448884407694205,0
7.752309682110001,0.2887326632733225,3.4835867352721666,0.00551881986973024,6.7191682055517,6.596945610547783,3
8.434028370254588,0.526443384389156,9.774006290808638,9.207568495672438,2.5018682573095,1.071741031122572,1
6.799632288359962,6.852277999600269,2.922345999385584,0.4148617261670138,7.199341049771065,0.02128965212496592,2
9.597828075633366,0.8694871640649366,1.713805435363772,1.7248946194219843,6.354887270577722,7.718447822803011,3
9.282663907776397,1.748998911731782,9.274635651368621,9.259739345092537,1.3646586816015267,1.4911888388092303,1
6.5871484502106785,2.809660503702082,0.7196329456533319,2.5337073441423597,9.365529857745369,6.95867646096862,3
9.591677728171138,6.399619413993079,3.751223544183903,2.504380079166313,3.767419500967999,6.2735510835226975,0
6.998920268072194,0.06510353920621803,3.05571615437849,0.5124424335030238,9.11937879874333,6.527134382294869,3
7.309413269163386,6.54140593009695,0.1372650698686959,0.13708213127352487,1.6186937377626438,8.023883682090613,0
7.901369126434494,7.927933997155916,2.8938130751495597,0.1407187307249287,8.207997035498932,0.5288109029440271,2
9.88962643530666,7.286812055839384,3.202001950647685,3.680886208534381,6.617431106378789,2.954919623563331,2
7.954236290635643,3.9149410700935046,1.188002245589324,2.8196551779627406,9.004311876014418,9.28351478041252,3
6.508610724564084,6.624817748981349,1.6702413411698331,0.9637139319189485,0.40253224706480983,9.213933142120208,0
8.338843549633916,2.9104150959583666,1.7108247777290457,2.9781472175118915,6.383608817039188,9.54386506533244,3
7.008119105372222,3.1327770514194624,1.1951686671481179,3.8910401836497885,8.961916411769995,9.20922335943948,3
9.501751989557356,9.94468674596958,3.4100269348940353,2.605975661761782,2.570882545504814,8.81731922875441,0
6.729379333301679,9.640483326461542,1.525844254529034,3.4193393465663005,9.4921318842641,2.3741930606846173,2
7.610237441547462,3.9555313184707797,8.581418738273715,7.899927146588023,1.3076624844532594,2.596918540239344,1
7.3411798171615,7.289040069176357,0.3447484666017844,3.3930405990768966,6.230802155513343,3.7386427379310416,2
8.84499013116331,1.86148141772648,1.4437824994168276,2.4073333380901634,9.636817176703593,6.9653785678380995,3
8.779203468790108,0.6662023072396099,3.109472103803346,2.6410360232628234,9.051032430702724,7.750202785161447,3
7.030805902792554,3.174789040869607,9.06660906569284,6.177586392625913,0.14461333798013065,0.1555758071974842,1
7.558704680429976,2.466417938139329,0.4418202539902438,3.9223185780312972,9.295257990432466,6.114086172776802,3
6.281858339229131,2.859376829628224,7.0331832811208255,7.278719643251765,2.6296397894509957,3.3962223707930694,1
8.678232844361306,1.2067383363282964,9.58504080261136,6.822095514659818,3.2424419540435028,3.158334904049072,1
8.281283151656794,9.142969022053956,2.7040256647589778,3.792477134029562,1.0357270725785748,6.358736912641007,0
9.1410256267718,7.16645614214049,0.9237727854981768,0.5388141597672376,1.8846299001316216,9.851718856143062,0
7.16114931301321,6.618860692376482,3.8269662737361103,0.17198758247121404,9.762704306170717,0.08105865608557172,2
6.468020234482275,9.107058086595925,3.3634779197519435,0.7158270857454996,9.913959439044424,0.29595144820391184,2
8.353908768123912,2.4578611794949845,2.9104361447207103,2.4536846265675476,9.078288896693667,8.994665155835058,3
9.667181654668656,3.761115183782903,9.220471278552283,9.955269610946308,0.5158619605422605,0.2582549831597003,1
7.508866377014714,2.458774356462798,6.214487869294022,7.292645070596318,2.4257971413625943,0.12719324907275587,1
7.742045809010582,0.6991988394849575,8.994063023109957,7.906812666807715,3.079903221587009,2.6646946852728575,1
8.1118503745514,0.046169668874965986,2.379527183342656,0.728475782850527,6.1383354768461516,8.694946889735455,3
6.231430593613777,8.65707370986237,3.2763985302057783,3.311122454363239,8.812135395212845,1.9822896159600907,2
6.916358738460091,9.00133719271626,0.9105684701109693,0.11815611455468034,7.229975333862509,2.0978035823429244,2
9.957887055737395,3.579461098831155,9.006383204437046,6.720805589880025,1.7324776785755782,0.556936847928684,1
6.429024934368346,1.4783734895935896,2.1105982112148127,2.6884520333615023,9.032667922581979,9.810048177986193,3
8.609529295989104,9.077067426839827,1.346775706795428,2.29798436549379,3.8902282495576106,8.495937639072395,0
9.918965951436888,7.5693539466234565,1.7012359178220704,0.41454193667188965,1.7918129299349985,6.474602667136892,0
8.828986519904038,1.0892413726063208,3.770328142371712,0.4390716713507805,6.425015879503826,9.687243541379408,3
8.502744669302711,6.9982783006525295,2.0881711252526056,0.7171440708837857,9.174369138755099,3.4398825558268116,2
6.487940486757784,2.1604776917111703,3.865107005557858,1.603606726108831,9.57660094266496,9.63494236436882,3
7.549483881378671,6.6659601679664355,3.1209584421814887,0.06844358709924947,0.7889880102852569,7.809610761697824,0
9.852286553800553,0.36209466248175426,8.27642036392146,7.63787050993643,3.932675807225926,1.6035744918418384,1
9.85075093089843,8.673577081837529,0.8602858127376103,1.4783833684552672,7.246347255715811,1.4350805891661644,2
7.814685890564927,0.913538791500494,2.468408596140864,1.222577197785025,8.12301945960015,8.306500552791457,3
8.99027599019733,7.691873257797738,1.7429842085962055,0.7216567791168935,2.5576713962291278,7.545392450685741,0
9.076670712863077,6.154747957819074,3.6200751724146425,3.7655601740124354,2.0733635521466898,9.475949975505399,0
6.683340356624952,3.1542061397698284,6.4575054285308635,9.767402977045851,1.539441338799966,2.841965905525911,1
7.029439165503467,0.9825311642472068,8.927582373992362,7.828959159019255,3.669428969946151,0.3833393974110386,1
6.67732497124892,9.439096114536914,0.6539329831924743,1.6936367340991492,3.31589362861942,8.246121516309012,0
8.275691182887778,8.790695501722603,1.7255182275647654,2.356716325340377,3.2163695736458595,7.9355549666493825,0
7.830184966178742,6.740050206271615,1.7251271362383118,0.59739068516655,6.33652191227001,3.203650730899911,2
6.642448520186375,7.338754279133154,2.119665089819047,3.8502017419555843,2.448610950936694,8.295429449156439,0
8.168219146664804,8.190919364955587,0.4667050480305224,3.4258612535041224,3.612793256265161,7.102222840699411,0
6.5467332010467105,8.126746981956511,2.9566199054282953,3.440868525181231,3.0004875896226095,6.9718297697198945,0
7.162290751779373,8.379409947915654,0.5544235694269748,0.185713098733868,1.7166893158913585,8.649075552231285,0
7.091637608451002,8.443421498471725,2.400987994479281,0.611781191134638,7.285964797336086,0.7064947573071376,2
9.83378538005091,7.0990737892659945,3.9045073255753824,2.39695850798551,1.8799324971228573,9.000000966533172,0
7.467834295918385,6.402355534932269,2.4442872115966643,3.5598463056603737,0.7435506367522451,6.495001683317708,0
7.133291687496512,9.029736215790997,1.7984553997225574,0.9156264595173882,0.5701576286699761,6.158148662740329,0
6.628632089745279,9.720626460768715,1.0940710206331214,3.753254644530439,2.8670975826020832,7.610322775765315,0
9.387543646245808,6.754669845305624,3.27012017319084,1.2779148636444027,2.3175959638796875,6.937758528224354,0
9.98088616510536,3.9691154622369194,8.571678541873812,8.092615426482235,2.997392847473067,0.8642478068842054,1
8.931959704072579,9.052094849111276,1.1634385372361393,1.9038494234830003,9.58783293052764,1.7078418442990335,2
9.174015452003754,6.314672311968492,3.1232413697299863,0.4010665326139531,3.9126888927568566,7.327028689466848,0
6.920048035088258,6.5813024307439685,2.5708708378291782,2.457149753279637,6.615292997496789,0.6070628611586213,2
8.176462663416231,3.7581906646730765,9.56268512679133,9.609781939405732,3.013049899289542,2.3214301453622213,1
8.89557720432382,3.0916734764811724,6.9711164468801465,8.427990907269873,2.188291595885339,3.1123754415981955,1
9.754072220748906,7.525244090268194,1.5665253731874427,0.3999442272994229,3.468491130741044,7.908809235155248,0
8.002868862280017,7.651558337498718,2.8376421421378524,3.5345444168975693,1.5687527206988516,9.00228536884943,0
6.742093502299463,6.187328425232144,2.1039490257537254,2.5796296121043114,9.9019434824434,1.6774013182990042,2
8.435069876561819,2.9034962557549697,0.7698739242451764,1.9189805105057829,8.995107997748022,6.391317289058922,3
9.76451756975128,7.217011309567802,1.3085886335925005,3.057836429091839,2.929373159047379,6.359212932467073,0
7.306628044988731,6.310082679272537,2.906383798624458,3.2975943761482482,8.253173299217732,1.7191142771175705,2
7.860219213594271,6.365608616425527,2.5970824497394105,2.9161339407807287,3.3393343117164673,7.115010165612388,0
6.707987379922858,6.823610472354576,3.976963499330939,2.451061913442045,1.0517001003159354,8.624777684948345,0
7.228362890315275,8.831961997106188,0.42213565039931256,3.165584352335853,1.610071676151417,9.624939729090316,0
8.319068037582376,1.2541489677210862,6.204219573894269,8.021545744818111,3.911828098321643,1.6787188735797836,1
7.671280123733698,8.320992229496497,2.761209212764052,1.4296226552742204,1.1851096401953032,9.659089299006355,0
6.766449830775025,2.3989889864032716,9.372797082895534,6.255358553143369,0.8264636802639282,2.823373716911288,1
9.714375479239052,1.1129307955215642,1.3104792667568446,3.0279105439150253,9.904600465384679,6.919403538548437,3
9.78364574194702,1.7869509760493298,7.385908662715215,8.487842049698989,0.06475423998846885,3.5503184056465793,1
8.724060037787797,2.3661278651152484,6.51117942424063,7.689453982994948,2.052283496746113,2.881571015405441,1
8.309169807746017,6.575077862018338,3.945365533498098,3.955841470378273,8.66336222019012,1.8444855897340773,2
6.6109162992557255,7.0377295282851975,3.742695831637684,2.929317180084842,3.431201228980686,7.732604374955907,0
9.765235145618577,0.6425467930940285,1.2399677859844251,2.109302777687798,9.335572342355515,6.562539093751103,3
8.01290906068102,6.9575682687115314,1.3441819154498291,1.7961037977449572,1.699501917412232,7.267706268708366,0
8.592293715099004,3.461105542071761,0.16016440530933185,1.0500497682653132,7.231188833884468,8.327741188321124,3
8.328226636220379,1.8102942455000766,6.403294517448859,9.94096648178262,2.3157374072423176,2.77456359592441,1
6.225343482695808,0.5684481656184572,6.928071148769133,6.937053167358949,0.7024285730378841,3.9272026844858554,1
7.160541979013817,8.077034342079308,3.492048361546609,1.9669941463446312,1.859163145058472,8.685486214478262,0
9.729724819305618,2.284647086882082,3.8859708430606545,3.4443415269304616,9.780846624055393,7.624078145666408,3
7.540150269098493,2.5739889781976633,8.575387030779744,8.316522974126524,2.316647523579481,2.1445591766668275,1
6.403768295962271,7.456997621250955,2.3082913823254883,3.421228963982903,2.314662559447959,7.228002895255354,0
8.4655291764455,9.094619826727314,0.8838480988153257,2.059149818966567,9.886861726469004,3.102736593560549,2
6.871683824781805,9.90310802498223,2.576889058797268,2.0160388556638065,0.6567254873273582,7.4143054842582234,0
8.345798199167056,9.66916742982611,0.4232688362867134,1.7016037985922812,9.542234996902716,0.34388908792747364,2
8.500607813215208,2.940443678663353,3.623970707355714,1.616532763763138,9.4520254128953,6.015647545744793,3
7.50802456504611,6.263294146509173,1.4579828455959882,0.879242731273524,3.411077477464278,8.354872769164363,0
7.039720127904601,7.373940314754456,3.5235123867317193,2.1958333639972274,1.8155600778192245,6.329833532767912,0
6.573477819825144,3.994306908728054,2.175913222334654,0.5945479127670854,9.17425418007746,6.719969362188607,3
9.328289636386355,0.03840456181954233,3.4652329107215776,0.5889342214651148,6.556830297177102,7.99611030590311,3
8.037350237623354,9.271024098371958,0.6944877668730598,1.2198852145485528,8.800599729904212,2.082070149485559,2
9.09582230445534,1.1271082482465449,2.926690729585632,2.375471125293848,9.550316644029728,7.007303539461382,3
7.160016602170213,1.9131747997583601,0.40670362534690696,3.923790726170064,7.166852139172125,8.11591901953069,3
6.519341321158545,6.194153578892758,3.020947396752837,3.4704529292560444,6.28406059757422,2.716672570763606,2
7.014342825075669,3.9723533610021335,8.886722679165313,6.5279305053068075,2.4408066746054256,3.4248737596030465,1
6.613067969032627,8.823234280366899,1.2325301412389766,3.356417361689453,6.976926616057165,0.6021318729747054,2
8.329068884919852,2.0333035250815086,1.8441008840169855,1.3023321347320023,7.493116020140901,9.598135829864006,3
7.084477533302624,1.4107068873036348,1.9049637749143136,0.0651585255776097,6.896106261432724,6.6928852945958655,3
8.156125952692818,1.6298577521999325,0.9377867201945427,3.4277910114343815,9.034360415452452,9.428485619641584,3
6.342793546320177,3.4786974150059002,3.7677419354670816,0.09658926548657121,7.206453752953713,7.1818314417534355,3
7.984657458287351,8.897206098908315,1.6566864586051793,2.1094095971175797,7.280827709157763,0.19582896200565703,2
8.924507646800482,2.0440041025229,2.4751094083098106,1.8092040064083834,7.1897001623701495,6.329671997019444,3
7.885895941222719,2.8824775805993794,3.3937311894367923,1.0978985468815128,8.81111870069321,7.337575634573971,3
7.976328055891145,7.204026198416571,0.7752527289246447,2.384510813547857,6.067872190085664,3.6240154661477004,2
9.129103874806953,3.862414091101922,1.412735621658936,0.18552737347724424,8.686473356997535,8.021737046653048,3
6.090248843781401,8.680125726800721,0.1274554703733477,3.5305795483927165,1.258984162088455,8.928231368505081,0
6.417669161849787,3.658313575097347,9.480480986641227,6.32090214591674,3.839825753808158,0.6120212168129835,1
7.980714173853,2.798621828562208,0.24300198973820297,0.2337509217769398,8.421399073166889,6.493006279365412,3
9.521741084634009,7.183918430727025,0.49235664858732564,0.6738121952413385,6.325012144954351,3.1786187711734546,2
8.855410371237175,8.863051759576614,3.7186242202853435,0.07030443318590418,9.485549610613653,3.35445849994493,2
8.111401309963341,6.893267929460565,1.9132762255841627,1.8373334899749012,0.6089325283083777,7.167299818705552,0
9.48966224562292,7.7551019883415755,3.3297735446147962,2.6481080409874367,0.732986433275022,6.7568932989312485,0
8.933313846963477,1.9833134629908593,6.079356654371687,9.361089693443725,3.4371500657453984,2.7325951865479157,1
6.8094015316846,0.041130894453068834,8.709076990622133,8.896765726374731,3.167468429161296,1.115514567726883,1
6.261902833667234,8.838364955248448,1.1172427034408159,2.6773295661225296,0.8855669981602179,8.625757143852272,0
6.370576334191704,7.707685926221739,1.367036992749319,0.24998509649543088,9.737879859521104,0.3528546892369038,2
6.480531142367726,2.889872963399237,0.8901256215994873,3.3523075760325685,7.305367827680041,7.508713606835396,3
7.694404463663645,9.875968108744305,0.9276906272201089,3.8978748735882265,1.129340988081513,9.919557306693196,0
9.925069042330236,9.713297789828509,1.7572114059259318,3.5183415241038376,9.779153958587141,2.8766329691799783,2
8.396614059694421,9.287851940186293,0.39854473512197286,2.4661895896644728,7.314181153159358,2.1706461547374247,2
7.005892158364927,2.4697268530432304,9.831293005671148,7.761007296613707,1.1216515776243505,1.160611585379721,1
9.12319114546899,8.205515603736348,1.8755971255765438,1.263144369678177,7.431497066352086,1.0275163741190556,2
6.1268300582210795,2.6318625459826994,3.8037562850712905,2.569599972716633,9.742850594807031,8.013130832283256,3
9.2668299126694,3.2062802155542927,3.63603007688437,0.4551238897401646,6.9074230613296415,6.042203627838404,3
8.915048350272892,6.435034656474162,1.9982091008110512,0.9776110123738162,6.057116986701374,2.8950997281896025,2
6.548410808619786,7.560882012605672,3.5677786090859764,3.5459650232577693,2.2324402060573374,6.412256623735438,0
7.096400445894783,3.002346896316768,9.67625714124066,9.915554309645156,3.4790915905245656,3.470193770756151,1
7.631766712445845,2.9418391197473674,9.61216091182366,6.905678164694622,2.4035534538698453,0.43626799540015737,1
9.640292044222715,8.960264792358416,0.6080637520336785,3.1619245165732415,1.8181063749074218,9.812720004808758,0
9.458583404602852,9.33757290436098,2.2058766995180816,3.773279369945741,1.8597161850623514,9.020321660944639,0
8.89208531807839,7.967029665412642,3.3955217785103056,3.532355602691177,6.21756970318944,0.677417636611271,2
7.872714260985466,3.9560320154272897,6.442319533951684,8.462410734760311,2.261351104186949,2.186843429760115,1
8.509980880177583,2.780520690031214,8.042320368564777,7.421409430390298,1.3763744894620933,1.7426950176262528,1
9.97568643864952,2.273919676913501,8.877778825896112,9.363699362116954,1.9785315736522597,1.3637506210524508,1
7.2706286062828465,0.39171415158173106,2.928604465571639,1.4325193398352503,7.052957202500705,8.158224615610767,3
7.316317406761414,8.013692601799132,2.456005785304626,1.5619449229651776,9.384142162989628,0.03962941413597054,2
9.619072046978147,7.752462611328893,2.422534090769871,0.03239444047952267,9.327515350827085,3.051514325240292,2
8.652956950043176,3.556442552219113,8.447196511938083,7.324516377865226,1.9050912385463232,3.0078900757884344,1
6.107897406785707,2.876225451366183,6.157318192930807,7.551322967848138,0.20133604070067035,3.045276992120875,1
7.1456500536078655,9.219887037803522,0.25832310419115734,2.015670738919016,8.699824780803276,0.7782718098731891,2
9.604781891791129,2.365427410097887,8.445284772904305,8.530181140459831,3.83633578016928,1.9328649144698833,1
8.04987921361712,7.099680924046307,1.4729607895472125,3.4358142967796885,3.260212551354777,7.177111031487543,0
9.025395088938508,0.678035372242765,7.569771085794104,9.460485022260501,1.9537781209821445,3.1913099009976786,1
9.516343415788116,2.776644849256567,1.2976646046432911,1.6694028857646979,7.079547731436936,9.541575196926846,3
7.31122198202825,6.033352914120649,3.083052231657112,0.8405378644765764,7.014223129881394,1.0424208141415225,2
6.716736777848354,2.7080357820645906,7.573857060995391,9.961674517910843,0.061568117499930075,1.9257604725456963,1
7.537771650903807,9.083868461005622,0.9613151337802717,2.2189176890012448,7.398028432114215,2.06056111064798,2
7.55246620527519,9.31010073696501,0.2159026969352258,1.684192637885002,2.4493594878096676,7.466897322099479,0
8.312361808280002,3.9083220833632923,2.751128376834599,1.8993822118630748,8.409034200910956,7.693676839677658,3
6.600928532622552,2.7412091702535677,3.1765108138453675,3.2351532497172824,6.320775696191941,6.0628643975497685,3
7.979925155265255,8.477905725755974,1.3610132020452368,0.41194538033806394,6.142288152125161,0.7297530230957787,2
9.936684314300123,8.642658673810228,0.512940403294762,2.3889106128404753,8.082239186775178,3.6310865291860384,2
8.685510805813845,6.482638310446237,3.3462776960867173,1.252925792390461,2.52279831126628,6.0918151275607455,0
8.305350852459268,6.6374404110413945,0.07454280344165243,3.7425510492523446,2.7922723071586613,9.701875508128305,0
8.24099830570028,7.759590361769832,3.270835110207302,1.4327273094398398,8.47889792595187,3.5614443630924666,2
6.983895178855894,8.573739724687806,3.9912057840551927,2.188582099310683,7.696572184967824,1.6474987089272184,2
7.6253617019113555,8.776022246161283,2.8441021651378335,1.9820814499869952,2.0690263738919845,9.13787757452668,0
9.196878452579275,7.117003421709113,3.484541402597552,0.8788080702308791,6.1684334937433505,1.4811923630706874,2
7.003547807693664,2.9197525087773735,8.657725488319633,8.720474758226674,0.7837406860271261,1.9404570823665281,1
9.11594174283204,0.7054912282432619,8.023361345615708,7.17720523646724,2.5973501888542643,2.269946622859287,1
9.095012563228869,9.517582530568388,1.694124370521226,3.4798545093781255,9.452286891359982,0.4557318883813166,2
9.882333326485048,3.649384310554675,2.421092364399451,2.7188942644613148,9.918553918060292,8.455547222465373,3
6.941532268896088,8.231792396083382,0.25332204451555373,2.6770604459669616,6.53854980958007,0.06033575759091914,2
6.892701700709534,8.665807555215801,3.0133351580683327,3.4616112300214525,7.230056005531001,0.4347563070766154,2
6.4714237036342475,3.0468653496794382,8.173149030875273,6.765898436031151,3.3205763249676283,3.543453415408343,1
9.602603288434425,9.853993954111111,3.336795158245307,1.3100160975882993,3.775300458762407,8.934010734753883,0
9.83772015614525,1.4650887452858021,8.67881343327348,8.8144646916233,3.4117676192967914,0.46153177818911306,1
8.35895739009606,1.0092205800277565,3.2361011392746586,2.054060246733237,9.963935317198978,8.131687652455353,3
8.38036857207307,8.586250419831973,2.8992329471916403,1.8202536607053519,9.422848447857165,3.5937950519356368,2
7.162935183691592,8.33791820896945,0.5956603345494353,0.3509826810503611,8.63619650726595,3.546288160513201,2
9.211988501614927,2.153528658909651,6.11039306625463,8.268203649861809,0.13726545613788055,0.08636955652581957,1
6.710055142747237,8.519080630452041,3.8617559854968606,3.836003736370085,8.230600959225573,0.7538911607968428,2
7.68577096860148,3.2756140762942043,7.919588842343054,8.48695095844835,2.02409663000218,2.482326088163192,1
9.546687939044487,2.588628730954464,1.2378612146771393,1.7399718218235156,7.45053216344614,9.379804034079486,3
9.286185220528093,0.4541885457857324,0.21957192879804976,2.5154406184913904,9.985435112078775,8.507056599533707,3
6.385266263363908,1.6149932162549754,6.999784090498677,6.982065986774703,2.2318255007169885,1.3298572788999183,1
7.02316629714553,6.828511922306301,3.21046131957196,3.086445602536232,9.122122920394506,1.3288615799615262,2
8.480304198964262,3.129515121876664,2.464368063174916,2.865897686322457,8.39941306008059,7.382135104568862,3
8.994859166785668,8.877099506049742,3.6424280709099612,1.0433362723890043,3.05232044483289,9.059024430697537,0
6.479890010176011,9.46412509156077,0.5321808184344707,0.6727209872394808,9.474574252479197,3.4140656873482307,2
8.96842922385115,2.467318514245179,1.8160397297753161,0.5070201994281209,7.010293272022537,9.115892502565217,3
6.406562255785925,7.543112089362063,3.429723710389516,0.10838082747674704,9.959473249554872,1.38097219602742,2
9.471209205441623,2.59868030983917,9.919732589760699,6.904206361924819,1.831461823717659,0.4495449355489862,1
9.976817179122634,6.384882204547936,0.678908311567032,2.5318521167292896,9.093020910656032,0.3542409531051227,2
9.952761704912373,6.848864491625052,3.9284953452333675,1.9325494351756531,0.15261867288824194,6.997153203321112,0
6.569709619325296,2.2172207979914442,9.223515654118003,8.858349286332583,3.729013049130248,1.2863865615710948,1
8.843473875658852,9.94143293789252,3.204884805870994,3.877589765535316,7.222071408619348,3.6659950224584223,2
9.804151889399177,7.127118753222115,3.920298337496013,0.8243746150765072,0.6223116686480341,7.3741968978708705,0
6.9102937089003165,3.2445631180289247,2.197710396405268,2.113423964179011,7.6378586051545625,7.133775812540516,3
9.692208468982162,0.5370192369210929,6.887491332260458,7.232309178480781,1.9519508326311854,1.3470204430296358,1
7.876934648632275,6.494589888565368,3.5197372405219864,2.5702917066342197,1.900643622490478,6.017281803069432,0
8.953649518522099,1.1486823839556228,8.969011667450385,9.95078843183177,1.9991631635661489,0.2281431742250719,1
6.734738111668198,6.352484846167258,0.7330906139586308,3.45985172482032,9.849963166600745,2.7198431958627185,2
7.440379191762947,0.4720193411293634,8.96935324830867,8.61454321144664,0.4588511805002815,0.6972622541155378,1
8.375621924683898,1.2064112967523783,3.264604317309434,0.9881438700471619,9.179992941107281,7.906930607101655,3
8.12143019907868,6.2444774201583435,1.8925215426165733,0.30451441300588034,3.7833958107147487,8.70535654838951,0
7.54641003498193,3.340169010182666,9.600713573896815,8.175392467369202,1.3781932317488175,1.3474828553345914,1
6.260455336164351,8.373858879483603,3.272260534525574,1.6481319737046691,9.864375867541353,2.226935971530983,2
8.396770374781948,2.1924616574475992,6.865197566759113,7.904223141373703,0.36635473726346257,0.3583852301823094,1
7.73766696384345,9.889204877853574,3.235597515793369,2.2587853125679778,9.066234216520384,1.8037159271571692,2
8.729911867432111,2.815659445894119,9.531490145936706,7.1311887805473795,0.2301806141260978,0.34410578239225353,1
8.336590639290117,6.4545644094266175,2.156893107488212,2.4201312126092698,9.352462366755816,1.111774220828651,2
8.421701264097095,9.673923341647496,0.4815273983829367,2.3951238059499658,8.283343545068057,3.7494600615542057,2
6.593763970485872,6.81165088429422,0.802424837826587,0.5616930454779392,1.689585532471051,8.83616617557108,0
7.232780438318079,2.523024707198816,2.822388616501464,1.5139394160480775,7.6446116162766415,6.89929379210986,3
9.424487479972674,0.19156131110757357,0.6341420620048632,2.024336786569643,6.043684340955307,6.0957680202276,3
9.001379863088681,0.8193714584104375,3.105689286940574,0.09380612341295791,9.117040580021744,9.574096608070212,3
6.534587419766122,0.6663589176642111,3.366231291610473,3.027392066048161,9.564152270636109,6.962700056838081,3
9.24675211224976,6.654103512346513,1.5313907606519148,3.2928303038437,3.9078120856846317,6.240610046491011,0
8.531750510101164,0.8138677795417446,9.629337522077906,9.835596568337444,1.256595912445253,0.06071634258303371,1
7.2369086393900535,0.5212885053057374,6.725538751651275,7.7264848726815565,3.282206171098737,2.6056226365055033,1
9.431134336483497,3.6593395175620635,8.85925008125553,9.213748159480879,0.13076539124421638,3.0654440125207114,1
7.133934617749519,3.2052756268109253,6.222896226468755,9.037592794592483,0.03776697115670835,0.1507498277305479,1
6.525466600721069,3.427720094007168,0.9811305992215993,3.7737697025227974,6.824120968980189,7.745241541023738,3
8.418518565088723,2.13182600421566,0.9740095013912065,2.913232570907985,7.355225730771318,8.672567598720198,3
7.256527001442818,8.764266939440848,1.5801029881448665,2.2511846225319436,0.9819343456149441,7.165828201889737,0
8.53760645088928,7.703497231836236,1.3509456583782025,2.2016570187261695,0.9467822974554814,9.699520824444054,0
9.055673852630218,1.5606990503293137,9.419516259614308,8.548528743395885,0.5901775994534915,1.271234209753139,1
9.069070137212133,6.132040668057081,0.430667611116323,3.6182193489258494,0.4124970952492233,7.857955988354982,0
9.91827561640807,8.33277190938195,3.8669141089129555,1.4300900604092681,2.1444190866726576,6.663124903542217,0
6.717790832255119,2.759886583782244,3.199706723134357,2.24192497801224,7.816174957809004,9.216274251682979,3
8.447903584489676,1.1158299799337335,7.349351025575489,6.3748988174232215,1.030583640580656,3.180163686967552,1
7.683711060864669,3.569660254229489,9.202029316425666,7.779653784486387,0.27219483327875293,3.7574515997027897,1
6.268676401869819,8.909210715748657,2.3229221283548105,1.071886399153291,3.976809135342532,9.480174492736829,0
8.582616522013698,9.261002522688036,3.0493569557499876,2.2978434198516124,3.317888083057473,8.527725390821566,0
8.970482736059076,6.778929173793308,3.421271437859182,2.6718951889995988,9.199979324948089,3.034122342190041,2
6.291231512025314,7.577115771929069,0.9430860725488044,3.0460382693232195,7.714091823001377,1.8792914095875481,2
7.70311417133967,7.8223670146031985,1.7938976492967145,0.3132926256308699,6.131418365006018,2.4981861174420823,2
8.046397196676892,2.8777642533833285,1.1401228715307457,2.3578407978028713,6.93038367083203,9.039745743510192,3
8.675918890873557,3.1089082293425063,1.5132370131671053,3.162658349573064,6.479845524518427,8.437647803265685,3
8.177249854762644,9.033738118227392,2.9090765644333088,2.384942978813732,1.5665843742625345,6.794668064617774,0
6.642937972784099,7.260140016858166,0.9050652891397721,1.0109255435784323,6.69026558589894,2.3894409644891734,2
6.643780068986411,1.4009324380817825,6.704871908774752,7.758035985163566,2.1146220147449095,1.0563945993574193,1
9.787514614000983,9.284065539270031,3.1212004385478767,2.150870809565356,7.272744806792008,0.5079918140741588,2
7.833514635025022,0.3990240574910424,8.071258817717663,6.495482968870996,2.045620932687371,3.8650193534029813,1
7.714900303528816,2.922921227110286,6.057029013002248,6.1790529092653586,0.5823509470568511,0.17376573589848965,1
6.026301631874216,2.530961035764212,6.952769817264214,6.256208418766729,3.7476944737788656,2.281971793009073,1
9.901080820794556,6.307126040765093,2.531978042606159,0.20984099278910495,2.8415242226701243,8.653929069093744,0
6.009356941829927,3.753487892374994,6.527414967876089,6.716550893390101,1.967421716624525,3.9961411198262953,1
8.029877520043408,3.7011480171141296,7.741104980473785,6.461645582105055,0.823695814184382,3.5169036328805134,1
6.476049237559669,6.383072451302784,1.5541394482652864,2.9100442290541872,1.3082819296339259,7.57103172249508,0
8.024456078733492,9.721149970543474,3.3693460424712853,3.0401184721926935,1.0581780208397045,7.558404308542541,0
6.278088346951954,9.667328458961052,2.3841224323458277,3.1822637865846546,9.693739174718825,2.322287734715929,2
8.612998995461194,3.965113225926621,7.548170205765971,8.837838639081097,1.5150098611763179,2.1668131260704944,1
9.997061026206858,8.216934009143525,0.888382511308945,2.118128298259507,2.0428018820578164,8.36405181107282,0
7.1492896737811105,3.345745942632953,9.339959039516451,8.978508615147739,1.8836493349510222,1.637049769493264,1
8.706861473837082,0.7717955666587728,2.146693550496234,2.7112435582749352,8.194429507405218,6.767983163385949,3
7.8262299672482865,7.474496134121932,3.54933191056148,2.4032899889081967,6.216380597837796,0.25088200373859415,2
9.441476465677566,9.008126762496548,1.4066443699662456,0.9925169481453029,6.4427573485348635,3.7566621389809813,2
8.173518609959304,0.7846292579708454,0.9260881067114131,0.9050308576142738,7.708542871153762,7.586627797824872,3
