Toán,Vật lý,Hóa học,Sinh học,Ngữ văn,Tiếng Anh,Khối thi
9.886041434078608,9.881007309640808,7.481282060929152,3.6366307774188398,4.394029732318036,9.388342356271426,0
9.376168509086531,9.431460605860389,7.8952644999734805,3.6507627645407257,3.8578965536777625,9.586184236975098,0
8.964116831040466,8.9681984545359,8.142474718249325,3.8740290559595585,4.3341429764972785,9.547991866791358,0
8.392431779779987,7.789766003511459,7.386392013902775,3.020128327936831,3.003193185562143,7.232277762626389,0
8.444870989528846,4.065868965819218,3.6879679908970564,3.9648299334118993,8.380960340078586,8.741131238499431,3
9.878032247792579,7.908246071637262,10.0,9.294639504871235,9.103130775154723,5.556293083687896,1
8.697109680136387,7.851363214094228,9.531959096908281,4.1605243681714565,7.504429356507206,4.753179183849191,2
7.956555015625118,5.885700133244987,4.885863318427048,4.390859981677551,8.108320235521422,8.149406000725328,3
7.716164047725056,8.501483381746777,8.578948340155703,4.094555768515871,3.1023292851839797,8.127805767502538,0
7.831577782275195,7.956846671319424,8.68832699847015,3.433554556882383,7.924127872712056,3.021964424539714,2
8.142275199495398,8.112714809320957,8.012531917619365,3.569502385344162,7.092967860673902,4.1059036204208725,2
9.250477976378162,8.566251926610384,9.244787450297448,4.299530762424261,6.98765371943013,3.7353672028236655,2
8.914343921351634,9.269886327020439,6.736124743779269,2.81997174282635,2.9675843944444877,8.386966106087385,0
9.123232323359122,9.524187950672486,8.528947278724715,4.30679893399663,4.066871175620323,9.298640824886224,0
9.215965212955567,9.07027353612312,9.359732099677332,4.336776987498197,6.355266011928129,4.619716804603935,2
8.855701858348143,8.606560924905803,6.206088369485333,3.590737975619838,3.04428429922936,8.99559908293107,0
8.768903044562732,3.78820197550999,3.349995408967065,3.6723170549390143,8.825429505550368,8.821704232897384,3
10.0,4.09085361517159,4.195347107981035,3.900269247518059,9.728285265665502,9.10507863209554,3
9.214097865577273,8.829178269874436,9.206853818456871,5.495030102093867,6.541992185217994,5.467718543413151,2
8.442087426235961,5.638699889555468,6.0000757746810045,5.887540055412819,8.827294459443431,9.646127867583607,3
9.55739436321265,9.622391473022907,9.741104142656514,2.9243870438985295,6.685751634532028,4.278904726474666,2
8.593667265781448,8.939552320899436,8.911351501521388,5.876285428765954,8.623124790246909,5.771080601497337,2
8.377746119862689,8.21446093336367,6.802441426040962,2.3272197402138977,3.079688890777883,8.696941022286923,0
7.637016687479338,8.039369859647564,8.232874811204512,5.177968479977279,8.119603645352015,4.658452581520058,2
9.414222015858051,5.496246352781846,5.695282251564238,6.434563012356181,8.727498934185302,8.487772515011228,3
8.65073619000633,9.031600894052744,6.185952649108087,4.034664163739214,2.6467015456637686,9.855241194433987,0
9.25913598294824,6.300886121019995,8.340440642233553,8.750413247874537,9.107167919307402,4.769019329624406,1
8.521382130977289,5.002089122128883,4.937167945510584,4.746108587221773,7.977497468087774,8.831845357171938,3
8.532858512499287,3.7439602036012327,3.9513738433626684,4.2302970756778935,8.438920458010998,8.579840779740564,3
7.938964884697843,3.752534131462437,3.366026297202374,3.5367249512476064,8.845009283388041,8.103347089745172,3
10.0,9.338285359570964,8.175111795584435,5.781076071372523,4.765422223276518,10.0,0
8.46471763049675,7.964594931107914,9.08008542614566,8.463425002791544,8.793670710215743,3.2601432883241093,1
8.520370991300048,5.473945495640323,4.8095704188758175,5.099709564697098,8.43179440653078,7.612572172774799,3
9.29331086662045,8.84823807340102,8.84122422197933,3.8539749434870307,6.669000887212429,2.6923889453805456,2
9.501583365063857,7.786400498329552,9.136091904221907,9.292250270542967,9.523169119713975,3.774604135645349,1
9.304036975470662,7.936728498963079,9.230304189540368,8.636515509507372,8.843151548766256,5.383281722007548,1
9.210140394925586,5.551768231622018,5.424694317829153,5.673246806487597,8.99849230360832,8.927904874967624,3
7.48931360593979,8.002076215991885,8.002990167749221,3.0602009118717275,7.971886414921629,3.3537501391863986,2
8.299537189801052,8.277783849692693,7.9763450631094175,8.556020559726688,8.869787010990253,2.9641728262234546,1
9.245643211278123,5.541336124615784,4.937641209674383,5.867665958492583,9.379068786592413,9.074089484456524,3
8.713015016422947,9.240163517071045,8.074730386482491,3.418473829928838,4.006579426768721,8.521684014752605,0
8.598532663163036,8.223235036892778,8.263982197677619,5.275791674115023,7.409090346728272,5.702583877110093,2
9.1135641894148,8.753019518535279,8.835710009041058,5.193289789806207,8.052806298941633,5.072829780949475,2
10.0,6.9561491825081045,9.528181031672394,9.500062653638723,9.80297290175879,5.191827615161751,1
9.825351802554064,9.430185974843495,8.791947556445107,4.650348258377565,5.0163549743506595,9.603591757697387,0
10.0,10.0,6.555862496958962,5.634625151611087,5.730848680177894,9.997198178387508,0
9.57635030760706,3.351193871766872,3.6134814186799415,3.501829492401158,10.0,9.1553449165912,3
9.801457086024351,7.708621655822551,10.0,9.763547922724296,9.734869676443001,4.401419881507575,1
9.350238171648309,8.993172847857215,9.327953593249676,4.028724708011785,8.846405504441252,4.024788787756423,2
9.731731964083748,9.955470572113967,9.752246519166869,4.209937878966119,6.422900174599622,4.575634664591255,2
9.665679702459958,9.882727930764306,7.259075459184035,6.080783393992997,5.267925729089614,8.774271100484873,0
8.213309906018155,8.583274196991235,8.21454726286477,5.0987740150058265,7.307410713899839,4.403363849810755,2
9.658696285086755,3.1004153236549135,3.036654059673573,3.6168037425807142,9.870414477842083,10.0,3
9.05896603863078,8.634003675929543,8.351547950508778,4.5816881616624805,4.651697517101294,8.77217963534916,0
9.200252661394616,3.8987629438068514,4.156949336857614,3.8377268724806006,9.068782853623135,9.692337274342302,3
8.691712711153075,6.007295058602909,8.6067500210248,7.453890959316681,7.790965639845163,3.840066660169412,1
8.494592694306224,7.419269983530362,9.340496739028175,9.097768566451867,8.681450475901482,4.437073337054397,1
9.025412110357678,5.837035700932033,5.089895872006029,5.495224514887533,9.058704055041511,8.763629115552684,3
10.0,9.952674179385536,8.59821418161208,4.329259460592345,4.376133194297634,9.921648717777146,0
10.0,7.411249243440064,10.0,9.54844192518266,10.0,4.394530232471908,1
7.796483302226539,3.4236670449622246,3.608717413580613,3.6459719399793,8.132276209207538,8.549396667161943,3
9.487440427613963,3.6356413700332744,3.3796085025697598,3.3111369094760383,8.643799996482441,8.8019389924806,3
9.325716987086416,9.04788397977254,9.364477402535105,4.409930197563408,6.358872686359232,5.005150988285364,2
8.404067620906499,5.2852676906611045,4.583991222200869,4.663861102967348,8.686976297471393,8.46635581565471,3
8.500542117152763,6.946839701481434,8.0001718241732,8.760259282234937,8.323571047266064,4.0226903908134615,1
8.128246089890986,8.40409416382238,9.229622061099885,8.509508907675809,7.995646226901804,4.069160821472671,1
8.062263000576333,5.265860336029333,5.203589112942871,6.251441314919062,8.057062887703266,8.303301744807735,3
8.8900609168855,8.885055966975466,7.77605981173973,3.529081244606208,3.8037427843864844,9.110331299027365,0
9.521405802075709,8.682224647610553,8.148411464317457,5.5530933198143355,5.149067428542205,9.867529661585158,0
9.969280723630861,9.624448392679664,8.9964688810667,4.005862034444553,7.003639215646254,4.498312883398375,2
9.226900938165064,8.222164310129743,8.653159055148793,9.259419708936615,8.786926895540025,3.842818917483026,1
8.190373704777704,3.577736539715448,4.394535993439324,3.818294414180619,8.727985287038278,8.436383656763908,3
9.165537794518906,9.146014837143776,9.645098534622008,9.04375524307972,9.056119907665625,3.4884056609941263,1
8.687105456939276,5.757411190769001,5.209726025121922,4.457673775709693,9.17190715633445,9.24661585214164,3
9.768978898437316,10.0,5.741455012123931,3.5310698040286557,4.387474889934914,9.863613580047849,0
8.235417502895336,5.8754354945168945,8.556249476930917,8.233490691319334,8.265174790567043,5.4958286140138695,1
7.73670634101183,9.040633981803948,8.779813092040454,7.477202977185826,8.075062872930149,4.034439576491408,1
9.063066236369503,8.836253086262804,7.274428811792485,5.495881469718667,5.28009610997818,8.653685512036972,0
9.0714409195481,3.8986354521939814,4.188915382439116,4.743665230349768,9.086760033907016,8.932790459761382,3
8.777299203050001,8.336857143648462,6.705810212392582,2.8740469563517608,4.067896499747432,7.748071852386397,0
9.599130246065885,4.968933652362186,4.643186840686104,4.408242851022782,9.04247188925356,9.430219543759327,3
9.33819972441435,8.969159469099731,9.314812908467736,3.1565579866158187,7.686559207655565,3.697739652964176,2
9.5244985708357,8.870219341419503,8.57495396096009,5.391693013192087,7.340651786095327,4.925616063317569,2
8.763457560986929,10.0,8.458988984713656,4.867393227718165,4.7961137445442255,10.0,0
8.83001513137313,7.210328843440849,8.479161505282823,8.506432351676562,8.872851083385477,4.899519767568638,1
8.308369063365888,7.978872582623177,7.81741476188666,7.832162114267917,8.182348573204514,4.8761308144018685,1
8.677372011820975,8.09090346446301,8.442300045529459,4.624982915816678,6.998472208757315,4.276362230948555,2
9.294948593544982,3.535224264466517,3.3418762267241604,3.4466943954699634,8.91893374050516,8.72577883426425,3
8.256026878705297,8.523085563895812,7.0846977613835,4.287199256085757,5.476769340830531,7.849013947141813,0
8.66822973938615,9.062750956015117,9.267290271994108,5.353126085780051,6.437469985814568,4.355610980071749,2
8.21576544619986,4.3485526057108626,4.912506166952825,4.027510314250651,7.8522625190715045,7.847801068233199,3
8.131622765256143,8.944472439290301,8.058513047265535,8.118111425278983,8.17652748032086,3.3274995604258377,1
9.117774749993538,6.0405786839659505,9.577721738294565,9.84657289399242,9.806720531689688,4.526938016376763,1
8.529770821302652,9.604165122375054,7.864883476454204,3.8232310902242843,4.358401891080675,8.91798041318144,0
8.405692369975176,3.5792071657981324,3.179812193058787,2.7975830583106887,7.758858747955031,8.479769600960553,3
9.197684398343805,9.202482465377432,7.493013022982981,4.840331528360447,5.500995771772487,9.479073816412946,0
8.352443475213331,8.168147194953923,5.59351172722981,4.477023382151959,4.500232110186353,8.773211590561608,0
9.044833425109363,9.222717159286022,9.413878034018568,4.700032056995206,7.07248208112861,4.271083324608902,2
9.866359733746068,9.913626162052758,9.326412869277776,3.508258217931083,8.673709454911842,4.402061796501443,2
7.5174317202857,7.143217040587523,8.164778209292933,8.608955745071013,8.584173268797803,5.490488028583129,1
8.219631787983017,7.012371576909612,8.37260733984478,9.474664190423002,8.545833180259367,3.1091476213124047,1
8.915720347570554,7.1987945147731836,9.573547091310465,8.654090684601002,9.524141060831585,5.688261435039554,1
9.400602131003955,3.820827989702111,3.5251025621669276,3.4659119519536272,9.810817220626543,9.73829633766209,3
9.820761387380648,10.0,7.489823868241912,4.330332275796696,4.520646217395948,10.0,0
8.094747280132186,8.711352337380955,7.959854984833653,4.614848603965949,6.418749213244119,4.3665833258049815,2
8.183835410861917,8.368304263462916,8.286961388161862,4.496114291866796,7.2093599134926905,4.108467745892219,2
8.075898737015626,8.560041996014965,8.164935024263494,8.382134191450051,7.786122867570903,2.766143640438389,1
8.042500298216352,7.986176515078587,8.536525173139601,4.212554343023544,7.242042695554214,4.630143345495045,2
9.336170812934583,9.123200858921113,7.134952713853467,5.048221239016487,4.913180654830615,8.733616903852813,0
9.019240052093528,3.3324551381309595,2.7453243897685216,3.370166271851574,9.224518494408901,9.568233348353747,3
9.61651382428602,9.856605746118914,9.821457230023253,5.744368707634501,7.604179670581701,6.27324859719378,2
9.752626344135264,8.153279849463779,9.668030484051041,9.683044764367043,10.0,4.917019848909638,1
7.859747637222478,7.888954138333636,8.399372709968157,3.2227569899421455,7.086740765711734,3.257918516532348,2
9.31798799638246,7.732055651850581,9.187453015675848,9.763412886314123,10.0,3.824563753630731,1
8.822136250899652,8.805445136753303,8.705651951169472,5.511600135095509,5.246946261817513,9.035675629212092,0
9.583304898119396,4.019312197621823,4.521488507107809,4.482664874022633,10.0,9.079630808922856,3
8.567481052398184,9.557897467415705,9.907504119695002,4.981985041939325,8.446494448545012,5.409505070109165,2
9.12248219835088,8.74786339489607,6.315609725692739,5.3950123978103885,5.559326295460457,8.6950090641868,0
8.76391079728537,8.239281602233607,8.424959398715078,4.759174256843814,7.7291271512562485,5.427006666209989,2
7.236949508288011,5.356387445053453,5.131305935509644,6.026754483624089,8.375761559937585,7.727938797680575,3
10.0,7.747962106192077,9.101074578516984,9.668326753187872,9.533720389165097,3.9965750848279575,1
10.0,10.0,10.0,3.8368226745651244,8.506561030974686,3.5277307199187393,2
10.0,7.271617547458613,9.622392468232018,9.789830718026783,9.765202120678731,3.618398472398863,1
8.521424133377154,7.804545244338413,7.182069673209381,4.639789787536192,5.318117316716361,7.4318441790298815,0
8.521478840634584,8.577257498071138,9.330451518559517,4.225301150536585,6.971432437412745,4.967923158267687,2
9.778971196437924,6.282502059802131,9.830194337157936,9.674256704593754,9.642546054104313,5.926406163582735,1
8.454487501954436,8.983026277099079,8.244780398746713,6.27140135670869,5.495540213861784,8.39893677278821,0
8.387877654806777,9.02189727198151,8.558395274764624,3.2356608191951057,8.46993038926466,3.8277090852440474,2
8.663912152920199,7.77638197358864,8.39100740820317,8.414443622205345,8.024102828171845,3.0702772035107335,1
8.187602035418916,3.582837085993829,3.583777728427177,3.546724786092603,7.75660540711242,7.501804199772083,3
9.78292258612915,9.107924258309232,9.231386892927217,3.9719338746956896,8.597116103026192,4.548112474572102,2
7.913513857174925,8.661026063266021,5.801991147491512,2.7754348456155515,3.071729432988812,8.89277140514091,0
9.527931385420631,7.4217827108835275,9.485874973307931,9.29982872507491,9.218175872503892,4.7109851524165975,1
9.263148221007397,8.843913327968679,7.455450712417346,4.574187330003156,4.356483209991012,8.404329339928724,0
9.879217352753603,6.471968875420546,9.31263353520276,9.079422310602828,10.0,3.3429271836457692,1
10.0,10.0,9.402410513896198,4.278280830236596,6.863857810231878,4.314715777437124,2
10.0,10.0,10.0,3.6042872213714405,7.703397647784409,3.677140099786157,2
8.223507243974977,8.157759291753004,7.981368461904342,4.926225032416423,6.517854876132247,4.992800478717212,2
8.824142522501035,9.176738512185516,9.28017394036445,4.067293790150085,8.632233990080625,3.9986035252920336,2
9.364046223446008,9.12578641534417,10.0,3.434405194231387,8.077838662906872,3.5444513768633557,2
8.24448502127443,8.364192837127975,7.2406077950237595,4.109881818078545,3.436293669331127,8.593098115936318,0
8.464701099849478,5.45935645763273,5.663562170167798,5.907846496171951,9.372995494967203,9.015268541147295,3
9.48639845704567,9.07588797250243,7.885017466537028,5.146410622982263,4.6938161336431845,9.242336094303973,0
8.454970293820432,5.5429922745875535,5.745563597822436,6.156325763833747,8.19047275712514,8.340953792461832,3
9.03256368377558,7.996090220604785,8.36434881852505,6.179103170679536,6.008881992380943,5.467200698802027,2
9.556326519830444,9.269992340771966,9.227394382212273,3.9080477855753277,7.846217701069878,3.8617610045245034,2
9.692472597558163,7.078190549516082,9.868012692467047,10.0,10.0,6.141331397930876,1
10.0,3.313530717309161,3.690696055677033,3.1253165353302594,9.434335501118904,9.952333208893476,3
8.772564015419341,7.301707028102157,8.522443589942547,8.042104177786607,8.552442001120335,6.2901778914779145,1
7.502043122244032,3.3783790757909626,3.3335685300829523,3.831541910742835,8.178588398355869,8.427481171845479,3
8.185194462005171,8.410524079536826,8.302341381239389,7.887678194245999,8.506700129456577,3.8418024782268745,1
9.050246069089129,9.451290164948738,9.008836502435576,4.479385093038795,7.027816465847663,4.909293261336692,2
9.873243033292542,9.334088094073055,9.66849270940222,3.6455283270164274,6.743017574099917,3.9565036670755296,2
7.875056415242637,8.089061618328909,7.979271214857696,3.885338027352061,6.5493575692990476,3.2935764324882877,2
7.74635837829685,8.465656658090404,6.089010621948739,4.016778888677035,4.910132130039029,8.385762883004968,0
9.845247570785242,6.972363768393552,9.433152218147667,9.21452407785302,9.848538787084456,4.967714642144097,1
9.701984254177981,9.746473515866878,7.188332131293453,3.1528112210868513,3.5440301785727804,9.874285639496131,0
7.3378722528085145,8.741164857883495,8.450336433273431,4.184121591878905,7.161034910936937,4.380999982682238,2
9.202677648177794,9.072744537488855,9.571622777781009,9.64486564215433,9.680452897641612,6.307286268545266,1
9.846579969236702,5.8756641622469195,5.721682309828914,5.433961390857453,9.660494472454065,10.0,3
9.800545494889878,9.584308701860623,6.861773418048942,2.840281519127637,3.32047530029991,9.593658681727712,0
8.379438237064441,8.607110408047578,8.902386548439365,3.974322936305962,7.664650970577552,3.4475611897343583,2
8.285220429814567,3.685665940845638,3.470813974866712,4.1514949960152,8.622234611372683,8.673133273780588,3
9.268124912588563,7.954788338262522,9.865511445419436,9.95088516371001,9.536400601150682,4.542788280494224,1
10.0,8.06500021644821,8.734183879825922,9.008977622155873,9.048664848992878,3.3221394678417777,1
9.608217451615037,9.176169690591946,9.698663320757102,3.106673405567985,7.810383634704553,3.273479883321829,2
10.0,4.688531754866407,4.269139107037604,4.158379737490441,10.0,9.6410232075833,3
9.736961043386644,3.80843169812641,3.9726651731154243,3.285908218643912,9.147796884778446,9.852540348909118,3
8.212080349925342,8.112854280750014,7.772651902219639,3.3302561488762934,7.047070676813009,3.3738478689459357,2
8.595699716874474,8.479565817537322,7.49199505645999,3.3474725149719253,3.459364336711101,9.170038577937323,0
9.06436461449781,7.262180848416692,9.602866081485786,9.932378408807535,9.469405476320485,4.365712046052053,1
9.942484455775936,10.0,10.0,4.444154120436697,8.544425789125201,3.8071079345088807,2
8.346879843091601,4.163879891606871,3.7814316043429272,3.885094991520835,8.869472441274336,7.731124689994314,3
8.622128778928817,4.590238781014633,5.0456969558941545,4.670532697371017,9.226252318159991,8.696535279987257,3
8.392973292407046,8.741431924294666,7.985320582343965,8.674498792946721,9.679900027859212,3.750748430813585,1
9.23624438353128,8.587935659322245,8.475603639144612,8.490884571936206,9.01648412932462,5.431421432074449,1
8.279315957781417,8.560964020381602,8.623433158050853,8.62995123689795,8.507322083504597,3.35861136076529,1
8.901215019527607,4.167604163253638,4.129264303386469,3.6848779042666755,8.483649393788303,8.176870711776308,3
7.983261112763518,2.8598628358443485,3.174051678264765,2.7963317478609278,8.19214812097539,8.180666029850393,3
8.93620214251363,3.2257773733241315,3.3684147174430796,3.0955579587846858,9.009770994757677,9.332140491912396,3
8.324461599990466,6.9026569227597925,8.156342958224917,8.35424197102126,8.947993235906168,3.6862260610120705,1
8.833735402905546,5.361533256965928,5.691870932094581,5.8091421014221245,8.689311080159907,8.323613099392317,3
9.33977855333399,8.905897004472235,9.011216780272283,4.745875288374296,7.766500202313687,4.89474663443403,2
9.1791041831681,5.064843231557569,5.714640512715189,4.926349891014373,8.725354509096302,8.87529789358906,3
7.8462721930988755,6.230613851817844,8.52635608173114,8.29215497021002,8.03124714791706,5.226981360639984,1
9.082216061073094,9.442871768398764,6.75641657512393,3.7132024918957223,3.945436156116197,8.408598939624547,0
8.138891075431928,5.320960134476007,5.827302209431421,5.889811191616261,8.126111177436911,8.374701656223875,3
8.384986643341476,8.708777221876021,6.448112419358082,4.6503790269435905,4.359652373670079,8.708995787145128,0
9.188765356512514,8.852386636545958,8.129645438822186,8.749526126658369,8.92575894219129,3.4126495359910876,1
9.040927772666723,5.549714399475275,5.654058439107862,6.656308621295204,8.214790341829787,8.88193782008785,3
8.929222137319107,6.477538530985178,9.004660184939082,8.144548020285894,8.543592282266685,4.7758763300971845,1
8.947643588726315,8.882791668860987,8.708841362170602,5.162224736945932,5.434002485637058,9.379648512608323,0
9.084424165644238,8.77996885038921,9.329315912522738,8.90230025288696,8.782859925017128,6.0438644427374735,1
9.213434127083278,8.919787861014742,6.643300623397435,4.545096829884897,4.5211282638939165,9.000841650786493,0
9.327273517730188,9.246392511185771,7.300893164036164,5.384037875154604,5.625351243236654,9.505635676135212,0
7.731991091123076,8.135551985399113,8.345471198102281,3.906454411409688,7.991885411257752,2.554928707349557,2
8.124108037552393,3.0060443332473366,2.8579326612252194,3.3293002449427886,8.245600079991272,8.438304528086357,3
9.654337104939021,9.89665060415746,9.618452457527132,4.378248221311617,7.406081120836326,4.53856773639062,2
9.093365273861869,3.9922181371334657,3.8191859090535996,3.691313058896922,8.35059464163281,9.049371212907438,3
8.409448081871469,8.521186183966615,8.913579150850403,4.095086311095629,6.623342258961721,3.9810976473960125,2
8.324236094913747,7.638703541909457,8.702083066428965,2.621467384023647,7.484992205816506,3.4925151106245638,2
9.605129757365699,6.102285850853896,5.537209345306603,5.164223522302992,9.479344980412375,9.793530063260752,3
9.403015520929785,4.678286679197716,4.7998060735341435,4.523051455182582,8.497153085170057,9.080666517285506,3
9.448753228352755,7.169341462123207,10.0,10.0,10.0,5.917254773042457,1
8.591935857393935,7.597859179204405,7.9086354942398325,8.247946500128617,8.083379337771442,3.210807583076684,1
8.366696578758608,7.226079831244415,8.670333955837956,8.328911527730474,7.99575195411365,4.4533980878883,1
7.830279267562208,8.823960674442336,9.245126540005142,2.8703449045297535,8.123385204465452,3.175408371559058,2
8.681602887889984,8.452476513508456,8.555193251622947,9.115172094827942,8.901182369628025,2.7319412756605335,1
8.5307536158267,8.824310181305185,8.626993066712805,5.392222557785945,8.143235244315013,5.360503145303862,2
9.384212611171595,9.366820099211239,7.222549013149612,4.934129093632258,4.31432691098135,9.467070461543715,0
9.965939527931544,7.337638700606347,10.0,9.968160206494318,9.709538450105985,4.619718098699054,1
10.0,4.323349721713897,4.568258624706061,4.400673442551051,9.58416038478869,9.849204216206903,3
9.815759281818858,4.6108271133680425,4.386820689411527,4.311685365680539,9.940725839828525,10.0,3
8.201200891268929,3.4482994826891127,3.711310052415848,4.226501448853025,8.973004625184172,8.323423780250948,3
8.663133157395752,8.527795784981855,8.746293300079918,3.563763632136016,6.80545611978947,3.6895835625782354,2
8.578348687073476,8.882891304242596,8.525285127935673,4.157369715918316,8.03370218185416,3.8534258972093554,2
10.0,9.279738855414791,6.624896466080581,4.616882092973986,4.624722433531347,9.256309784427712,0
9.665251208579551,9.935475057146808,10.0,3.1586016660022938,5.818375982760975,3.7691266457284147,2
9.393190078347118,8.87694078652041,7.058340308546765,4.6983314478554465,4.238656815896209,9.464164913264618,0
8.595018496488152,8.044697014570003,8.343488244028675,8.525018858330565,8.429544271090561,5.131363701868505,1
8.629345899348444,8.695510916674975,8.828729930176399,4.941861367884054,7.383122933384619,4.597714872525338,2
9.022397747769269,8.174709750308208,7.662342794571899,3.384282993390822,3.1310926174869573,8.572963882435976,0
9.220557835472773,5.05689085990333,5.765006737612229,4.872999521763551,8.908611656054381,8.535182742373888,3
8.413075455780339,3.725967178047157,3.3370521610864845,3.7526965471306966,7.9929366202355165,8.971341219398077,3
7.939052292525666,8.101447175867866,8.003987281609295,5.7183434185897495,8.344008190351948,5.4034692356864875,2
10.0,6.1512853226344,10.0,10.0,9.498054841141673,4.69280156104831,1
9.377765106224782,7.305693716990942,9.507669244031035,9.405651510111385,8.52258832120508,4.353862995786851,1
8.503917028181295,9.262663035950958,9.005404088319388,4.292256437153449,8.351456717599284,4.098608210935883,2
10.0,2.701900238257729,4.079037059618395,2.883376576003212,9.271128233271247,9.468425989759607,3
7.552915564989597,8.564541683531946,8.911797378366527,3.4920082424493266,3.202360089544304,8.436678521781737,0
9.6445671599788,10.0,8.275181357200877,4.501594736797748,4.994676392666924,9.265767772124505,0
9.829574398557,6.928561912974281,9.696186953329638,9.383212253016326,9.376906373981818,3.0339769505913488,1
8.846968416256008,8.473500839101144,8.605672055428139,4.195583904983973,7.530669713975554,4.914454828015773,2
9.840344872906895,3.3500436950850463,3.8842742923626012,3.1706455460727194,9.413102558837322,9.655625760633276,3
9.67914660079965,5.108292176801317,4.414665660595766,5.0128380952547165,10.0,9.885516621893435,3
9.426514029772123,6.677046575582043,8.62334096051261,9.588703136600156,9.915154194430674,4.6634496391315885,1
9.234355586557475,5.9833953761169845,5.498633804553163,6.196737443672591,10.0,10.0,3
9.767807251392679,9.937835730195506,7.1717000584305755,4.409351181911656,4.893446661762638,9.75853700093334,0
8.946793100390018,8.787632628930522,6.350970299393904,5.333713372560125,4.999966660915661,8.610226772669863,0
8.691987578415088,8.72616285374107,7.990480554902644,4.190607053416702,4.45881609372818,9.28488271618752,0
8.77723071637235,6.550240779805765,9.080067238457161,9.328962291699426,8.578600502871234,4.756670653046591,1
9.653060728221499,9.528415617212403,8.51874647916784,3.839778598979061,4.696930223275318,9.58332352297027,0
7.9843125670559045,3.5506411576298635,2.7359794669128235,2.793563356307368,8.092362569596588,8.217265058285326,3
7.658964477233819,8.036915328885769,7.858657676332386,5.84710889060819,7.604354671651687,6.093678646768056,2
9.739733704683331,10.0,8.1375121673248,5.34562352587207,5.483820456116498,10.0,0
8.709732032279756,8.683150583439485,8.710555199504126,6.0362040989071275,7.854445385051087,6.112321784661069,2
8.039258576763249,7.83319423587886,8.663642668654065,4.091491022332726,5.825431252774914,4.366891086640604,2
8.527381418077828,6.943366673179854,8.74373375158854,8.372088907236936,8.518597478407887,5.433868041922477,1
8.155372889473663,8.00702490758639,6.117976152789833,5.956522359681946,5.4332842891727005,8.513483092555273,0
9.055873630793503,4.866563090565199,4.562600065774035,4.217912710906872,10.0,9.60537951595226,3
9.100792557646379,9.231981894160436,9.211957728430093,5.274868804572082,7.117341532613372,5.263132623143318,2
8.477980671639312,7.613758820379381,8.591683764897827,9.049627925850144,8.58357428355308,3.731314945511995,1
8.613350050390808,8.326428601564647,7.707445507006261,3.115075924790255,3.2720648404763275,8.807795767344649,0
7.500412140670276,5.0663520962874244,5.099295420661424,4.91416314585685,7.803099864128885,8.100279678288395,3
8.513032901150638,5.059717332038615,5.091142635739668,5.233960729647703,8.238248220028764,8.802900534831934,3
8.783550437998397,8.6450914461017,8.264222466817877,5.955115604606906,5.4299823834331535,8.842966034203034,0
8.670940677332933,9.212390658191902,8.978636026282304,3.3911188497766,6.681627143119864,3.157125383397313,2
9.985479026322754,6.908676333022697,10.0,9.589484866631672,9.547834642784354,4.9911354385436955,1
9.0326371199144,9.390747111169002,8.099585865417765,4.3339203782055495,3.792289539122147,9.47185306882851,0
9.19018233462098,8.923303696934926,6.6734312384933,6.089932821749186,5.737699355989015,9.488349461928236,0
8.301339936527143,7.868000012613687,7.203928994322154,3.9203446367060657,3.343205137124215,8.047271319142142,0
9.075627749019763,8.906378831746302,9.204884236649425,4.849403897509166,7.74665537287611,5.638648238808609,2
9.730272181920414,6.687395160298026,9.91289689583654,9.203923221909731,10.0,5.925976645707797,1
8.847836718885922,8.64901729417977,8.459956710050944,2.954469640311869,7.58638060404132,3.1196377246972085,2
8.966843808942176,5.2373400896076685,5.354630311616721,5.380951815454217,9.598554637077047,9.321089392836331,3
9.785583764214485,4.246217082401627,3.8565028847454705,3.972697282200897,9.694355177713362,9.971018898285816,3
9.155132069123628,4.306919565933303,4.062923269821549,3.7767933047375686,9.854627727473897,10.0,3
9.812630045034737,3.520307296191496,4.04774664779586,3.451851906338751,9.013237139711247,9.319333731478691,3
9.23202815540385,4.722266863066663,4.479164811101317,4.578963903478624,9.686260401566303,9.480595564648041,3
8.02182466309133,8.031608645773007,8.529443167380435,3.5827477955149236,6.884634120031202,4.781743483305502,2
7.915404408300207,4.744457377746894,4.927867686025937,4.4475951135426985,7.984829158334815,8.567318161989588,3
8.767257550388525,6.738781264489265,8.879834961666292,8.52066821296237,8.519037387423444,3.8903327092541957,1
8.39558002919423,5.777632759169037,8.759806768089303,8.277919993224325,7.703933452191112,3.1589847560154216,1
8.200797546970488,7.057466043793996,7.820667662350222,8.653797830393557,8.427640999751908,3.5140625482955183,1
9.946712007602175,9.7067508644886,9.076833007374518,5.7109122445752405,7.490901315719919,5.7579654767176205,2
9.52463425321177,9.557045921902997,7.011235425726529,3.8466016589458736,4.325597618645874,9.929669745948772,0
8.054766773785502,6.3847209118889685,6.15161734177315,6.528945563969975,8.637437561079548,8.985636871045658,3
8.964407243422265,8.820197839574938,6.721917147140403,4.210916928230711,4.147773373189166,8.505545003631752,0
8.285690324746502,7.37821334607509,8.13733336694582,8.563190492583612,8.766568400673012,3.5465782248383926,1
7.988838894477756,8.262805791452335,7.9760190706976735,3.114200668088531,6.232765845388954,2.9133781638585763,2
8.944824947729208,9.024831898870199,9.215699158966675,3.4608127746636073,9.042626783522207,3.7562402499424694,2
9.05237063260402,9.211565062829363,9.291052280132611,6.394827923633491,7.734809434699144,6.5558577438265315,2
8.814479098504117,5.738857040548827,5.699311580562446,5.547300133671646,8.102609009233127,8.624945357241197,3
8.239300260348351,7.761913858026106,7.264954473783231,3.256976173764636,3.001641887651395,7.943795383934326,0
9.050302601334105,8.606532379629888,8.897551673749215,9.349776254928404,8.477106497987464,5.038681294687313,1
10.0,5.583546731903914,5.421452852043702,5.528543592774652,10.0,9.851678437847934,3
9.035860775472532,9.648363280684165,8.438266274801101,3.8768901798169453,7.0252635804631955,4.070523593738126,2
9.966247714743814,9.307723067415813,10.0,3.59399274623998,6.763185934888575,3.5875418002780695,2
8.26699025239197,3.768287607530314,4.530262914527852,5.1260364218387755,8.612976185530922,9.005539504570049,3
9.152256520425702,3.3317895863847444,3.3037897989028897,4.02027922914276,10.0,9.495259817457093,3
8.675178212774425,5.711306721546393,6.084994359232251,5.845773293187694,8.43911314340151,7.919437209457002,3
8.970004515197276,6.270536054702502,5.743522868128551,5.532960812724601,8.966400785594546,9.26332151832208,3
8.40261395731172,7.604276061595199,8.979845689762959,5.106568933199958,7.5778322736013655,5.3034166142066095,2
8.869957236713718,3.2667155515906465,3.274359745196466,3.7986175275880885,9.008709616714784,9.251131446039325,3
8.623078433961348,9.311474252485919,8.344995976856113,3.6829098911035882,7.723440806847379,3.8827431379004294,2
10.0,9.46103921801071,10.0,4.768441810063134,6.588704217557382,5.284090710590535,2
8.536635522477756,3.005559184463011,3.6980419560955666,3.242335526693667,9.25484936449061,9.395727599799425,3
9.385620197413646,3.551168034100333,3.6695120894711883,3.82075519192176,9.950932048261171,9.820122732769308,3
9.907320853063382,10.0,7.024976115361618,6.313251177619737,5.681503364456101,10.0,0
10.0,7.7653645654371,10.0,10.0,9.846470216806567,4.8713314984179945,1
8.5903660415235,9.106873285250376,9.285019720211197,3.887123690033707,6.997089618345822,3.258025382069294,2
9.778007781053198,7.46814236505064,9.592124597417213,9.107614632755979,9.90442624048261,4.114228355996297,1
8.055625897951288,4.535663839239932,4.353912272352138,4.468215619683443,8.025320739212825,8.243778179997818,3
7.965845472431573,7.737784574445475,8.488291888349677,5.050731407740531,5.977041307510358,5.675567083373563,2
9.678706741203353,9.61986921643188,9.01220987448038,5.1363954358938795,7.754130179308858,5.5464505056073525,2
8.269457028603519,8.541923008418125,6.558353447488665,5.873465915190923,6.183977398470424,8.296623939798438,0
9.730714414330004,9.581468683188872,9.814546357329375,5.809507396733869,6.443464897609852,5.314948436864163,2
9.864387154290403,5.603735595974999,5.578843498186372,5.415377590003159,9.773266790619541,9.884350568833627,3
8.199829200367411,8.58529694578034,8.001786123145147,5.54278231485865,8.615722620574921,5.527279779262055,2
8.359456776432685,8.762400748425623,8.28956393330628,5.881556397708461,5.239974654440262,8.456565290528658,0
8.151994758370659,6.05506631910209,5.475151685617189,6.056522837705523,8.536358403464543,8.293618673505819,3
8.910659893226544,8.7464415916487,8.981882349459609,3.905974642824298,5.50398446244687,4.591685067294577,2
8.849265944280894,7.924984274615987,8.29081636841735,8.449219964119425,8.640085475476113,3.674739725733449,1
9.21073726375732,9.522960894499445,9.465178021115703,3.012369106403723,7.700989986327112,3.270332390081199,2
9.670791150884458,6.069471045782622,9.323742804677801,10.0,9.01472601922918,3.6879583724670137,1
9.293177622734337,8.423161479326497,8.498840445995228,5.672243585809095,5.979561466792454,5.618270444860874,2
8.77881212022011,6.319146188100523,8.049220958477738,8.410585750157555,8.333844766807903,3.1731697930213154,1
8.225541614619948,6.359300439760317,8.109573882598534,8.495034085818551,8.432851020255798,5.25580265706456,1
9.694852123080102,8.024879459179315,9.28760079711625,9.29176303619247,9.29187474739994,4.318894371796933,1
9.281161119529212,8.50073947069938,9.57406265268127,10.0,9.088143183738728,3.544194075735559,1
9.20991171071212,9.606381623914507,8.88028815514743,4.7412241344211,7.054401682213202,4.305155306215395,2
9.34579487304012,8.877676747918432,9.131435382616147,4.191149186374378,7.209021926599824,3.8406135868067826,2
9.106303950104554,3.3867871011401918,3.7722023312621578,3.4412297056929657,8.385214892932872,9.148490488590673,3
10.0,9.987288259322245,10.0,3.944555426208823,5.601430534052894,3.7425438596547895,2
9.006025687212418,8.539255050572974,9.199057968301865,9.242019896832705,9.040505184059587,3.4233054422572087,1
9.496128118145622,9.330724587570863,9.14230844405747,3.7628275818476578,8.497447840442803,4.307085077919166,2
9.562848042173103,7.191281739053492,9.924289072212042,9.753053268312843,9.229103837451177,5.823676806179721,1
10.0,8.63665795082507,10.0,9.349017946824524,9.735167116379747,5.217919379081577,1
8.406663697654361,8.377277374575478,9.489415326037465,9.299081521290017,8.787701274511164,5.383183814937959,1
9.400161029164174,8.996289147376093,9.147723170542132,3.162370102672104,7.015958918228557,2.7930842457042657,2
9.060332755162523,9.35114252193444,8.495427425055954,3.1805157385045684,8.426084690693797,4.375594401583936,2
9.61436381198191,8.684352838887417,10.0,4.9306987799734,7.071548242062162,4.7823198527703275,2
9.858351662924042,8.61241618026015,9.524365683977544,9.101958705418044,9.841782055191253,3.4043122654909697,1
8.49715758635094,8.778030355148188,9.272879313944927,5.955901643993585,8.760949693479912,5.4603450686881905,2
9.629002961612459,8.701720323534563,9.294155174085798,9.277021296468382,9.014062611778083,3.514284007547103,1
9.584877964744418,9.7258430615489,10.0,4.544230859736035,7.676370846542218,4.299699169896548,2
10.0,7.481885228860586,9.09091697467694,10.0,10.0,3.074995418505121,1
8.426621766972149,7.658583064785572,8.062048436367045,3.025266051905527,2.656560521104889,8.190948670643051,0
9.209045307303496,7.890998776789331,9.32806595236289,9.943753867702835,9.052159057507863,5.44085752631376,1
7.795377591038323,8.914082572467025,6.057290566236504,3.212020968857404,3.3641770417094463,8.384859344634439,0
9.755477115782938,9.467744013091284,7.276723415143026,4.175700275638347,3.977671004255906,9.689059356157976,0
8.561915677639844,6.38059726230562,8.229173032120448,8.359527319396609,8.621913466357881,3.279031106513059,1
8.133025603643457,7.9827850523265855,7.849307997441115,4.3633477548944395,4.396844197156627,8.27693519514688,0
9.559447377188054,9.46447549908376,9.661563981209577,5.301075489726011,5.202390375516754,9.251896567221634,0
9.875596432846066,9.669369235188764,6.262950584957002,3.942567521105205,3.901117173714058,9.644815698922558,0
9.328880835793083,5.762294694286017,5.563277631635961,5.083695243262351,8.840728222267227,9.461047240694347,3
8.66315081063492,4.637025587728458,4.249251407768638,5.209413887530681,9.467972934481535,9.270464107279075,3
9.290740558663524,9.141619842335498,8.391825893525674,4.027563322212355,4.268347841618294,8.763884317619762,0
9.10041343520854,9.173649941297619,9.149357798084948,4.062788234335671,6.588007106688993,4.333790606974823,2
8.55973387282217,8.215926997266616,7.277561716930029,5.758007530774092,5.171210580648818,8.64030982486657,0
9.859078786547402,5.605720076918892,5.220848916146005,5.017204165420113,10.0,9.91164353827443,3
9.516860492295057,7.460754011202948,9.36807606222688,9.482201693813366,10.0,3.714909892905272,1
7.960765764661918,6.664053911725324,7.834339700624017,8.08504141543127,8.049872592328963,3.3416185304059174,1
8.801668641213874,7.685008321422093,8.822042279542265,9.236608361165032,8.775540673346411,4.655091487693824,1
7.758138380189259,7.916761777224021,7.828416541660382,7.659055142864492,8.281239049813035,3.4265968557776114,1
9.458665284440926,9.089695045901546,6.432474682482903,4.997241372239609,5.107705901736667,9.55957792285937,0
9.769281276236299,9.87063452815477,6.390741865077945,4.915608575599741,5.519066476052979,9.350516069203962,0
7.872687400634448,4.88104661713911,3.559123634732604,3.8973153997323435,8.390786580677295,8.005474159213833,3
7.971667341754891,8.367589773721598,8.286047197782613,5.482503832113067,7.298422300519728,5.119525757920094,2
9.312113140380943,9.240367746274991,9.380212707412538,5.331858935463199,7.469922683976476,4.974202867167586,2
9.046861627035323,8.696616351282639,8.964394507126507,5.262520364217077,6.182110663012957,5.478727012113037,2
9.40191563399658,9.325728136286205,8.460673378114954,5.38107855150668,5.0405035084479906,9.124785470842786,0
8.348211739868361,9.02097845613098,8.944398049644706,4.808406920426087,7.3836321879225935,4.425638514451377,2
9.353384293923607,9.476160018259812,9.397724638264755,3.86056424692334,8.455322955156623,3.731508152386056,2
9.68425278360876,8.262340340615417,9.460469556581732,9.233056519913143,9.8368820290716,5.891549883083572,1
7.78641181192048,7.958967337838508,8.479374684837019,5.219232391380785,8.28668080139857,5.765180488965315,2
9.994658867179897,7.100450875764456,10.0,9.744300842767153,9.89497874310762,5.1445377341231415,1
8.530151148188931,6.751729341386186,8.956993739404556,9.395497277272453,8.622113602930956,3.0438414436024313,1
8.466077039299313,8.786589923259381,8.448554712609026,5.375679221568449,5.318604021163695,7.696724477483826,0
9.529676007790762,3.5229252264854796,4.050458147790743,3.8961226996360514,8.80992269333905,9.26780685273312,3
9.839706455325375,9.213283810943278,9.432636407571202,5.442887766929703,8.138398288852862,5.321218030061189,2
8.926974618442824,8.670521099287159,7.6054081130941045,5.490670523067262,5.651980650421189,8.670856663164226,0
8.557757106437228,4.507083294038756,4.562349642008412,4.640144231528059,8.01750840925215,7.547138705920211,3
8.10629911704641,8.566535698747364,8.264409524150155,3.1589799296726513,7.679986999391746,3.4044387366975046,2
8.456570903701548,8.282046247139569,8.643050680722425,5.918630736277008,5.56407778315832,8.592465810465363,0
9.187381309272869,9.290689768333227,7.603793772518089,4.053385323172217,4.0354217064668445,9.336357791505122,0
9.856195605828814,2.947077721027008,3.0449729774802674,3.5129920351498973,9.97948148539316,9.454965739723017,3
9.606554066593946,10.0,6.886068643925857,5.328321689492366,4.723037726985351,9.2096844209031,0
8.398001741818504,6.909230351327545,8.904172032066144,8.535348798402218,9.017134040601452,3.0756342199923563,1
9.283870680041625,8.196144311957669,9.586469724922233,9.496506556764249,9.684623708195392,3.7463745952739163,1
9.512495376919855,8.167933627693518,9.622590100213776,9.867019113676047,9.033015552512971,4.082811630877454,1
7.5590724140530385,5.128525249660656,4.62830631029729,4.970592603696659,8.494272385070254,8.327810723107639,3
8.533857602782366,6.416196018116134,8.673702462736255,8.90984612923931,8.752227370607846,3.576238274053476,1
9.234895582471822,9.575811265020205,8.582447840807456,4.2700826368329325,4.4947943464574065,9.19250607070102,0
8.549612465905922,6.826009865705669,7.954916061407186,8.09080289417217,8.022028694692178,3.7656347812044575,1
8.158229238386179,8.70458754450907,7.328574135990997,3.4935783964253924,3.2298025965884944,8.087527443884351,0
8.835730606395582,9.28076044041309,9.556780922842574,5.311105402417291,7.318042068168412,6.089031918416076,2
8.51212154872984,8.448424208965385,7.917874463029956,4.0674011176119205,4.7291205082386325,9.116326263758829,0
8.742228526014028,8.681601450390675,8.808822418530493,3.79294442652329,8.58780547801888,3.5509362642747093,2
8.025971958756793,3.8022079362048116,3.3916013832215692,2.9515313691370304,7.939802658268453,7.636118174304504,3
7.878926116303162,6.3850765365123285,9.254932651713155,8.303985481941732,8.164045579161364,3.6627618693016197,1
9.899743829602613,6.575501040001751,10.0,9.526896579596189,9.332247150151204,5.532235832439632,1
8.708065611590884,3.8505390365353622,3.3754398970387807,3.0177822956696687,9.378768273940029,9.309307065983907,3
8.549576037376049,5.594765463964678,4.730339539925393,4.928530312121378,9.553949105117688,8.650742706844339,3
10.0,10.0,6.742904519536219,5.40458750755244,5.315551066130019,9.647775225455222,0
7.579803776610442,7.780216312993929,7.847917178079263,3.356193316504589,6.947601008403339,4.649401365323795,2
8.860457475474265,7.274057459842485,9.076331464212533,8.533267688211934,8.540722559187138,4.770182869204625,1
8.923075147619608,8.920043517348283,8.771689845818603,4.571829802229573,7.233511482893761,4.757780396676343,2
9.151986466524832,9.554939391019037,10.0,4.092969934345761,5.954191147788462,3.478449683806237,2
7.956636477982746,8.43433523115509,6.791707374781263,4.504573239041528,5.019337266211791,8.293324618729141,0
9.634626485055886,9.815550763649414,7.651619526065787,2.732102053804092,2.7958552439066224,9.883663333338005,0
8.848371239278439,8.00143777356839,7.923361196442046,7.8514824029593,8.251990902006566,5.367485339363878,1
9.02798699670744,8.513992818312307,9.147652440157643,5.326877133286529,8.299763422489853,4.818161700033058,2
8.240168344596952,7.710501701339686,8.689423810458576,5.804338432739475,4.837355970048448,8.348682379376617,0
10.0,5.112159983966956,5.272678470454627,5.113560820048453,10.0,10.0,3
7.287831524143865,8.455921742418841,8.10214572631274,6.226443890134643,5.7612908191979395,8.153995622808845,0
8.849805590146465,7.6755573915486295,6.519192498773751,4.887822680212934,4.247874037250325,8.534374896800752,0
9.05239499972953,8.189385339840635,5.982797164621113,5.818812854132614,5.851041265404596,8.436962064065165,0
9.140605044731956,7.938611527025757,9.675116962253421,9.293540657533589,8.834490207155437,3.9674691128729074,1
9.404910353322881,5.662070865448618,5.896749284353458,5.423280075803639,9.332101250665076,10.0,3
8.419611811734859,7.83538752926081,8.964573841257105,8.384579944576629,8.775423661490322,3.4345263916462714,1
9.017485169607216,8.680589454097792,7.488891344994944,3.5631893593419695,3.225573106333927,9.20530125375551,0
9.641254902258883,8.294524764483667,9.458803167485629,9.443711325688039,8.752630302330413,5.461848278969508,1
8.599129892604719,4.713595703104418,4.02145960253533,4.564433847184592,8.94435475579699,9.057726884167362,3
8.708143219486987,8.886120306680825,8.359050605203537,2.87117810421779,7.97765028568627,3.011382561852033,2
9.067582115331518,8.60537641699348,9.094234186182959,3.1894934130603407,6.2135409330855635,3.5075066790037868,2
9.327541540329838,7.827748892034817,8.426414373596849,9.182056292661239,9.452942055741575,5.899425979102388,1
8.730705279699968,8.27428866381852,9.632089620036863,5.690033130508472,7.393338776595377,5.867953074931714,2
8.016656670979003,4.312611483859521,4.211318191911177,4.057081554661143,7.474251501245361,8.186891569954147,3
10.0,4.428749017320738,4.487690562371617,4.2318722490134695,9.171097682406788,9.36917574600759,3
8.98741156910411,9.514336877171704,7.365179034160624,5.21983166215956,4.606011705283843,10.0,0
7.9556237677828685,7.867685356586098,6.691233596323877,4.7342327274126585,5.4964505763496865,8.196198738768665,0
7.787152758100654,8.354826699204496,7.726649197074555,8.374234610611015,7.847674591585504,5.946527765687839,1
8.15135912309983,8.19333372864343,8.881477079753006,9.106160601368806,9.166662097516939,5.0325596106320525,1
8.8466135041285,5.390968908980749,5.7387052781412375,5.241803172765379,8.377619597795572,8.85204314033849,3
9.218538890807125,4.672796666248158,5.633507375011305,5.392069791762249,9.043504756687613,8.731434381891976,3
8.216315707092486,4.493246951976992,4.94703539284037,4.947817365362399,8.169042467635522,8.8501587922763,3
9.611268042595258,5.0273160249543585,4.625475860997496,5.1270142921997435,9.587074599337594,9.49643415993893,3
8.366249732340261,8.875990994050204,6.453828180746726,4.769437107598275,4.850369073823199,8.85967454028263,0
9.469570386133181,8.566648712405907,6.952812484653538,4.668543204424569,4.488562053968313,8.71283162710757,0
8.421988731460548,4.443215081430676,4.420823659036916,4.080960637634134,8.255247503462257,8.381822653754718,3
9.206780973637708,9.800791320430573,8.080955731989215,3.8899864403812727,2.6432074130195535,9.096436139660028,0
9.51985806500111,6.27014093866802,9.245758304160118,9.099272105392748,8.917928050019366,3.8373968053349032,1
9.489020575673878,10.0,6.933527733208865,5.367796408743834,5.396648220660009,9.882737383611303,0
8.436045594313168,4.8467399557856155,4.077290471685459,4.523153047364435,9.429764622511469,8.718660371658133,3
8.393575839556748,8.386191313557756,6.49879823979748,3.6537516423261653,4.3134505479060845,8.938047587468445,0
8.92092714535564,5.0795350742910585,5.14728567958394,5.735729709063771,9.51785090190777,8.879084216953117,3
8.948771554618661,8.45953698751729,7.42152828502437,3.1358590147689873,3.2911582870302047,8.45761206415169,0
9.021439857734878,8.659382409247863,8.374806736083388,5.150122971986515,5.417232621369228,9.151724929826653,0
8.745513537242545,8.666730489346584,7.984110023136352,8.422330249144267,8.703571420771762,4.203807927806325,1
8.210814335384674,8.390463238217627,7.731073367006943,5.383278334228491,5.243801171429925,8.998546044610821,0
7.955914188227987,6.212773860588697,8.889600263606068,8.729929168646894,8.825968674297375,4.919015535569602,1
9.716902924279106,9.57708539053395,9.881787067275477,5.960411583850824,7.712076342753793,6.2503819483576155,2
8.772007010133446,7.762659915777857,8.770132032959271,8.439600475097382,8.93349754876563,6.340942015733501,1
10.0,6.2230281129524325,10.0,10.0,9.660841069644862,4.941657995342175,1
9.771234022931928,9.886690035442568,5.5267586119191865,5.159461741853651,6.088575615714007,9.131707322888019,0
7.779094197460843,8.235874909262401,8.42921343787306,5.650814557117134,6.964805998669169,5.319872243228068,2
9.88258132275228,8.326441773886911,10.0,9.87782365072682,9.819963539614255,4.104848021821618,1
7.376525625390037,4.373572794091695,3.8836970396036357,4.132513915029073,8.490538003769323,7.9451482972602605,3
7.753721362672155,8.279706537312741,8.203345490062338,5.814540219653512,8.101178677529358,5.424572827183773,2
7.846802928271044,8.151054782744076,7.646481976665237,4.936330167204069,4.856070060204106,8.529497165856661,0
9.773299410371166,9.698498255924079,9.90825762181322,4.7325441164092465,7.259965015728285,4.449998011109139,2
9.247643363111395,9.440773622102318,8.674991363154659,5.576837464546365,4.589977919940062,9.975423542417248,0
8.579132037027913,6.9167755495965215,8.829542796517384,8.229851353291703,8.982424482309215,4.812794068879085,1
9.656532303470597,9.85691596510002,9.914894335656331,5.20646522844316,6.829029800965882,5.511749143077135,2
8.02149585651705,8.120359368179894,8.012626244307569,5.0148244903161885,5.0311733726461565,8.658457170918153,0
9.465499696092206,9.270269974827489,9.146442475332206,4.805420267249281,7.789437007273697,5.333086623024267,2
8.425207614925185,8.193133406592603,8.376608926587133,3.6916181873458678,9.090745825545993,3.9160880532322726,2
8.452675867738153,3.9096343383401044,4.1864340663233275,4.079787972795149,8.667477681665114,9.15429587856711,3
10.0,3.5988265123848953,4.148617239465539,3.912468435321485,9.49179085200259,9.76334400152328,3
9.789530387843804,4.993392942406344,5.082965879744867,5.0032505751367635,10.0,9.871296606888095,3
9.270994706438376,5.557186124907161,5.853146730509137,6.499159721492638,10.0,10.0,3
8.700348660246908,8.489428221228879,8.838434084724796,4.2680610085875434,7.568741163353005,4.444722168011021,2
9.7135738252763,9.091864173013303,8.461864242045687,5.238482369763194,5.05014279448518,9.387247687308637,0
8.912758970871968,3.54747842160729,3.7833744989794234,3.761373771866485,8.864272688999096,8.296397483393404,3
9.474091808780729,5.81951007153484,4.814661013662693,6.031636710552698,9.949058688232197,10.0,3
9.165991062671836,3.563903593402784,3.7865594688114674,3.2110931291936167,9.381438628365906,9.775709711974821,3
9.077678673592155,8.774614990731564,9.311856358922341,9.377168699586672,8.757463340218766,3.6685649413841537,1
9.764391495549647,5.565134667208562,5.513055562549153,4.6726290630501195,9.714812671334585,9.934216269627887,3
9.764150202151173,7.708816706249179,9.894130701047906,9.473589988070378,9.63929625089895,3.5956481411148933,1
8.02801293878568,8.66703841943096,8.675450455641686,8.171896089028118,7.9700970803327635,4.888531195665277,1
9.202792753629163,2.615735138395628,3.0432689390841388,3.840911362352072,9.61038317842643,8.65620002200043,3
10.0,6.54896220889474,9.863534271128312,9.836438383317367,10.0,4.643403638119822,1
9.460383995183618,8.701086819351364,8.979775176831618,3.310777142645516,5.967933875129104,3.3659884333138024,2
9.173668847979934,9.104924230235085,6.603475520501655,4.025942091026249,4.530328760212873,9.14232624761717,0
8.767914322303573,5.329633702214252,4.790769534889027,5.333386779446667,8.47783366159934,8.555956235316689,3
8.134003746265233,5.413466656758472,4.964070698798739,4.998114035203886,7.728514085064107,7.7826448920591895,3
9.586874377160559,9.326759671659072,7.233663944579136,4.64424516161344,4.148289601421875,9.877745364284612,0
9.346607140572164,3.5262976259091934,5.2605269086115864,3.7478974708813606,9.254030383152015,9.034155850907007,3
8.373028775245151,8.277332658879883,8.881456687821377,4.729505780130126,7.923366475561399,5.268742150966721,2
8.66995415826954,8.594761721463506,8.693264553057848,4.5420278664483655,6.02748868131595,4.169140056670115,2
9.10518321794064,8.577698581990056,8.667240800728075,5.564027137348981,8.59638188754385,5.810001097971489,2
8.288866858907394,8.511832898048704,6.200255683045317,4.529324511670719,4.403855908702928,7.383517365203489,0
9.776767466751938,9.727420828363096,8.016875336383947,3.0932625632075803,2.8034574339756566,10.0,0
7.87286192678093,6.301258405770158,7.876935411219963,7.986613933084321,7.415639537826914,4.555499678862858,1
10.0,5.575036682766271,6.784277734158318,5.93839552059329,10.0,10.0,3
8.488118802610495,8.683551439385598,7.215021359201194,5.170251374223139,5.416604637172144,8.09711223565789,0
8.229464590797894,8.66813248888651,8.44605940968914,5.307599541618943,6.719908979446409,4.486766465652825,2
9.433884616676584,10.0,9.191540771602678,5.731055293496953,7.208143373098189,4.92639018049746,2
9.198644768825107,5.495413225350265,5.531991762821253,5.768838427586766,8.51336274711375,8.78357951205966,3
9.371350410002451,9.38372401962675,9.089162280513161,4.853479184109317,7.6340361009145,4.789828199248029,2
9.253527205124202,4.080516648820474,3.7563069340051323,4.025558050701029,8.877190009721618,8.620664135102874,3
8.567522640184698,7.469146961555497,8.159920208683184,8.133840801427354,8.394116109426351,5.070331881434986,1
8.146098659778833,8.257126363879719,6.436452453037458,3.8861460574844844,4.547240676446017,8.373640162954157,0
9.616356416604912,9.811912364323339,9.731937734834386,5.445676686721245,6.6775691376955715,5.202890447263659,2
8.810105557559568,3.82710899338619,3.747573751390757,3.612858899803657,8.517292208354739,8.604219255493206,3
9.078737962674863,9.22514197580848,8.199428865680416,4.206758434102383,4.41429934524209,9.164923160198331,0
8.449131904089922,8.03122828041708,8.612024159206863,5.064902450748736,7.475120077702982,5.160676691354452,2
9.456997775765776,7.736091565441935,9.271128327910915,9.19004439157431,9.63288209944671,5.101999558640816,1
9.588315358085584,7.233648666126917,8.589144803322748,8.893389538996567,8.838903085028276,5.7270660544006144,1
8.622561891069646,4.022382524513004,5.145825945412805,4.592299770941483,8.329770387579329,9.115724445210867,3
8.23914567613463,5.408007870839313,5.399040113186331,5.11479902067612,8.033639735165817,8.331464105049738,3
7.851842824930483,7.684866982025135,8.28081071806365,8.406903590911421,8.654456064894523,4.405426241737889,1
9.745550022031365,4.904752811405312,5.086929606534069,5.331039079886013,9.813795127778839,9.413083638714578,3
9.106878244835283,5.339643324974275,8.802244779702134,9.596419038202498,9.342620341132593,5.2865282755617065,1
9.671284948261144,3.7684018485715507,2.6439331351542292,3.151894894001222,9.04691371468075,8.92235877637421,3
8.311008176094349,5.303116710695831,5.486008796552533,5.756939538530391,9.207783877010513,9.124407098095999,3
8.272512016179418,8.56717918273691,7.919956105105429,4.465302171486344,4.603970973942697,8.103819567247854,0
9.061518105777274,6.695575036149859,9.250147692945498,8.878630968844861,8.903146380956482,5.324465468596801,1
9.14954778038817,3.5829950361249283,3.186362332937006,2.790821965026865,9.604153887604902,9.392257387802271,3
8.504402838421832,4.306795186072456,4.907585368158635,4.818993837762542,7.870735538843932,8.491311050453632,3
8.096799808840181,7.697430018267545,8.594575716542188,7.240103888577469,7.863858142598591,4.848974928405708,1
8.04257419687379,8.065543145366357,7.6413666184467255,4.675039609079771,7.120354242692902,4.328821785519519,2
10.0,10.0,6.159839479706845,3.8162282410977855,4.273859932350785,9.641202594112514,0
9.489516266320175,9.667259211626499,9.941006289323623,5.489728240200045,7.177935692076641,4.999129119557775,2
8.728926727544133,8.375197861391534,9.446205220728915,3.594023011317383,6.829542889933732,4.088713633758219,2
8.875731740854107,7.460977724058888,9.679239580235448,8.735704549522593,8.691682060827153,3.0125448921678,1
9.646681523381112,8.849792454039891,9.598601580808785,3.8421988619503358,7.086128288765724,3.2311439487633327,2
7.909074587485807,7.960971913486826,8.438230428176167,8.272695370828284,8.247221755627432,4.798889539420066,1
9.720472495474404,4.057216905985045,3.564993446603003,3.7118585644429816,10.0,9.653243972140775,3
8.627594436724038,8.388662440118553,8.419250932986776,8.61440132021471,9.641025222283288,5.266532446704337,1
9.562108190199714,9.676710174852694,7.830244896198868,4.1607614009294105,3.883036002595205,9.747961489864736,0
8.076762708269396,4.793687105160585,5.1059800068095615,5.623267412035479,8.211318824522147,8.346191056241446,3
8.92910151892179,9.406740495844529,9.025269557756314,3.7861282004643737,4.2430660077742255,8.383256520393523,0
9.147677311170487,8.920209650831055,7.275777468781949,6.2661881682331035,6.570606445070538,9.144214126866082,0
9.915241225489014,9.46880980423366,7.6765251072932,3.813811818231797,4.5848982516892915,9.613372879089205,0
8.490730444614178,6.03682446689748,8.558191751083733,8.766091505532872,8.398718901912373,4.917487514175153,1
9.65543313223709,10.0,6.701303491120863,4.5877790991950835,4.740461189316263,10.0,0
9.081429090625743,8.78129657424736,7.914777947547153,2.9633402158748536,3.5800957167241645,9.216399380723391,0
8.993972208943,6.890221037103965,9.919346549428713,9.936576668086218,10.0,3.4106613575559006,1
8.974065957502592,7.615792621453397,8.926841651373541,9.16788776350113,9.107358022545567,4.756624032953735,1
8.565045695489736,5.171941988443902,5.507446791014492,5.87774986531337,8.217283499019024,8.686518203821866,3
9.655733410334108,8.816710019774469,8.435606531967693,5.311261722308813,5.410494653076438,9.38135838997718,0
9.38261180152384,9.318790977413103,7.172720312673105,5.975339963372961,5.312742247639968,9.379500746891257,0
8.835482799663025,8.865127363353063,9.108108314425728,3.9733242441038565,7.54153832534741,3.5250314213939227,2
8.810429502827894,8.348949578202356,7.188723868481524,5.185690735176099,5.209046394646187,9.27517822719221,0
9.24493208049879,8.731153263748697,8.296260261235714,2.8159507379024653,3.1925938703313035,9.344693546148045,0
10.0,4.166421888706228,5.249412342980496,4.865899535802847,9.885521458065915,9.440501408172443,3
9.803036162518726,4.115940635032448,4.292051787768555,4.235305956031269,10.0,9.946898034644837,3
7.741463108110844,3.6224158706392933,3.88244459010744,4.046920192145614,8.198266550620481,7.646223644258858,3
9.472967246113647,4.560693474854476,4.005002003437574,4.331786947104025,9.93559355579329,9.349690002027113,3
8.256348510845742,3.120651587071089,3.284063168064556,3.295323179328346,9.023954377050819,8.875435571759715,3
8.728864710678447,8.429518507916326,7.570744799300796,5.2898424241855215,5.385178982458051,8.032739531235025,0
9.270310050511483,7.981155901446388,8.912364083555861,8.911276503479165,9.137941694149031,3.91922300368526,1
8.482966907432349,3.5879300913120895,3.776659499119083,3.879795309785689,8.630805700572372,8.11930064766823,3
9.466760884199273,9.328434032237286,9.190442728532108,3.8285536806327842,4.123184130181437,8.888182708399679,0
9.53723667579136,9.959106218155966,9.88745214258012,4.11606122643143,7.079069864755024,4.217727182481767,2
8.192004472329844,6.867169414228173,8.778639007557008,7.882152635107191,7.930367891496758,3.42028236945961,1
9.679921331001927,9.009701338161806,6.868871285219836,4.053159991150976,3.536979601626023,8.610413156489164,0
10.0,9.566925480416353,9.435735553715435,4.026233054223696,6.868755171813511,3.984958436193615,2
9.352047977871504,9.704086568468522,8.45503432806866,3.3300059377181146,3.573885762793384,9.627717834713007,0
10.0,4.492712138230219,4.767058623088952,4.26030857717904,10.0,9.751274835281514,3
7.987259393708687,8.83795105935025,7.76771192906617,5.567067959965128,7.960934323790157,5.071112265984501,2
8.642128407343442,8.637769652035946,8.505651308227206,7.982760610441003,7.97176369391225,4.747366105933351,1
8.456459340465303,8.858936173783436,8.75895316599653,5.8626223142047795,7.112280270291133,5.271035852438325,2
9.006360098262748,7.783669896767176,8.522736210532305,8.89395039193268,8.516703320805163,5.5887667324230845,1
10.0,9.762458214682567,7.4442884664377935,2.63439393825819,3.186388350877885,9.77560292241575,0
9.195564607856616,9.045514587261184,7.398359119069517,5.620238180910542,5.157061945952707,8.582173330999604,0
9.88123766452857,9.40911392979117,10.0,4.027786525777425,7.90366876370934,3.926383899496376,2
8.52138242789417,9.489885351497417,7.227394635290607,3.437467389556914,3.464816953357988,8.606074617795919,0
8.287513882964634,5.2961070011066305,5.272381369225485,5.875616916124237,8.429189755130235,8.589539317197435,3
9.019099828101886,3.2260622476033105,3.1619812035416794,3.613365496989525,8.688622358309294,9.128056290654673,3
8.622276984972864,6.055550750223423,5.762718672372283,5.905493401216111,8.405364373343534,9.465811483793985,3
9.153672602060517,3.7682170432943325,3.7689786374235013,3.5888135329701907,8.882548583889404,8.652244096002542,3
9.143789735885917,6.57461482920327,9.327683930299601,8.833397928516966,9.575712319709208,5.727600103067996,1
9.314068999630036,8.542407836216276,9.277184996283783,9.27233636300522,8.864338706873141,3.7817316069705678,1
9.355853247607465,5.121792840684226,4.95221948854188,4.719738044290573,9.258597730342968,9.199328994906775,3
9.577207425974276,9.186526190190516,6.700894364714311,3.4941788065837356,3.840887064496236,9.950128309134888,0
10.0,3.335570022370519,3.8326315979961163,2.8740066482592823,9.48682877723343,10.0,3
8.665322769478141,7.5603229266146785,9.14229609242468,8.783295076012992,8.432157455132403,5.599756089133182,1
8.961171640247649,3.1635335320476656,3.049047052839239,2.839031416351161,8.565835692970223,8.622176208413443,3
7.870788525662126,4.3549027920319485,4.865407241126066,4.501099188879992,7.601557893556717,7.965289843255384,3
9.52114819861925,6.329849435601848,9.46424404202664,10.0,9.525823538302905,3.935940647940177,1
8.233539234749374,4.21856839607582,4.074886832329429,4.984149066302352,7.62632578445992,8.62490738344445,3
8.722297862662415,9.230282597877343,6.224026281592074,3.66262068331009,4.477486048699905,9.127218984274599,0
8.022723006783762,8.197984767331908,8.205385746102824,4.348138764673178,8.482790231045678,3.955842254104132,2
9.886737665566251,5.887569131223845,9.069181571034932,9.17348941593182,8.840693673254519,4.9943598825720175,1
7.907186095125897,3.977399341389639,4.513582002152626,4.307760584923674,8.453845183236735,7.765720891521214,3
10.0,7.93004922520358,9.211455173086303,9.559530049302737,9.5463661159116,4.2113422668434515,1
8.84630100486675,8.497358964238298,6.832045625611143,5.17987733288461,5.370237196885204,9.530567497326167,0
8.922682506829666,8.318041630385826,8.270310650963669,5.0417152592905055,6.6452556011331945,5.499352956726019,2
9.083799417265132,9.23104963928169,8.929614231359931,2.5857870618297674,6.271982494950501,3.4201835216453924,2
8.217039650523548,4.5517293909370045,4.1832313690310015,4.55379797079019,8.105176230889436,8.30192730485753,3
8.518387869396202,5.95641335578664,5.2274329292035935,5.708412117913247,8.530193828481346,8.675883867115626,3
8.817607888426236,8.789420917215999,8.37778108707926,4.06067003261066,3.6549533213516905,9.38291804745376,0
9.096051816705307,8.012900257423647,8.79552748565786,4.37710871738472,3.816076061906922,8.060984889392678,0
8.742434822012084,4.353419929821685,4.219278317443194,4.740048094883596,7.857576550276447,8.637714796550307,3
9.926990385266599,6.423941383688632,8.923605292903757,9.936823818409987,8.832504201460413,3.5626551757721456,1
9.15605382237469,9.764609664436332,8.705786837835712,5.060229797744986,4.557817142837105,9.5867807548703,0
10.0,3.851229512420101,3.589488067861098,3.051366554502994,9.140681219138497,9.40536783119211,3
8.536362187983295,3.061860664600933,4.1646378265184705,3.9176464980654324,7.8226755689235805,7.9510538376666,3
9.138153867876673,3.9169893343097058,4.160091994727483,3.5207727087793375,9.563169842796286,9.589753740331483,3
10.0,9.321764282665843,9.918252926210272,5.698872035896515,6.2430954982494455,5.999627106604143,2
10.0,9.924809964288439,9.88347347792985,6.3631305736495785,8.799716645294888,6.082718369576577,2
8.37464974437141,4.005592666172402,2.417280177897342,3.4607109856765326,8.644855037940271,8.403113019197558,3
9.943428788589916,6.490119404425175,9.948892412677571,9.220476408563144,9.4500655229265,3.6567636995955777,1
8.409227224183422,8.912089666148361,8.62232130956682,8.10133012246269,8.343695064949294,4.376395373973254,1
9.852007803271647,7.132905490449605,9.885713601863735,10.0,10.0,4.069451345188708,1
9.182280064931984,8.315842245385687,8.449719261923006,4.188792209677112,6.831077365182053,3.2951714821848057,2
9.126216915311119,8.136553708293471,8.427509859368062,3.795406544175815,7.027270397421277,3.6347437383025,2
8.289099662520348,8.986751625548594,7.247270965742115,3.3842597073305796,2.7622875601312957,8.76745121450875,0
9.794078172262552,9.804913180948514,9.524708426631115,3.869732270596673,7.7859279131138885,2.737564597538765,2
8.823990792750545,5.2249096441892116,5.725850982107966,5.399996467107144,8.448472925689664,8.241829805261087,3
8.122113656612024,4.273989476456931,4.2489677467889395,4.636545677705885,7.805729582368318,8.233600574140704,3
8.639279541170648,8.574163561691309,7.459863886403664,4.551873221062611,4.204202853535259,8.852642471689759,0
9.111592553501087,9.541110324680139,9.847786009911516,5.234231161357931,8.570607656119476,5.053693077248839,2
7.697523302020232,7.487768844880869,8.238810961334956,8.337336183797811,8.538807489523613,4.265198069018247,1
10.0,9.246468770657973,6.353009358482025,5.45402658353973,6.280681966714959,9.59133930609274,0
9.050058996698374,3.770117021208958,3.4667052885160485,4.163605687570115,8.763970192152176,8.614172490992127,3
9.94850640461533,4.921783867322203,4.674919177117325,4.632419637236683,10.0,10.0,3
9.257868250117824,7.241112055154258,10.0,9.863888817062831,9.742424880324412,4.551142526292311,1
9.996588771951863,9.779630024620463,9.584650382541392,3.2721411754855705,7.806228130612695,3.3481031721873293,2
8.64190430033689,5.938894556226919,5.367901373872456,5.780312013686976,8.028393674845798,8.270949904169546,3
10.0,4.084311039440238,4.5005871200384515,4.980887951185322,9.33060874600785,10.0,3
9.647000813309013,5.9945560470680395,9.33881450619111,9.761997188378317,9.302107531099324,6.454370980132959,1
9.121186832074672,7.813111574975677,8.668436693055357,9.023280194424359,8.71385256413832,4.094567030288131,1
7.991758626549102,7.933201959004669,7.753445649375364,4.150324465672709,4.101651149013836,8.00358116910739,0
9.147324615985692,8.492244868054758,8.776665838105613,5.474162885003897,6.388208043834572,5.13926769324863,2
10.0,5.663691644954405,6.021178364032101,5.4732341813462035,9.45617906869582,9.99802570174346,3
8.743129114447807,8.317095346399157,8.312734087768334,5.5360945052947885,6.099040036983146,4.776015021155053,2
9.362598417271613,9.44215949663304,7.606019493352838,5.69048807599778,5.126675843495323,9.82211770689886,0
8.409068934891843,5.316849844940548,5.371654655334802,5.1963597786469355,9.0034337221443,8.91198688682383,3
8.891778906009398,3.122912212770163,2.5539883092174795,3.354398389048535,8.513427188569336,9.621297359228386,3
8.215983790074576,6.91616565315185,7.813875025279187,8.434339002115307,8.499503437734939,3.5481662003548085,1
8.23377481375655,8.01152719281689,7.034968207171525,5.227041258679171,5.017373216788749,8.459930082911304,0
8.111835933905702,7.034648091318427,9.164028192416325,7.768102054878453,7.818054509504831,5.134840319747339,1
9.055004440747092,8.490814360736586,8.559991321135616,5.266092777621328,4.485916118543079,8.432567709519827,0
8.547891772653536,9.111744960249238,7.974350928383849,3.6782786115468884,3.8937758560410423,9.060565283229893,0
9.195550697344627,10.0,7.149082842815489,5.130026903788252,4.335172228525405,9.811762790868908,0
8.055521040019615,8.274666293029112,8.30965124293723,3.5247898893116156,8.31742718126366,3.0051961040140576,2
9.667267840094343,8.529468073143763,9.576943786602873,9.525062459897388,9.406605452432215,3.824505692745102,1
9.108962499442889,9.380459108258615,8.672306923682015,4.14786260075089,6.782878957250047,4.778155571863911,2
8.61504187995868,8.126344825375025,8.280261364369347,8.807043716112695,8.947135888916236,5.274853770150539,1
9.325426952477244,9.05893489708727,7.440783795272957,5.303286626780362,5.833027952685902,9.120302515025465,0
10.0,6.9750317825448205,10.0,10.0,10.0,3.634322639757655,1
8.751688007590605,7.324788569291218,8.316314067695258,8.510742316867113,8.367050869895605,5.370409060780952,1
9.043540883058164,6.756922481485541,9.154776424604059,9.857220626036513,8.813077774796843,3.215825238536752,1
8.055739255799747,7.3773412481500085,8.206293515588266,8.898265679622702,8.026452069222028,5.532911934193868,1
9.170868099886828,10.0,7.586353968633344,4.274927157171821,4.271648137358761,9.764999188621836,0
8.245552925193667,7.683327733640132,7.896146208712211,8.024433878096454,7.799874240967116,4.632573917129889,1
9.103135299101108,8.496697727199049,8.109921351914966,4.732410202579751,7.709795178861812,4.697619436517706,2
8.73121896425512,8.537912991765722,8.821933258422632,3.8803942710537394,4.13295845420545,8.519386075509876,0
9.611449657540028,4.785637351278704,5.289903544660669,5.2000943494624146,9.778079672789822,9.160219103027066,3
9.54651645303636,8.87232080359757,8.96219581459844,4.813164852232922,7.91545527735729,5.055026006535623,2
9.327253019526212,8.623047057780477,9.676650291745702,9.911668426686749,9.546703884343742,4.234275757653319,1
9.90642491427856,8.39715586299291,9.441413096601439,8.985704230447382,9.379706905862362,3.176782733055602,1
8.459850725142164,9.035449024374579,8.202175613135653,2.8535404995914857,8.266016439491725,3.5109512956418945,2
9.403067643800737,9.813480329024685,9.502903306320382,5.166861998857398,6.313827365575352,5.819290270180269,2
8.910069948525667,9.20201684631732,8.771797030977737,3.6079023960453878,7.925858740137595,3.9576031100968585,2
9.584908709396432,6.079090053248554,9.70663068337994,9.201101907872028,9.64069620474379,4.043813394029137,1
9.453037936551022,7.808531236620687,8.44020766318986,3.97693043770926,8.542292797573392,2.8462385190267314,2
9.579043990735775,4.274547123211478,4.067458749293583,4.094924310197129,10.0,9.418566774698892,3
9.10302857088997,4.396649899238268,4.096722510641425,4.473908677383032,8.983189566026786,8.578765639390781,3
8.480824936200035,8.061788774257442,8.487194688002434,4.865531530930031,6.927619814157606,4.1775793501516745,2
9.214321185024062,9.730277820084455,9.273541611956885,4.1705107972495306,7.5712499330127505,4.059830295827444,2
9.349259951032623,5.122705152426999,4.885278172863022,5.559264621741281,9.187417846032849,8.825924002422177,3
9.29506256976861,8.997655174648322,6.285525681264391,3.8031271319889126,4.216438806190873,9.813932396949143,0
9.690574287957785,5.29124926819187,5.433180614967871,5.322121901324152,9.617513683882294,9.407153500742536,3
9.536053922596604,8.513639365345314,7.48301643043372,5.071777459946054,4.957158165618979,8.940207863329425,0
7.791936193170691,6.2224078210219105,8.399761922747002,7.4605162913041605,7.89616104913993,6.0846551436288925,1
8.676040939001131,8.987773553643999,8.945051760797535,3.219206243540265,7.211743664420165,3.118231947638746,2
8.658612412755414,9.148133916010217,6.538596591937604,3.1126712783328525,3.3544906942255692,8.075414068750886,0
8.416853613430767,6.071752488678052,8.805696216915415,8.772030968197244,8.683910896881978,4.133515706800331,1
8.10085886172873,7.792702847143268,7.966267599759734,4.873542783203427,4.690784629562281,8.375745066852643,0
9.387431155421718,9.854125203708982,6.113895721988538,3.825454066720347,4.601416822474033,8.848324735477984,0
8.384776305032133,4.843761734619718,5.515275850217435,5.406846847482417,7.932160041209153,8.42626521898434,3
9.002195972042017,9.124609624659586,8.9562359571252,3.997978497563353,6.2981796368925025,4.621489477222668,2
9.337750967729725,10.0,6.350255650011915,2.9098090131311505,3.8301193777956115,9.446006326400356,0
9.28008251533897,9.539326255052716,8.675269158130186,2.991598050370131,7.499891130098816,3.547766650169565,2
8.057310104456342,8.339974337279694,7.92160599738009,4.0098582812432895,4.402363601313917,8.319910988118107,0
10.0,10.0,7.425762315229371,4.559030388246716,4.0401361571716325,9.891367451564582,0
8.935573526989675,4.3475962696981485,4.470781116388356,4.152056866744503,7.991804207909155,8.40179586425138,3
8.661732419025165,9.069666209910771,7.028426381006497,4.310469330805936,3.2861873657326073,8.208038497856366,0
8.122328637365646,5.579696091976022,4.925302188896799,5.296942518810788,8.246706171151066,7.9280520281838625,3
10.0,9.821535828798655,5.892338936636896,4.411016040183786,4.91558564427345,9.926954630905119,0
10.0,9.607722214230481,8.521867480460427,3.463649577551628,3.7527741399776473,10.0,0
9.87279723020565,10.0,7.614643093716762,3.56561288798499,3.4564713134902214,9.400715868042486,0
9.837156784817871,6.499970413832742,10.0,9.735268378359624,9.12695691713851,5.313498357995528,1
8.002497475535186,3.242761558294665,3.9380912907519208,3.0294956631071495,8.09883544096889,8.110525330075658,3
9.458769140651556,4.354525554263176,4.571925701840472,4.841507437092791,9.81464799162474,9.701605235966136,3
9.023407249371006,7.001403772654333,8.980978358252123,9.20013123287496,8.860031625127913,4.091010833500848,1
8.770272778673133,7.989147903175091,9.156398609624887,4.089542341884194,4.752541565926051,8.364609311912005,0
8.829780581917086,7.8824468767821605,8.278850778334773,2.4723759173617066,9.295668099577531,3.5151722443989515,2
8.328368064378296,6.601342553383367,7.502662383253459,8.17321445478103,7.486968718887168,3.7117564278973316,1
9.440479255703965,9.489692518873227,9.219029797003929,3.2705473491667774,8.437282197740862,3.3958150010490327,2
8.244738733419604,4.682055558637318,4.311883306399901,4.068208335431004,8.667762802228127,7.782877025802213,3
8.878514006484664,9.134366790196667,7.245629898395651,3.491019843967296,3.4040751636596562,9.952567241970785,0
9.024682083334916,8.139761913149998,6.74932473859745,3.3666560394429133,3.4031801353165236,8.678627948523358,0
9.371656039723181,3.8511597497048573,4.017250643872458,3.310697892440304,9.191640841066057,8.740325521057779,3
9.777033150635889,10.0,9.88072109157359,5.045945372918443,6.231294242658181,4.552612262471985,2
8.666845645485344,6.500012478323074,9.27901369367258,9.092947027452894,9.528426497703245,4.407651379889642,1
7.723159862115632,5.731512202722841,5.874453332298334,5.797631131437208,8.240700656016061,8.321379745335562,3
9.476667332239249,8.897407054577009,9.082676884332578,3.6952609321055903,8.010927430062832,3.925031428076739,2
9.564937042434408,8.77910889074262,8.281409374434949,9.465239248315154,8.912568916688725,5.410994591270476,1
8.951100130740153,6.363079360270995,8.992459266172617,8.57018741806254,9.001555822458485,3.500518349176857,1
9.037894944463982,6.0595912318223935,9.204773438999393,9.14052169141058,8.929054568120167,5.674973367917421,1
7.636442266458443,7.922404883911252,7.455808014906693,8.396056883609942,8.188044082743636,3.803945256039728,1
8.996019303081066,9.509490274015562,7.131014510500738,6.559213426218195,6.370032241028629,8.834510153558856,0
9.814106940587381,3.988536683121613,4.379516981023699,4.594161017009163,9.086466861017737,9.027424539329015,3
9.576847688154944,9.595286007074195,9.526997017219507,2.9661912311062633,5.900459387496093,3.1196027613434802,2
9.388865253084447,10.0,7.779671861349551,3.891925414100467,3.5133053069623257,9.43881215847363,0
9.110030970846163,5.456335121529358,5.103190636984069,5.2593856307786755,8.618890144342672,9.190929298847513,3
9.009367320269519,3.919451748513883,3.3560259664687475,3.8097480370736627,9.154675413185672,8.782630850938162,3
8.327722771343856,2.722132946437727,2.6344851193754986,2.8006538335908884,8.825858220170348,8.473377247786807,3
8.165968831798393,8.567102362239565,8.361168949566538,4.031982494425833,4.413489230292018,8.287366587779779,0
9.94623200810144,6.631165936800966,10.0,10.0,9.980775381017324,4.259816870993472,1
8.355335831561547,7.2418134353063355,8.334777234126669,8.480352090903137,8.379319589171866,3.942191809778004,1
8.114129940309894,3.9534394184663553,4.050539653153925,4.570818711739783,8.075916797535474,8.096883429872051,3
8.667932532082146,4.930106321758345,5.071177543020122,4.565565086407776,8.11383046295003,8.189944792418204,3
8.069520378326393,6.008758195370982,8.375048510913029,7.580685601365154,7.908440834110269,4.543262615111953,1
7.559957790087643,7.8882326701076595,7.483086873215587,5.635985533148503,5.179308014832615,8.919986114329703,0
8.9341650038223,8.782183436104646,8.945351720115307,8.676426920618326,9.317540025413175,3.148975402075251,1
7.992730919800767,4.075369248547496,4.563284542719666,4.746002084050284,8.78943947840624,9.01521891082539,3
8.15823190527311,8.302380071848415,8.439274246294556,4.691242043628853,6.672068788418234,4.8820132988458145,2
8.990078889500195,8.389491707538406,8.574349176942347,4.327851764514339,6.607494494169313,4.658552611692482,2
7.840695673366859,7.5454937342412345,6.780087271203273,5.750624372468755,5.993283514535715,7.630540187670834,0
9.334995534569984,4.316317934749692,3.471399911223109,4.603600182079694,10.0,9.685708685290813,3
9.07199023912203,9.339035465533843,9.023467142801383,3.088340446788637,8.25808720252815,3.307736994527907,2
7.821976981489299,7.5354113538537595,8.905211944593992,2.8691034181272044,6.776697614506608,3.15833161827777,2
9.497171419727678,7.022218306426793,9.506854204342483,9.410854044044639,10.0,3.9741763124877187,1
8.368440379626271,8.46067435095151,9.24647271271693,8.797327790366962,9.599764675900238,3.9323906730187552,1
8.312527087896706,7.477905434727828,8.752176582156158,8.224127310586903,8.07065036345288,4.103819151306043,1
9.866146958649134,9.522284549303238,7.391967410562302,4.413407049449933,4.619541901096244,9.274993251220646,0
8.362929583504744,7.781950053579446,8.334632416739037,5.694954089481617,5.9226160509977515,7.064473563053145,0
7.7350028870988785,7.940165930264596,5.6985644864363225,3.3234126662095442,2.808146645533523,8.283873015101127,0
8.337941793442813,8.704210664754301,8.213660140411514,8.22058594595897,8.273560244028934,3.627018571047418,1
8.150340457297672,8.310322188851497,6.435854150314776,4.193177332147149,3.5126163302687146,8.666072513381357,0
9.529469732159798,9.908586549569819,8.337183545003413,4.189662993700466,3.894466123445122,9.70179831993364,0
9.420798909372325,6.401941899299727,8.889196908143646,9.888506589141763,9.598458382147568,4.7065937120971295,1
9.011047520441064,6.173291563765581,8.89588658992261,8.841150299717226,8.990382005143081,3.572271273976693,1
8.797602313669264,8.747549522257247,6.536663722465728,5.936917058942031,4.982404123141387,8.857411860000658,0
8.524231402894877,8.5395362001022,9.3014345619646,4.207524692758395,6.3710955894869965,4.202418699472863,2
10.0,10.0,7.38935945352336,4.862590650633921,4.684082853067305,10.0,0
9.105061201501428,9.11528003672541,7.050959335887757,4.770381701348244,4.742215187674888,9.169306978240291,0
8.235354825649596,8.359399141399667,7.215815836103947,4.817001807276737,5.028747501831869,8.821184623684099,0
10.0,5.560222852854221,9.78251857420078,9.575749448369363,9.738297322958573,3.281987640225256,1
8.44050630661893,3.9285739120643814,4.839521171563524,4.0902338859605125,8.168614940371867,8.066493040906305,3
8.49773084833062,9.478040674333576,9.122791426951782,3.586145824681079,6.76346358999826,3.5405001096319264,2
8.547423258662347,7.605972643092829,7.927346025798956,3.7606018816671853,8.76217929777118,3.7496250184689206,2
8.125552523830192,8.307566429233344,6.5643768415341714,5.733869693271269,6.339739875728308,8.817964485686927,0
8.859433574109785,8.530318332827989,8.495290687579882,4.177007706499767,6.458329200573544,4.301247030187305,2
9.921296853632006,9.329872458121653,7.82692431592595,3.4301868054611524,3.168753486926983,9.305485813509705,0
9.482290374722936,8.240538290497566,5.875500146045776,3.9001712569737608,3.388315607975549,8.98290698510844,0
9.255353639500253,9.14435590043267,9.090163680470905,9.002984232344746,8.498647844125989,3.5430657597907698,1
8.952313655681776,3.2180451418646716,3.6833098856710924,3.904467480146311,9.00397193907077,8.514378877155556,3
8.951270555685726,8.927589076857984,6.606267619141174,3.895789909408515,4.178782762954429,9.227742515303918,0
8.907748142502578,5.363205086990547,5.785800492107417,5.227715861696778,8.309559504282136,9.403392947787514,3
8.908703379672374,8.665883521824545,8.25098470209165,4.677870234458882,6.515796746738951,4.414546729057266,2
8.875217629026555,5.413963692909967,5.480524259885102,5.877315506708967,8.779442776566846,8.695995054894148,3
8.421621435768865,8.47956159450283,7.845666566895416,6.034492878904293,6.276398811244731,8.986223221592764,0
8.233224278052555,8.407186134522863,7.529594738809054,3.1585285922092807,3.846850723698801,8.030189100934928,0
9.508272808774656,10.0,9.095912184757008,5.11387057255169,6.038066994018055,4.03978660494944,2
8.796612306072584,9.289477958961543,6.562307930770111,4.464268638978617,4.217447009308566,9.49247041322707,0
9.490259936813805,6.97038181748184,9.365455002797258,10.0,9.317747183520947,3.158700766979065,1
8.923075403310127,5.819400120576214,8.78628145986498,8.224239968367622,8.25688165491636,3.499202844859096,1
9.345781989227257,7.079506499249356,9.79782981760882,10.0,9.51377304062153,4.963774642982844,1
8.756529728439371,8.47553417585852,9.038411876077774,8.472146078419554,8.57720377507394,5.066495089391144,1
8.270760373746125,6.631582297352871,7.9499821293578625,7.8366431586564325,8.57931936280029,2.611337394106822,1
8.99159155309838,8.8469826030772,7.4966635059079,5.479559102692212,6.217191573941963,8.720217184846117,0
9.112187088650556,5.528718932408323,5.016218287013928,5.521510364708563,8.556442531685194,8.647954363057845,3
9.075108858125644,9.229842227832467,8.105708341171917,3.670402134921754,3.0529616354399924,9.07796895997309,0
8.945887671135324,5.604901871131418,6.19547151342138,5.895251783463967,9.042324741869246,8.586967477179543,3
8.367168907622707,8.401747428026473,8.153743301672826,8.535329618646315,9.05668811774499,3.6501912547897506,1
10.0,3.4428459495050907,3.2808032327252485,3.603775401040519,10.0,9.514347851805063,3
10.0,4.529495447186618,4.356956605296871,4.009294103780465,9.378147182529087,9.424959975859514,3
9.33077734738217,3.1351658574337433,3.0300969545494643,3.835292844686792,10.0,10.0,3
8.984267588923963,5.354484762283228,4.111509321730901,5.117448462208451,9.075966390999328,9.095923201575056,3
8.061272260732677,8.394385476048575,8.3028565894955,4.236427233493696,8.150697771120617,3.89223123985613,2
9.537443162598741,8.664747543753451,9.5134224904634,10.0,9.557241277766211,3.292121226889243,1
10.0,4.134992207734895,3.461249685694728,4.119904539243787,10.0,9.486560733752896,3
8.428110641965487,8.953689647089812,8.010553423304362,5.514817939173722,6.10237814000349,9.232063822443541,0
9.577265570816609,10.0,9.548877656055492,3.710756060046882,6.218375376447886,3.464368013217396,2
8.819345271522913,8.730798457096384,8.817305769929202,4.240437039701323,6.385477369472401,4.441263716079667,2
9.422350194689193,8.76219411948329,7.415113254248177,5.440919869727645,5.1486083868595935,8.845540104050489,0
9.972834803798566,3.2389855838867034,3.0660462591279436,3.237642057224615,10.0,9.947760423988951,3
8.404837079697348,4.1516397583919975,5.05975851611918,4.646262519798424,9.13129414663685,9.280792645859071,3
8.652950429520729,8.31662369086366,8.307548160375456,8.596357778750525,8.045640656776538,3.036895235092866,1
9.427334636655319,9.898846722440897,9.118881357914443,4.429980030068493,4.790192477196022,9.828915111111654,0
8.860675159295084,8.4603985752803,8.159215766577178,4.258016503856704,7.194716214704497,4.1187311304069105,2
8.641443277573574,5.051653406395331,5.072140097206939,5.15688961892636,8.80726123079494,8.574501458094552,3
8.551017113762244,3.4577878774887663,3.058019300739123,3.5571668704318093,8.556106439201885,8.88284468923541,3
9.575862321274757,9.053975299866288,7.153998804491155,2.8575818156483597,3.2306747683922197,8.844670757570738,0
9.55676540330625,2.755156160974485,3.0677824161125464,3.512188346193351,8.856296733890623,8.99723885360484,3
9.410871223924822,3.5777544335582236,3.3640752559985048,3.988727818976229,8.714205858979263,8.754054833671297,3
7.9299832498925245,5.552583951091059,5.342410375076513,5.681002810607998,8.420780929945412,8.389454956146444,3
8.747130271547398,3.377177454113227,3.4376299118508857,3.628997983182903,8.078854327291468,8.279587720626157,3
8.88639381135015,7.917599394685476,8.270321472302385,8.965818517712515,8.27889359782532,5.858275729987826,1
8.091692380339836,8.581884757518043,8.916082208292455,5.494458545670428,8.778421342358179,5.35844317016577,2
8.567069902983851,8.62635554820533,8.917200991073916,3.5350673300935203,6.592375644883175,3.1229278476739517,2
9.809243711797336,9.163578537179465,10.0,5.629723569337752,7.153158207565386,5.2780463112733935,2
8.798673666151267,8.469879235573817,7.675609782149212,6.022133162463046,6.098361393355894,7.990393836035247,0
8.89970892156208,4.176532220600919,3.79666696640277,4.691761138773925,10.0,9.681989995770278,3
8.60073898413474,5.370917321057481,6.401725653078625,5.935335500939734,9.234395980599656,8.717766739941776,3
9.17608306347271,8.525189727281688,8.747980721231416,4.773616607576611,7.000427985564764,4.648139228803252,2
8.616323597218653,3.479936029043765,3.2465504712587085,3.7257062333005857,8.90519398670582,8.564935292649237,3
7.931713876814009,8.259931378882023,8.6717248391515,4.891141915404847,4.832463051407955,7.748076792382938,0
8.428661730952495,7.5234578938199315,8.567757377860335,8.398251357174162,8.687794964938801,4.678831814015786,1
8.357328384034112,8.40209992206694,7.917335644031367,2.689650363953982,2.6570738869973156,8.060407687571299,0
9.1172781370042,5.844358049626538,8.805281412172116,9.291796766622522,8.948717910643143,4.219188550355703,1
9.585233805867992,8.391663217598609,9.383297954720243,9.690355599980768,9.149281324557675,3.9126215855092425,1
8.734679437340903,8.628114888734663,8.738634241461014,3.988617320022778,8.598018562196556,3.551577647558844,2
9.707342108336134,7.253054614489344,10.0,10.0,10.0,4.7274477998468605,1
9.33678942755253,4.374098575978306,4.8188143235854906,4.281630309950597,9.85871779514062,9.554499648546237,3
9.681591062640061,10.0,9.57568600429605,4.949917103737264,7.342820186539447,4.24890666669925,2
8.868438766071877,7.089292083576885,9.346831641514084,9.488114564569566,9.486942908689562,4.4226144403445895,1
8.9004474176929,5.463571135743649,5.444114082225401,4.819986231783786,8.216370808933604,8.533082086614298,3
10.0,10.0,6.897618253260777,4.1983789406399,5.021031121824388,9.57767286929009,0
8.907266068063874,7.2360159693289665,8.779979396218451,8.770225533882964,8.874139971134294,4.6483775925202195,1
9.486320869677709,7.3795869736273545,9.151585197806469,9.584315684767038,9.563850427652397,4.262410139398069,1
9.672277825924713,9.90812395443064,10.0,6.000889918472088,8.672368837546717,6.414805112432714,2
10.0,8.806934779510632,9.515986262824349,9.9581214534427,9.51399082869142,6.174007672905263,1
8.543103675052775,8.454574053195257,8.225213261655027,8.445874419634025,8.39122934129307,3.8692862708678954,1
8.089698835712035,2.8709625786111617,3.189517018968448,3.547559022035505,7.888393018587424,7.958437102773483,3
9.286454601225271,4.284914817435746,3.7638441395878406,3.846069135732104,8.511888091226458,8.830317422909605,3
8.805772070421128,8.082516924050777,9.072128796376163,8.681977094816558,8.454790640700502,6.028434906463319,1
9.557776844246884,7.508856568979547,10.0,9.450131052952353,8.529876616635386,4.046294516787974,1
8.934025104820051,5.638721443855458,9.031987234207804,8.775073088260275,8.332273926054558,6.326187315486135,1
9.350653443389362,4.24825741670972,4.54952187127596,4.314341791697476,9.772878262713634,10.0,3
8.242314912985604,8.39421734903528,7.20497411938606,4.0212807263473795,3.871741091965014,8.999188664991284,0
8.939097108427756,4.7826890668425195,4.596625521387077,3.856874760741836,8.581999019709324,8.668356031861183,3
8.697267878369948,6.7894534791533125,9.144984759705169,9.130516973924214,8.282190600170777,5.273181322761537,1
8.838692578762462,9.11723541459875,5.682343219804185,3.200240108697814,3.567989049074301,8.852305227810108,0
9.162522511054803,7.284948695279224,9.291489309840749,9.067179389800291,8.695655947610458,4.862680310929148,1
9.84114193651333,9.732802951886713,9.286921507260203,4.391713597476252,7.073955433727288,4.31028813829328,2
10.0,9.008736900526543,9.68109949089896,2.6788685496900575,6.5388475826824966,3.843979111190583,2
9.148496784645369,9.616515110849196,6.591877744544427,3.119900231718912,3.848460267609355,9.200119103276995,0
9.816233116787577,8.586736234408885,9.726282106147147,10.0,9.401311145938509,4.947817166432869,1
10.0,10.0,6.715615749743482,4.033682928369736,4.160534702814698,9.998496941200388,0
8.55561469587229,8.977867977765086,8.106146255653337,8.647006796031963,8.313921250885047,4.32282446589341,1
8.68731926126171,8.54279531848184,6.947680433699337,5.2871038424943215,5.414572348189758,8.176158941470856,0
9.668138678111823,5.448660480236404,6.164892465226612,5.541040324483599,9.23122728105815,9.687800804885537,3
9.129803648489364,8.547994308576182,9.112754988745808,5.266013957129248,8.291036298176078,5.053206783471435,2
10.0,5.759688770788065,5.812565372720718,5.565248990936777,9.541721629702652,9.548174863384618,3
8.93996632492766,9.863997892598952,7.645161564047586,5.914075941097862,6.117981745994957,8.921785340218578,0
9.097872356066999,9.273857489755663,6.726265023823568,4.132773152178688,4.167337050511289,8.642338045249195,0
9.216856176015913,8.55121317831737,9.116231114009926,10.0,9.59244469850637,4.614283336709144,1
9.658290988378411,9.671582341711373,9.68291899252258,5.355653009931899,6.928359763418414,5.5282705210980705,2
8.521674775182575,5.348580302145263,5.956035859209828,5.482835126200851,8.32064316318829,8.087136194344623,3
9.242821557051222,4.169859279843544,3.649490552679403,3.62435904927627,9.335701129519617,9.420946382772623,3
8.424504281166408,6.339110394291213,6.285985425264352,5.8560630652654355,8.435261292579256,7.7979540545317105,3
9.917300886947267,7.901364552055907,9.112627083146467,9.572829191780906,9.312818070995045,3.3261675021119728,1
9.513752289117662,9.601765124957588,7.994319856467562,4.584828614032283,4.389672209778174,9.491881619830965,0
9.667304864490566,9.509827545102818,8.926194529521403,5.531964304899619,5.903962109447166,6.330437580402929,2
8.479194962887435,8.216518390215994,9.153058828951544,8.797891843302418,8.851658073901593,4.297743886683883,1
8.804107642451656,8.250849506661623,8.745661712084406,8.865051084564543,8.452103460228885,3.897063347200897,1
9.150245735702558,3.129201880474363,3.174596483838143,3.423457708748354,10.0,9.029053972561679,3
10.0,9.793376471359851,9.514974106087173,3.2810113647572527,9.045834604982728,3.9138587501726967,2
8.099216419524138,8.208764167036849,7.9909040912752465,3.5156918660136265,7.217164291003314,4.353716619553651,2
9.166934348069656,9.314364140979135,9.817854988658484,4.852859462325331,6.281059146978194,5.136821763008373,2
9.280944478739803,10.0,8.950335624115965,4.062915802082253,7.787638321471084,3.9137991036935817,2
9.492306717296499,9.469882144249398,7.709864256997423,2.834357635359498,3.4692709323822757,9.771147455970983,0
8.088024916221084,8.366211740463578,6.856541188969337,3.3411865723925764,4.035241573394917,8.070497974849044,0
8.582020658068007,7.941042910753772,8.61929678077028,8.48115455598378,9.228523930346238,6.022212634519829,1
8.241021139255423,8.531548566733916,8.28850017651955,3.505908302491262,5.987470253765638,3.6417575631749255,2
9.112381037496235,5.838340450203654,5.65174006433445,5.992040217439655,9.25406250555823,8.590473769271442,3
7.853797610824492,7.021467049122738,7.452164480419648,8.618826850787942,8.026633390391812,4.743602364535063,1
9.232601975527816,5.2391946440242485,5.042316842968122,5.223218320866486,9.206159243155296,7.853551971794972,3
9.132394275762264,4.957872383265075,5.036033409791591,5.132760374355647,9.366339847138288,8.712003396456305,3
9.287148546938967,9.28929960205446,8.862575840979897,3.6475618862053234,4.282313201027198,9.669378941165588,0
8.684471783075425,9.12502864964603,7.033208270000036,3.5896584165140544,3.9237391463818967,9.15198361688932,0
8.761491834354011,7.775485981584853,7.936486193045833,4.498001696817177,6.605839688256466,4.876392443465201,2
8.874007747540093,7.388350090399248,9.17549662390036,9.074885046872751,8.783272884433465,4.904082997121516,1
8.888392020692043,9.668565123735908,7.013284241629796,4.617836431036132,3.8256951824222023,9.307222277940905,0
8.41598007047753,3.7967068030722477,2.927458660991946,3.0561243846636965,8.684233941667719,8.67271703626689,3
10.0,4.8615204618636305,5.439244866102721,4.80773878501585,9.604015045456316,10.0,3
9.570686624871206,7.408451220425737,10.0,10.0,10.0,3.7926027918733545,1
8.977091937673517,8.952475470636385,9.054783644443676,2.4338515273990833,8.260054105096337,2.728085474443426,2
8.783526624836792,6.746195358164163,9.364578272790139,8.502498015375634,8.594031762935487,3.646111462875199,1
8.09657685402334,8.296427239050386,7.792827518349643,3.3895642966912938,3.9817569986469787,7.9802395660185805,0
9.534568748670619,9.314283619870796,8.873736139428635,4.587712558113375,6.5430514780219085,4.769166103911801,2
8.203213354717963,8.753556958544689,8.245867850036815,2.9558764955763914,8.64358388120151,3.1800000050031794,2
9.624566587080317,9.567697534348904,9.501301056407799,3.2167068624210495,6.1105793988851484,3.2196556337624993,2
9.582725069986711,7.029177780720725,9.256825247011196,9.547206966587908,9.28714725609993,3.703778255091969,1
9.31368939201343,5.017834316506965,5.447906347044238,5.393761726229423,8.726488473620515,9.547520916587885,3
8.68771083832276,3.094731412391447,3.0935086233610516,3.515175130715419,9.19947209544218,8.913568964299744,3
8.960884504578404,9.581075060425954,6.221437023140501,5.641295623132995,6.002090840465232,8.72303289332994,0
8.64127623303661,6.83500984886996,8.903269420561571,8.68852719290035,8.720654065879632,4.8825048989286,1
9.504145069405247,9.020101557950886,8.935132069403533,2.9413526201520455,7.165354865521759,3.4826465138626457,2
8.514961848549671,4.715876245135667,4.6995482336984935,5.081354548892355,8.78027089827935,9.293180532460871,3
8.321006440527817,8.17969769977552,8.322688302642296,3.5225189090505857,3.329279222210899,8.609713290850264,0
10.0,5.5154741671868,6.1893042504922455,5.202024127479555,9.72106030209047,9.901359422922024,3
9.535418546755666,5.105740448313357,5.355107280020445,5.78614794915081,9.321410928741672,9.77121654071622,3
10.0,8.392970091022642,9.849144102821766,9.593330144021762,9.953700590797727,3.431598953829137,1
8.318602525552711,8.00113856692696,8.175359401603458,5.2835644650308975,8.396424125872134,5.318169693744435,2
9.49913604098613,8.070947949778791,9.76914680244988,9.53271956058259,9.309305996777473,3.283174215982953,1
9.342735843046729,9.319207693137058,5.934451217107695,2.9394870959273045,3.4411256245258506,9.051598982778842,0
8.524052765599627,7.839361147124044,8.182829822144846,8.193440907041156,8.52270880826042,4.780223707369445,1
9.203903891974432,8.405564527766842,9.376587450535558,2.954418084083736,8.10653894904113,2.969232724821142,2
9.158165436674503,9.548808634411685,8.460478710373946,3.1494733244863897,3.1889446521676423,8.432082076276505,0
9.688029223865584,8.029094849598145,9.659403703652446,9.46550894315017,8.471083740609467,6.004564310784886,1
7.663716081257369,8.021867226227773,7.518409647581161,4.566619389359472,5.206806769156658,8.571031260740746,0
9.053381488484074,9.573644792750276,8.786971159406415,5.297482135117324,6.79361088309921,5.327233066895653,2
9.626770375268118,8.425017049062065,8.259329937416927,4.280143339266794,7.750418691258245,4.190321050685015,2
10.0,3.181074851611797,3.0968814003210245,2.43199512865728,9.9009866262004,10.0,3
8.614462852618653,8.683817036639343,8.642936183181854,2.9822488960136537,3.37743197898486,8.425002142722045,0
8.299156352371293,8.136041948497919,8.107674780536955,3.2382768260685553,6.810295075663419,3.412192242071025,2
7.952936170390222,7.694129267028831,7.114821955854012,3.4847373034565985,4.094926785058337,8.313877160881923,0
9.229310087728448,5.3132120873041,4.850959824135558,4.728189470314639,8.271632449840782,8.41753270264186,3
7.924783841565969,8.126220291175692,7.9617130583750875,4.292178972150214,4.8472926887548216,8.007366657473003,0
9.028051967905734,9.360355308166278,9.703706550376893,5.5086217606672765,5.725135878254371,5.53109330553939,2
8.041266173065686,6.605081147595097,5.849529310376777,5.538978502256764,8.39793218181011,8.390595833177793,3
9.148752658252127,6.152049902309595,8.954520730449449,9.156791580350683,8.435473031062728,6.854771697906269,1
9.75816502239185,4.242039660612721,3.5246489515406787,3.672927531327205,9.829475395163266,10.0,3
9.829780469800026,9.488542920526045,10.0,5.150542010435488,6.9456299970282664,4.651284416742376,2
9.590559267307158,9.376451055878755,9.61210305912244,3.2329959365922267,6.953331196231752,3.532527608066513,2
9.464706905799106,8.611280094172082,9.032724481389105,5.9818895577969675,6.255237762911715,5.496009235323917,2
8.6721654722171,6.633462053445031,9.347749593690228,8.685411150922011,9.201711270866614,5.794627697775124,1
9.357333778846078,3.532816813018832,3.931621254114413,4.215250783621752,9.565844080370601,8.792142141345009,3
8.856808716711516,8.520995384408234,8.846037404237007,4.239721007537192,8.534794044574017,4.559735270530018,2
10.0,9.888044709302267,7.248295014905089,3.768601514009595,3.9744103350852322,10.0,0
9.400596300313332,9.229121119808571,9.387183633843103,5.85473878662877,6.833799607678218,5.432483531647724,2
9.365054385643658,9.84108888571097,9.680993076202386,4.930388527137065,9.17527022824333,4.715878671393048,2
7.8708639473915465,7.963860477841539,7.404163732818671,5.595701162133224,6.48308412322061,7.743285022911376,0
10.0,4.1141235312568,3.8843709415661514,3.958241162037165,9.578755197177859,9.518280038769673,3
8.269041342752919,3.104941464202605,2.847496328805462,2.6986716307303014,8.498153135232142,9.180096061237105,3
9.392175038393285,5.503871228288125,4.921964565205817,4.894389421645316,8.910347867060587,8.966491008037224,3
10.0,9.821161804612592,6.899401634745368,5.590353089079839,4.864250918016118,10.0,0
9.83778001207268,9.900487044225967,7.064929942031964,5.842729551229197,5.32140974991498,9.823933527347018,0
10.0,3.796039012718911,3.9666232681714617,4.204406081983764,9.14975393940481,9.728216260156794,3
8.912383965834577,4.497111647351224,4.39389978202302,4.518576104732436,8.941114133814839,10.0,3
8.478209701326142,4.747681164179471,4.472195301296739,5.026678320399863,9.032238207592936,8.576389426621741,3
8.19639463802674,4.278281548138663,4.107480037183421,4.1916676270773054,8.359267241843968,7.6769598027526245,3
8.724318335765018,8.563852736693727,7.2095607720529395,4.033460806472935,3.5988319325756954,8.0516459309199,0
9.952987235636275,10.0,8.058988616188055,3.6302259609029535,3.458101959503309,9.961255484794362,0
9.308855279398172,9.439207120063765,7.1300712657398915,4.713377113688692,4.1518301503507296,9.04585677179154,0
9.036749170184267,4.845763272830037,4.766328437789737,5.031484152165969,9.562109054768918,8.658269198635423,3
8.882476097288592,5.697079362868388,5.5603619501079935,5.80840375665639,8.721542462033655,8.921149399175855,3
10.0,10.0,7.148235119259734,4.883045028926989,4.778288391051788,10.0,0
8.07043260784496,6.230150330990247,8.22923338142457,8.23612404735862,7.6903573289006095,3.3854409370878416,1
8.069987744181622,8.75201263076351,7.081662180877774,4.980061315446043,4.984147497759758,7.491634136297478,0
7.728872333394906,8.314024355504555,8.426046124865822,8.441827326935407,7.8706288043978105,5.061977018242994,1
9.730456297994378,2.9526916473367404,2.7871250199842117,3.27351122213547,9.126931092966123,9.409332119386514,3
8.630094974086132,8.217721791303676,6.864555371231393,2.820220666257558,3.373289323111663,7.556533567282077,0
8.46761815646527,7.814127535847016,8.181762527961858,4.098855402278393,5.5202411420304465,4.47588477135619,2
9.466737314816994,9.436828957157388,8.863284820774867,5.82671114413603,6.141830536211144,5.460283317115927,2
7.909274553074791,5.092207146164761,4.910749622072679,5.238177572586185,7.941111016797987,8.745341501539436,3
9.612398652976887,9.260132144968738,9.573068677666424,3.0215064960013125,7.514018271563862,3.6454701836559065,2
9.467909710124548,4.8544800548782225,5.265051239657812,5.60248494528423,9.990992798867396,9.910759299381272,3
9.413101951866128,4.099519027013885,3.8756542667885565,4.545134921125432,9.45123947105267,8.851396220787986,3
9.42136619490996,9.2516281525785,9.872689621852995,4.282343815018929,6.237933422445264,4.339162591724397,2
8.429833068449556,5.790025140107771,5.924974252665697,5.5642440958551855,8.485234430373817,8.37486719343073,3
9.271486533214674,8.688756819805608,9.799990138522867,8.865192141369729,9.531181504687602,5.733665990310175,1
9.238519100595285,7.92516136966007,9.813054767394343,10.0,9.96201807075231,4.10981916668107,1
9.541426034227678,6.959279765043061,8.851947173818125,8.544018383621223,8.910441113634668,3.2734749791259814,1
9.633663826642126,8.615464554065216,9.371114899996114,9.669993445800353,9.046672237074281,5.501739011730043,1
9.46901737629786,7.609204736413872,9.95565022168753,9.990151892297895,9.765204366800786,4.378590812764007,1
9.866698330671266,2.728266362254786,3.4195394934961607,3.6122634850750237,9.63138342394455,9.449063522232105,3
9.853802434570794,9.773988867256104,7.656467977354994,3.5916465381632543,3.1150630304119127,9.9457214652177,0
8.861682577214431,7.768145025344366,9.559146607390755,9.617931024317627,9.319517000020863,5.241388784867632,1
8.181663410241734,3.366963071927177,3.6427091095106574,3.5457863223378636,9.035431049392075,8.03359445006363,3
9.834966136061666,9.919519410829377,8.232304401738784,5.514620885972693,4.986020549221895,10.0,0
10.0,9.887775366373846,8.427809734052405,5.816535609440577,5.610107229102039,10.0,0
8.356966809919722,6.045761835182066,8.49177272149496,8.059904165436173,8.570696780444182,5.821937774317208,1
9.702505217212824,5.398121547938921,6.0123268245059105,5.65042399765971,9.38418576332975,9.101053004171648,3
8.269314957184688,8.491877555650927,8.722716412468694,3.6289764338111627,8.618218432155397,3.512199851443008,2
7.899389351701315,5.143138096174503,5.035943437719,5.212022899288534,8.599623758727839,8.057256507234216,3
9.49414460568286,7.3764616705742565,8.986284010217359,9.412505069143952,9.62399470979794,5.8115331242674175,1
7.814001622324277,5.107191493353696,5.061730477021407,5.13596793184663,8.762547099806753,8.580153754805526,3
8.25182174000575,8.79385811379207,7.7390964130723425,5.19169770644851,7.43663569532588,5.159813825341163,2
8.238920906608014,7.452344618817238,7.902766494098181,2.96603157056796,7.911623924714284,3.6211925818854187,2
9.101200165746539,8.467154454525781,7.720928302599968,5.341937092657559,7.423517282451502,5.271187863054726,2
9.092230895334943,9.733731148796215,8.566397280130273,4.892775220655718,5.811316033982846,9.970437363358432,0
8.930110165131154,9.929692131209856,9.870877786438681,5.158965078415327,9.008119628471606,6.424230429087269,2
8.849266618218708,4.598969162766297,4.17072270453341,4.634127872407681,8.554946545153225,8.940862045478502,3
10.0,4.202010131078402,4.689186316495925,5.091211967707402,10.0,10.0,3
9.472180750413324,7.525401718793381,9.594324103876032,9.264817963470325,8.488466394179673,4.7439365888755525,1
9.351730171352946,3.3412811059139527,4.1224337831419335,3.293821026188696,9.542387510873448,9.284338580089084,3
9.891174640282028,10.0,7.389281738206099,4.185569003537814,5.45852839455976,9.041228093651164,0
9.883693059298077,9.777015133411007,10.0,4.861567017791247,5.718737139307773,4.91065485461658,2
9.350542884571095,9.288715474551184,8.576565787755838,5.699318341280902,5.607573444304613,8.702533519610144,0
9.127857384933005,5.36810843661715,8.494261181041242,8.854537362817531,9.116906358218099,2.8500946646099856,1
8.997305955745448,8.678231238447717,6.3922604285210065,4.082482741057323,3.7538479830773386,8.018587606712124,0
8.211247428280778,6.456996473195008,8.67691028679066,8.010131020725318,8.13927868493539,3.5100774286806407,1
9.128246008024268,8.629699680197309,8.034589950786717,5.649796849864352,6.2213258114267695,9.428943945895316,0
8.233474060323832,8.352982419031854,8.206066817299021,3.499442961377647,7.131685221102428,3.234571015558143,2
8.891824575721511,9.046983015414012,8.691645297701829,4.421946902934795,7.696803841808302,4.990361836517153,2
9.052447506048127,8.01131095973726,9.515442381304624,10.0,8.846427030321959,4.709885909925596,1
9.696524044360258,4.918430009392494,4.357112786480109,5.345029036371648,10.0,10.0,3
9.379515931438322,8.010249951808486,9.478817042787243,9.444933751244408,9.061241384917711,4.287281786842351,1
8.84244251959388,9.049357075106759,8.379359418620242,5.098508168700223,5.269345557538621,9.362558100772796,0
8.69217376745459,7.2548448520400575,9.34341389042193,8.58282087129378,8.390627177962836,4.912087960754744,1
9.186064504176182,3.7433655265032804,3.4610769831298316,3.4372487170297212,9.792824189742696,9.169748070464012,3
9.600395231618199,9.60819921378616,9.37330915799819,3.4286651268813064,6.801549598421417,3.082433469114455,2
9.226829804821953,8.939102406075703,7.800175126870801,3.96493012427522,3.8753239402749866,8.865233731336698,0
9.340788787303755,9.26482321349114,9.840920043158716,4.940669727349609,5.711002834604716,5.259723007144954,2
8.890064486249507,3.943938898059241,4.531266153256242,3.9619251668906332,8.276520715335675,8.369741678141272,3
8.25403568003998,8.565719898532985,8.42653626970531,5.252016779047985,8.40158730765737,5.18874244355537,2
9.315799460460816,6.92159747057263,9.672622891517127,9.631865075881242,9.8045811624828,4.5946229864100285,1
9.489950583341528,4.3771633677118755,4.090959943294803,3.736332298864392,9.077331282325067,9.47013255165451,3
8.384347975746115,8.329893572081657,8.443242499171781,8.11495172432908,9.452477699914086,5.022252761615971,1
8.509221708772651,8.449287999984486,8.852991334135757,4.230626616463979,4.1560991418244395,8.742798793522832,0
8.025742533171362,8.38514610884876,8.205446414199832,5.648858591838857,7.738652173540593,4.708990846127713,2
8.473491576642648,8.767999219519822,6.317761034296814,5.757601458464613,5.617969882663031,8.029667228604302,0
9.7037886375655,6.635713931927703,9.521228394204986,9.660123665967733,9.91962441720708,4.018397924643823,1
9.408643236931848,9.552971405618827,9.625344640465016,3.2564781498131166,7.3633630376263755,3.291546784248522,2
9.155794150733923,9.152902802342757,8.898328862019595,6.612597315320686,7.666310421631023,5.671829443095566,2
8.754570593879981,7.521661101366444,8.14209004626088,8.24001813662721,8.689340669569573,5.386229037801293,1
9.134115396482812,7.7503305800351825,9.959875688262409,9.992167046890309,9.294395750521518,3.251907925139108,1
8.836018482561627,4.424432280893318,4.135934393378301,3.9429921411078888,9.454587098484584,8.806875689797547,3
8.67936988012367,8.291471824046045,7.89284572879481,4.828934077659918,5.104587760055259,9.117920283567196,0
8.978101918184171,8.254965166783842,8.552594034241796,6.1327906406050445,8.487139160349006,6.0512006506587115,2
9.606197134399704,9.654143463220375,8.705791230581532,4.735515772334086,4.593071032631446,9.085732202038022,0
8.398150086792407,8.787570372715246,8.634705672449922,2.6766523963630555,3.2398945551173757,8.516055420528623,0
9.102916438741303,4.796750946218158,4.90820232765175,5.220342965305505,9.344818983593553,9.112325913365446,3
9.037221333070399,5.847874030498401,9.042502876755204,9.149081504783256,9.615250797146166,4.427603398395885,1
8.18639411972488,6.395975027679317,8.764823655539734,8.732476769799357,9.146784579707623,3.674260481492476,1
9.123589853307642,6.430483583986033,9.445688783133315,9.343234440140147,8.905990371435381,3.5556284939959153,1
7.881999770660807,8.157517058872013,7.792322896067671,3.1028183984764195,8.809404677330948,3.264892723350489,2
9.332768324052763,7.503129533228889,10.0,8.871003440163662,9.725794992721967,5.711594543403262,1
9.980233016249802,9.872219146120107,9.561944246693946,4.896123726117257,8.2930467579565,5.154950617054083,2
9.57609938307178,8.655999274524893,8.51156848540626,8.842586690532725,9.137897855468601,4.0509230889498635,1
9.416436094932024,9.074495439849406,7.904414097157656,3.211378908616227,2.9857873872338336,9.367200951383989,0
9.052517380896251,9.072509173788534,7.876110092658616,4.268652309712139,4.359555818492539,9.064475552791976,0
9.17588816246217,5.46897436420822,5.854757572414333,6.274815900057577,9.00775922397771,9.39040540242968,3
9.283297778533466,9.483465729631536,9.291620857263132,4.92742693907218,6.5110370360452645,6.101992514544123,2
7.794121044869943,8.00016298707756,8.662221720660362,3.533208776528307,3.520923295117074,8.04730829244905,0
9.0259294229265,8.754242560834784,6.782444416243624,5.045144818479026,4.3214161987563795,9.141217857356065,0
9.193668994156354,8.042727834910162,8.985755229331996,8.86362974608024,9.700783287574552,4.0644468744723925,1
8.695808174111567,9.419687733368917,6.195023587908364,5.804949182603061,4.335454315304149,8.784953779328651,0
7.9784607260218845,8.274843031361875,8.332508671479133,8.39088714585592,8.011893213469857,3.8108206607896147,1
8.751927260830453,7.501920017778417,6.78634131570605,4.388067447507255,5.423615779466569,8.218960522608125,0
8.220070073584823,8.079043227742956,7.76463337141261,4.482529019186751,8.087309607451719,4.154666084495252,2
9.672837968226606,7.60854566658671,9.853277974131569,10.0,9.82130279412341,5.998206662483956,1
9.419508625726836,5.502147375071742,8.728502406136169,8.782368127902444,8.606263543542255,4.210731403366081,1
10.0,9.38394112701963,10.0,4.553396420465463,8.118737403075501,5.312843857963315,2
9.885714574143535,9.53228031403113,6.387786612928062,4.104548236126511,4.132194077342361,9.46663596367734,0
9.384606923696055,9.64572496268097,7.457212975355017,3.1318513530775167,2.8513970857794044,8.877516099180115,0
10.0,9.857009464725671,9.932240548469336,10.0,10.0,5.1276305210601425,1
9.207844305597817,4.712975317824425,5.015237956168085,4.9540427550951405,9.483790298730797,9.397162016496766,3
8.32957261002322,7.605197713483028,9.092646983598202,8.75841558818107,8.782157967628779,4.511166748519119,1
9.698083542829448,4.662322994529032,5.1933255619636505,4.882856009953993,9.813147858694814,10.0,3
9.215216344152443,10.0,7.392724531015263,3.9783826354092473,4.650732181217636,9.677291441919447,0
7.956272937364956,5.002712590503672,4.746544879427861,5.475771407737093,8.70408227671676,7.6528805396731485,3
9.295350686711787,9.164133520323801,8.010233730191622,3.879092195150642,3.5665524820799934,9.531066447300852,0
9.409521505182449,6.279520884531415,9.109252342520966,9.186298574256394,8.744143539027647,5.942884389481179,1
9.391524227821943,8.76411776445238,6.36431781214483,4.562359158916818,3.863284704435527,9.270391533107095,0
7.785944487812689,8.909519248982342,8.641007122113047,4.346437898437793,6.375498775635632,3.910576781611142,2
9.116051504811397,9.189937215881681,7.2940272558908275,4.213495920171287,4.720955843491305,8.703582007622098,0
7.865761136139596,6.6278379570559816,8.730549805393451,7.922271608422469,8.376724195173606,4.173723447469365,1
8.26982028893736,8.875134706441376,8.56169436674198,3.921760698865623,8.014792906666019,3.8384259275550074,2
8.575654993119608,5.228389444458506,5.460146028981007,4.752015002291925,9.117275268469992,8.82098645849453,3
8.463905306860655,9.184527928756067,7.776295319107904,5.5763377004441725,5.0035948459488075,9.015573614448936,0
8.99134246660093,9.279463547919915,7.964806424198141,3.834171106971083,4.137260063367688,8.75328573235181,0
9.43937468525624,10.0,7.99782365640987,4.379555352019319,4.310348560026073,9.493601586201246,0
9.00139984891928,9.163216648548136,7.36252898686005,5.413677025718632,4.623305659629378,9.294795164092692,0
8.483488128792716,8.296742885028198,8.266058674386045,4.024905919203777,3.5892869230916564,8.35454454813112,0
7.963077178787923,7.810766433530059,7.650341879014265,3.609442383381317,7.006090720617748,3.902853653281192,2
9.64487563653479,9.159753877243839,9.892431023376242,5.097026806799506,7.700721340721284,5.0587540696690905,2
9.551740146923642,5.977917948600146,5.848791445566563,5.7377182805684965,10.0,10.0,3
9.34168272793064,3.6052116109578454,3.8796881659321385,3.8457915146990667,9.052014381396285,8.614930325172892,3
10.0,9.938892985496258,10.0,4.4189261335100944,6.055030749571233,4.688339670396211,2
10.0,7.605197465614115,9.611371468782801,9.778905327740024,9.818147376461825,4.066043914855005,1
8.84423591747841,3.9670387929388378,3.766101487572193,3.8330457730700704,9.672525102080936,9.480371250741245,3
9.365557137184108,8.618469257356953,8.721726958245773,5.705435049410444,6.3009545542082614,5.520026560820402,2
8.819478345136561,6.640230853871034,7.78233363568102,8.55496808554468,8.679063215460223,4.331055596258022,1
9.303255280180455,9.110643449267739,9.692587349413989,4.975086358801526,8.013835405259453,4.584673351316187,2
7.847887737712772,6.431428377108124,8.729527205531086,7.911445910610696,8.155561271795852,4.5597952249235165,1
8.134940483378504,8.407451915973887,8.350656383026806,3.2006525899749745,7.0919244449579715,3.2247206538458992,2
9.150399929902193,8.353886527334955,9.146522563831047,8.901579852553187,8.977934626473697,4.415457150896507,1
8.650559943073638,8.429829106671864,8.17270894087417,6.403426334548869,7.4828229960527395,4.608981496555133,2
8.918608352697118,7.648940589057909,8.204623765748764,8.841494278291524,9.064441459948817,4.436140278013803,1
9.997841981889586,4.81535874840873,4.864597172651703,4.48196429652787,9.532452071927766,10.0,3
9.215704330957553,3.8059614644701996,2.97635970129608,3.235959824568296,9.14900258011427,9.337520272377207,3
10.0,9.67027591113554,9.943746016320857,4.151314013291202,7.308733345756417,4.25112061421765,2
8.073271911704756,3.609354173298359,3.876022794150003,3.6035329230435695,8.237075695697321,8.556417187240699,3
9.648129242239122,8.753895040922496,10.0,5.646969417802519,8.682255343857499,5.635914206161477,2
8.829825623305192,5.966562580944537,9.083020584315125,9.095594367268665,8.559461665193727,4.108508922000501,1
8.48680552335496,8.080651441789295,8.742512326587862,3.4898892264223935,7.126860613315866,3.5784030798125634,2
8.454496456407682,7.869260945523834,8.442992669580667,5.646553311743241,8.245112077117305,5.916454454930607,2
9.457705717311953,8.356200417884208,9.212887407986733,4.307835860034328,8.338670030344838,5.135252811054914,2
8.308320500067639,7.056089854211859,8.90269890108987,9.192627624948814,8.043418709105465,5.837608844389038,1
8.71902003219058,8.83299698503811,8.354448333632314,8.329933718725119,8.84167680401571,3.6886433825159406,1
9.859331660428253,9.733178886711825,6.710390872669856,4.982908725964789,4.8880966250008475,10.0,0
8.73638547309326,8.44404824380867,6.1357936022677215,4.746817547638608,4.645496671350259,7.938326535648662,0
8.64622296889825,2.775206419712862,3.216775621857157,3.541594554000548,8.625560802281376,8.74940128544739,3
9.893298844976297,9.363341826082845,9.459537857349208,4.934135614160242,8.029837011446588,5.7214898250020525,2
9.088904355547132,3.411471557976111,2.700465935292436,3.166837095188117,8.575775335882541,9.425869887559683,3
10.0,6.504340153365081,9.66906536669157,9.863111243931895,9.676892812623231,3.8127686397365514,1
8.69571109934637,8.464008600106853,8.329339741299382,4.0718731741654,6.230976937885461,4.349683229249665,2
8.71065569230652,5.088875807292593,5.9406758537351845,5.562931653700893,10.0,9.43525891407308,3
9.477176317280623,10.0,10.0,3.2286229750943036,7.960025383033134,3.5241126512334437,2
8.806142770093182,7.029873797844777,8.970221741593575,9.2225964672813,8.096650683762093,3.6956416357276467,1
9.570279786494442,9.68365983607046,9.8115667563781,5.64877703610537,6.043661290017657,5.309178870763327,2
9.102624487743915,5.569948474333893,6.04056330286146,5.364979489962192,9.53623748742641,8.801210255766037,3
8.3773646951267,3.755009126649367,3.9240677153499988,2.7779275552369285,9.003089433587085,8.609810370744077,3
9.420069365696081,5.820744875949388,8.55262593099451,9.222433938979533,9.07976170743491,5.0620340420006285,1
8.841565824447086,9.205999061015627,6.597966399650056,3.708415471878147,4.139221349980089,8.515446727194352,0
9.792689346732805,3.388233362055063,3.4013265698629174,3.0771136783117328,9.237893027058,8.787019618006337,3
9.082625725396214,8.266188211044273,9.622750833938468,9.152067370903092,8.970278676781442,6.484561191290101,1
9.650111726732327,8.273648705426726,9.4232854042909,9.263544310403002,9.38944321067652,4.701505737423007,1
9.3241888066762,7.586398471101753,9.539205428959752,9.435409889906916,9.727072126589956,2.8411341293901757,1
8.351049579995449,7.54910932342848,8.706880876574067,8.223872069130143,8.789760231695377,3.0797021729745824,1
7.5231448733900015,3.7321425704193727,3.257514162546224,3.692409100696669,7.939989437660015,7.821919288379101,3
8.58950252880523,7.349112629448355,8.570718221130107,8.124505382548008,8.144531126665207,4.452327977503394,1
8.347790121820912,5.965139070744582,4.782569039563995,4.9556333895989,9.135538548463293,8.891668899340065,3
10.0,8.329613822087172,9.864852737432937,9.867277459909026,10.0,4.4798491270713585,1
9.812225129231678,9.520677685157123,7.51940873335039,6.426457198671798,5.558285858453652,9.400836270599578,0
8.924356742521288,5.715897483173681,8.423052794161688,8.525829826385877,9.360327435147024,3.984068044483095,1
9.461931286850948,9.606802131736185,6.290532320403927,6.021798381599743,6.163665537937077,9.861067838085365,0
9.186259293286707,9.518445880967086,6.6876268980977525,3.5227713340560687,3.4424043027111053,9.694352076050599,0
8.498360111575364,7.932028723143812,8.742996232575003,3.101849087693697,7.686151541268574,3.0064500091090243,2
10.0,10.0,8.863978616545703,3.975935965534807,4.102743363872508,10.0,0
8.00144428067931,4.296833101013595,3.9761986071943936,4.46717345239892,8.139358908425178,8.13010345464811,3
9.072921337078379,6.603652208682647,8.880109206197755,8.653683353623089,9.052536274557335,4.5933396899770855,1
7.755352081588809,7.691577063534419,8.116743526883834,8.021033286306512,8.072802267026152,3.45792987628653,1
9.185496383561697,6.35662731910922,8.746193016863963,8.19367721439515,8.64844220296245,5.766685703924555,1
8.593692986560322,8.26794868979476,6.363870744442662,5.885960511521372,5.5095859269470155,7.766647625241451,0
10.0,5.850899655095067,6.167633797052867,5.638514210170255,9.932912914762582,9.90011605107855,3
8.229847121287031,8.626522621103769,8.918311650222254,4.426389057915398,7.463410213920111,5.298689793219387,2
8.691172493557564,4.999208694517387,4.843664375940685,4.725455091330869,8.49012112556534,9.043190173562863,3
8.639073377714311,8.21946081186318,7.991380590098442,3.9191452519252943,3.23812921158345,8.457235851085201,0
9.243391665049394,3.4541053697121757,3.593342125776688,3.115894212779231,9.372439017330628,8.750697630055686,3
9.84918411578512,7.386808724494741,9.784737508192883,9.416018179269889,9.734044332821073,3.2583600703454647,1
8.18210798889157,6.971806026692008,8.466693106930055,8.378265144276039,8.61116281472793,3.7018437273441362,1
9.592572373705543,9.558819015508321,9.991578421577398,3.377922299819146,6.59935699870385,3.5737822308146563,2
8.840989275025048,5.507953890028056,5.905228035152665,6.270166566362031,9.47413259095676,8.283081076290511,3
8.936574300730586,8.533688256775394,9.228228537239133,9.037943963856934,9.306692451998263,5.840966911155281,1
8.920818581943728,5.237799240166963,5.391115555611494,5.4025890509009304,8.192421353005614,7.836669555273923,3
9.667849138061396,9.223072644063048,9.131850013750698,4.783796784804184,6.803508762059325,3.5145076628669103,2
9.110725143969233,4.561553742425055,4.702987962663052,5.650729075723289,9.344489158721176,8.756942897721753,3
8.822176653507139,9.407497907081044,8.45147658780405,4.214944508156767,4.285933552488851,8.988326248927677,0
9.593391548677465,4.2705164471261226,4.3285776935445694,4.249102706714944,9.760725254374874,10.0,3
8.102779761987486,8.845845045048081,7.743164031647411,4.215323657132222,4.259942475921792,8.336818686568188,0
8.920808503652253,8.639258683123039,9.056248594982431,3.59449801238128,6.209248551563205,3.235914530167179,2
7.507289708358182,9.038654291466193,5.909011388227812,5.035118045016119,5.220004520081065,8.411875632662907,0
9.221781148727224,4.1746566283178,4.122962925471383,4.076626444449289,9.068445578656398,8.846993131711917,3
9.99817292795982,9.76812622264613,9.854493458095588,5.2874788731379905,7.4775608423866675,5.073897683375611,2
8.84707220841297,8.782288365162216,9.541844527492955,9.937188408639328,8.392128254215443,5.609798733501584,1
8.818323045312164,9.240202902322483,8.802339928218938,3.3275021831841847,6.558713856298667,3.104217899056258,2
8.536339343375218,8.254587756469043,8.681336909383013,5.2356635801923,6.838141834313911,5.433040872414389,2
8.692775507170623,8.726777672752878,8.73833163984223,3.6742508808859253,2.3264447150670895,9.066580944376689,0
9.341026823235806,10.0,6.883539323390762,3.8986374415504965,4.176838782003313,9.20969974960434,0
7.971803581526086,4.309111517822818,4.662332017906941,3.8987710782321847,7.5931508693514225,8.191753275681554,3
9.112734974759299,9.50080209450433,9.019959975142072,4.740062450381549,7.522003538492604,5.048742956839002,2
9.295584611238922,4.708831515215334,5.002155641900815,4.439732605502457,8.467936590956354,8.611971778256052,3
9.849132889925055,9.583550167433511,9.562217327847899,5.442771334738949,8.093411996377615,5.332255905023597,2
9.622512116749416,9.88239541153657,9.972421684824532,4.424820242509018,6.399388613665225,4.132113730084059,2
9.248953119281742,5.0342629589936365,4.879174098553248,5.082948966649686,9.272475036942454,9.482034248283643,3
8.410726153310627,7.594941359508077,8.721807836773117,8.363565716479457,8.246675320203796,3.138184433547196,1
9.292805917773332,7.405805908517138,8.610330220889997,8.909628224874478,8.64176639667046,4.085794607561174,1
10.0,6.8545954463767576,9.89150523739756,9.821655302385828,9.48377465389868,6.19858220792902,1
9.576639300048852,9.079249977597463,9.30634656072522,5.915290938527233,6.480184340242489,5.33373702495849,2
10.0,9.604160516957057,9.177060128814192,5.355003995354574,5.772251290526194,5.783131394020219,2
8.326948909379535,8.929415114384565,8.333656082830746,3.48493701120245,3.558348450210566,8.554633705646141,0
9.170043685810574,9.338215634187245,8.783969309402188,3.8019711674829586,8.148054203861962,3.7478932251061052,2
8.8579345339265,7.298670396782456,9.313402813696335,9.729806602964478,9.554194725745965,2.981598415595893,1
9.74004738307198,9.343059711631046,10.0,3.6167838283767724,7.768779140943358,3.309824101398854,2
9.20993497328147,8.442088040433932,9.96883467196826,9.744713345757463,9.566488457443096,3.594555566217753,1
8.512918762727857,4.87451057939765,5.3348539197207065,5.187992278442007,7.545075827194317,7.648523928157253,3
8.80838671562901,9.144774650401898,8.898996532350504,2.8945060848607413,7.193476676995044,3.621614177591539,2
9.951719578899182,9.671257968188936,7.277545749355778,2.8645027247854347,3.3056387005657317,9.581592393732755,0
8.439449993707598,8.371833699936992,8.377680412769617,3.867429436189172,7.701008604945528,4.216647291791928,2
9.426988423098898,9.539711157519498,7.921249131750685,3.4362596867836777,3.7872298001275824,9.632564935060056,0
9.83948770772172,7.648294922929418,9.590786072059338,9.563019702174026,9.911864036531378,4.0889571657135315,1
9.796951717197338,6.674131428594383,9.78899273372487,9.258136822596239,9.792053685892302,3.0714570534686723,1
9.38705982712198,9.82848269187935,10.0,4.7031898705425945,8.196190917168526,5.032795089357621,2
8.58117748429855,7.825005361476203,7.538259434626904,4.519682906578035,8.315473707344898,3.1112411945636724,2
8.237741358286517,8.769472602552577,7.773669290295912,7.649340149896455,7.141271754859123,5.185771674083734,1
8.640116079424077,8.263772575717814,8.948729789371505,3.7108899750884685,7.256397343472524,3.190503881620634,2
9.422619583882817,3.672725622088435,3.076244167347134,3.414459342903804,9.172113940224133,9.09372839472746,3
8.733456343702645,9.201350496196557,7.100948839648662,4.984906264787912,5.342364205065924,9.102675576072286,0
8.32722146535013,8.297135724359533,8.883248386016437,3.888146091032062,8.472847731114236,3.829469245131521,2
9.864788635594529,3.6819314647558037,4.5123196379551045,4.088595603563747,9.981296735425495,9.466910088362024,3
8.753797618591776,8.437166801142174,8.613972545147368,6.1153231882053785,6.930708116778299,6.676452681407922,2
8.26965922684745,6.916034936492192,8.961492845262876,8.080941890022029,7.6631273962786866,5.441136451335282,1
7.556714367815972,8.212797445975978,8.337434880000808,7.819053746429013,8.476241191206967,5.306438330923726,1
8.902365123146742,5.552088657246366,5.895174406248731,5.860383033710367,8.954686319834932,8.944221250713696,3
8.723313611657646,9.135279820954201,7.58817263204528,5.3112494983275935,4.907654206053281,8.540855523466151,0
7.877676794092743,7.797071295441498,8.206782896523007,3.9859369033431764,7.579120835510131,4.11730727695278,2
9.794130632180286,5.942401366704417,5.971834223564996,5.563853755297066,8.96977862509583,9.317779486025437,3
9.997548615207501,3.540752830010118,3.469618519574191,4.06036036277919,9.669263919253961,9.575987222625155,3
8.714053041672193,8.602479987876285,8.59035273157284,4.920231109739484,5.068229408276383,9.47590825039434,0
7.75121305735066,8.469292247066164,8.366413478858895,8.052765622733073,8.971723588690145,5.279122199650486,1
9.100314606286002,10.0,6.235775944978954,5.797192677071235,6.33576600459042,9.689659444606114,0
9.093924933930127,8.763023894744713,8.105687373895588,3.0675485259096846,6.8475053144155495,3.1964129357042936,2
8.580336446730762,8.815492350478523,8.269972642434436,4.685903985709504,8.608088824092695,4.429952478110645,2
8.973825067141936,7.527050257961335,7.882006629054386,3.4497882971558784,8.57784956452316,3.554456016895661,2
10.0,9.615942399200438,10.0,3.3874704792676944,6.920143366058861,3.9857614312665643,2
7.87410091047261,8.265869213067816,8.213785046461581,4.751408325977078,4.912832415197136,9.029877151389563,0
9.120496007792688,7.845369572707491,8.179253090625242,8.531378716224674,8.388975968600281,3.2026537937241994,1
8.759866842867352,2.5646974612097413,3.593247368196311,2.983841485002649,8.45373550120216,8.726183716871978,3
8.96651790390458,9.890677339482629,9.74919742443643,5.248383230624126,8.687228158107354,5.289710105235132,2
9.600894438968366,4.099308838169572,3.997138689630695,4.178005248350325,10.0,8.766887701066624,3
9.54414196985384,9.62826401312741,5.777361512052008,5.089688365783757,5.979602072866224,8.622791245095348,0
7.7195755310911975,8.038032119749905,8.77585008985485,5.458774535627516,5.537160667355418,8.039328833279525,0
9.405474296535388,9.2619515130164,9.158637977071882,5.1128212607058545,6.2858835882717194,5.566180359708932,2
9.81938200359634,9.411461175799678,9.303703513968898,5.08681968948358,8.169866544813413,5.9025089910667425,2
8.063841917789617,6.9436102693637025,7.97304432751776,8.476804985758253,8.175469553169371,3.498287868673022,1
9.25933207515898,7.137198832428617,9.524986458545039,9.377413022676842,10.0,5.2744493077194745,1
8.787084901985029,8.641974315164104,9.667194604215895,4.341568033717277,6.316433974314515,3.6070715724481452,2
8.117011826179036,4.279808312602429,3.856604159308843,4.85848374967305,8.237571490467086,8.35078342394613,3
8.666540562328745,8.222406971232571,8.520368049008907,5.522400841400344,7.396173003681595,6.411134096535603,2
9.577847463497061,10.0,9.813885942349739,3.3538733504527065,6.998739084113717,4.534546176885257,2
7.929907667157654,8.055379803067604,7.5193983344568505,5.32836900186347,5.851974561394519,8.291856997675453,0
9.884898867282304,9.81527137293032,10.0,3.744481754453642,6.658254120969941,2.7860028958518033,2
8.695462975585691,3.6449773132770047,2.9318632724930818,3.931038905281312,9.189552799115345,9.663076294231757,3
8.516319420459565,6.254586347076586,7.833184262211224,8.190634312042192,8.777939768547233,5.901748297520461,1
8.786571533750958,9.090664312816726,9.20559795521457,5.070735821136393,8.542202200980933,5.825864823665929,2
7.67633967517218,8.007912890848662,8.211432392583106,8.380730825710662,8.697609851622591,5.1851055179040415,1
8.411489217864473,4.348504248539498,4.195926864780799,4.123113503114304,9.139881369877827,8.849620483092972,3
8.22736941965325,8.467240794281514,6.832093251538713,5.781796517442169,5.558939364801022,8.220710139495067,0
8.736891410183606,5.066578285100497,5.585945432600152,5.116213232550563,9.126237108933438,8.747939164671335,3
7.903931095602148,7.920864011257424,8.135960118254982,3.9692908648040834,6.680525679031664,3.9352478209353356,2
8.617940571346633,3.383449302285919,3.5161354022089575,3.1303362685122704,7.579863234926259,8.149885773439673,3
8.998391947159648,4.0582043365196405,3.9982012084422807,4.155767261617873,8.633770555246223,9.066674517542394,3
9.351488885310495,7.628275357599631,8.091496438872017,8.738999418624475,8.409171149291684,4.2226786350248835,1
9.822348580272191,6.971533204469704,9.909263850682512,10.0,9.91458397411916,3.174239257518414,1
9.094321659443626,9.656301184697785,9.248106295866025,3.544137655470331,7.703795318844094,4.260232509879698,2
8.842439970725515,5.210618119382027,4.92732328822766,5.537485912172589,9.036167737262677,8.77037028592125,3
7.991913263222543,7.031362215179251,8.748055642991076,9.14574150083221,8.360998063203462,4.262819805291895,1
9.054732550473057,9.28863093245804,7.433436147729392,3.521095126785977,4.359289144297685,8.569526978820724,0
8.9450380291634,8.610040274849684,9.484090047700759,8.65074355186364,8.514185413127278,5.941603025434622,1
8.90498799196246,9.643619480690397,9.250652670456956,2.914817232581731,6.4203151693153915,4.041312388475344,2
8.569939145241333,8.857486007429744,6.429273784115341,4.741020690401197,4.787789947105123,8.55478170365451,0
9.26210867964151,7.544187221852136,9.6028162937052,9.423777631983642,8.979609813101925,4.489175255882603,1
10.0,4.061580276321917,3.4797057175095922,3.727050718689869,9.625482073090064,9.43496695449054,3
8.270308684415124,6.994482876018676,9.05175814739757,9.05982786923698,9.223937870227527,5.594360596848414,1
9.208327388217231,6.19802854440193,9.180788506529685,9.289111700211647,9.672164474994316,4.281896608975908,1
8.377436978196542,8.480297462223758,8.01344774602734,5.184217574983897,7.7421163204427215,5.198102935301304,2
9.149718143439301,4.652268688131958,3.511700076011531,3.740617081810221,9.860954414364755,9.407514456578316,3
8.494878763541617,8.573208719093474,7.6755038383458984,8.23377188493934,8.2969879412633,6.16742953776612,1
8.442905772658722,8.93094245096491,8.718402302080554,3.5762510380197527,3.104978234758042,8.68721800342965,0
8.155499814925337,8.287205237180723,7.458901909330945,4.283487178263509,4.251693910178037,8.452704953287412,0
9.911460631044514,8.232677958437305,10.0,9.571883533803673,9.136820121539031,5.902601282689378,1
8.021262107878819,7.980988080917863,9.096786690044548,8.283791998333488,8.614202432247081,4.700497381982787,1
8.159749827939493,7.495173412385922,8.310327827739803,8.863874507425571,8.755155735267957,3.1359454397839555,1
8.122721893747789,8.518568578323714,8.294637004246972,4.637671699749568,5.403153041188071,8.010903682132389,0
7.834654671493409,7.685433079782281,7.444949113767825,5.602524584717505,6.691171385673595,6.3234953962153115,2
9.816196579597662,7.833178431430135,9.33682561374028,10.0,9.548240431577332,5.580969514218968,1
9.45420243899488,4.5111759626233505,4.737141038651474,4.5282359591853245,9.767902294273911,9.993729816084356,3
9.046778514329496,3.964572763518382,3.3401885354662286,3.3429020635614,10.0,10.0,3
8.28294079258294,7.334421333235648,8.24905371503288,8.58919740694582,8.456573696596259,5.26434156808791,1
8.863096655464664,7.241615679377848,8.597090476690633,9.382263655636107,9.181532730780917,5.348113776591059,1
9.028897290726968,9.008682495006761,9.163523280167608,5.6023607679139,8.225220977281326,5.922957481504633,2
8.97015040555197,9.376783440792348,6.238743588686402,4.380120131694324,3.9609456570627755,8.86919518333078,0
8.857921319092657,3.851906557727149,3.8023221238513103,3.5981970119044466,8.400700425166205,8.446526339129344,3
8.1544860973183,7.748959604372329,9.16783291061391,9.694014251720525,8.02093227262769,4.5439570729917325,1
9.039567055643603,8.62648820391607,8.559437872634298,5.8930891153197855,5.8440507198261535,8.704827627785928,0
7.931536599900573,6.509236687745018,6.266461866001961,5.266996086227595,7.1424873559979725,7.524094082968015,3
9.999978593997195,6.01854715300609,6.276752191115362,6.0796017946813175,9.676683415025895,9.748954537155612,3
9.512752494356858,4.537857350368923,4.8884240126273895,4.256304238704248,10.0,10.0,3
9.84578682100649,5.741967728232262,5.582901636118497,5.218253454561928,9.688177798280607,9.269531950374944,3
8.364948952091401,8.264704693366882,7.503387901944916,3.0381026052610696,3.202388738866571,7.92890315435845,0
9.438746827549036,6.04479519422384,9.674559016799375,9.12470883761022,9.373207625388702,5.428316927449153,1
8.319951018929414,6.822219650240355,8.874138321978423,8.61932306259018,8.039408598063941,3.603017826994677,1
8.089395200669145,8.226122846479456,8.080030411069592,3.2278790720741237,8.447715773148401,3.914157211092121,2
9.444103927475098,9.152850812605648,5.832922894338328,4.2353962275861985,4.541426868288051,9.057867552768947,0
10.0,9.218660806957095,9.408204886725416,2.8103374825318532,7.172312324030366,3.186470519876353,2
8.250808201242467,6.303734199151956,5.932825424921897,6.412899269372424,8.29927850406691,8.503830333407574,3
8.814497087019857,8.29172087030666,8.007595753217561,2.737217247927106,6.113357197361316,3.298820008027379,2
8.119746236765698,7.025274079451585,8.000638934642291,8.396935750813988,7.958802159453209,5.700808543087634,1
10.0,8.107257827103181,9.925189492410517,9.400884507944083,10.0,4.42539288970207,1
7.904744140023657,5.034274859437914,4.358805750243019,5.1365276083244344,8.637200073333899,8.647006351351187,3
9.36163671492646,5.063113259733484,4.875981351963659,4.570771822664339,9.904813854339107,10.0,3
9.570440546400643,8.929780601661122,9.558506028645855,4.554017245907595,6.619288507672171,4.32306709280314,2
9.120283365851499,3.9204693531212254,4.077283899944784,4.941884021499067,9.709539145902625,8.798952686211518,3
9.16186368362459,3.073643070683931,3.671261543688643,2.7152701135005786,8.84856444271773,8.960117178905644,3
8.786390014364368,8.047393102410007,8.944810136907378,8.860302830074959,9.076870032219901,3.9814083185643243,1
9.268765382724787,8.843802806032008,9.761598355080043,4.4903974406203115,6.5555783541533845,4.832253385371571,2
8.91934875525058,9.301313626711126,8.354699044588834,5.2811616088466025,6.110510137666667,9.122157118596022,0
8.797933096762405,6.441139880180617,8.752352883919139,8.699411283807422,8.889976088345442,5.5043467069657295,1
8.798392554321367,8.374021774046065,6.315897450206255,4.842002643929291,5.279350627606895,8.63435849904658,0
8.816539721891157,6.294112707816837,8.280364112329588,8.597965353066641,8.46841011187037,3.3465579621837485,1
9.231994140120223,6.318634263078312,8.746523817004633,9.166736387678897,9.02627979817369,3.8454670486683318,1
8.690345192973586,9.50391376762859,8.181126435135884,5.936429314024755,7.518737642620691,5.123435655357252,2
7.989063438245154,8.018125000697443,8.470125970535717,4.3670734272987,8.125326360701116,4.957111944124596,2
8.880087424595917,9.042320989236496,8.919293747246357,3.8060213705543964,7.3390699357757585,4.3340829262793354,2
10.0,7.286870043801998,9.771114462465226,9.797729752189914,9.343412753431302,6.272711049469535,1
8.560173840085378,5.728765950054454,4.450523456868099,4.299890449438556,8.709282871911492,8.29178773831028,3
7.8421619126275655,8.754351178190745,8.105922755459261,8.503695942768301,7.903018484170319,5.132955100206691,1
7.762349182664844,7.9922400519857115,8.025012339492438,3.582321221080908,8.813312286040507,4.651274522216083,2
7.752564723596823,7.467339310798373,8.43728289613785,5.49436514005674,8.119056299400116,4.845428543197385,2
9.801295788097242,3.898643743837104,3.6522571861366346,3.5518631635812437,9.875773316045047,9.940620187284049,3
8.524862674037042,7.707975882201711,8.083890335687439,2.759212257415431,6.332860062557757,3.7852463200980484,2
9.381935318462892,9.126101336949592,7.986497419646675,3.7884895106719196,4.0428724853024,8.822736171888236,0
7.8188010402767745,8.347796656687828,8.313669477657218,8.349594864622713,8.226631677873335,5.23549156027751,1
9.309012256461632,6.469384873145916,9.206085511440268,9.139603713655676,8.110554219119608,4.1494321280946425,1
8.771572794557397,8.27654136460248,8.626493658715809,2.905755776451132,5.788193728965215,3.2603452827784647,2
8.712551382598988,8.732968982449945,8.236231225843262,4.450643955047362,6.5457513059127415,4.329916962518782,2
8.528686176576265,8.76655997195258,8.794884348028024,2.173998032537077,7.2581903314744824,2.7563176282025617,2
9.883570412768915,9.840591439087634,9.594383158596608,3.706004931742103,8.798793805880983,2.1877092325704117,2
8.280506830271541,5.651063495666599,5.544190948721476,5.196578282788105,8.277851670941832,8.847651977642766,3
9.47857313067827,5.60132671613453,5.731522788324019,5.1861644044374104,9.657718558420598,9.281392052132631,3
9.37484136792619,3.8881853439639524,4.043996621049141,4.2702525266862565,9.516252369211053,9.07021948835809,3
8.835756784392094,7.974482642979692,8.401782395900003,3.2703090132012558,6.969655286778298,3.543779408380657,2
9.524337841481461,10.0,7.334931284651856,4.961090629854764,4.405512201368014,10.0,0
8.601711641967807,5.370497459763932,5.2177412482911985,5.41602173076584,9.278808115610754,8.90042336929396,3
9.465420480450822,10.0,8.243039325602856,4.864134572288796,4.706029462410825,9.745150668683532,0
10.0,5.137176487463395,5.293495525919439,4.768509204638931,9.730284181280732,9.157499456606827,3
9.925207020737787,10.0,9.005595151736085,2.904421271182469,3.155472815195475,10.0,0
10.0,5.720438477281561,5.992354232693256,6.00880913138668,10.0,9.492094707690585,3
7.950217053190699,8.694559997080852,5.853396643716764,5.488173824355542,5.5292656777177775,8.056150386960603,0
8.764510322086274,8.296677729481216,9.108511822490392,9.484023511236876,8.769410284177766,5.694179736211379,1
8.927912894523082,8.35387737362603,8.880766817164522,9.275318798600363,9.239380299567413,5.8538596394397295,1
8.819143387426847,7.012425528733591,8.25451658439368,8.747134741762167,8.321637263875418,4.875960682549642,1
9.267503625265576,6.520162266902104,9.193658069316996,9.737995286157886,9.140857523414862,5.023286375416533,1
9.288400757884755,6.834164008056972,9.304437347081835,9.864509462862639,8.730178739517944,3.272571062671555,1
9.995441955483667,7.801531542271363,10.0,9.915318719792028,10.0,5.011287892193446,1
10.0,9.856858265343067,6.830505096200796,3.9643549817726322,3.738375630853461,10.0,0
8.927405767213678,8.502826064678821,8.717479736695543,5.9735544306869475,7.788668568761312,5.827833713325021,2
8.766303182323425,5.614506844447184,4.933152046909504,5.823641921419949,8.413000618101194,8.727407813430988,3
8.99005833670611,7.364952539893279,9.084991475638724,8.846384566728295,8.928261205881,3.3236928242159696,1
9.31352076213934,6.846245784331898,9.3648772119055,9.881812137411185,9.42109463243469,4.32557855997238,1
8.163022978947135,5.132081767968143,6.02576359895661,5.176866095646713,8.484129406898266,8.786083258520897,3
9.483281891839022,7.155275531365869,9.561868668931732,10.0,9.198245574408528,6.4926072764329446,1
8.73614490031859,6.353829277463372,5.288610874346667,5.821644194625741,8.514321228306791,8.640024533240688,3
8.417990682288954,8.328721921038719,8.363200115326643,6.30688238838904,6.484274352753282,5.89212153537927,2
9.221394138160395,8.940162050004776,8.492847084461673,8.473022805531935,8.806478656086895,3.8281988863924554,1
7.797359506429443,8.285211580511861,7.984878314515981,3.36605901354156,8.113569339213733,3.7355956994229795,2
10.0,9.85007134972222,8.579135934294179,5.84159135794033,5.393777995372519,9.367686169735403,0
9.033485815170486,8.41181534529766,8.707522607838916,9.470609120851789,9.326570416787753,3.3092983364837276,1
8.317811410552347,8.277469319409668,7.854136756211185,8.265342100677788,7.975110071085541,5.430485368821725,1
9.314150592116135,7.188647528496038,9.193040889840605,9.523203015041771,9.62560747440998,4.790142802780449,1
9.371607735567611,6.635735923333876,9.26673379243622,9.468758589297048,9.433578060849559,4.547948801270264,1
9.293167576781622,8.713488709350072,9.617076229525425,4.312892592917433,7.198061480757653,3.6890538619015576,2
9.34728399207148,8.7617040344957,9.302735601677009,3.2308815687509043,5.914745633127382,4.451505811942167,2
10.0,5.717677868560907,9.301130042781221,10.0,9.787818636744433,6.286319849415516,1
8.401413069006809,7.87791881087514,8.662476296812741,4.063507668792379,5.950096709857845,4.177533096771237,2
7.927488839150835,7.94269928158162,8.791115370284652,9.157863671694635,8.958823099926686,3.3574737670644206,1
9.374653876569331,6.438724768898103,9.19730400157595,8.515825421412819,8.204574105369067,5.8347353826756025,1
8.473512976775112,4.169937833977506,3.8633026453870793,4.063330428620072,8.663611228588765,8.567972359347753,3
9.379995684059407,9.57938052152431,8.216020929071703,5.995297685012941,4.783132844343785,9.673586910732952,0
8.457950145751344,7.418021433157757,9.293347860375375,8.000104357021385,8.03470941664078,4.826668483735377,1
9.694687891972022,10.0,5.7754948871223,4.274541203693611,3.5236723244398007,9.590035705469981,0
9.21472010509551,8.518544328073855,6.426078863962078,5.733988635380121,4.929076195379054,9.165176597195082,0
9.493235421708123,9.083269928245041,8.702144059416094,5.154366432837231,5.188002150916851,9.562277972209545,0
9.479653521037218,6.348597397437569,8.806066487637262,9.075931683023164,9.378719663316504,6.326900472581981,1
8.568139168900965,9.085777627823472,8.060838385263065,5.675977768686359,7.15631644942535,5.3333311433846955,2
7.571410739812709,6.049988304928212,5.786892335804699,5.320086527191696,8.464264435612778,8.12387369738325,3
8.98951619738868,9.10811033922018,9.02720819456706,5.799347490995999,7.833873942487752,6.082485233215172,2
9.79280137017355,7.149517017087922,10.0,9.468595552268301,10.0,5.621272930311263,1
8.681387251187314,5.153833618727106,5.656519118693769,5.763474782630607,8.873248827352596,9.415684693732754,3
8.140334093222334,3.966932033881812,4.192960307798607,3.547735273220862,8.027830118003674,8.05681448844368,3
8.894198991682716,5.551455370008232,5.957515369848827,5.2728294769003865,9.074856317002642,9.454758729306553,3
8.988376497531355,9.040162860300212,8.421564691715243,4.725845064653624,6.936905110199621,4.831657773518222,2
8.382905287405542,8.620847689614871,8.38503929788659,4.65473697866924,5.213678319981764,7.9867353649105475,0
9.936498687682194,9.308845838584876,7.057876665006967,4.343229231234943,4.935017282001683,9.565925330342965,0
9.496880691956317,4.952600577493554,5.411314065626848,4.922648787966783,8.785964655094539,9.082792006245157,3
9.190475662985557,4.637819491044602,5.228164741539824,5.354354997392938,9.528421966631827,9.682974850487481,3
8.648313173876499,7.302338296308866,8.54118970436454,9.271856930186907,8.785879647322297,4.955285072837442,1
9.6296930917818,9.204992708955599,8.393587796823205,4.50204666394581,5.445498132982341,9.3819043475027,0
9.204047338582782,9.477045248185302,9.518521598059014,5.5590784741517645,5.776585276691086,5.034336667246041,2
8.161384226864458,5.126360205045381,5.953787645262863,4.603851011080725,9.995376462921007,8.892106300252959,3
9.442231128405437,4.861858583300407,4.580037443757345,4.744670095107632,9.568035024255227,10.0,3
8.66835627825057,5.988214705951158,5.605182205654689,5.138921213881321,9.890032893378315,9.7740422855648,3
8.871818789335272,5.2587963382594864,5.505742932734312,5.478072684246634,8.722773171967596,8.509593354469386,3
8.037815909522974,6.514940538790293,7.974690075161475,8.474295030607555,8.359611213626353,4.166889645747291,1
8.964285525856624,8.00068830672706,8.101950961935422,4.873276667846085,6.821733873284461,5.031991898596638,2
9.114863483106653,7.24287500010228,8.796627581379724,9.46737775284412,9.745598152638392,3.3652328959844526,1
8.026707437939864,5.899948902594107,5.532220871861528,5.6472779053946205,8.17646700515011,8.345431781453318,3
8.138111740190759,4.839527254435754,4.64035423003753,4.693236704704103,8.441122995779125,8.32572382952883,3
8.073918783939854,5.2446158229750175,4.1936191326214995,4.3319318190609595,8.264466219256397,8.296161760162338,3
8.435524027285922,8.602172185904974,8.487851410695136,5.687521952852286,5.1332154220902995,8.697877032572029,0
8.007355511653191,8.412871309773566,7.5382578437344865,5.038506615208673,4.720155665865266,7.601574255533803,0
8.191671754681089,7.5381997501889115,8.656874713026538,8.768588913199737,8.65192623536363,6.028276001514546,1
9.79437719269821,3.0779069757126623,3.915442091581168,3.7245072352038293,9.551457204863583,9.088672389428297,3
9.157216326154044,9.00042918851225,8.466943911498838,5.314527910541023,5.903985781053836,8.663864785469025,0
8.926845867414446,5.953257283286647,9.17500904731165,8.87789852887548,8.478790987052518,4.5883106970309795,1
8.303750649618502,8.670054824165073,8.158773382966475,4.870779861002767,8.055942453221759,5.34113532029917,2
10.0,4.4048976855772795,4.5459524595799055,4.862038675360065,9.662839483320093,8.84401699091675,3
8.672073178025736,8.445392492652942,9.184024038131797,8.10401634634467,9.20880453089388,5.384714683149287,1
7.772362282571049,4.918294832446318,4.696983891339149,5.3713276859384385,8.667848664112423,8.850936420415737,3
7.394611049922911,7.724628329610382,7.669316975483323,5.616464073079034,8.490237222167861,5.350165478790078,2
9.120230089612882,8.911819251673236,8.93780087274977,5.004118576235483,6.218178928570485,4.6434351727685,2
7.59953286457747,7.952106526369348,7.480157542852171,5.299600577886759,7.047450156708227,4.836560112397813,2
9.637334708460639,7.240696557871108,9.884647899087092,9.700686080959738,9.843684291840084,4.774819620533463,1
8.414314765701315,8.684329664464885,7.87109444941363,3.716205040683061,2.926352356457845,8.439595047101953,0
10.0,10.0,6.145037443311713,5.248246526186768,4.835873345172214,9.823031998098033,0
8.444473286434606,8.201652659496283,8.523926611784072,4.117720695711645,8.070621232200688,4.174815764568527,2
9.396485754457244,3.7003816624286423,3.8732330205599284,4.078130393339617,9.184720415629435,8.90617250030861,3
9.670523721384914,3.3150643181692283,3.2628810876621803,3.9462330034864976,9.465315544583625,9.983540970818009,3
8.546723054535775,5.107066170814236,4.02526483144133,3.967167518177754,7.8525068929366615,8.42639910232821,3
9.513808404353547,5.860010971937636,6.276705831824717,5.57181185231915,9.712473972132862,9.39911099626517,3
8.920200783313609,8.904880649767632,7.820986409849419,3.032298853963908,3.305353076184281,9.021034672622696,0
7.943573649331088,5.433307581544217,5.388917823785328,4.999011202843144,8.321366603798571,8.775483550662402,3
9.643581358262807,9.384343219470312,9.054220945076356,5.478469253698233,8.026463362921017,5.982906428237522,2
9.166541781988535,9.02848834002334,8.875481270642378,3.735054164250721,8.658140114994907,3.7342582569956537,2
9.779678576715648,3.784007183081349,3.5737791257355016,4.041614279053048,10.0,10.0,3
9.568645418494695,9.794914811680323,6.976178206193049,3.6344713999729414,3.1553521532884865,9.341174780851992,0
8.841069746557107,9.343678282650732,8.745184886524223,5.012381778277071,8.441775349485578,5.023417596650834,2
8.897109290540593,7.460400103557983,8.08983224269224,8.578188354319876,8.43667732846914,4.925995057388632,1
9.104983864955944,9.65775651329454,7.549302837645522,4.889819082531954,3.7697628372314065,9.545970111160159,0
9.865159757508112,7.9425991968012,9.696568600109599,10.0,9.593820774160827,4.143136450906293,1
9.64729617470759,9.70342805932453,5.846860123431974,4.414149497886717,4.2233527684107335,9.514025976789132,0
8.436060557131771,9.058929864897173,6.851826205620337,5.500012334490648,5.8526874205508,8.662362278847235,0
8.448505687401985,3.0878449188595147,3.215612733021855,3.683034427082167,8.68031342799769,8.768419686930635,3
9.372108062956778,9.328297089882405,6.237963866293731,4.9088376391305575,4.352193049311804,9.35400894023259,0
9.039683428148734,3.6545415053795955,3.4858809792069976,4.217113605009117,8.680037824366092,8.874327621724833,3
9.049830862173902,3.9133459977209606,3.365435855946537,3.5189780969758035,9.197468907444428,9.121179369469965,3
8.039799598250436,7.878291286187045,7.999780188206168,5.8609558381921705,7.380106881868519,5.277723746043418,2
9.817589801057776,7.885583666721294,9.889739457085966,8.856006378921993,9.976949485167575,4.4899092619258125,1
9.435632769449313,9.87191483629923,9.483873541186956,4.991439097077004,6.126476909047673,5.525659655096618,2
10.0,10.0,7.889339201936233,5.115045882689673,5.333890668853042,9.83404002524122,0
8.703981361438712,8.222340414217175,8.516723292110148,4.901155143656184,8.394283482473694,5.14473233631574,2
8.57928969037478,6.938063474927251,8.302648316162367,7.818200185540339,7.8676143019818,3.5935517488303996,1
8.896138116698676,5.096571974665762,5.8354980815639514,5.73367478277504,8.505213359505868,8.071954552042655,3
8.296457808436742,3.9934269921371333,3.320541853478321,3.929892244369722,8.249104558843243,8.860607199276949,3
8.723829463886725,8.201388083548354,8.498936019751218,7.960945508926264,8.181646676639577,5.12837679844589,1
9.672155091937281,9.355515764067853,9.043642217678554,4.923680647013994,7.690070150678599,4.341419167937952,2
8.047105071179047,7.341138844935199,8.228838711824901,7.842102586163121,7.831608777252973,3.274796428749284,1
9.286823718421534,2.76833420308727,3.669956495282933,3.952624300469421,10.0,9.71418429686709,3
8.269469850722778,7.290682424233859,8.607002812680793,7.896712294538288,8.611029938128691,3.9406367223002876,1
9.37833904983707,8.818948814683372,9.032722399534805,3.2221025487056076,6.390588012018928,3.7230548561696106,2
7.691638186787236,8.168423825695612,8.720800695107187,4.085345241501949,7.402119083388269,4.300008612566808,2
9.930391739678962,2.9690923143445147,3.1136036836047154,3.394776838213825,9.808208579823079,9.272182552513994,3
8.735851357146448,8.803087065790157,8.247267731484099,3.7750439103885594,7.52373217661032,3.6034676951278266,2
8.533138006329784,6.056570804131271,8.114171851230378,8.36083457054953,8.396594777201273,3.617605994709212,1
9.414794264553109,9.505259840544193,8.304424491844637,5.464315061240147,4.651836956874048,9.535982302426504,0
10.0,10.0,9.75376370942809,5.8156035982907754,6.3871483194703575,6.294894723325498,2
9.86982631680899,9.707655286529565,9.139937432911047,4.589827621983655,8.288231388622957,4.708074005617479,2
9.945436633695731,8.213858750416744,9.742833394588363,9.160143135704935,10.0,6.373994008335798,1
8.059945921624594,7.213588895664322,8.339901810102155,7.966679885250471,7.448524001255903,4.680308320761473,1
8.435689271926185,5.728743694829737,5.96905832584764,5.087080069828954,8.75094752501315,8.187896409435872,3
8.262123976247135,7.079314069018872,8.045334048016255,8.170919187740846,7.826269684647773,4.447325729801881,1
10.0,3.1643386657452277,3.29386397153754,3.534686052378298,10.0,9.07453969556234,3
7.993089448061529,8.210945505605501,7.936209004311456,5.7101988394515955,6.879446475836397,4.908541761966136,2
8.63363749423412,8.115792828030743,8.047924349578066,3.7392279925040923,3.909512807932733,7.947939397204194,0
9.483238566939512,9.805294280931244,6.037785675796673,4.207595525383353,3.5639968636586605,9.678613207133898,0
8.063571802103846,8.258093376851587,8.304570675405678,4.670819131342697,8.793404660199034,4.915410388816022,2
9.237785920519514,3.810125303368186,4.089271556783292,3.6934181576867546,8.907860687476978,9.335720991853915,3
8.156466305962292,8.638925029105145,7.782092355559206,5.863760464289448,8.657012299502183,6.263355595010184,2
8.347214762682635,8.348991776570445,8.372888756046082,3.2130855265254517,6.619402588263191,3.6595774994912373,2
8.826028242414953,8.505249024348798,8.145595089935506,3.427822215998371,7.730167787842373,3.4531050588671857,2
9.126292363419694,9.115734077812299,9.241602011663055,6.640553581646866,6.997296073550262,6.0513100383245115,2
9.140371611030622,4.993189909780212,5.033069487384613,4.478811578670029,9.214350745984843,8.503696544797391,3
9.375768185650704,8.51399590712081,9.0481410747465,9.414348790093614,7.987754739836303,3.1223824567837957,1
8.345072902947853,7.884206796314304,8.36040244920444,8.956685043481418,8.979480747326619,4.822144418430838,1
8.087895405562278,8.574261323302993,8.73255200409033,3.7671454655860397,8.319900128745724,3.887768176520216,2
9.204528642516701,7.124920138468223,9.381573339255082,10.0,9.768963301570146,5.085049082119631,1
8.215769259827308,8.28245926773082,7.487395382798015,4.8937231327200115,4.457390167190873,7.841856321210815,0
8.70131216889991,6.948138541041593,8.80565696708992,8.25019460275152,9.032862733472149,4.262177513626348,1
8.818171092327177,7.650659671374836,8.471300315649994,8.701635224254657,8.64882185157337,4.158891948505489,1
8.630973164886864,8.861716345338973,5.2160427145123185,5.183512893377473,4.923400897421165,8.244502583930911,0
9.447174949653606,7.736742635171347,9.646613529784402,9.688384957734245,9.422781334956468,5.431869727217614,1
8.986298244428196,9.577591490823608,9.376096617171598,4.222414994974533,6.090720016686806,3.5712755152927587,2
7.855016594197984,8.28397307096915,8.2207426359624,8.424117135164465,8.901504382441928,4.423330881545322,1
9.852512216296448,9.852458405055652,6.729764770995984,4.263604654678268,5.260536635085244,9.49962041103556,0
8.780322781275617,9.073754147595734,9.32128210155385,4.44589206032909,5.931694700550512,4.039076659059001,2
9.558732361763262,9.014934142629716,8.591856871744966,5.498305613502141,4.9384070646293186,9.72885067535944,0
8.695014862622877,9.343838323948331,9.339200766462909,7.14692761681546,8.440262844130228,6.411849708931521,2
7.642040501498676,8.37753734294225,8.551491829469315,3.791451484042632,6.474972474879207,4.215275999503795,2
7.755905255547041,7.868799062758315,8.059058882509902,8.187854265662944,8.177793686737347,3.5439725236252495,1
9.034335641185772,6.558068423209858,9.280549029822739,9.010891044913622,9.456982192007237,4.736687055343472,1
8.009316298949573,5.631482039378416,8.451924755423418,8.47058180803332,8.6982505380951,4.04314700471651,1
9.97035090711716,9.494086102641976,9.532225883079887,4.880019741552198,6.609221270436704,5.629404006920516,2
10.0,3.2449682909855198,3.44809570775846,3.290865950231999,9.541205276977935,10.0,3
9.909097633470067,3.8702041918499854,3.2609609087285323,3.1756048755165187,10.0,9.285344207902106,3
9.564127836270943,6.381023709424574,8.918973637050136,9.797083345656352,9.573107903993307,5.439366627750101,1
9.614779514563892,9.351488623960652,6.9278742568724505,3.9193992203169783,4.298112084470554,10.0,0
8.10987384717751,4.354341823330524,3.814391401403974,4.616920316482774,8.082727620939874,7.912843575932136,3
9.441039908919652,8.798266661674267,9.355880383399086,9.98081418540202,9.764222922750502,3.676078873649489,1
9.02895268395745,8.785244352556301,8.718215357228312,4.947468528025686,8.639738201330765,4.672811311000727,2
9.001433585472757,4.433980182942814,4.155648116630264,4.016785652461058,8.353399071801057,8.833700031235306,3
10.0,9.607849092940592,9.779714150656915,4.556679159615567,6.404874824159325,4.759567917706058,2
9.131654093940556,8.743504360845758,8.359182122495264,4.43092189472147,4.325636090381462,8.514278335990017,0
9.327643127278117,8.132963223545694,8.903272845324723,8.11390419630579,7.747172223060542,5.494158244902756,1
8.81755268513072,9.116675593553905,8.153640165723912,3.1547938583708466,3.4136385120346526,9.155551520614727,0
9.845279006306,5.638162781913009,5.286219233431217,5.03189948308167,9.998317234406928,9.331489454741337,3
8.640404677745753,7.99100619437996,9.332585059398367,8.909962487388976,8.88727602282154,4.689211736765663,1
9.348751460838137,8.509479756706172,9.07206146297374,9.4302009195878,9.508845232610065,3.894283991575738,1
9.33499758785867,8.2770775474676,10.0,9.156000913527212,9.285217794056033,6.1519043508313604,1
10.0,5.6753708279128485,5.253472994388101,5.666442596829268,9.367492041617933,9.382664144983133,3
8.664231564072256,8.572010805502124,6.9340819000135445,5.545670970696313,5.429677188423738,8.960932853887972,0
9.378121890851316,3.0506183257289097,3.53517520147074,3.1903729723269665,9.269516996746578,10.0,3
9.385573279265138,7.4142908009480895,9.453349678574037,9.311055555180031,8.676910624717387,3.2837156329970743,1
9.883191279562563,9.346594487745675,6.663549698152279,5.614925377433699,5.859798674275455,10.0,0
9.408124904352023,7.05869570677863,9.034771096538826,9.26780964849726,9.846174229613071,3.3529203245226604,1
9.585859770721704,4.264722175337903,4.121226845532016,4.969414399073232,9.174771406867322,8.959146357629779,3
9.142960086391914,9.474638714636452,6.323049855771617,4.96463416637316,5.478563564019942,8.904104207585643,0
8.265598733165403,8.107683223967976,8.10961918995083,5.38631461512824,6.179294509749408,4.551404776768417,2
9.17947999936266,8.263480307356092,8.443508232985717,4.809951766284951,7.995113496374797,4.857923702634985,2
8.765779642857172,8.722821712306695,8.220409587982166,3.90035205216082,6.018968707706535,3.2763855778483713,2
9.552743232959754,9.03387998066868,8.97584495591348,3.643814029446551,8.332340410913837,3.8921504079772995,2
9.18269247418972,2.7642742639942277,3.1145462488641145,2.7766725250416706,10.0,9.913963403096442,3
9.983527316156948,9.765588597042024,9.655535719590377,3.8966840282584028,6.726492152380867,4.395310293691626,2
9.543190260928585,8.299226623847373,9.749182059627858,9.367239170142284,9.060558220535913,4.8084153288103275,1
8.978383084825667,8.930730556981814,7.4493954784308904,3.441006643681637,3.095069648559073,8.236696194087518,0
9.428363004215084,10.0,7.267967150988008,3.157605512327563,3.1312591668390755,9.06520343396211,0
9.019885760675056,9.110274288959127,6.592167061765782,5.261463977080383,4.98197102083222,8.950023922126814,0
9.85571646085969,9.810086784975631,6.933205413668577,3.4788512350661045,4.453424786357574,9.544824119846293,0
8.558462522263833,9.824072033665242,7.446831556205429,6.118822423919137,5.575732730802392,8.918960485849919,0
8.986182651494486,9.180704302181782,8.653190989975956,4.552563894495501,7.952373754511224,4.743959347118662,2
8.431054691927525,8.59815144859596,6.5992510690847554,3.1276636115123644,3.749122915568597,8.956804268506424,0
8.719544667734548,2.9254213300588674,2.659740956883004,3.291242329873323,8.31073163062967,9.138411103701088,3
9.765044438269646,9.614153959744836,7.222312509800683,5.569032676433516,6.081513107669475,9.009716797893216,0
9.548057355281282,9.078177770504617,8.05625644540918,3.7985472691469333,3.834160225547615,8.67060557686659,0
8.870331017201059,2.7124349282283142,3.1767191353055746,3.6623021983815196,9.448555273886324,9.478105361387982,3
9.428178038941166,9.684231342556538,8.98615803010674,3.311178395346413,8.395753240192969,3.008988785053321,2
8.72110014438659,8.34529378775722,9.002375015149825,4.681995358869664,8.910773908111313,5.2482234287849865,2
9.829754092367711,9.040246352213611,9.272912331102006,3.2479309369710543,7.768824315035692,3.8638926930542223,2
8.760828006540274,8.923746668798058,6.347907316690634,3.947853417985339,3.5663536675735363,8.74461552565157,0
8.87004556774298,6.497723858953084,9.47338614598887,9.420249486260522,8.805412929498212,5.63602700444709,1
8.228258843591314,4.575245650976551,5.581676996307654,5.230811861656708,8.723249453733464,8.443682124116997,3
9.812435468727246,8.826878184242206,9.958175594429074,2.8332878384841202,7.583998324124115,2.9267307280339816,2
9.132010496133075,8.733727261257988,6.463105955285073,3.405622590758645,3.7031370624971824,8.517074553102121,0
9.542456201118963,9.831733247122763,9.94917827731014,3.6400018906276785,7.289366264383852,3.321213146786753,2
8.85020037081762,8.593816575861759,8.688168729123662,4.929048181570998,5.87718957820009,5.124383189356864,2
8.237182599031016,8.504808718872287,7.528606214691244,4.1327402850558945,4.2591171802280074,8.304292204688238,0
8.923110134497016,4.942237641681697,5.21746533424485,4.841800323018877,8.501620907576509,8.932229651922636,3
8.52638571742987,7.3289566844174825,8.767295159788,5.3352103768030235,6.222927970392569,4.509747397410064,2
9.565072925132549,8.964523677166364,9.075502069379223,2.952286082906757,8.28160511033291,3.4620801604824214,2
8.069129735531043,9.190700317917392,7.970857701657983,8.037139243404122,8.606416804146887,5.426912307489281,1
9.893362608686012,8.018626841687219,9.631578887866887,9.782988675133321,9.770679384775217,4.224883184322351,1
8.801627180343432,6.104984970726457,7.794853395522391,8.591998763500595,8.948864576135334,5.136744332167076,1
8.121429409023872,7.630721774123777,8.154487773939284,8.081853934538476,8.551785323466376,5.357770774044785,1
10.0,9.36168240723379,8.014218343882916,4.554075519499495,4.841296237307785,9.157706917736558,0
9.354885186135087,9.223177589279551,8.834583530585352,3.73906606668138,4.394576140307951,9.474034874928568,0
8.954012999625894,4.609825996184734,4.80524543742568,4.609622361366001,8.839506132121922,9.404603632067161,3
8.351247074841353,8.195375610505051,8.494980574756934,4.17771595043858,4.747307275025964,8.620530350339694,0
9.829369905306168,3.5400616289820004,3.5926669113064515,2.7493059775235986,9.628021278139041,9.600208959030759,3
8.940426052600115,4.331290561752508,5.203022886570641,5.574889349937618,8.447038426318358,9.214985123507464,3
9.840972700586137,4.313763538883328,3.659071034509496,4.340470209788368,10.0,9.135613669021412,3
8.652738991560222,5.023388356676293,8.180094077867523,8.955131469524504,7.808435935629166,3.7175994084653263,1
8.215017777800096,4.423295445807759,4.23124539927503,3.8824120566637053,7.259692360730811,7.355870325961557,3
9.09580984346231,9.448441540666114,6.611477776163977,4.337089719074998,4.770022690980046,8.950456407502557,0
10.0,9.869626255111003,10.0,5.903842378213699,6.377031972937913,5.422063951971667,2
8.727005389620238,5.090108704559116,4.944176546967998,4.911930566466419,8.790137022464748,8.85407454263608,3
10.0,9.96011077678282,8.402898013916063,5.825517969613624,4.807339038829644,9.65888158113933,0
9.81747064315557,9.678490721002026,7.665141935274263,5.441226751874028,4.820441693346436,9.9672763686683,0
10.0,6.249353815069422,6.0936831110498355,5.818558587867106,9.39149711791114,9.480643454358415,3
9.051371040037267,8.837100528488978,8.688556585904879,4.6062861394308765,6.335898819167933,5.50036899648398,2
8.497762275198278,8.210169217724744,8.111982108737086,8.947706540432495,7.685878955151442,4.285700330928506,1
8.723811525228694,8.741236398667999,7.45437234154159,4.091335349482027,4.288130962292086,9.058112786365454,0
9.359966769535804,7.704928208308298,9.241537949990445,9.67531540378736,9.294884230072327,5.9143001405282405,1
9.79668818646988,5.666858663781708,5.261223739928516,6.23372165127914,10.0,9.437908069921642,3
9.95930641097443,9.520247755960046,7.986870359245883,6.158972413856765,5.724325003950455,9.626233293730243,0
8.519424673849127,8.309362849379395,7.384388452123338,3.431157836291443,3.917838705120956,9.25660529248994,0
8.409927229651565,8.254576876948494,6.194520158990901,5.8936084278299194,5.210052892793584,7.991048598966187,0
8.224030700613925,5.679801263987053,5.228180992651045,5.615062292319242,8.5437002713576,7.635842848056059,3
10.0,9.636028326649473,6.828243500808947,3.9491115020285252,3.232130913645779,9.958302805457462,0
9.802376415236994,2.89324788848158,2.989675727186198,3.404921527710762,8.905494662410229,8.529433025284685,3
8.16884371702966,4.7553977734788315,4.222412411811099,4.219276976441716,7.6070987007385025,7.655961538645784,3
9.701867542245218,7.702451624349418,9.56451966270742,9.620862985249406,10.0,3.399194417957687,1
8.656956124317963,5.514034868751922,5.962919803219504,5.652519457970363,8.878107356896532,9.001711071915642,3
8.028741298455621,8.422920850987898,7.549466502858469,5.75615629756,7.147670883493301,5.01763327557916,2
8.610813217486973,8.513956489586736,9.426614750408872,3.7311868128378043,7.265211945314861,3.5771869010002253,2
8.52717982125265,6.582201203193099,8.802586701294556,8.848166722871067,9.177661323090462,5.312442211037661,1
9.364122142309649,6.008607232392668,5.419317759470923,5.808043158750521,8.730088555306303,9.414783394561205,3
9.869253413074205,6.22195244832639,9.809880219010081,9.862626696418753,9.590935250805469,3.6070581322251742,1
9.403785816414292,8.12977927392172,8.25456920003921,5.219482015326478,7.796693761856207,5.075330252041215,2
9.117164101096419,9.146388422659662,9.195437784764051,4.441071498844774,8.8510612647197,3.886646674797929,2
9.125956120935097,7.615499805976192,8.502099576205113,8.806371180064529,8.027613962103212,5.617563253688923,1
9.737250009548378,7.367749721942132,9.686031675610625,9.8224757311827,9.7903654886263,5.259457565401154,1
8.997811642571456,9.193604893129624,6.950945389596543,4.626555037516287,4.862843408565928,9.153760331004626,0
9.581135918106742,10.0,7.416549458145994,3.2981435069684952,3.2956687448958517,9.640921885188371,0
9.006712565761703,2.9565163535832966,3.722668926682911,3.3587300480869513,8.790342687126566,8.10816209308203,3
10.0,7.044001154292343,9.701678639609575,10.0,9.2753333196294,5.798227251531396,1
9.891371086515809,10.0,8.216498890715465,4.0823483398981875,3.4382091122351603,9.60989038368362,0
7.899049652116126,8.557378058298074,7.482590382531738,4.834570091061265,7.504335691096015,4.937693844061844,2
7.8671840050364965,8.723400301408757,8.217782491406847,5.601875170664231,6.463393269539501,8.12870342518481,0
8.138648668372314,5.531425228707183,5.803865393580791,4.939380366169939,8.983437117472405,8.17319325720103,3
9.846909869351567,9.554876269710286,7.638079007186442,3.453412398810836,3.2611152844476905,10.0,0
9.684777020444296,6.231474818377353,9.2569241253498,9.813691543388167,9.89306390354354,3.3889235362438748,1
8.050717029574153,8.625386347814064,7.620421488023804,3.742753379201787,8.294417540257474,3.3408430825166398,2
9.294384033516607,7.555905522411788,8.505552892129462,8.978997565604864,8.004946854096083,3.1391775221568574,1
9.430033812791544,8.969730469842684,8.057977436560659,4.203931410455339,6.536405586148406,4.583223537054131,2
8.816977800882132,7.290165581083316,9.118785809699919,8.66347121351197,9.387210378517821,4.060457484265521,1
8.267757927356307,8.121075325917303,8.438860929333613,5.066683231071642,5.155874878073982,7.653115208994338,0
9.545890147931708,9.378543703393955,9.372637707593977,4.106232059049744,7.989655047371784,3.7890857390233363,2
9.95078434915464,7.458681773962772,9.630362244568138,9.825999922431983,9.36080546711065,4.112994474800053,1
10.0,8.160096713551555,9.60481242010777,9.247919664711066,9.324986775158635,4.282397748677329,1
8.408714985486212,8.792906439515171,9.308563814931155,3.7164183841367158,7.369914650420587,3.1270194316376094,2
8.03885431224529,8.706624229089062,8.072948791823858,4.893709862642601,7.248988978941499,4.307626210000873,2
9.415033094415088,9.858744143996335,9.949006326752167,5.1495926096109965,6.645305151558038,5.216254536976595,2
9.858624822879346,10.0,8.402400700701454,3.147872951261866,3.64309495165697,9.758563094039605,0
8.477426468350872,4.092231502992024,4.206231514356041,4.648237798183298,9.056901266599569,8.959253289414457,3
7.965269301292317,3.2042136890431943,3.0985241080886134,3.269531410394267,8.860569952047852,8.557838154209508,3
10.0,8.824993766790472,9.032947041601092,3.1666377703313824,6.287520266115014,3.712071618053142,2
9.259652895546921,9.51921581735784,9.312398886805674,4.067821191984154,4.080072764542573,9.199627919469274,0
9.215379779482994,7.029688209699447,8.83318254795204,10.0,9.651024544025315,5.047775776375822,1
8.515586710915866,7.870464482046079,9.19540851996336,7.861283651208335,8.41869629851016,3.70889958828847,1
7.856172245815042,7.897158104887947,8.217817187837026,9.48886299921069,8.10589656916509,3.592855395996219,1
9.422229243964013,9.644858946876743,9.538801306923858,6.054103939394205,6.896015400754475,5.456374587273538,2
8.518591764460439,9.114886561028259,8.095546411645701,3.3218545822113335,3.401103862801419,9.647335868710933,0
9.886917093691395,9.836740296130444,9.98178235407402,4.010181147169618,7.783016016323981,4.192716709797824,2
10.0,4.4941531916578565,4.128682255507711,3.8717586893055462,9.861978249529773,10.0,3
9.058438012740078,8.64622294279381,6.54737725438881,6.037419366067258,6.010441846122858,8.339121059424835,0
7.706428240168902,8.581227510879435,8.332751266339011,3.8747768942202714,6.882174825428577,3.448088292213579,2
8.960457805903065,8.479371222568753,8.913350660241948,4.347671463379738,7.8837784433899145,4.677231103939778,2
9.31086103251864,6.184183157555963,9.995432327248606,9.300372173820406,9.612660522157217,4.187286161664694,1
9.118648372338896,3.660320219737108,3.7760350985370708,3.6679037083496784,9.468899988608797,9.49029711679302,3
9.218576102671399,8.62704628236832,9.78220214931609,4.700622846354353,7.03892834307508,4.321769965993128,2
8.401326886849619,8.444707095291665,6.684322537708968,2.888186089818149,2.937791171892818,8.240339806281117,0
8.464999023403088,8.430882675479285,6.343488126137081,3.576330812523324,3.9269073584014698,7.885404474018541,0
8.077305806667482,7.628831988936004,8.303884080321538,5.083028264767564,5.1504465548601885,8.278123343609037,0
8.912052339365827,10.0,9.726372649963421,3.856017960309722,7.607627716338157,4.308296328659718,2
7.422369956509924,8.0206827634433,8.141506975807697,5.259069521635643,6.421292267949105,5.167966516394978,2
10.0,7.297430815369676,9.233441313355662,9.728380380185603,9.71257501162285,3.877500112591566,1
8.39928328939347,8.448423976216212,8.163561859838934,4.5134107865929645,7.271142724067471,4.438809891068578,2
8.680710418178668,4.924823547941504,5.5424220602679695,5.092834811479709,9.400478732231846,8.507087211914994,3
8.86395538175084,8.83438756279102,8.297179158955759,4.21316980692728,5.269552750185022,8.2109343620222,0
9.436760865545404,7.660272400370085,9.02216631248667,9.301992155559752,9.262838659855776,3.6818478435987743,1
9.161052533153159,6.738553367835832,6.286108411489687,6.427405206765954,9.302867478800819,9.19777489304757,3
9.080493037298082,3.337107713442552,3.281100099232831,3.9451745201895703,9.55419119584518,9.694840658359672,3
8.365429660426969,2.9853479318205425,3.4442551294549526,4.130807730491254,8.783706183737918,8.338401373435373,3
8.32107845518711,8.507107976867575,9.037039123136173,9.026589066196422,8.214238521134654,3.2885994146402493,1
10.0,10.0,7.245017148067982,3.923279929248322,4.3221457038955515,9.64765305663898,0
8.067457258456168,8.983613104096504,8.205737081399581,8.678901708859872,8.20078523581587,5.481578856519427,1
9.462342077981468,9.749472400525963,7.375754282693795,4.816624553912813,5.266526164190548,9.448515168308472,0
8.175652369992735,8.879163150223253,8.169623489481753,8.335583272665955,8.24361137357221,3.555461187430229,1
7.61947140454667,4.774641080864112,4.624681752166415,5.577052640606053,7.844592395214193,7.659343975039741,3
8.249247593328228,4.690266135122459,4.945593829432645,5.2081764048628285,8.207447477725745,8.50762899212473,3
9.729916734524874,9.623994569302665,9.801934962767703,3.877072954259106,7.164412381965709,4.153092300574631,2
9.618380675935631,10.0,8.51538268287912,4.5329511729421625,5.083516274521747,10.0,0
9.618152242658084,5.248593587570459,4.640276695054077,4.414757506018951,9.816829908102703,9.671194480937169,3
10.0,9.36732654090717,9.998992506115597,5.737331352874019,5.846747726960238,5.474041315573247,2
9.901317942668827,7.5624114312119985,9.163131915406213,9.774693070964807,9.5149333442264,3.716926116853956,1
8.855547404238065,9.611202422858486,9.321913386944354,5.631384478220451,8.50705918352907,5.72966029509236,2
9.489534341781763,9.033533413861402,6.00445875503123,6.039817134912557,5.838548439438482,9.360836563913482,0
9.366811745934456,6.39250687967384,9.443532141774874,9.882953930144803,9.358763468740563,3.5267814488198153,1
8.153141449717491,7.806245279173053,8.407787267446947,3.2539893343208792,8.359845405354967,3.6709150560087607,2
8.935897607769288,6.381894055340257,8.940354015136858,8.347253821017091,8.638171467029458,3.0153535670698415,1
8.423880630402147,7.847416449934948,7.778270731705083,4.919294365625705,5.0822230916345,8.022647865199259,0
8.254286299304633,6.626441100775851,8.48365177890594,8.289506236622302,7.950334108763512,4.482933256650613,1
10.0,2.9492490694112945,3.028963806142101,2.75460318337816,9.914622989547938,9.846427474138059,3
8.85928879790831,4.026977312744256,4.213719806638348,4.155419619167075,9.75762676361393,9.260532135840194,3
8.667983079944335,4.400710978592045,3.8821955412654354,4.580978961810581,8.493590298833539,8.840371705785689,3
8.608171717874976,7.979499350493003,8.48514436930769,5.335732915280847,6.877842240390762,5.92522694749188,2
7.891376466174864,7.918151180500383,6.2872516187221805,3.453325159275101,3.9359140169613602,7.766963320542671,0
8.33189598927563,4.939757865611844,4.509440647330449,5.14969192994919,8.815587263128819,8.780263858518188,3
9.54824687746167,9.639120425705995,8.482929466965878,3.670308658563562,3.070673036669262,9.590290647455785,0
9.57796379202619,5.881099580822979,6.000339889710109,5.678714448262001,9.824344718349934,9.42185108137777,3
8.910488367446778,7.999284630216157,8.6492566107972,9.856111034784565,9.522900030663653,5.351345423490715,1
8.722346700401216,3.496997740499106,4.078793481042167,4.475892837929625,8.630842737483885,7.7249477073799415,3
9.861015835312667,3.1885861817070222,3.138987733286742,3.575399528491746,9.454893838285873,10.0,3
9.015479008826256,9.618596404568981,9.91211382699348,4.473238621280076,8.65332767384661,5.08842912969588,2
8.283892044228674,8.420886593213423,7.762053130241109,4.474118553106722,4.194269372036778,8.6272132945118,0
8.143022774949666,7.311944097194963,7.616145629141647,4.9109204341445825,4.79500044114591,7.334902388260522,0
8.070277089705213,6.160157650086616,7.953214689225981,7.633506436372219,8.800331098193077,3.874925974810318,1
8.694017452553318,7.965415447762187,8.906404049375329,8.92989869707635,8.361855932604556,6.0502010172314735,1
9.404196958417204,9.191201402600198,6.572257300087394,4.459273077608457,3.920491588500725,9.23065833992248,0
9.215859551968682,4.932523870244589,5.152485806940644,5.347509142167839,9.446977907552592,9.955078442300652,3
10.0,9.95391024011763,8.454271505662184,4.9668298737826,5.194205625904519,9.781576116449516,0
9.72556319764066,4.776416394200961,3.7592930947289185,4.954745210139036,9.327918743729603,9.705543429082669,3
8.962290782002924,4.721461311165987,4.31135944453838,4.6846352325302885,8.722285948902435,9.075053642688054,3
9.27616877670711,9.067288900572315,9.106877109598324,4.167338821975116,8.398785513596824,5.022847496948809,2
7.62774177080426,5.6717974378512634,8.747916865770662,8.410110642571329,8.287395208264773,4.668948727374807,1
8.549336200819933,9.088935813279964,8.104229072432767,8.829635994550221,9.032188183670144,5.486311028107087,1
9.049688898662902,6.41561950505609,9.332762889729917,9.66025570961118,9.033708715901094,2.824692678621343,1
10.0,8.352215091992907,9.81522577065713,10.0,10.0,4.187477051649269,1
8.7321702355514,3.678428120668885,4.1750764425502265,3.337521502419736,8.38810071104077,8.71496475220399,3
8.94068823935556,9.308031168852912,6.33610168105136,6.0569476856909,5.996473352101805,9.305007806302733,0
9.592007271828622,9.851730145041353,8.049849558058781,4.809448562690453,3.8643240831789383,9.526551161987973,0
9.720052112320817,4.145720096968291,3.4950218715338255,4.075944810985458,9.504650241008397,9.151801349631501,3
8.705200824628617,5.763738440073246,8.389756144874022,8.000425498038753,8.999896277062383,3.0322422686932065,1
10.0,6.574749991977079,9.910814600082642,9.743447675498217,8.909842478357746,4.671946960139048,1
8.523916317705917,4.208051250846458,4.634585840575562,4.749611967518421,9.25391110537013,9.244912356367918,3
9.95356910310744,10.0,6.761365244041788,5.041500492985583,5.430450685240103,9.463011461738265,0
9.608042876268236,7.306133666686676,9.375205509829225,9.30595640672253,9.369455733358754,5.47189261445496,1
9.262986051238713,3.1059970762519478,3.21364847693516,3.390642138190831,8.857056290136422,8.911993120803261,3
8.840134050628164,4.046811230731541,3.6711941577390563,3.847625908807217,9.317010961239037,9.074983056529195,3
8.888369613179973,8.705509553312991,8.903533265499378,5.251750361347259,7.129051729407596,5.999741420716115,2
9.66672232650828,10.0,10.0,4.433657312625361,6.692751306831421,4.41248024785078,2
9.739593232472815,9.15306367212044,8.877658427396375,3.1007566594580354,5.69671868314581,3.6903017564901903,2
8.994000009208484,5.7600400989132705,9.650741402559072,8.869773813550493,9.149263811124833,4.449685213742249,1
8.698416487688945,8.637742978088815,8.163934708357925,4.858863225406191,8.694620542950558,4.811089583040299,2
8.157343247462766,8.438922125963682,7.47159103801853,3.2714193733867787,2.929861230195768,8.405488584310346,0
9.003709507608722,8.915043363949675,8.31950126510998,4.971458584813782,7.824237118442918,4.876658677061128,2
8.37921904954815,9.017012485087339,8.681396740771648,5.540864779169877,8.881573180268255,5.622937321849127,2
8.7542406176855,3.68392806715779,3.62923751945713,4.553272655044539,9.512659964350279,9.072084124787098,3
7.82542548379156,7.853259493033814,7.709106621565969,8.291300781781255,7.930334434445475,5.24621490541015,1
8.997001019576494,10.0,9.495966354581377,5.696940812306538,7.230433127463749,5.789673405709708,2
8.581593329810522,5.368903419222423,4.74624473450832,5.236071297853044,8.584650440325072,9.535680690241108,3
9.210775205111917,9.39669878296415,8.004427535545842,5.765100363227922,5.98431631747521,8.387011014485173,0
9.266322061873243,4.817750740570471,3.5445382091675843,3.963580336974589,9.534995378346283,9.386587468393147,3
8.11480811617433,8.809304964395865,8.334067009398467,8.611883941804201,8.461777771532446,4.316734518114155,1
8.497704808772289,4.187471895479786,4.53308374112547,4.41111703537105,8.211449433446667,8.935265255172954,3
9.774728138088902,3.430836042660795,3.846973005706302,3.7096116144507882,10.0,9.585689841473163,3
8.5651458063479,9.690671086748543,7.757132295808082,8.718108868820506,8.995547269927167,3.530547771776491,1
8.299666487577515,6.78620584548464,8.663289344146643,8.169649508072066,8.682699764934444,2.958059468101081,1
9.375560135106868,8.743007648004243,9.954979844999892,9.841949907133861,9.555639518728789,6.5223796221928945,1
9.559463122978917,9.758099888988236,8.292939215239016,3.9562014342204783,4.128466473613113,9.034154670933534,0
9.28624051913774,7.59498302371531,7.989330153423033,9.243253519569636,8.803959813324962,4.823832976487599,1
9.29146970720125,9.06617830616694,8.930638754008216,4.809950043909986,7.956943349418576,4.35407717394584,2
8.499229985716745,8.499601762314967,8.45500915673832,4.042993260391199,6.928466931431795,3.7230878944891095,2
9.9638668316812,9.453534967156244,7.264838384417848,5.949347671439408,5.461696158201201,9.7457926190431,0
9.449882154145557,9.862916256543436,9.366882460984328,3.8564966760771666,6.518624784217975,4.20181632207452,2
10.0,3.843206596603921,3.923035990931517,3.5917499242053963,10.0,9.901677677209175,3
7.811313504174696,8.50609068617909,6.635372740720515,4.978497367378212,5.734956416662735,8.04544708464947,0
9.894815155404471,7.891736087299128,9.840635489106555,9.817352889034758,9.989198667648159,4.152562050733549,1
9.354081294531683,9.408299202759919,8.878090529457209,5.39343768350299,5.7107786256949655,9.580546027575528,0
9.2447537281566,9.444227700303296,7.4169092395481275,3.358361879145637,2.8160609165702306,8.872143764079365,0
8.119409915834487,8.084979801512809,8.44751132227101,4.536103642638265,7.178908593974012,4.905277775982846,2
9.184995638020649,7.891273653034041,9.082064790604937,8.768697716629324,9.276621293961474,3.1149217658639974,1
9.017674586139607,9.460833763007406,8.947259199959461,4.463724260946644,6.4412190661232716,4.883202624679275,2
9.545458109260583,7.891230051226547,9.155017841619662,9.162377442353964,9.7228477769251,3.740327254850092,1
8.428433125968468,8.163352108326933,6.126989994383137,4.287695345967633,4.545546146040483,8.63791362215855,0
9.790113705963465,7.2608919620134005,9.14862937900196,9.483586100037893,8.618065581376975,5.323004892439692,1
8.104286202056448,9.519948300606828,9.584500886292341,5.314248464854948,6.992210313493327,4.551213756304328,2
9.36358770808874,4.159128222632129,4.477533038770162,4.03694686540834,8.986381715817453,8.735416476529734,3
9.333599244037886,8.558434519900278,9.214894733892988,3.7089642697109912,4.152722184062093,9.058629425608927,0
9.488415981487723,5.462809002612767,4.924073018952937,6.159009758541381,9.298415049589185,9.998940973314497,3
8.904122631862114,6.896102430546348,8.309474889673872,8.381864926807694,8.218857125343174,5.115972879825314,1
8.680429588513212,6.368499932253893,8.544482097110588,8.759909117004419,8.079555569752827,3.9772037752655227,1
10.0,9.839211067150254,8.766462241248693,4.309102136799092,3.6791230757523494,9.580078914204446,0
9.04777319509813,5.106304769448594,5.580023317002363,5.608673239530578,9.780854181915286,9.987548370656722,3
8.579348328994977,8.694683728986902,6.316333085797465,3.423331466982314,3.615734674883967,9.15350231537603,0
9.319816721244873,8.92401169843198,8.260597213285068,5.461261275474246,7.066384562956969,5.358803979220232,2
8.76743898506124,8.300312379689679,8.66477822109473,5.618681511050156,5.591323802754872,9.296951269743799,0
8.430227198005813,8.304910905353847,7.1046845367599225,5.6061721293114575,4.781718694636551,8.008403450621831,0
8.768307295248812,5.668164027460566,5.618024308291146,6.147174697489136,8.677332936864065,7.920558002119113,3
8.459173863863597,7.791751848922188,8.15395411211421,7.550610090561934,8.748395199555668,4.750236507213644,1
8.218966974090025,8.623079611153669,8.869585523092432,8.868565484251516,9.704057321051337,5.540774994909204,1
9.161638544593014,8.609481983011129,6.0376555640937815,3.9793550224703433,3.3196210993029784,8.892074422582995,0
8.918960933678157,9.727215246239155,9.473932428629526,4.760154262570164,8.87098822900651,5.770437837200437,2
9.886763258932774,9.567862581656613,8.904946939724379,3.9087427158407224,7.201912814083057,2.919125957740686,2
8.71891940026631,5.88147805216389,8.664759082647665,8.872374784416722,9.09238800001011,4.997569541080005,1
9.279188358088374,3.691489361302337,3.1836388591610483,3.35328338803992,9.622430270409149,9.975980179805935,3
10.0,7.458780922600707,10.0,9.811335645603736,10.0,4.907416189725632,1
8.947396792207574,8.450202116086455,6.652767522871406,4.635709649251474,5.34173234985567,9.249348921974828,0
9.115198266854328,9.259718788676299,9.187149488561278,5.045195102091858,7.695774834809305,5.139340169224452,2
7.840968356408286,5.486586607838455,4.698146425656892,4.359645620583786,7.825036172184386,7.871890533829455,3
8.64707166291197,7.049617971923324,8.921576443081523,8.905769442370037,8.903061625527492,5.067789343289801,1
10.0,6.524487434487798,10.0,9.878971354100813,9.556412074109952,3.5926982249130366,1
9.234163144601625,7.8729356315100425,8.861481151741174,9.794968386621452,9.403657858027422,4.059993026150289,1
9.047250081587924,6.856707895016503,8.600062708311803,8.828055113038861,8.481561554884523,4.570546182517358,1
9.565079216282003,9.092666734687606,8.024010942588612,5.789396179323174,6.142492774302701,9.021892638298395,0
9.12371538463664,9.19301908404708,9.173326604607713,3.3850616174987214,6.396270485671402,3.0783869779092408,2
9.685138689098576,7.967800535497895,10.0,9.523045300320938,9.946975582702127,3.7070027535120094,1
8.838743713295802,6.791941291979951,10.0,8.995970054013464,9.389251943986133,5.487075685686616,1
9.017957456214582,4.590898664312789,5.5207556307075665,5.412028850440943,8.866866932492412,8.812287500028429,3
9.19544605252371,7.558689462138266,8.638345567989752,9.39983562996846,9.772258280347591,3.2438620151539177,1
8.621070638165195,8.658979827057577,9.380940084946884,9.059502308827371,8.371698334594651,6.146572102157385,1
9.032744966000296,7.979743117004243,8.243944475839687,8.423596930085498,8.250106345833547,3.729515850915343,1
8.160987776432972,8.880105723550663,8.154809563602386,4.541216611508189,6.985374726778169,4.443350690207272,2
9.570216404782903,7.654496298522229,10.0,9.47193994317184,10.0,6.14875664984085,1
8.296033118844617,8.666106683910833,6.4219200922243225,3.2913025559098688,2.8819250456152057,8.751344816294257,0
9.467503169884692,6.281628821070198,9.302638646060107,9.470913361368185,9.109559849715758,3.9429725057617144,1
8.385817232002063,9.145080990206006,8.728898536762106,5.366378437865531,7.200652978580716,5.512431477206672,2
8.821645356086762,7.736112472813834,9.001971242357293,8.49819396253091,9.015468087015163,4.648396428237475,1
9.865956387183173,10.0,8.294733749875052,3.735237965720678,3.2291010253222456,10.0,0
8.975752925510221,7.867423700055125,8.21099177577889,4.163498933899568,7.1854109279982445,4.770452711587588,2
8.803561951883516,3.962122657107959,3.4061759502903803,3.162336024097449,8.135920453706088,8.42815042435474,3
7.8899396567264235,6.396603216712636,5.581228846514734,6.3369598898362405,8.886755233299716,8.228351320465881,3
9.14635522323195,8.952109068452161,8.822388454429413,9.277787146253784,10.0,6.140145764791728,1
9.014450464863263,3.942339172926328,3.8770342358203846,3.4085368981098405,8.443465089850205,8.779490882302735,3
8.602065340836807,8.47578796613068,8.85529366183273,3.83880356765865,3.784986782992972,8.273665845125251,0
10.0,6.600832553998656,8.92204809778611,9.213633306481892,9.502488984318697,4.8310958436918705,1
8.970346124788673,5.434789389223467,5.861433220419416,6.029831231530899,8.873120627453831,9.134822552219498,3
8.739271642621166,8.88652653019171,8.551110559129588,4.5256526445017355,6.522498001465933,4.075065677541473,2
8.122849124526791,8.219627585500213,8.334675478790615,8.220523060697133,8.740448854556975,4.996969221147731,1
8.580743452454557,7.623822119723678,9.34745613867665,8.656783090628908,9.108606002584297,4.154865000415245,1
10.0,8.45841510252168,9.322680398744001,10.0,9.295916475247722,3.199606203171359,1
8.29570724550185,7.696385101816107,7.078239617376572,4.902491417855853,5.878042932546066,8.891382137413348,0
8.804041252423042,9.695105108848043,8.782582300377788,5.261478398885727,6.959875702026111,5.454057590428452,2
8.48048366142871,5.330588861336723,5.976374063933754,6.304594857506142,8.418638416256723,8.483648622940997,3
8.86385929512423,8.899345459436471,6.741443411233851,4.1182641668853135,4.172366900657975,8.999828826639533,0
8.387078137948562,6.623529054468952,8.756393807299954,8.561677978937912,8.616910721733511,4.004271004318436,1
9.511091703125947,9.07574959723631,8.961430700796312,3.5825885155462505,7.607348569867174,4.28440435073776,2
9.165469820616408,8.72047506413582,8.924679653280545,5.261190526177525,6.742715071545585,5.418913656889998,2
9.356948190088564,7.922813202968335,9.29041934402737,9.350259435043554,10.0,3.412739660921366,1
8.79469384121458,9.206788219753276,7.433999046867462,5.525001949891414,5.219899190925584,9.305245217752894,0
9.454544457720216,9.401471398855891,7.490563950875865,3.142078069526331,3.5383933653373445,9.6188818190848,0
9.702736899071775,8.977670869526278,9.543760184761537,3.63937914619304,7.538532182200671,3.981885681129396,2
10.0,9.63653767807092,7.226887276245266,5.4517380449964765,5.091778382888585,9.150288081804444,0
9.9862806731457,9.459758555875464,8.772192497732823,5.383604353880623,5.541216274831602,9.676551650845829,0
9.175305378490634,7.323175473977295,8.746562157218413,9.875363091067218,8.996632271402873,4.810545005089655,1
10.0,10.0,7.7924946115860765,3.739423235514629,3.065672570066047,10.0,0
9.282529461707158,9.99293627591987,8.154737578573865,3.221933952290822,2.9934954349675498,9.431320314172506,0
8.819006534462451,8.028226442168712,7.2413089546451035,3.3487463011220027,3.7484560067121495,8.501597257114371,0
9.77192334087027,4.980913796265774,5.397284100121416,4.947293854521888,10.0,10.0,3
9.840656767213202,8.785823498055938,9.128230199854373,9.675451585566176,8.839088971125664,4.449417590086997,1
10.0,6.728597929711134,9.67456971553252,9.649245841205753,9.731819252061968,3.7556661239903395,1
9.366490497271569,7.743034373785455,10.0,10.0,9.870453202733286,4.583631366947313,1
8.713672307998028,8.910735558548643,6.663687850504943,3.3625891691832708,3.8226730639609894,9.026696150560692,0
9.576115622030708,6.9085754096440395,9.388523996886493,9.112261859028584,9.013281209416734,3.026674431133403,1
8.953573860286314,8.425842771013642,9.451895222227112,9.968029867378597,9.270260625153067,2.8137690531511095,1
8.594972875583847,4.704231701046209,4.490193970900046,4.4383053702809425,8.91289032941606,8.882449100263793,3
8.403545243807551,8.805836361377882,7.9624432615619245,3.411797928628826,6.173260774205517,3.4891193936025724,2
8.035943917839615,8.42181405792732,7.849102154806828,4.452616456460107,7.71335034181381,4.091819052705542,2
9.804172663342719,9.608449970681532,9.550707768772961,3.86001856200412,7.473618859779789,4.403898401160555,2
7.405155191817184,8.388243419946239,8.839769085266092,8.23006953588055,7.83173753452341,3.477310783950812,1
8.497297106466222,6.862991895878407,9.008420811558635,8.635215904312373,9.262921334860716,3.836004492868559,1
7.682593780115648,8.054966966118387,8.02275546664646,3.161093410168043,7.527635187072282,2.7711174663718756,2
9.754908496995581,10.0,7.987112479406264,6.344845707188363,5.703834261391594,9.89949880272046,0
8.467825501912463,8.412064284816754,8.6285664635127,5.999994555227502,5.9838620172147285,8.591003749786324,0
8.489656263019599,8.670132846429354,8.78132229546828,9.458485835166012,9.408468736928517,5.523034023786574,1
8.89859407670801,7.274668658737529,7.992252623864979,8.611461322414296,8.762137446807944,3.131009116962103,1
8.360075806218099,8.855129187864126,8.532845217276124,5.286181687459212,9.00627172227124,4.884248151767149,2
8.903698422630491,7.846618305517875,8.542928279138556,8.841842001481455,9.213023604443816,3.6504361835570265,1
9.001113650487618,8.440746591307786,8.343578723148353,2.936702501334331,7.966868498930516,3.819168755328194,2
8.52792676841492,4.671759518331947,4.274494884705829,5.161982093344144,7.939283978276316,8.464757779391709,3
7.705160638356385,8.644978014196411,8.074491441353102,8.146985532043866,8.011751649927533,5.577213405068254,1
9.6784740687264,7.64753201699669,9.386771333963408,9.82662132803957,9.6515262825426,3.419040262735252,1
9.239870195569784,9.590606354224052,9.501271032637705,5.053476361973321,7.59439509493605,5.023128684270111,2
9.350774480783894,10.0,9.877033994333736,4.714275646986414,6.707779237137279,4.053384027755542,2
8.51402834510585,8.578229266821754,8.760235403626579,6.237499188085253,7.545365664314318,6.086906263357574,2
7.777915401759468,8.029368044561327,8.379513043826629,4.4554390381335915,6.473771207920311,4.678265338475476,2
9.43775173905086,2.7970482343607976,3.3418873567047522,3.1980707999270845,8.630830943841403,8.774581482443793,3
10.0,5.15482790504668,5.345739314347461,5.129095874874546,10.0,10.0,3
9.52358993375388,7.463217924906826,9.781145189883786,9.343462866733304,8.816944809328248,4.8021800037164155,1
8.315923498422976,8.355928398525743,8.529915262808101,3.3680719649987507,7.5568573270842805,3.386465596936602,2
7.465704618524342,5.764917226451523,5.6205619546247965,5.503837471560911,8.417514134516354,8.229967984829539,3
9.334723084469095,9.187047185441095,8.845372995846292,4.816069923757845,6.499765659643457,5.351136623974099,2
7.855156732619217,7.177137185827092,7.986358264358652,8.434390624927886,8.403854140605139,3.976638171361818,1
8.722882162167572,5.794253116826994,5.791872294518413,5.429521820936069,9.350821265050584,8.228322788308414,3
10.0,6.308112835061457,10.0,9.525223136537699,9.786623011271427,5.355868138769419,1
9.739836125387189,5.540605515432635,4.758914852815227,4.49030787085856,9.13578143824762,9.10456895839767,3
10.0,4.941766900608431,4.884869560845227,4.489123515243499,10.0,9.769751784224072,3
8.00046728765466,8.455556656602484,8.291102498451966,2.8960691559860843,6.36108919599583,3.391849643129702,2
9.34729141685643,9.610567282456948,6.970976075204904,3.809692197152375,4.49424122415061,8.960134786582621,0
9.508926241084199,4.17691604343443,3.63284706110686,4.170086394701667,9.680471274557437,9.346913801561664,3
9.741226199030276,9.123856371559773,7.236220700692243,3.039735948291762,3.3133001930042867,9.136223876936727,0
8.639847791737635,8.688160352199558,6.680242630412775,4.0074996182561,3.9478442678003542,8.44743492675569,0
9.030221790767955,7.05901512656605,9.430631914978681,9.35736584932934,9.124487928240772,5.24662446844231,1
8.405809496961478,6.454633830235126,7.9701795864282765,8.275195500934954,8.681781230943958,4.711440265122569,1
10.0,9.744424081334978,7.395179507955228,2.790129520737416,2.5322100398600838,10.0,0
9.324434241529845,4.190497564051393,4.627705989351005,4.015714645508065,9.570096149792805,10.0,3
7.8631377034680625,6.32500515620571,8.529032064340381,8.200022673822884,8.32100716124539,3.6713782152140193,1
9.132058704970122,9.376549755292695,8.360952803389658,5.157232956821655,5.880474734943297,4.426622140097045,2
8.757674298206624,9.487505082633476,9.777888771051682,3.150173541037507,7.763203547319335,2.017900857125438,2
9.378798079072192,8.694243952455766,7.854604681392609,5.441799278590441,6.479896741276242,8.792923735769868,0
9.70328714531388,7.173093941667146,10.0,9.809079221349513,9.876817832223251,5.6977199652593145,1
9.679132007409734,4.4003381609276415,4.954131237592648,4.55528195985374,9.00861578319364,8.680804972304333,3
10.0,6.973683912190835,10.0,9.899727743983622,9.684702884064961,5.4814959148180895,1
8.570280786862142,9.6733215281769,8.490382790225983,3.587347360537442,2.9835319840917367,9.486286262460473,0
10.0,6.442608537347456,10.0,9.052224481960074,10.0,5.397895518595408,1
9.69375366956254,9.627774502224037,7.9254496147869435,3.841341081350895,3.5797935196156208,9.355853980686607,0
9.215898805878242,6.408620247300315,6.025356677140338,5.558466197948818,9.940138268666969,9.030585801766241,3
8.054733364354451,8.335263889550006,8.965457107430389,3.856491851809771,8.658319479231263,3.5581063783045273,2
8.764346315662348,8.433389762242971,8.901369171969117,5.98574964658686,7.236436850849173,5.605381663931217,2
9.521482284439795,9.293570751483454,9.35099745233089,4.780320566246902,8.661745949583224,4.737474350016541,2
8.999692242625336,8.798707732424223,9.328052776270232,4.221956178532828,6.867732143657938,4.074471103306217,2
8.659560465279226,9.516677382564245,7.623571438112567,3.9247624448818894,3.398510644796971,9.23704027618889,0
9.101261471005385,9.026451618178962,6.086306957067028,4.441605003242969,4.738951409908319,9.370180833336507,0
9.426644402207675,8.97957244709739,8.918880353203317,3.5405684002093656,6.702589072373397,3.6097463755003787,2
7.799208883834359,7.975651464332451,7.544882741790371,4.0532037184245,4.736702570648913,8.636608162768168,0
8.768373850565627,8.305694890854936,9.064216792343629,8.177764609292684,8.761761766500419,5.394884330273947,1
9.044729386731703,3.239163894756934,2.900950887781643,3.6575019855014475,9.498366255846005,9.696221021664723,3
9.750586583018912,5.226336519000775,5.498930365433411,5.7950844780329644,10.0,9.858372488620757,3
9.174489118129468,9.507086443465116,9.45595362220057,5.114619532780316,8.133641709476624,5.109870952022004,2
9.832444890012097,5.1846017428744915,5.316271843391604,5.168787337529334,10.0,9.628646489765885,3
8.548487313753016,8.38054626869349,6.935400959183201,4.505027611261167,5.042292605403732,8.11513897164351,0
9.648537368812509,3.1885416526360366,3.8618170132492247,4.005186377037062,9.709664088511383,8.897482899377625,3
8.416966466052358,8.112542789186028,7.958161481111571,3.9067534747625703,3.9786717423032236,7.605376483359677,0
8.368471896057018,3.7454215868869425,3.385144892315871,2.948823110040168,9.039965056332914,8.91941468533791,3
9.245096720335827,3.70698757186875,3.3358968121311623,3.204283994884549,9.127795085542026,9.642091468097544,3
9.632824095407528,10.0,8.362613536206794,3.0170194221772055,3.45003038597693,9.94389110368476,0
8.142404025456509,7.841017562878132,8.629216300133477,4.3873433646688795,5.477908102647346,7.580772553587645,0
10.0,4.6307999488045,5.004029302545603,5.424630438631381,9.550045221983991,10.0,3
8.914678429889367,9.056311885901913,8.540866010702219,3.9073947303941443,8.25998978671663,3.7588852907142614,2
9.748761314640982,9.268876622611703,9.706914770777969,5.764521298513522,7.75911387745926,5.719853508177346,2
9.68856978754556,5.756570336167257,9.23829027793468,9.480692134328386,9.128780722718705,5.40399034243101,1
8.009832972031996,8.362329392361065,7.044978041562823,5.03399514222564,5.028223179130811,8.302944463980229,0
8.51218773060734,6.868474823911676,7.607558005280126,8.13840300509302,8.695049056017734,4.341116835669741,1
8.561568375502498,4.764717822129208,5.1821380093606955,4.857641346325947,8.164576726347356,9.035225977425059,3
8.546218882552,8.323341692953658,7.217608565288597,5.698948151716838,6.173530005424776,8.036218119685572,0
9.637869691191629,9.632119748126879,8.62903105588543,4.483543056372329,4.472767443410249,9.775331665163636,0
9.41648619419611,9.46208914815712,9.616972840385216,6.230023770345809,8.34371206470134,5.466666239234976,2
8.032339664304438,8.230373211520742,8.255048887553198,8.749024943513067,8.133807088013862,3.488985124242845,1
8.393225552293057,9.329958081286842,9.310528873312274,2.6144363489560716,8.02390974272237,2.882948596164498,2
8.576674108147966,4.994846230804657,5.040181355614442,5.578932861155314,8.45594574790246,9.003986999730714,3
9.667497225118586,8.19259011435619,10.0,9.656319642811706,9.159935097452342,3.8181253164365105,1
9.823748503547613,9.844994418111064,6.904370189904873,6.086184711026499,5.218745977745856,9.361040049507361,0
8.796416308200971,9.050013887467964,9.290637895949322,5.118337948417222,8.270251633621072,5.641704854641332,2
9.28644711597761,7.085988050320619,8.92100182704747,9.01129487934169,9.64875630674129,5.115095469065645,1
9.33585171554145,5.609754001882427,6.096634364919626,5.437302359149696,9.783059499081245,9.049269733309114,3
9.37363288116456,7.284167606484977,9.098540763006106,8.789544420623118,9.122144494849527,3.5729347262297315,1
8.051466389408338,5.642602727436621,5.098831860313783,5.60632842819877,8.811277351760506,7.984533195040952,3
9.767311057817592,5.963352842359823,9.311548409844526,9.298255749848787,9.628713138319805,3.5001021895271274,1
8.689801119234486,6.856471248213747,9.203722569281881,8.359044043685069,8.963950873481435,6.458072276185997,1
9.29132752260438,8.130769954396273,9.405466518605513,9.160255820319424,9.127710583377429,5.205194056396208,1
7.894509024124788,8.050528279634369,8.48037533038795,3.678365412547556,7.3064727052643965,3.9806774671279928,2
8.871555673152642,9.62789849325939,7.5108156172764176,4.639012329507555,4.0216950292103535,9.034866725843125,0
9.52951614854977,2.9697210816854556,2.845332335992476,3.7045831594247085,10.0,9.388803170882069,3
8.338530480243808,8.78328247069295,8.622979494237283,4.022057439241856,7.474732096967433,3.9543321435189513,2
7.864547412044084,7.877004678406379,8.344034508132548,4.818746241066013,7.243126187875476,4.321283239428343,2
9.251377491791862,6.8641513960985785,9.27015499648796,8.869873403074118,8.767874049762092,3.1848260486198017,1
9.546145745651602,3.7054370950758195,4.185095002562391,3.5740042339952223,9.21094115405434,9.828751843627181,3
7.754652910657942,8.367568260931534,7.460782931246627,2.9586047366405874,3.236289850813848,9.113004532477605,0
9.442610335391926,8.261097572614092,9.280878919012373,8.857045295591401,9.164042624195647,2.9246481697436555,1
8.62617758987171,8.685534027275425,8.703561632249455,5.474587255019024,6.322722699865611,5.39564890996957,2
8.383416936806256,7.756421110098562,9.000040343402855,5.389270185551442,5.902955205258867,5.278028170875318,2
8.978978603659492,8.710695119989198,8.462029742373016,3.3306480124394273,4.008409501139447,8.868398871060366,0
7.662582528812521,5.569692241610849,5.618896231654673,6.047334123337501,8.007028546222804,8.355789996279478,3
9.293004988437778,3.81201707241508,3.6810076048136113,3.5061791273476772,9.033400822669144,8.846733729376787,3
9.335531672775913,8.02779481813962,8.69820568005145,9.01498319475997,8.829276154546852,4.537390075211819,1
9.134843699919545,9.564674911163824,7.619742954541758,3.6343626253868337,5.018900690811925,9.146737238328477,0
8.13208632567234,7.9290943466998725,8.026875982385587,4.68825179650867,7.428095624161701,4.989734655522512,2
9.84242134004557,6.036580520676995,8.960310065887018,8.720219325428141,9.372956672859859,3.7353448039713935,1
9.393319181761813,9.271476701572583,8.350388610685133,4.76285676219655,4.501112278413131,9.427019461828676,0
9.356347999770952,8.345330185101556,9.208038953347046,4.0003961734745195,6.1163088422935346,3.984786480720897,2
9.784678524972238,7.414796143335393,9.222404916253938,8.629161321556284,8.650022644010091,4.073176546926412,1
8.606087471501867,8.272363252007287,6.864943337403799,4.190636946903957,4.098941137453323,7.909700091969722,0
8.95350817986829,8.962969180871601,9.544447931132833,3.7335382331665805,7.492219127361503,3.618644885357004,2
8.928667538166675,8.899724612570335,9.075149629894748,4.075037188647357,8.687300486654937,4.386015575055253,2
7.4611383608671495,7.7786455723946215,7.319621473410247,4.757442449544897,4.921866355472387,8.135378669752818,0
10.0,6.29857079581385,5.959332620679161,5.742514831458195,8.835958286064209,9.10265436904623,3
8.60391680109171,8.886105110812993,8.345546218688805,4.918012709400346,7.546407284375351,4.168838698755118,2
8.879184141034091,8.970554229586256,8.525023229755364,4.736624043633816,9.136021067759593,3.698249791854408,2
9.062467330559343,6.935172275145722,8.1922260384714,8.824931765848588,8.025359293476779,4.936140368721296,1
8.317064323640237,6.414139284110828,8.261187015486092,9.621662663718451,8.849628570496497,5.761677260782852,1
8.200123121470876,8.028424029362192,8.133735729901906,7.4160988049166345,7.999848837737391,3.3821967104736115,1
9.774009287435575,9.142640253263124,6.911683242662715,3.8034467047344576,3.671876393772785,9.237739717744473,0
9.893609933867076,8.913268684197394,6.293814548418228,4.2408469113971385,4.126982722137077,9.217895188890529,0
9.276486800509888,9.045953334252754,7.10094207853104,5.561511724537343,5.4151898926720845,9.822623356486766,0
10.0,9.756060319551592,9.22852860173815,5.159911618113937,8.599656742035844,5.237798850811217,2
8.057952979026535,8.353119815583144,8.170535282852542,8.50651580829802,8.500728953092842,3.7416144447088513,1
8.26087939198686,4.915016525281454,4.236257190188105,5.161171264395936,8.689557920666955,8.1163054808698,3
9.04419619835113,8.429041779883446,8.39548306263732,3.709892340766104,3.862030896508872,8.976264156691217,0
10.0,4.651398492641823,5.797214557171746,5.467179805098164,10.0,9.467186115614247,3
8.52654036086365,8.0260263215488,8.881287594721993,3.847673193049266,8.091870878558824,4.203935228217458,2
8.219377331464226,7.755644031273607,8.459159924398268,5.337237437100331,6.533401784281059,5.256476514896484,2
8.081647211603775,5.88136496521101,5.999010547913091,6.398351018422847,7.881158891984589,8.17125586235623,3
8.301473996976428,7.542083777430882,8.446640189706983,9.434939762337779,8.300428166459028,5.195227720427157,1
8.041658594588103,6.014923740346843,8.328985668862659,9.037117539140985,8.88752375711377,3.0667476765256936,1
10.0,5.759083247396084,5.313980819567328,4.952497438707402,10.0,10.0,3
8.846449329765411,8.061196905095915,9.271526183423711,9.37145690815861,9.45716116624929,3.5937017952082133,1
8.987691858646675,9.201205548026369,8.424022275367722,3.9462009568939065,4.325914529009124,9.304924953377714,0
8.271190524215546,7.931518296411298,6.415990845911394,4.799492828078144,4.769656750290626,7.464183084053844,0
8.563300259030656,8.80116800398115,7.874684725947025,4.155735550749597,7.228145410904625,3.7715814606816784,2
9.149005030586638,8.834771356177452,9.194073111834575,5.222171316207734,6.173433872478046,5.488096381048367,2
8.456503932521603,3.747178951148222,4.054835259095603,3.1683220451241283,8.71319650107508,8.444546512306452,3
8.257186605649263,8.04331210877897,7.955698245549325,5.938560168965771,5.566098626884991,7.973153993681511,0
10.0,8.947083105072867,9.669554938584064,9.247697841418745,9.450718731674089,3.8849938822314525,1
10.0,5.8493411100553105,9.765782182700326,9.520979220513171,10.0,4.342867491257932,1
7.996292274714165,8.313232605775395,5.9911897548753625,5.284470987324845,4.6260117486608925,8.265388439375867,0
8.963495628716528,8.628463923871754,8.488832042433122,4.600788980955186,6.020497890734854,5.491338406071964,2
8.839982056741473,9.018322645999563,8.833148146861987,4.0770552631646115,6.766681497020694,5.233750727455733,2
8.61917447073311,8.978419654314507,8.91243424703028,5.536273366577186,6.700984397863976,6.360681280794518,2
8.069743284425176,5.132056601692539,4.449653153299985,4.196486054918164,9.007678216274956,9.033530892178401,3
8.467601679630095,3.347596679129124,3.2682131425553678,3.2787030593749376,8.610632191588461,8.321012468193585,3
8.7558810689024,3.6961334123836678,3.82217282628948,3.59163391674113,9.042554050886398,9.373497310019802,3
8.814506574388993,9.21287955528544,9.815510809331348,4.320994423220608,6.990379927223226,3.6169148021007347,2
9.347760484371443,8.650425766276637,8.677299033737487,3.588017280748164,7.997279186436274,3.7473907807774456,2
8.822129504000982,8.78834557073987,7.021957334374615,3.408775801542906,4.157541503802745,8.678098732583871,0
9.913444318229388,3.148354099125277,4.190475069336217,3.400835647128606,10.0,9.68521437851814,3
9.246294153910815,5.348169098209112,4.482046231950923,5.1123556695650345,8.918497131907094,8.31857151340912,3
9.875789180494728,9.877553719659591,7.608449442100497,3.4962400345566866,3.344002174893592,9.9976914594001,0
8.607382189776063,9.228499189437258,8.680368662181692,5.1826938667149856,7.929022520328502,5.175331119865958,2
8.362330376560447,5.545101578110244,5.026904632707616,5.176231993102835,8.325787711838057,8.265254559280667,3
8.950728870241047,5.81953773569446,8.539310064296176,8.14882688688887,8.992463886452294,4.542005564383547,1
8.1789082351332,7.689202048753729,7.284509228635007,5.468569182089086,5.981031499449752,8.925956895975675,0
9.562049748200657,9.070911394292912,8.694807606431354,5.517432056850029,5.3017275028667425,9.304094929483075,0
9.450279190974527,9.939713575905703,6.836783776712148,5.218117929167883,4.305253477522126,10.0,0
8.508936992621507,8.737476495690965,8.894154946037776,4.205598330572824,7.263165351335839,4.327489396975617,2
9.459725131825989,5.643593532258054,5.598814865095665,5.66857190900462,9.71170392499368,9.537814719911845,3
10.0,8.500848330609298,10.0,9.455950833725696,9.619613670217383,4.314830831614357,1
8.713036850508383,8.412551325232728,8.952178022076293,3.3163211572522115,6.666503360627884,3.223715528652978,2
9.689712734759217,7.102569125058006,9.351825778316048,9.657165607670047,9.818719255057058,4.889456145462219,1
8.088005137873283,3.75157669504279,4.298939557910237,3.560650504407259,8.10971430923705,8.272705025234094,3
9.863910010480966,9.588519530629357,9.877637715165275,5.9016612307547165,8.400069655432977,5.1982773712366965,2
9.02652749886785,9.032290969576994,7.960639573558218,4.320183773175112,4.078469507534924,9.329636394637284,0
10.0,10.0,9.220604576677284,3.3018222896371316,6.878774195171402,3.9791242130561115,2
7.917465131693541,7.802812171911696,7.311628055269731,4.255174628752058,5.0486956863520245,8.311661034338176,0
9.742873140492483,9.53626788855511,6.289321157197938,3.006633297816904,3.16668571058305,9.687229081226086,0
9.11639078795243,4.637480003560551,4.454674576841873,4.169079416114064,9.475624668250466,9.679636724063593,3
7.701972815880641,5.519427528803606,5.8068356247882935,5.640724708592005,8.360593835922868,8.267347864760788,3
9.43830718788751,3.807293509695075,3.1851834839494932,3.4577973575399485,9.261300991211568,9.608191917457185,3
9.150145969525278,6.521003479152716,8.772175012927953,9.44623424409411,8.696448330007009,4.065593420388785,1
8.871400415955373,9.782676842421393,7.877278064843775,6.38195167983897,5.8354058138870615,8.8324960993978,0
8.9922830243119,8.808851969520902,8.012900536217233,3.4240232934187445,3.2680080490521926,8.918193990370868,0
9.24440302400189,9.229547536264354,8.52754714038938,6.06514644426355,7.68037071706756,5.823930787362877,2
9.117974212991422,8.88085217876951,9.580862601149363,9.478512161769542,8.859713588783245,3.0395101767889385,1
8.75450413341832,4.504903161998016,4.125556753130357,4.120960975977337,8.88292983391215,9.8677956418062,3
9.64456634006996,9.062638044611909,8.80465872289604,4.991355175956818,6.98133348437342,5.449406614698101,2
10.0,3.8034558008403425,3.056262407340324,3.8798997170614573,10.0,9.630886515523112,3
9.542821093739013,3.6673134345807163,4.157126945378126,4.669030069973716,9.270553627437023,8.953590262211746,3
9.004798429429275,9.014812754178243,6.139337724595132,3.8864586485702697,3.8001821834647607,8.850205515417313,0
9.91718306501861,4.77117908526114,4.337697303006061,4.742916626173931,9.456112002825115,9.78574018434815,3
10.0,3.3289406890138284,3.9957773266874765,3.627803361015725,9.71451146625561,10.0,3
8.760310457282582,4.097530881747983,4.08713940899492,3.4861376505235007,8.386542277280855,7.903453010405349,3
8.67810142735311,9.140687526232632,5.369816028649488,3.1903807293470505,3.3460023828571503,8.99337977186587,0
8.611338387063412,8.51613604265401,8.680386190930557,8.223303624678312,8.600684768948405,3.445078090432527,1
10.0,4.527711922180754,4.487462281134232,4.9648908193695105,9.874340938011677,9.36289594914262,3
8.498394712888068,8.052590448495518,7.480622076535384,4.643904510861288,4.421879751154883,8.46743713067782,0
9.777470079474927,5.797898344053816,5.360031422715011,6.482841521091073,9.198976864980155,8.798767112208651,3
9.254305154565962,9.074652707410507,8.822848425205509,3.623250858756092,3.5171074815308105,8.862019967640949,0
8.381100247413597,8.424334338045291,5.838691288124286,2.490367736670592,2.9344613650874796,8.288228651925033,0
9.587317735191473,8.496872400177343,9.460241409530013,5.770004128694217,7.0752676632403055,6.000144503632912,2
7.915501783358788,8.300404218352176,8.836160045054175,3.821164745656325,3.6385323489804158,7.708351485120653,0
9.451433758985184,3.8195703865976602,4.3706217013115465,3.9201007606970086,9.144557795483706,9.497589858751814,3
8.34862717953579,7.554325741301183,8.02246910946755,8.445254780898473,8.749169072765653,4.141409333657694,1
8.272920117808177,8.107551727354046,8.672267380003431,5.067748919970878,6.129445872800484,5.8643277915235315,2
8.552306285477057,5.642015904724071,5.617588669938229,5.341810774028148,8.542143877202935,8.940848442035513,3
8.949762806350051,6.633447904311187,9.26577771745265,8.999027216373182,9.116138428914182,2.96075341447787,1
8.570337977843488,8.50102989632302,7.210511299926759,4.505296749908541,4.385316187952195,9.168976553790513,0
10.0,8.796969848004114,10.0,10.0,9.834155485683937,3.994498148079264,1
9.185421722194315,9.089513273479083,9.042653286775675,5.30380826169599,4.652300319144988,9.39807940831717,0
9.634202179974997,8.834296605803447,8.964038732184358,9.663772696647534,9.81399262322121,5.117238729632636,1
8.765029371409277,6.3322830664063385,8.746028076599213,8.516198687709414,9.310582297964084,4.142287504326205,1
9.541970973586334,7.0255018070065285,8.54666394129296,8.882140481490676,8.910744255358924,5.965456323742321,1
9.301606781950282,8.49101153013211,8.525768682392965,8.815890596016128,8.740441703894868,4.1648631405980385,1
10.0,9.49165285178151,9.567339754568241,4.925135350278818,7.490171599812587,4.7244816440099475,2
10.0,10.0,9.774035743404458,4.515349834772619,8.362191701707602,4.4889494141312305,2
8.353720105685607,8.7747406502475,8.607373687661179,2.8775368339028446,7.008960085567398,3.26959173209027,2
8.98411400026631,5.479576142260494,8.792998625919129,9.226156840236067,9.117036766578986,4.624840100138119,1
9.290304327322865,7.863371407192345,9.120420926920596,9.290284644536296,9.459992526125001,3.4798220669716824,1
8.72178314749892,6.43086746131223,8.471091979631352,8.7696681570362,8.829887296810668,3.5345128202715888,1
8.886128120487559,8.595098117762234,9.020487380044651,5.026423576592748,6.8776021594071155,4.425426729654227,2
8.70419420491643,8.607076961536352,8.502504485611158,4.429443314873647,6.4713900582515365,4.438013694596473,2
8.798225569702275,7.640186630907157,8.87759649049563,9.222699393328519,8.6149936820891,3.0556832171832173,1
9.237459978296904,8.737352341325936,9.05588600276686,5.971466910050846,6.87408517884805,5.288052890192103,2
9.297760169242816,7.603917652357883,9.56009523894404,9.34145493930266,9.439763543487441,4.374016851272911,1
9.229226338584349,6.187869808666309,10.0,9.852729448468438,10.0,3.417855245304668,1
8.794064250759774,8.716025323438192,8.876538221484525,8.619797531575662,8.58869522149062,5.039440288267123,1
9.86794048007336,6.336715674115357,6.2530026864923105,5.6923422777730535,9.317912291773142,9.38341931688534,3
8.177441840903056,3.50949401917595,3.327208493553435,3.198234697772969,8.437847411899808,7.823019342032235,3
10.0,7.212723203922402,9.656737125909753,9.912929312193423,9.581365640883401,3.6728503935611667,1
9.268203185491092,8.315121897309758,8.877322509168499,8.120622416979955,8.572859040435228,5.894462205146278,1
8.899843831041359,6.604427952861688,10.0,9.717720671850895,10.0,3.740772509475682,1
7.5753362206214465,8.260707038690535,8.114693032175808,4.376239316405292,7.233018154368592,3.570778682532259,2
9.445217410627269,9.55178094659092,9.40938737196251,4.32597350504535,6.024091002054118,4.56323237865458,2
8.907194702702652,8.777991267962436,7.78087765287042,4.92739748486905,8.588624314583742,5.708751194723908,2
9.265298809485973,3.1073643337509362,2.6093620398768715,2.872710121878168,9.943563345734336,9.716635225880673,3
9.453734490474861,6.300435209642028,5.92155754646421,6.392215588731958,9.029232843699129,9.14117716373879,3
7.915680722427609,7.501151279756084,8.519575752100579,8.57162864145483,8.361698522698179,5.745610348760499,1
7.7310070487820575,8.339875743557066,8.153587412790529,3.9917423793943834,6.621015495667219,4.810408880218721,2
8.557729870779356,8.640251005558142,8.812380456911466,8.582579213328454,9.055625001210066,5.183277316098813,1
8.983261274794303,3.530110875573878,4.1658073388938535,4.192281052327473,8.427593803208405,8.048512555407568,3
8.739375945705053,4.253902273857253,3.671457381440543,4.156404673753791,8.383453638240512,8.311593154878583,3
8.424678904918544,7.380301078664983,9.183300291959013,8.473192712801204,8.713649632110082,5.741532939235677,1
9.728660582031537,9.209794701371715,9.876625157968238,4.465509360324629,6.718836906144816,4.754070013027715,2
10.0,8.662080434011033,9.487363498962353,10.0,9.92190209348309,5.607839649917893,1
9.314393214188668,10.0,6.918283296257776,3.7892587321868962,4.4402684252306885,10.0,0
10.0,7.653564574157464,8.788934508681923,10.0,9.551146028092354,4.909499674471197,1
8.436454955535343,6.207715820105389,7.858106816480503,7.961314766921442,7.683753541638743,5.1959934619263,1
7.47779081820302,6.57486134060983,8.023769128605608,7.943936863553217,8.535367675171692,4.9500047454004115,1
9.79438469099814,9.649570185508226,6.451406613424831,3.6972481822537135,3.6204022493003913,9.82198664807086,0
9.496330234316805,7.674812030921415,9.608974894149215,9.52054722068791,9.69676476904947,6.411743749294157,1
9.319363120337494,7.615202940946162,9.311505393863937,9.39806920847004,9.388512259109307,3.289081493807351,1
8.120991129429367,8.375244892353642,7.0222116777606205,3.7777962760023454,3.5697817418130735,8.534508639152724,0
7.811757686643288,7.960982460370268,8.4474592986334,3.7114567516869763,5.758384505852133,3.4279148673918773,2
8.504894159392629,9.166927707981946,7.2784836101017465,3.4233543236962953,3.5488577714924734,8.130128346443502,0
8.090780694451919,4.567933919251161,4.738023072343766,4.470537453790801,8.858835082525962,9.400806801879211,3
9.150247120505052,5.736062346128198,4.867750326961752,5.2203146489559655,9.122645580542626,9.60335329941775,3
9.72933336661973,4.027693782553488,3.979322494190732,4.088204303220998,9.532833016818367,9.187516607446943,3
8.579317818897739,5.6659459005942026,8.335069664116181,7.369994427970813,8.244175047108895,3.355082993572019,1
9.485666016058536,9.127160308625593,7.385700793825524,5.541736435353736,4.631406737298633,8.871178709991757,0
9.73355406823352,3.1896177584453453,3.891356220725432,4.283710822323181,9.611946411196088,9.506822576168629,3
8.9380582644085,6.271446886847124,9.546559629286941,9.718938170551395,9.521554472449768,3.2975344062893397,1
8.583307804153486,5.805734811918472,5.723293469261551,5.697122665061459,9.521501244600746,9.310570992785546,3
9.088105654481902,8.218751080490346,9.10078069295754,8.783054569321225,9.742405654734196,6.314002060841556,1
7.827138535360925,8.801606309631108,6.884807189400359,4.018428109301953,3.8231020183563564,8.211490510429883,0
8.864690946235653,9.485398632055764,10.0,4.947409842372916,7.5857243665928396,5.541536719090518,2
7.905334849291122,8.917971265514923,6.367444717944887,5.236123004831559,4.985638785905885,8.239596237453078,0
8.295142524683055,8.29514963645322,8.501312145683704,4.081597594086367,6.679528359370471,4.047878397395204,2
9.144941702050502,9.811352271189042,8.327318383440904,3.2254734287633013,8.041285178422598,2.8061698148354557,2
8.500213750361867,6.63300527069832,8.629842358531041,8.622661160418057,8.548534792550363,5.957347030147414,1
8.859501827821498,3.1970942288872286,3.3776566282869993,3.084002626928916,9.879776303522194,9.76933152630294,3
9.178232487629138,4.576312633043319,4.163135412380839,5.0149172083306315,9.661409342440022,9.516465640963148,3
9.912115157744463,5.7814770803799425,5.350086504994293,5.468943331579684,10.0,9.687540117322854,3
8.526350837214506,8.497039995364991,6.928568101338059,4.0206432378767465,3.99767454111527,8.19037402495804,0
9.348324510081726,9.641421243033868,7.95180178362516,2.986747365423772,3.373627558067524,9.581128534712743,0
9.101664400787575,9.324599398436455,6.885189820958372,3.7960287093383496,4.402186799254403,8.919281592449392,0
9.5393014984929,9.429599189395976,6.639939684137969,6.0554469910215225,5.899770677370709,9.50522736986534,0
9.62712503098719,8.185268478192919,9.737744705711709,10.0,9.657984000714388,4.455313784501663,1
8.185173098551369,4.826620162559194,6.3005682731167845,6.364111730292145,8.948669870418982,9.500380036051153,3
9.022566267763622,8.873818173927472,9.2434663800622,5.0576961987186255,7.071815735799487,4.358708131653934,2
8.824559301599823,5.780672851639168,8.502838527816936,8.48421343568126,7.6949714790852966,5.380328145799265,1
8.232254795975145,8.873442623663763,8.567639042082803,5.225915091042315,6.747748558428356,5.995751963193754,2
9.106242972386513,8.997137693487842,7.551967159890268,4.725314930281806,4.9469723805158425,8.412173281337841,0
10.0,9.535200259878469,7.991747820212837,3.8958425862804336,3.8956729336702494,9.666424130550428,0
8.565287877344819,8.417353512854419,9.054662227783655,3.977437039741619,8.360956696550684,3.131257084537627,2
8.909142327157147,6.247516506341924,8.400665639718216,9.451451305886183,8.553235765100967,3.5149356882419505,1
9.325596053694706,10.0,9.69001539010557,4.1559145018266594,7.436487334656149,4.310127561974265,2
9.93544666582996,6.213128306673086,5.564632633706486,6.147682396603536,9.507005448578917,9.313303136461196,3
7.892533142636876,2.0670879529002777,2.782686848662848,2.9579398911572166,8.261503826180641,8.814709151117157,3
7.881333934366505,8.784147199827572,8.40642726107592,7.915386160040365,8.316504145790752,3.817539073897947,1
9.562063982351626,8.558891329214653,10.0,10.0,10.0,4.0394727471380465,1
9.68145102578465,8.499571745808431,9.090849972976372,9.326886016078982,8.87821071372216,5.867602972974387,1
8.005695807906655,6.070813371237058,8.259347769303018,8.206840681239662,8.345585558950795,6.071935280962921,1
8.918908293841186,8.68117097843647,6.841398226986534,5.0310881572184085,3.8960498289666985,8.626758229375113,0
8.86012462948467,6.768567967830094,8.20120322100783,7.777973535209498,8.361723532888679,5.1310272645057085,1
9.242594461972548,9.578733195901199,9.388220326338873,5.456306602913182,8.572761547784463,5.730676717468427,2
10.0,10.0,10.0,5.0184825870043515,5.984402160869481,6.007542482409328,2
8.275752588555187,7.499745548046187,8.104216612403022,8.368525391431476,8.60292607136021,4.0547513811588205,1
9.879955790251737,9.844798099825473,9.784103235581808,2.9902878432403237,7.7729934215293515,3.9082308211290004,2
9.086701200462894,9.463010921056862,7.860440563855759,3.149469084846777,3.5612208525284137,9.99820023469474,0
9.79996398376458,4.114791419190715,4.394632773986202,3.957886531360536,9.274118129072894,9.796529372447035,3
8.738406677329996,8.621545886383025,8.399127648717243,4.51019980063909,3.873834133593505,9.812635563294668,0
9.467206251539315,5.00678352521108,5.134707712459477,4.708484251875923,9.508027665281316,8.91030573127999,3
8.086187812419025,8.868387253127107,9.019300052382736,5.094364049343661,7.87665855198765,5.709223155546442,2
10.0,6.1949772532609035,5.692209484102921,5.300070489120997,9.91432544108264,10.0,3
9.526300893274248,5.214379445456742,4.639744151882709,5.469951892716514,9.18853074769285,9.043451681678334,3
8.370115162295908,7.64331023513475,9.515625707825917,8.063046489589587,9.264186202641094,5.916864707800968,1
9.569358733293168,9.822559024661123,8.509951427252624,5.338408718262109,5.49829455457251,10.0,0
8.257877447132104,8.38631062270213,7.172350202085415,4.754040001992938,3.8379861135123763,8.9513907291535,0
9.83539508187078,7.4861346536652675,9.293504454897967,9.877993525029277,9.52699124488626,3.199936532788095,1
8.900680151760287,8.810877198809946,8.522651144385332,5.775044925979378,7.936403013318088,5.462206118803502,2
9.56903449512037,3.55509447472959,3.52139589727571,4.158060729732613,9.17453048106768,10.0,3
9.622048071706121,9.138188236677518,7.788128700869933,6.398085160044962,5.4702388484839535,9.041248437523523,0
9.182694855930713,7.8495139630850606,9.69781028006333,9.273272310680195,9.276990280540137,4.598771939609165,1
8.099571603325156,2.9414344332107527,3.17373671970784,3.045135038892218,8.043270959399132,7.7859833870602095,3
8.469476663510846,8.784076028793205,8.42693218295999,8.811522341853141,8.804252530350572,5.264722842433994,1
7.600707910032833,5.940135764228824,5.815456082148113,6.068020592211618,8.446443569592148,7.820363623528052,3
8.824373679108627,3.1477366849322936,3.204348631251131,2.878912695915848,8.514222794148434,8.997804983958135,3
9.495453906174646,6.894870503544947,10.0,9.77165701685988,9.825960121185691,3.0742870278178596,1
8.663039598356415,7.10554369707845,7.458131326908638,3.10481138451705,6.06730578198426,2.4976531329825087,2
8.972769434661558,6.596495017034495,9.449813617024635,9.655484360650744,8.572435988269932,4.5670007155540135,1
8.857840717046914,9.949775432418598,9.232916894478262,5.398595137782283,6.2771361276821995,5.461621957152215,2
8.0953116559411,4.093174293607123,5.040840975549819,4.826225041712487,8.791771112223838,8.17310797972241,3
8.975539158128454,8.027431651497176,8.356103423071657,9.052569898398401,7.931478266430073,2.8945686318523602,1
9.4033080721588,3.4164801171264965,2.8418317667685526,2.9971902711691105,9.924753134170256,9.52655497968084,3
9.471094048649036,9.899928033765432,6.892304486577828,4.255882651391235,4.63939455096713,10.0,0
8.063546287369082,8.961679298888594,8.675959872515369,4.24094639082543,7.2177907535086065,3.4823165357575805,2
10.0,3.953566761995344,4.433590086644099,4.674845224594439,9.778950720750428,10.0,3
9.825557250394766,3.1384326962872238,2.833030976061595,3.3671061277310206,9.737211720168418,9.75735883850263,3
7.893775560783083,3.7851489860040006,3.8689725139275555,4.238639777122906,7.906953977337372,8.091458921900259,3
8.640539409369726,8.36512368148166,8.52114856391349,2.697048367110226,7.123931895459991,2.6470851541324762,2
9.759364553994843,9.38765864316009,9.42586394075015,5.516306755753432,7.3326528767549455,5.070108128685998,2
8.07588998374377,3.1003788833149994,3.7706355728844256,3.8210029231988463,8.315948204200089,8.276052118509233,3
8.506520455701066,8.575708009766933,8.060836538642238,4.760664695579687,7.835833466528975,5.2451153228877745,2
8.925872182980612,9.076182694388434,5.438075079699966,4.638151655600813,4.8085450787845065,10.0,0
8.41442802805882,7.8106694243482,8.130032670507145,5.722546532860854,5.831897203593233,4.9805867385477605,2
9.194806589296192,9.177775332507968,7.272500260867189,4.9834925406646855,4.164008862090296,9.478875139739342,0
8.369530168933913,8.796527388139866,9.135481172371938,2.772514815708573,6.520497854555513,2.7958175757467525,2
10.0,8.873646320907321,8.723726758971384,3.645136436363085,6.479493482290654,3.304757503755149,2
9.011727647450131,8.899081680709429,8.239827155416911,4.807257409045594,5.224415755763859,9.21043301853803,0
9.549867605341214,9.548238419479327,7.776056009687283,4.997151411059078,5.475743796868712,10.0,0
8.053498689314754,4.810362099730127,3.8335881801331384,4.166582168690966,8.069723710891585,7.46536648147744,3
7.832421013124472,8.160774613136976,7.49559537433173,3.184177680161083,3.258219440469957,8.116461118108328,0
9.665720608736493,9.880241302218673,7.786287154707564,6.046516668607604,5.951013641033232,9.970761170132171,0
9.066195814860713,4.720714529450322,5.848794377508854,5.449375339727474,9.203080154068111,8.798913668455983,3
8.9157306518839,4.635308483363001,5.22374693873948,5.107045379943517,10.0,10.0,3
8.589138750983253,8.12238111020611,7.774714813012944,4.569452041525775,6.118249453476027,4.807536086613543,2
8.045681663575623,7.7154983823387004,8.612917023924332,8.583064862869286,8.715187293017753,6.4141171882803345,1
9.469536921197717,4.69573988478102,4.331200897841184,4.9229249968014885,9.650463090809989,8.686698447095454,3
8.782718737177333,4.490784264034205,4.930733777782163,4.487924635945693,9.742541492254066,9.628921504784055,3
8.368654631981949,8.561434735306845,6.53415218991236,5.0362884737598455,5.542681187489609,8.734857239293468,0
8.60000457812132,4.281145717160323,3.8756309223589147,4.5961042674628,8.751184322498826,8.442316669586104,3
8.657640361646195,6.511469045991353,9.367478020786027,9.873268289336199,9.222277144338888,4.630381515022071,1
9.721673339844232,9.144355813488655,9.717070456956613,3.478832300665606,6.492915912784989,3.9905265041196762,2
8.364031114164908,3.8803563779454975,3.889970040572409,3.9565673987904386,8.959738030392089,8.390954291199582,3
8.197768934107778,8.165176017890786,7.793909045304564,5.442412212978955,5.416680414453045,8.600808570840755,0
9.290952718809235,9.99972382158809,6.112666245541726,4.125909196304433,3.6778693596949026,9.395734078119322,0
8.422252960107668,5.7895836995131775,5.422475753726238,5.021595993950182,8.4281842229179,8.616975831572418,3
7.646257460369051,8.216961018129393,8.135714148569386,3.879706087531041,4.003436443605328,8.259004739965047,0
9.90653527633763,10.0,5.608597446973374,4.760805616462767,4.2897893469810615,10.0,0
9.015781795465529,5.446972775890745,4.682719966597816,4.2174138633891065,8.3153611403682,8.830270262829792,3
8.34875287312668,8.076498885521671,7.039021320072423,3.923145244002597,2.9773123921787192,8.808957700572655,0
8.889777518318143,8.9256763136195,9.000040705999718,4.956772990598726,6.988469477810582,4.786601110484593,2
9.022723646742396,8.531574745502706,8.498135717147015,3.5509982470288355,6.714541176992747,3.928683995425465,2
9.522605433970687,7.620748983173428,9.5403810730988,9.6811393626822,9.871724846008759,5.6184816099050074,1
8.65897397729879,3.929650607288145,3.848150429867239,3.8044630831140442,8.697511250701481,9.356604589790205,3
8.315285183288783,8.056184705816397,8.15790149292468,3.806276871298464,3.1073529494923924,8.019322518964685,0
9.86799571356162,10.0,10.0,2.7723935016482386,6.3107396988765,2.8777044600776036,2
8.323635668993303,6.68275525804555,8.239940433795974,8.411230846026044,8.241026185380392,4.961702583485978,1
8.256946742014959,6.469513944762914,5.781762279882418,5.643357518896063,8.42585017542259,8.449105197857266,3
9.728237939935687,9.889581263633234,9.734090766644364,3.9160500769552193,7.703475498293293,3.861815382679292,2
8.456209035926289,8.882247951089324,9.130220855699013,3.083503890717784,3.5329179765215923,9.010815340710993,0
10.0,5.868307870852118,4.977686056402981,5.22578740880881,10.0,10.0,3
9.245726788030296,6.603207506184388,9.19454182099936,9.92438838956472,9.81411843622673,3.1204352467502963,1
9.36450785640017,4.698753976014747,4.422226459170693,5.137877984853313,8.768481875458209,8.73417078591107,3
9.151236834114535,6.473137076688086,9.243571980492533,9.847859023023156,9.17354827575019,3.603063533358875,1
9.609684505327019,4.8475351918469745,5.756430350210895,5.173283586481294,10.0,9.454111880949027,3
9.574294087203873,9.258621397243632,9.326821138122483,4.821530928347373,7.163339129746506,5.03331077649832,2
9.338615892897844,10.0,9.493828172931355,2.916027524429865,7.034044266638072,3.4674635754442567,2
8.8569813216691,8.186870758378996,7.523269781204843,3.780264074430951,3.8013365353485042,8.526469573735708,0
9.174112184114387,10.0,8.602545537369867,5.606570719210291,5.009098787413196,9.636727967893373,0
8.513655380247297,6.241835566205649,7.953979145468184,8.890602819777142,8.610493024582642,3.7226799846144063,1
8.309312115412258,7.567523733673553,8.676059863568788,8.438998017037756,7.925465145096536,4.415258582690454,1
9.310841989976792,3.7878900316222417,3.825401790026776,4.073239528106713,9.970479600936589,9.008638309462109,3
10.0,5.1726665189222985,4.664696158116064,5.165366412819039,10.0,9.339266342434364,3
8.690651741579973,8.41039562267363,7.2636776714790265,5.614608742241273,5.048805605813801,8.736794953891232,0
9.987382942058307,4.8717094626200605,4.912815273798509,4.734168248728113,9.041830176230965,9.916129489152523,3
7.488510938319822,7.531146495146339,8.298973593631016,3.192928723905929,7.057472471608013,3.070714169202369,2
9.190837817016652,8.855171628083097,6.6639247226644205,5.798205329768279,5.847239992282179,8.283997215532697,0
8.801517001373437,6.9292178853439905,8.663160061280042,9.775199075966794,8.91299585324314,2.9463978251967378,1
9.164566230743757,9.685859881395126,9.299315154749571,4.090321722453043,6.454649077071968,3.706018961335644,2
8.646428659833406,8.280428218518791,8.108689194140714,4.876765774215686,4.627815156076685,8.974487634540234,0
8.911628650451764,6.600171559489151,8.640020212953026,8.952193089675069,9.483720182516379,4.598695858356104,1
9.681750178357515,9.91367332658345,8.445503099505284,2.870564349819794,3.021774343734828,8.91729413141842,0
8.311718040796023,5.744504979796722,6.256719346519212,5.769334760925105,8.384103029367171,8.266828254172191,3
9.193767503415316,9.11824722050816,7.988676147866464,4.7152711169255515,5.19903226596209,9.829847178180838,0
8.423791151934012,8.28891587311207,7.374022640674923,4.9328864568098165,5.688477627835327,9.702409164252286,0
8.390156774190242,9.097205732725078,8.612892474920697,4.289276843437209,3.756107107167425,8.351616716559473,0
9.580109606706081,6.284782844510077,9.206407933465947,9.3733450761626,9.132244644572408,4.00567799514372,1
9.15151801991806,8.220558066575931,9.319125399095945,9.07805554536005,8.33188249835339,3.7012190629374357,1
9.809035309324468,9.403037991185661,9.032849041199114,4.62597045590509,7.268561311181055,4.495980191490368,2
9.821225031274485,10.0,6.393020547249749,4.233923762428767,5.075993799295485,9.649874118824695,0
9.50633529554795,9.567619875804159,9.347679069020169,5.037278098331126,5.98269180987309,5.7176876244244905,2
9.502092919138542,8.812259476149649,6.770882425265294,4.623257179583631,4.311128303046228,9.061099840250199,0
8.113847455349525,9.112485110724444,8.190126921581296,3.94532034798824,3.514279057797969,9.151719816102492,0
9.952418762645308,10.0,9.448919104245215,4.449264569338726,6.538899592637897,4.269577878370719,2
9.671052431992374,5.320159098425805,5.73812615690917,5.340041627637812,9.762137295486953,9.677477953154215,3
8.567390458777695,8.124179862714282,8.073187508025018,4.125099512906448,6.929885636363242,2.3977599005881403,2
9.69930343424472,10.0,7.148713058959371,3.0671646711317693,2.978517972364318,9.624942489945084,0
9.092981439235107,5.400752418696419,9.41950047426831,9.41955286628185,9.83125297378445,4.737895094515584,1
8.806531947173772,8.356827937537801,8.907955099452309,4.817951860291163,7.512950190240616,3.941732675186879,2
9.456147881319534,10.0,9.412231328008257,3.1142065463276305,8.905763355084076,3.0313596082312118,2
8.011214253657425,8.228104704075314,8.286945963036885,4.155189269538499,6.201755732705059,3.8391665625764224,2
8.50878810988175,8.133131720509136,7.012550965768691,2.9982683770067498,2.783709447846443,8.793205050888732,0
8.597289027075199,7.833933850359478,8.255344815142799,8.791574256787698,8.68944968201899,3.176111634197096,1
8.035686325014222,8.296611646388033,7.07247955023753,3.288150469931489,4.026604281706705,8.102396080204429,0
7.943420393301703,8.00821053317734,8.684281986712591,5.856895563492524,9.046443202258828,5.149461775492909,2
8.361425194507921,7.940365460814662,7.6190154997108195,4.253994303707569,5.77380840712118,4.963432644836277,2
8.137070824564594,3.2709130302694565,3.5692873798849933,3.3831869653381625,9.09176826358131,8.25496796968813,3
8.697841537563306,8.741065001594725,8.336600629542657,3.4334647150161297,3.5004603336194453,8.287819653235902,0
9.237258198087416,7.2205138577897126,9.400467065698665,9.239890076697188,9.170139624409954,3.7312013001225153,1
9.462774547396643,9.2342730930161,8.63199975741135,5.807375688991581,7.01475100161212,6.21275801384919,2
9.124317986313368,6.047667703309666,8.522737959523178,8.644502040325708,8.742858109604375,3.569415656854587,1
9.049073834384034,7.917496024096477,8.567313217329083,4.377732698678714,8.204081786739335,4.204355097067058,2
10.0,7.1267569425014115,9.567950159249232,10.0,10.0,4.934730236542291,1
7.966928393683528,4.042486073530714,3.635791959412471,3.654325373784521,7.810014559044719,7.905930535996251,3
9.619733323524317,8.957273150840681,7.341629623136969,5.724655299229396,5.385073118585021,9.260529736909564,0
9.059369429957595,9.407675769245488,9.853938357985253,5.4971121470459,7.197976656023539,5.7200903925027955,2
9.202394705152416,9.053783260234665,8.948876153484806,4.576323157076112,5.948349347323919,4.58246330044872,2
8.345225408602035,8.65984320355692,7.865885317952326,5.17812004636177,4.619070824085921,9.008563561163497,0
8.373545550505616,7.7044352186779035,8.486877137041423,4.110373624521506,4.1297933347322004,8.009374315067568,0
9.068057754357277,8.283189213813198,8.21027783716402,3.518872195801907,6.112394056553867,3.90567131686097,2
9.095974209020987,9.151096986863926,9.302924996143531,5.928443770159454,7.013894368505901,5.949704611720655,2
9.185846701648401,3.062401235206336,4.07136569563259,3.722746378767615,8.839249212104392,8.637789046330173,3
8.973395494695101,9.616267355856936,8.49464829483022,5.2794401346209465,6.989699113154171,4.422775067336995,2
9.628964646869173,3.587436461464231,3.7101884175017465,3.262856790479462,9.888030265123305,9.368005980370771,3
9.738451114723274,9.675344039446271,9.660141990339984,4.698673143482989,5.914611573278829,4.497808735606609,2
7.970172399116643,8.391947885200423,8.13113747706496,3.562174399548365,8.273410703254346,3.374557694733003,2
10.0,3.712634612490554,3.221339519519916,2.824371218822128,9.360258605510326,9.87765922254677,3
9.111046888465964,6.187704381246146,9.556991013502008,9.565536344339652,9.750856901824992,6.191064063278436,1
9.114227706789297,9.10143138999456,8.291947393092522,3.9246070271791775,4.558240688001524,9.18982401511445,0
7.975433962664767,7.8481845907716545,7.640827181298609,3.4602575114377627,3.2912294733576513,8.478239293093596,0
7.238810771849439,8.203622232506408,9.074620846179792,4.035439756518347,3.9753352889695153,8.59621055530378,0
8.972045756359902,9.178711054006337,8.628952321710768,4.406221892246914,8.090855702589414,4.508358621689008,2
9.257791712712464,5.910468436044073,8.406630648796959,8.669811329790248,8.55751288400829,5.674953941656784,1
9.832424863520117,9.677607718524337,8.947786010886936,3.672580420755216,6.055160675986969,3.6277616602121685,2
9.88598632378443,9.258483896614436,9.770906926529218,4.082533392761873,6.59719279699381,3.4765032189588747,2
8.586071089436604,8.737682082499937,8.695646466373729,5.133595728815335,4.48359946959505,8.638910829751683,0
10.0,9.28967738895394,9.243592868961752,5.223672644738587,6.961451293780502,4.569572634288844,2
8.987543294108187,7.103857633738997,9.843742808678016,9.14932515127508,9.554959439364355,5.488856339161831,1
8.440970509319532,8.006906413610539,7.622831593316725,3.9885795313866215,3.726416476097446,8.362741737326871,0
8.813324962978836,5.502825297986945,6.110131564803188,5.53025182018442,9.920377307494876,10.0,3
8.281383391264786,7.027249192458078,8.56694384591341,8.583478282367391,8.542853300484476,5.650830290778969,1
9.442064070460901,8.011662010564674,9.506851642894448,9.384627891989973,9.052903678992013,6.3554480567382505,1
8.654096074613607,7.761103995661117,8.491517433214694,8.349457369946801,8.117116919274185,4.869118397939944,1
9.429286731521213,9.748740501304525,5.994455814278477,4.737948833927227,5.254670189995655,9.780340234178794,0
7.227638656715885,5.619714643946592,5.388438537119458,5.384923108378269,7.803901391231428,8.157011712741495,3
10.0,9.690442793354157,8.180683833074694,5.137327549671399,5.939921992070705,9.722653535797601,0
8.420758892991241,4.41183369282046,4.725849939877335,4.292880981418393,7.6260616719624625,8.29344863953833,3
8.255477241847803,7.934067559775709,8.028659798417875,5.058875049867715,6.8537627217833546,4.823130977531915,2
8.963036343555478,5.452293204018949,5.412830987575984,4.5794646521482925,8.126075318022913,9.40692831469113,3
9.839540430072974,10.0,8.836600015346665,4.002720373284199,3.4510912193341863,10.0,0
7.780103879972668,8.002603572076444,8.240425851359621,3.676625960192256,7.211126916109134,3.9672369698558976,2
9.554512311559225,6.591443443267881,10.0,9.250313575769905,9.75907612306218,6.01406209218488,1
8.246975015377044,8.9460177410366,5.835424745525608,4.681026407140818,5.119215732756819,8.828039295399801,0
10.0,9.634949420101574,6.399684495519401,3.113618098879304,3.772156308419625,9.854413663570122,0
8.274944088005526,4.6773196220429645,4.980680113246848,4.849180404632071,8.232558166407184,8.456281090973974,3
8.90302264830418,7.727070621659263,9.335715953290517,9.86961107769011,9.995435162730896,4.6815679434435316,1
8.000954254134623,5.331809691493922,5.086651258000255,5.004393596770743,8.658507405790736,8.326286838625178,3
8.860382800195577,8.07191981751889,9.00389258074944,5.498829896372813,7.376339071599364,4.788350616362074,2
8.234839092221758,5.814341489465468,5.856851079826182,5.037681153918699,7.793274168208445,8.287108345936955,3
9.527210040572717,7.084139083414283,9.608934252057875,10.0,9.731278807407087,4.910247267668402,1
10.0,9.555172790431604,6.116607183669572,3.7603082705655098,3.816847814762041,9.777976792168207,0
8.264393663899801,7.741961853559156,8.115248457609283,3.83035775728084,2.927469997038644,7.901140481762944,0
9.135366874075128,7.348116902069735,8.82195323437416,9.21696849659274,8.236237590452369,5.464207871300955,1
9.461559576368167,4.805467787036752,4.607700793599921,5.2785409768891345,9.691696386108287,9.681966286229086,3
8.550491112839254,4.922974508490417,5.1460079035948265,5.190844862975614,8.336717394870522,8.679567888537584,3
8.078398229647954,7.2550384599830835,8.258456246072027,7.765113762108402,7.537718212740888,6.018547596152785,1
9.4344922515621,2.8029296158242043,2.921127314029778,3.270780875807723,9.997653890596286,9.725788622512573,3
8.082167818143018,8.064363377092677,8.1682867108449,4.319801945343172,7.808403779626187,4.9872811827084895,2
7.523713368174385,5.108326628146841,5.563475796559436,4.854319817012083,8.32589725081128,7.9830569497930615,3
9.069136611523794,4.09573974907705,4.16297200308931,3.5876348036571426,9.914166207397322,9.981416032269458,3
8.120820035719845,4.454663600487297,4.654816414739741,4.84318074103739,9.380512090092402,8.898450271108757,3
7.501278065005534,4.774622559714269,4.3700188927036905,5.13168481175554,7.772457467486947,7.756632511762029,3
8.272726386746086,9.499921667201344,9.478620666280593,3.9568890570530995,7.7805189545776665,4.498221503717574,2
9.113124800659289,8.744724413008143,8.780566308603568,9.734616944038734,9.640824327110305,4.145359646658194,1
9.566326229061723,8.874890657973182,8.989433974225362,3.453616173105715,5.816900022630137,2.9093275053423833,2
8.18856904188418,4.550578520822425,4.730005296302215,4.696191941474105,7.934076442057751,8.385867294916793,3
8.97765117277866,7.918039374715575,7.988711326664122,5.103831618056022,8.47414917559567,5.214872076323731,2
8.68597418239815,9.11119616844789,8.755956569740666,3.1973671752183725,2.981996769023195,8.390509407907231,0
8.94513520657792,8.507894969672087,7.909957394981502,8.641015163747738,9.378982349772802,4.3991463121641186,1
8.35606490557363,4.6698874674266495,4.733264882603114,5.126888482009385,8.855288254202495,8.304086080340776,3
8.537565610947938,8.86698606401025,7.333487990379241,5.5769331519558465,5.764881555632002,8.873220332528696,0
7.760286507286219,3.4144465649398725,3.075546753952746,3.0837402517803225,8.031984553596557,8.16184627128517,3
9.66662097234038,9.944766917948302,6.692973973479542,4.438567209656742,4.643851306948024,10.0,0
8.526645464257621,4.424913956795236,4.7006133306586095,4.252286864507418,8.591591725705003,8.44786964667655,3
8.070459472719357,7.9714196703316,7.929313773260407,4.227298774929179,7.4224500380084155,3.1962269229187115,2
8.756321036941657,9.28697541303685,7.524567741680155,4.71595946451099,4.63031138470346,9.02471297939519,0
9.237675259530883,6.504448124418305,8.734819664741844,9.115046114528214,8.804970612076843,5.424436234972997,1
9.370924897688974,8.189137672026066,8.731832085336759,9.66362073513889,9.176915563810024,4.728477836886911,1
9.900871410212865,4.316742579200971,4.7406399189123025,4.656200129163934,10.0,9.942190792453909,3
8.936059010117514,9.039101944450438,7.754808066443636,3.401928274465436,3.6502040665152076,8.58514847649031,0
10.0,7.141638957761114,9.971625301912157,9.469138227853394,9.930997630220258,3.4234510558887523,1
9.939048020393582,9.252516552001504,8.400043387475215,5.7428572614398306,5.451455673082471,9.286890678014498,0
10.0,8.197142432106006,9.061611176256246,9.819058604604269,9.983107049035175,6.345058466925554,1
7.618897318579043,8.290376173471143,7.280015558659332,5.234185204443645,4.994400348895911,7.841928684281456,0
8.38866758377993,8.740241295567317,7.759659094151299,5.550604973056576,5.7210072785357085,8.30492195277965,0
9.396737326409765,4.429842069742175,4.728766098193215,4.805311062536082,10.0,9.270548611349753,3
9.08964428762371,8.573180467217812,8.146929768712104,8.030055491108799,8.601419758260404,4.301931800648411,1
8.708378678771457,8.780724517867469,8.544101942235022,5.7641935267034805,5.772927763172073,8.287555544916739,0
8.11865193278411,3.51077285960758,3.9838411929514685,3.508133519054669,8.664567800948682,8.905414407110504,3
9.724177877325166,5.1325965401779134,5.415949261618863,4.747269765678816,9.421888371730063,9.413997454252009,3
8.347335186798535,6.221133089492046,8.384341257303763,8.816210985448421,8.488125248392846,4.312905761515732,1
8.611092102666046,8.009469990151825,7.385256034968367,3.009083793138778,3.560377547122582,8.128130706733518,0
8.049526012073382,8.433106673233949,8.732297227942949,3.620287893756918,4.120420002479683,8.159445163003175,0
9.243690956801158,5.918154017100344,8.68742215797579,9.285998730095143,9.335582109892867,4.247664285876237,1
10.0,9.920791939228552,9.461400068674656,3.6528928492569737,5.171406469248709,3.841051601796588,2
9.58082288459741,9.350617836728874,6.877742732065334,5.660999515149008,5.170630633859311,8.864943371644431,0
8.28357122083332,7.801309386460249,8.595211359081828,9.294248196419801,8.957277656212066,4.2529598685607315,1
8.765223826121938,5.07420557297545,5.13853908834139,5.064916584515717,9.010482884152527,9.25259005463482,3
8.697066565503876,9.014295232688767,6.788362879800558,4.886384056619668,4.527426618276252,8.693769885857675,0
7.927499488831408,7.317642540745057,7.924027100491872,8.351072791947901,8.159614647235959,3.406618846698969,1
9.520053385427719,5.290153033484167,5.474072644030138,5.5686706875524585,9.34675286453163,9.055671030688922,3
9.28971277629372,9.628615954312234,9.416682263848296,4.146352947185692,7.054549266293094,4.804664971820857,2
8.992042546841938,8.115651018134155,9.101097653427981,3.0664823634976064,3.244757310664119,9.27670590359537,0
8.302079370515077,7.096252467408803,8.487546344531296,8.89676050525213,8.726994073816268,4.371817454616277,1
8.496258331602883,6.642490183996331,8.019192023199397,8.207033517025986,7.891259441333813,5.968977802804339,1
8.794180437310752,8.262999040195474,9.251693818077538,4.05013720323669,3.7714097804347952,8.554691666730896,0
8.82436893223172,8.957780947349898,8.338776717152616,4.8961997899567065,7.201685744361442,5.513620061000012,2
9.734190897742687,7.738877813825192,9.657505807595387,9.808741378224445,10.0,4.070487056356705,1
8.020239665606917,8.461931277541572,7.4532902672962,5.057933430590412,5.8048811021612385,8.257891907319205,0
9.657745648618805,4.12016147367937,4.739475250163636,4.4384421299004275,9.487770942476004,9.989268996004414,3
8.949559048049101,7.445475278900483,9.099656281659858,9.460467165455231,8.661951552092214,4.808544275373844,1
8.375634097503236,8.236253751913317,8.7839860668279,4.586650693099326,4.505221802677554,8.516798654722024,0
9.389163271918836,10.0,6.812293200004118,3.3860746211765473,4.09185585464752,9.667753915905521,0
8.070821076268203,5.670621602850704,5.195503526108146,5.2988551382967755,9.138354869250772,8.749630095120576,3
8.661747565085577,8.410631895818845,9.08425692944279,5.923406144629405,6.872796560588566,5.7418311414505485,2
9.231065910930694,4.766607658224181,5.438714403421863,5.436292538629292,9.202464063866808,9.389273635965596,3
8.53339819107562,8.667880077086119,7.713230510263792,3.709288248460402,8.825077576517725,2.819008902014853,2
9.217315286529677,9.344137903837293,8.886441985286115,5.695187046337066,7.666946350316022,6.100832177872479,2
8.662830374431035,6.165341036415375,6.02832329033048,6.389286409343553,8.973165416730291,7.994393799803131,3
8.994035437737129,8.41314669105056,8.925960341591939,5.486620999306922,8.313931487364423,6.313806360905743,2
9.178573851102259,8.75965251598722,8.735805809537526,3.4598199415002933,7.7304939119122364,3.9791574665650993,2
9.175805095737275,5.67402777774061,6.199222477903226,6.308218581009376,8.8605884187694,9.334008042764468,3
8.815899292971979,7.907208462986024,7.2825668251092655,4.353240660975843,4.396466381560077,8.490903935160981,0
9.83887882909354,5.28929264783902,4.71302076262962,4.7283896516480475,9.890122343547365,10.0,3
9.406167692596881,9.449475327882535,9.784447349895599,9.561587013620763,9.272558264116105,5.664076160472942,1
9.738140574354153,9.953916704495182,8.465980894671668,5.1097524576128865,5.1535170636119,9.451677673101289,0
8.372846524633406,6.894051071812698,8.09634412546642,7.983050038573834,8.260075629730105,3.427269871811102,1
8.854520760334328,3.9556075919156286,4.499893127899803,4.116577897509403,8.513056492910648,8.352523202273538,3
7.680238167156336,5.093495748708747,5.337673842401919,5.241445824085655,8.025068744173737,7.933243399978249,3
9.218420558304452,7.392655907173333,9.266212073154389,9.7731771076766,9.82346468486297,3.130642901840492,1
8.695504133783043,9.122105138325624,7.488116170085142,5.10421618766074,4.131099706751428,8.512157773717192,0
8.073374860367243,8.128053258809544,8.86100598675533,5.472215965663451,6.4950114373654095,5.969413352945524,2
10.0,7.132333914975739,9.429921414012197,9.807103967206885,9.844954248683548,5.746543798055016,1
9.572564617572105,7.392789095714219,9.347089660788203,9.346742724295071,9.7795648727729,5.292391562065952,1
9.89305003276606,7.9203066116409335,9.715554442565614,10.0,9.837164368018561,3.797897949579078,1
8.675559640041836,4.820200224091723,5.6289686353107,5.7764494848213905,9.442597218736699,9.357275896454688,3
8.251123789223154,7.051335918175375,8.275097129473172,7.876628040558467,8.091341124987503,3.925236447107076,1
9.305844449517185,9.90798067932058,9.136187208626277,5.464544188182638,8.265579415922067,5.72245758306084,2
9.757832376514365,3.799587210634883,3.9210483671961436,4.138132447235098,9.67683151461601,10.0,3
9.079848260278236,7.721094601437846,8.989128365920891,9.036816529238493,9.574703121253986,3.508092611993759,1
10.0,10.0,7.93525688490862,4.226808186320461,4.402293344084914,10.0,0
9.826170312116627,3.6046318201841205,3.185569609328065,3.100620736183098,9.949450282577892,10.0,3
8.823026112515805,5.805578233717678,8.503203633402194,9.486655605210398,9.013411671305677,3.428075046067957,1
8.965110526810715,8.976872953802715,9.46877259261218,5.0669108305122075,8.130670774792533,5.406740114337883,2
8.9823925880734,9.02564357248254,6.663477729062101,5.675286463363955,5.203897808066657,8.676545138580039,0
9.63692634382629,5.475492003760643,5.394445526428212,5.933830810521929,8.848015802068234,8.991591537948834,3
8.669980737553924,4.029447484198032,3.991083016717111,4.494019820126659,8.374471558333038,9.501532300624737,3
9.60434572925883,7.4852708395182965,9.008189044964467,9.34344350623399,8.834423168687161,4.840292724945112,1
9.710112224493937,6.871521374169499,9.775663144190357,10.0,9.777483858163718,5.480125777734967,1
10.0,9.858295694651083,6.916759048442495,5.783982752260263,5.0968345642907815,10.0,0
9.30310934208478,9.914758722161826,6.557774483742724,4.653965378068249,4.777355900639876,9.152387895057185,0
8.445386967299969,7.4883144074561265,8.006346793861798,5.923721170470853,5.283173335710065,8.485388799514041,0
9.850129770353709,7.415433514915583,9.14480395892813,9.204365952130825,9.264588841828926,4.105126345540691,1
8.991715319781822,7.093652053158551,8.198359006752106,8.907219511162285,9.365652336257327,2.953036655331266,1
9.637023867773522,9.874606616210013,9.765161080251598,4.066010809782018,8.41685866187618,3.541907320757491,2
8.921446498707848,8.66169232934575,9.093530522327084,9.493441642519855,8.917311123031563,3.401818434702846,1
8.774245502424353,6.661560507957759,8.52230384206631,8.859599879529103,8.953675492066235,6.137712985853354,1
9.700745134149518,9.159957002434606,8.121512359635833,5.3710972581444585,5.714544163554369,9.754127506068663,0
9.78038102940376,2.95226112785201,3.2515290103652994,3.137265593967765,9.812506529065734,10.0,3
10.0,10.0,7.295290461750352,4.792975778598874,3.643152243911524,9.729521889900212,0
7.885453823697418,7.928532140912714,8.150503702550097,3.9398129691393544,8.489046530109128,3.898448420715257,2
9.03049336829259,4.674609337220326,4.400145373454585,4.377294979554631,8.961849343881795,8.842859326387952,3
8.081512324751134,6.082176417791764,8.117711693038855,8.4033415203057,7.998026697991036,4.839622702496469,1
9.22760257677014,5.599520783675132,4.972835814125686,5.587252498064993,9.27855239537579,9.040286704963053,3
9.5284943510691,9.597918892211638,10.0,5.914254721880535,9.023403962400817,6.538761011105153,2
9.71516132530012,9.181257505353713,8.387748840527541,4.238196477402322,3.7930250099479075,9.607801905057526,0
9.745141920671113,9.626621489457062,9.571369163144158,4.100242506352936,6.719122259952925,5.09671310115325,2
9.53387881587893,8.01391458114827,9.876266797159849,9.72756250455732,9.788742124169246,5.069142778455564,1
8.613628656299097,7.456708902797625,6.353570726477741,5.975009876732459,5.58431311774036,8.844315053929396,0
8.879243224898357,9.209469037823629,7.482717295635392,8.892504499354732,7.941999067778764,4.958107734236923,1
8.903630527772073,5.052243308157384,5.587755765115883,5.31440380103118,8.931917623888808,9.28169838963656,3
8.553440173975723,5.848020625140034,5.836113521589875,5.058425844535428,8.761818398686,8.338902757553532,3
7.715061205184109,7.885470838015976,8.708018177763353,5.361768503190852,5.654094168800159,7.744555021712918,0
9.072035441022273,7.719650980282134,8.842713804536027,8.51679546655948,8.900631088741921,6.122608827166677,1
10.0,7.266283780471803,9.452053113775007,10.0,10.0,5.199460069178476,1
8.644467314150857,7.475144662943077,8.199665061511778,8.438624298065307,8.11185795735934,4.843894722646388,1
8.292330673556641,3.799903428182355,4.393875566376456,3.718445795938451,8.44599930820544,8.276499653461762,3
9.903768996793008,10.0,7.462191342576375,5.492959709456825,5.18944055555239,10.0,0
7.861234001784015,6.317758538016151,8.065229177626428,8.14806663453282,7.794106293514439,4.308948299369494,1
10.0,9.983369797697677,9.444826421000142,3.715601354716736,7.279767942006749,4.277014436889891,2
9.139304386248696,6.780626409159021,8.240398602677603,9.079744287443921,9.037025805791416,4.625008778600577,1
8.83950291739684,4.20620340905689,3.9881993143014824,4.232730864423599,8.573404862741224,9.221821791467681,3
8.486104633026295,6.038666928046702,8.578183627524863,8.21339953439441,7.958821575431026,3.980639522724519,1
9.729324700233741,7.71377431981407,9.460298861771617,9.594499814225019,10.0,5.816537110631359,1
10.0,4.229993073366533,3.640461523767019,4.366811605754656,9.65179689319246,10.0,3
9.467983285100974,9.342301477841358,9.309883515055501,3.6280662291456443,7.018984478511345,3.7100744512819954,2
8.425717118949583,8.13911022641549,7.820193843098636,3.4602867165941453,8.353028572250883,3.9326747356689995,2
8.481923717232766,8.44652923810973,7.489213998380388,3.8386020758980086,3.9018202781249816,8.601851699365222,0
9.676934719208603,6.387067333140506,10.0,9.764140171733493,9.726779082374012,5.188889268880712,1
8.126757518517804,5.187485585645957,4.903609928630523,4.8061800331572595,8.025472509874625,8.25457526025313,3
9.773475282718186,9.102484880067285,6.17316858356905,4.287018558775809,5.268342557207862,9.423570665887075,0
9.720733613349056,7.5074279359312035,10.0,9.629487659501779,9.456996256719954,5.110184686959223,1
9.967638067210805,9.85245004981941,6.067189198756269,5.588142830847327,5.7051180040548735,9.588825352660994,0
9.49871167439293,9.26697239570698,8.178521378559855,5.9428929593754685,5.426001213299266,8.842606675263575,0
8.765871534285703,8.519617348329362,9.007162782136096,3.203261580322126,8.180883480504468,3.2972556911733233,2
8.7661333701592,9.248841230798755,6.911842845417268,5.744532336143733,6.052669976176316,9.208256119123456,0
9.618056513082232,9.631136693257186,9.066784428201544,3.803075323857835,8.324210417371708,3.7547198543419853,2
9.844682087181221,7.803471503566609,9.610816439913549,10.0,9.768232491568392,2.647092505578268,1
10.0,9.369093051112712,7.124817756625049,4.061189772665142,4.589280002231405,10.0,0
8.168740429573141,7.7903029317321755,6.6224113846482435,5.774027892474715,5.672508290508945,7.5006908701837425,0
7.718693584573716,7.59884266135309,7.915154672211863,7.7138764522439995,7.883921112712128,5.560482170416775,1
8.636595715177503,8.66663813399886,7.67514723474219,3.6309106264608935,6.250604044550985,4.306681007504577,2
8.60848505706331,8.797037742332193,8.417009004850508,4.34371913646704,8.425630625969042,5.135093803026118,2
9.088567659321798,4.340755515074599,3.7274924402300957,4.265178455176265,9.593243857744538,9.707514921124272,3
8.804554031109548,4.949280703664304,5.6235830139298,5.360973175985038,8.450311867986875,8.785667661419604,3
9.286098559407716,9.665656886224987,8.89284093197725,4.223022815558027,8.262625307869078,3.378316648194784,2
9.179019122852894,8.081867988238299,8.143222816025958,3.8368371825641483,3.640049998087528,8.350447574388177,0
9.727104139963059,9.774279369568417,7.358001526935576,5.930035220211979,5.988617361033624,9.701595659821058,0
10.0,9.881089596252169,10.0,3.562457480312898,6.9873412020063554,3.4729963556160026,2
9.42435781209881,4.159524026956506,4.635290283423872,4.7253420453474835,9.085319841592241,9.427229716858063,3
8.761703584619603,9.987758745271947,8.807080143528449,5.415386920677524,8.0598578362602,6.1346762583189305,2
7.661214323770701,5.359775629864102,5.817172112855482,5.952096933067518,7.977037459586011,7.9760817645944435,3
9.684512343901483,6.155541788394885,10.0,9.156506212774193,9.4924478982718,5.879723414705019,1
8.264527267115389,2.835626400553219,3.2382646950367664,2.6433450548844224,8.798314100943273,8.561929829406996,3
8.867897804311696,6.468898995082705,9.059074272624434,8.606927947961056,8.17614940975678,4.084313870474724,1
9.622224237782063,6.178792733931099,5.181841408293568,5.414621488676175,9.96716725617172,9.328289440843488,3
8.443890726633349,4.703488113517943,4.708210959774657,4.273064189958988,8.507290460605644,8.7575864724335,3
9.976916518462707,10.0,9.923392363102927,4.447900262365571,8.058646960059397,4.906301664716413,2
9.068422422605483,4.441291214611642,4.317889358924423,4.330103286887017,9.447939611440173,9.722616394902678,3
8.968739968295143,9.824017052893542,9.230169462553265,5.583635659005753,8.418299516375527,5.911346952036279,2
8.346464233244731,8.813159498205565,9.258082725639747,2.687729840831419,7.059031357157014,3.186378583811534,2
8.44721882016131,8.34170210054229,6.650809760161018,4.372563006384172,4.340273376101183,8.084150379805074,0
9.035096194501584,7.2648560406501,8.801985869392107,8.49646713028065,8.499358282369366,3.1065170991528888,1
9.38243706433454,9.33517148386823,9.072473804612176,4.5095749758390555,6.059840738019963,4.588989172014483,2
8.104299502806178,4.005807749160292,3.66411283661689,3.959400379047217,8.747063562085044,8.531059143894705,3
8.65695815003217,5.104675303954599,5.312843329310615,5.110942063745384,9.206155046435846,8.765073653705217,3
10.0,8.406256572442324,9.70277228983622,10.0,10.0,3.3103237060295303,1
10.0,8.042293051272809,9.207398652237222,9.776438849045475,9.414016279729882,4.3670712467755735,1
9.909964874059773,9.7051131752388,10.0,6.062359221921584,7.139753197355113,5.978670501001941,2
8.31620252930704,6.398136896136399,7.899252217842782,8.208249642871284,8.858228063712398,2.388829780772457,1
8.423128505695665,8.241192808775248,8.444304465904938,2.833080212842094,3.417037879322426,8.46763862931822,0
8.762428602983556,2.5023166808943325,3.0325132873528635,2.6283409342797914,8.016551222876958,7.931585993819965,3
8.075011197062917,8.87376329283683,6.844999218878847,3.9282492403623075,4.627207572487282,8.465177089153796,0
9.1937456158515,5.099330830895535,6.149517465099609,5.43975988094098,9.518884389861032,9.957238455284864,3
8.744235911610335,9.165593673434916,8.77579995284503,3.3613389705192858,6.462976484419263,3.881643614765562,2
8.873929848813383,8.666869849461682,8.997886001589656,2.6279368927597218,3.337349298267761,9.261484415726908,0
8.83232930602054,5.096580963325726,4.723938929265583,5.1505344744140205,9.075938055492418,9.593605489048683,3
9.722240488878608,8.92637087113432,8.190778165801138,5.71229532485135,8.842864928155572,6.334561434708607,2
9.435734952192798,4.4259354312884795,4.070062941752741,4.321247764931822,9.73209495079862,10.0,3
8.484636452533355,4.979125895242717,4.57629367056716,6.1154571820274075,9.130124560788945,8.846054410560912,3
10.0,7.426306787923145,10.0,9.771483799268388,9.805377168458781,4.598106348748305,1
8.751916505905738,2.8056318494673427,3.545162214262557,2.598938536343037,8.50486648208,8.956895030245587,3
9.862675339252794,9.243295663902455,8.891883063333797,5.173325626548819,5.241944334873767,9.473555666631473,0
9.142983706111641,5.946469303958921,5.428346408828595,5.7338266807894485,9.314694055523418,8.129776360857228,3
10.0,3.791719178696646,4.040113865347271,4.159705639127385,9.79032143705752,9.965485575468493,3
8.05694763318872,6.107594380494918,5.888778861327683,6.256514963370888,8.301990527002909,8.476075264813188,3
8.254180588821,8.54347098417484,7.388702846980094,5.740600949910293,7.841117614726523,6.056518505080402,2
9.22331603897466,8.374971103379703,8.5984714364216,8.769009063097661,8.649507221374828,3.6185336684243916,1
9.738372314794022,9.862297932595181,9.870376266618445,3.4181355054383995,8.15251517177199,3.041848256214826,2
8.641684670473664,5.35093836477728,5.121411364655739,5.631413463513363,8.920328903229903,8.173596107307787,3
8.58894882259383,4.026500380512738,3.623164394701663,4.15728840731723,8.074854118336864,7.927102996401761,3
10.0,9.842566820708104,9.740141135375925,4.531259689532186,9.125086888273652,4.942893514771474,2
9.052642200220077,10.0,7.507740201895063,2.804286062699689,2.964470831398352,9.643233942254268,0
8.256696544926447,8.514923767827273,7.913104616373866,8.151721085987,8.538305176259575,5.35314029327846,1
7.921593008223083,8.451689716328833,7.7456371524520415,4.812785719227679,7.079437282725634,4.548849486387133,2
9.57452617023199,9.517393353703168,9.666518467451219,3.5619321434842983,7.828498897184068,2.659163739735267,2
9.039877746557941,8.615247200026653,9.068764546924792,3.035374037623617,7.78572617970631,3.6412377139522674,2
8.7318048895098,7.13358321585713,9.413364288977636,8.583410506717446,9.526688189867908,5.347489105008494,1
9.03971367278484,9.741901345390191,7.611753041687796,3.800133326503475,3.963436893154754,9.637341003202984,0
8.989359852278797,9.38486401797118,9.08728212438711,3.746630544824696,7.001864017950525,3.511515741721428,2
9.918694735711215,9.986090354122787,7.1152857260110585,3.600590767323269,3.4983770893670143,9.173244734304346,0
8.679463896447784,8.914302159819714,8.545721301667076,4.352245598908495,5.453191949910868,5.068644656945645,2
10.0,6.08821786799182,10.0,10.0,10.0,3.283112490487247,1
8.982884581178146,8.548679585818311,8.586914771392868,5.27027911850469,7.53575918502552,4.542584429238891,2
9.654663541118673,6.577215663047643,9.855811478898888,9.347140042714111,9.246647054860807,4.989259894581628,1
10.0,6.291594895755013,5.864210284130844,6.058448555962805,10.0,10.0,3
8.11288267144157,8.211079293221408,6.804191535775883,3.858794515269509,4.400392964872437,8.488267975719433,0
8.384256660563132,3.119857466814942,3.3769722885638056,2.72349028388086,9.164148278974032,8.833355810675569,3
9.02973705984563,5.040798665390076,5.246225073589968,5.540247670779073,10.0,10.0,3
9.562601940203036,8.694318958491284,8.216715269108096,5.2377736658033225,4.898035589607565,9.170442784560478,0
9.941909073688825,9.629249558819255,8.085642777118114,5.048623488465122,4.746261291512692,10.0,0
9.585602521839938,9.200374391628301,8.568996060885697,9.860068410661736,9.546844220209177,3.55549388433872,1
9.69175598305249,10.0,6.9379395969962925,5.456958023079672,5.148300837807979,10.0,0
9.389446914412956,4.457221669760951,4.38636604909016,4.610848406689145,9.213161472611628,9.751205580843289,3
8.569856570903335,5.462439013922556,3.925791198300009,4.434562022554512,8.86402218944678,8.896089096857303,3
9.757722013810293,8.198497897493077,9.339065165438752,9.481820397107299,9.536588108067678,3.2634162746467084,1
9.811193992237833,9.820111572461203,10.0,5.508119031197164,6.799729732972601,5.372692175939905,2
9.808075430517514,9.788558145271196,9.588028648067557,5.449113912379416,7.625307524917459,6.088751221913871,2
9.623777956572788,9.284628651538211,9.232539071642504,6.051814499987138,7.381103635424033,5.360432196691305,2
10.0,9.651346628694073,8.998629607468818,5.1054895747919655,7.201029371645319,4.401478503375382,2
8.734735177123802,9.246890494768744,7.8496275206303645,3.3631925575841124,3.422931680106975,9.215418987804531,0
9.588358294768714,3.2477279589145183,3.3657107732873945,3.3930146183555747,10.0,10.0,3
8.802053223850836,8.85554715172003,7.900878574953006,4.9080620867370826,8.281749717361109,4.539348321910691,2
8.133275416652987,4.723005001553812,3.954341280887069,4.698898615593172,8.983059169489444,8.848576675993057,3
10.0,8.772118335670482,9.610710634420963,10.0,9.537753900319377,4.6950950435651375,1
8.374120970858487,6.65110322690524,9.05955446476306,8.826063382705646,7.917619757526934,4.517651916074246,1
8.57552219690907,5.011194593466335,5.133139710709618,5.468345153280583,8.593874886915378,9.063034687362252,3
9.417284978990951,8.734939731627456,7.971008076265264,4.767109551862981,4.210496183013582,9.88593294540483,0
8.29861318790387,3.479414068651216,2.621217579211019,3.4829029577588444,8.099944188578473,8.415080555863673,3
9.06859995160843,6.090452912616094,8.972449255907083,9.274560561933669,8.680886351712479,3.6822630067932725,1
9.963159785254202,9.1474424547951,9.87747774063425,4.629893054353494,6.4831671475600725,5.037373834024254,2
8.341606195971563,2.5649500709121065,3.9940843198451463,2.8451752331469926,9.25805588908068,9.04446666912269,3
9.390614525517135,9.034471436827276,7.190823241186929,4.568906085007592,4.644826338121538,9.22412184798472,0
9.611837697477087,9.828845685561655,9.816150271449999,3.555502493960686,6.515013330714759,3.3953238555949126,2
8.102568503271828,8.538253363504348,7.406703509042038,5.930426376473676,6.034390148345767,7.92888441271219,0
10.0,6.772991284196056,10.0,9.691347511195271,10.0,4.020887267330949,1
9.68056503146921,10.0,8.628225166142892,4.282712244483499,3.855282739868505,9.603663680032014,0
10.0,9.492927734759746,9.27696128705583,5.8775193247686595,7.634104325288639,5.372788209289481,2
8.946331292370173,5.7166795659400025,5.176254456792792,5.217576855491439,9.31330508008524,9.228938911636408,3
8.653139834085886,8.829488731801828,7.118826216022565,4.1038125696151,4.991489365031875,8.24747903802207,0
8.49761268348589,5.459086280542237,5.738300892427618,5.090076465547206,9.621892360220903,8.939293745093195,3
9.788000475396364,5.505496566940195,5.301006785853005,5.55759768485826,10.0,9.611201371057017,3
9.700514902894817,10.0,8.241082733372581,5.713224609674816,5.864357557262638,9.742309972851109,0
9.983606252274706,9.294295213055419,9.254978176105247,3.370131865439556,6.850771833272071,3.722342340602494,2
9.239571277226384,9.34764797486016,9.386787638277278,5.374709535252071,6.644782084202264,6.118592786028433,2
8.396075169381263,8.690495469772129,7.32021538043048,3.8706475910543423,4.172069484312202,8.59043350915477,0
8.731278068236707,8.620464918420815,9.14126408872737,5.106628112571873,7.853146154046828,5.2456954265328966,2
8.835535089317448,7.95933748750555,9.189309255603545,9.25843638006357,9.451265472210286,3.038555017146151,1
10.0,7.1426265638668,10.0,9.378672634698443,9.64478042206607,4.417817137247081,1
9.305916269172286,4.130901955033482,3.6316944016344497,4.4422337696059575,9.198907793288097,9.345904165394275,3
8.921471710460146,7.776941573959712,6.398983555186663,5.180966045822089,5.635269175987594,8.060289370096351,0
8.820746641036267,8.36498646951613,8.332154093391345,2.703091308775168,7.227383697362808,2.9083691410859283,2
8.65495649643211,8.496477284361035,8.73708256003148,3.847658868373937,6.8368177271352835,3.3022065748772147,2
9.03551946753991,4.685841484419426,5.2798526617065304,4.806078503200485,9.637191004729214,8.313303677763821,3
8.986209919862603,9.05437396877009,8.806629704174293,4.260417460069764,4.594190958774585,9.65211182840804,0
9.867030686852015,9.91914179398666,7.449568127287337,3.3948250836741387,3.2225267482554587,10.0,0
7.48061112586545,7.805932074422816,8.535193867234238,4.2546417038539195,6.88639513810365,3.597415367676995,2
9.87539080071375,4.957498008308051,3.4987984375479684,3.5474049476398,9.836491755080466,9.759119642957714,3
9.757186886635816,10.0,6.380971273525891,6.355373929756482,5.881599800379539,9.660107757948646,0
9.9751778065959,3.5615081835667133,4.105201651860451,4.624559465835462,10.0,10.0,3
8.318255534289815,8.268099182527484,7.230145865482909,5.459746969000288,5.864493254498779,8.917554864782517,0
9.631798241496039,9.439833843738334,8.438863808961516,4.378385075732126,4.507246432513381,9.384932133652795,0
9.473489577788502,6.127573280754882,9.794105729086121,9.940842505655997,10.0,4.538755953744517,1
9.628497765686927,3.5708779504072035,3.843763508814799,3.4806524838285124,10.0,8.705474490765845,3
9.322455907526901,9.899135970215276,7.946728320305316,3.9932168829870074,4.4799300707159,9.202738080088224,0
9.266302264384965,9.273780615814744,10.0,4.478993513700514,6.819026859727786,5.052778340428446,2
9.941399102283555,6.673106755507738,10.0,9.916217129761488,9.801926366926086,4.793780691607443,1
7.908030437749613,8.172230424623404,8.29880355098406,3.650368572011972,3.5086474421626206,8.431188074081264,0
8.612867484664827,4.28400467267549,4.514573334731301,4.794640840702394,8.680614049853547,8.36104498182494,3
9.202857703452887,7.3291784951899075,8.781898430435037,9.184496997267143,9.10947112255662,4.068322540087817,1
9.783195395361778,9.599172487852208,8.203286005394897,4.112712300944062,5.327160582736623,9.653168521101911,0
8.404682327072539,8.780827552291814,8.649118613265175,5.677003335848897,6.936756704574748,5.304332919146713,2
9.149329390314685,8.585719346490784,8.78626092941679,5.254277519031974,6.62930673600563,5.055084980112223,2
8.813045648141669,7.9565035900137175,8.620883539560038,8.914771263851156,10.0,3.753394071440415,1
8.384919782557894,8.46099090080891,8.23305079178646,4.115761125876642,4.2096634255344005,7.83712182224187,0
8.070863302606945,8.352353357217261,8.024958656770542,5.1963896461102514,5.649600304574742,7.699854427170328,0
7.345033686600086,8.534244196316777,7.791686408788317,5.17949385725239,4.503060817910133,7.941668575584428,0
8.960193943708108,6.3471621906256654,6.0522876812054065,6.281979887080972,8.426191864945544,8.4474529059203,3
8.808057350558263,2.8069726428308304,2.84910129419045,3.0099410740401122,8.448920642076477,8.219203649024982,3
8.854586814015619,6.500371383140985,8.097452767305446,9.006454630791703,7.731924112027072,4.509935492294149,1
8.349225140576998,3.5815253079090863,3.4487995863978727,2.481822192660546,8.736408857424637,8.15442607567981,3
10.0,10.0,5.581326173105719,3.8704223070233463,4.019807000065742,10.0,0
8.569825146643844,8.409538165403912,7.9207098394992705,5.8649237839963,6.379223743374622,7.997730513105574,0
8.47971174698416,7.655032218415737,8.06908245484499,8.413295321758502,8.760620784149301,4.33355362966947,1
8.868782534071991,8.853296702333314,8.495548289681025,4.711202681686019,5.7112755011503165,4.320042391946998,2
9.001062831469994,9.302344765147444,7.462873178536801,4.533800077804231,4.926958459287978,9.696272623043118,0
8.271366846028261,8.104950072646417,7.745961603977821,3.763106662431297,8.367961424435105,4.009555525065372,2
9.768865586746458,9.463109616005424,7.882776684447284,3.5938519217718268,3.4372717965516038,9.663902010016189,0
9.024450017913425,3.7124309601018033,4.194003664843248,3.8050391956372858,8.939469158174791,9.651426791248925,3
9.979841035049395,8.716824670272192,9.615070870659112,10.0,10.0,5.619798797546102,1
8.80845433826909,8.530203680275404,9.321235227129916,4.9525961912311445,7.262999902925178,5.0818068023573355,2
10.0,4.08377665688813,4.956441102218896,4.304768562701202,10.0,9.917644848565494,3
8.910450572442311,5.213806164564497,4.992532934549793,5.202231739979263,8.672046518463718,8.59181784450889,3
8.009646549578886,8.180939585787383,8.43640947417306,4.968481084077361,6.340824511813069,5.158073170949702,2
8.764825727568523,8.972085264874742,9.098300858925652,9.20440900076205,9.197806690682807,4.9386210672133855,1
8.880169265580784,5.264121659650931,5.495903322343916,6.287788119303792,8.929488298976084,9.180261284950358,3
9.124245421735237,9.050079695833935,9.025496080042462,3.178554405177217,6.793475044612218,3.4291483961050138,2
9.125056734418916,4.803904376120825,5.057999251611135,5.084104661773401,9.437045452786721,9.37437173998108,3
9.291644674536254,7.43694838162022,10.0,9.599518903234188,10.0,4.712095332663686,1
9.267377527758459,9.67896052338784,9.478719280535692,2.747072013906726,8.239586997189912,2.866137832110233,2
8.466472126483696,8.834827786612067,8.291558906484898,5.53827340972641,7.51368924813719,5.368492463912818,2
8.051686901367159,8.087886961734453,8.638736142430744,3.630482504003117,3.685970580336159,7.876698199833973,0
8.840362703848346,6.022215882878222,9.491757078873867,9.194840467523308,9.37126172683266,4.860535618832315,1
9.47029334330902,10.0,9.4474542443446,4.682262930826268,8.535160177495271,4.8375931479371905,2
8.051617782866405,8.800953997241514,5.491885555710018,3.490363143905066,3.1441912253237274,7.913090200380523,0
8.404921467917431,5.26522786836653,5.220716225250307,5.315336827054061,8.355932220062225,8.46497017578863,3
8.234380078153034,7.602040735379152,7.253832018188514,4.345573051588864,3.308526740777957,7.99772745350373,0
9.908661628194652,9.920919588119508,7.9145588185325755,4.656718048333179,4.274774931047807,10.0,0
9.179847305801365,5.610233446955817,5.059407643197343,6.131879068869579,9.573768686205735,9.652065072333821,3
8.165118291975606,8.44278090109362,8.160246811772867,2.987227664932209,7.82838375900561,3.303000686279671,2
9.146285232319798,8.929377052143739,9.499802037218139,4.992657088533234,8.012043644631184,4.769792603669894,2
8.713367199445905,8.689204465833107,9.063546127910392,8.746774306424584,8.665472305419911,5.964825061360535,1
9.781930029781977,5.369738814226008,5.942542564717254,5.083515792188084,9.644807418007062,9.783542523508467,3
8.34952847830375,8.69020412567591,8.858288116821374,4.159927346445404,3.4164776798605994,8.57032016810033,0
9.055891341936414,4.130975763524796,4.8230686602430515,4.801553497794538,10.0,9.83001634058039,3
9.056855459585947,8.403646040526056,8.273272400845894,8.743684918356843,8.581674722140113,5.115490240893621,1
8.847320236264073,8.040372647015621,8.458024244509742,9.52220976922874,8.522865688829988,3.151988277889832,1
9.431620314961172,9.242588323668599,9.584235863920664,5.442113377534134,8.144652450464298,5.539323141312779,2
7.631829110962915,7.976472925873512,8.729012290523531,5.576145069186309,5.3316417199904365,8.380989106462938,0
8.717559516860431,6.9904743552839115,8.542701704590314,8.509937462122057,8.924097471415829,3.7466966104923474,1
8.137569524651493,7.25141946213789,8.309807657043583,3.8111318308274074,7.608939483180512,4.076994307266158,2
8.486004555917726,7.551122517207851,8.453086288318591,8.822457606752508,8.419806206365386,3.6013137463309897,1
8.175284784798928,8.743165255643708,6.995705069999233,5.059161582187961,5.90620824724743,9.072667021534185,0
8.425805319434623,4.0391548202844065,4.768722237123521,3.265304283821428,7.968675477666905,8.498241689796068,3
8.30246597775917,8.4405292935522,7.745964631199309,8.295760048885287,7.530953464035662,4.057099412587798,1
8.969587850125741,8.526183661508696,9.114981960729105,5.558186572251303,6.535698310332074,5.694978052619228,2
8.45360929195214,7.341960747695474,8.140446619200285,8.02005715359182,8.347960264268297,5.110795811124808,1
10.0,7.389232746228492,9.646344452833691,9.62944452420182,10.0,3.1701108169161936,1
8.79877663018131,8.094457728264318,7.695672630396974,7.93341686060017,8.555958123157934,4.1241212288934035,1
8.812779757619944,7.758430972080317,9.367692210081167,9.146045258757347,9.627107100883052,3.779723594993815,1
8.770834646798296,6.061165300479563,6.163513206954818,5.364773437895227,8.947860460949215,9.588296153124972,3
8.325574198432697,8.726295878365343,8.719821454073552,4.549156689993649,4.58171126238325,8.536292074527147,0
7.742262882231419,7.739653682763423,8.353981757832617,8.564259937561097,8.768351014512488,3.5661820533491015,1
9.451376175215904,9.902607154403773,9.403518144704417,5.914638536817044,6.567602818329402,6.30942468727421,2
9.669777029526331,9.238499556674526,9.169037134480082,3.976389542754431,6.2643896507477335,3.5245981276927583,2
8.62394210026917,9.194417302655008,8.842680927890502,4.985227323931056,6.307231901165883,4.772074481791213,2
8.195592558505934,8.373767950357063,7.9277773043639,5.866727295316135,5.785570936654142,7.936044325838051,0
9.91908976749484,4.006862522043023,4.027114705719776,4.556084431021908,9.801352245871367,10.0,3
7.954267838692988,8.081900695837945,5.93858931954159,4.706463350674871,4.493229134509138,7.835187449983288,0
9.358307333341013,7.432924344256126,9.654681111300135,8.630212636598511,8.981029500891063,5.027474150595979,1
8.631993027708727,5.67647361766515,8.198695676316792,8.591791383367402,8.980610502228616,3.2702015275662637,1
9.338775215422244,6.556750000955785,9.687929368697876,9.134358756151777,9.806512381417932,4.807097117668347,1
9.498387867144757,7.643582917775838,9.241331967761258,9.606455245299589,9.190318036522235,3.3161360848914363,1
9.00402864595505,6.2484717716728095,9.002043473845935,9.219477555865945,9.471478217434138,5.673309358459999,1
8.316156958372966,3.2334797774965334,2.881128807893959,3.005839962524392,8.653899477427947,8.95189797852546,3
9.622446066224393,7.754560585132606,9.823851402232258,9.521464932002292,8.829153116871812,5.535981428738423,1
9.070897977108352,9.711560588407847,7.401007650757287,4.2425669693021835,3.2972899947697996,9.358336683288375,0
10.0,8.230172370044091,9.099945229649641,9.97032199450364,9.315321622574388,3.622635376557939,1
9.475703426902808,9.05340445025695,9.173409740588813,2.965917529540613,9.20902287924132,3.9838744126249828,2
8.649511723342806,5.698288271087683,5.755209571969778,5.322106371126438,8.715461729979271,8.992363973334712,3
9.226050627786787,7.286033716285912,9.006138476788468,9.88891192136035,9.237188168986094,5.563597196942014,1
8.488811579918226,8.571801807876287,9.055807509219028,4.791095484003568,8.121122877124192,5.175005430084836,2
9.130226119946157,6.358033411789241,9.295931404655608,9.041482428720299,8.7472612773251,5.228248730599294,1
8.045394637739621,4.561080256909292,4.211756151483014,3.900189888750632,8.978248354045821,8.361357652176284,3
9.928014476915408,9.619267829534579,8.243196589772458,5.777206582737248,5.3829901009503685,9.922976482650649,0
7.904722023297955,5.090427270684758,4.89274676552261,4.512235277539249,8.0352929176394,8.242636910035129,3
10.0,9.38478054146384,9.039627384745733,5.831759043449532,7.182795527745277,5.886623452833475,2
7.894672076319479,8.168894617237203,6.48698397078399,5.703430175302167,5.392806313470377,8.562093630401764,0
10.0,9.685638117356602,9.452448908996868,5.960566999604611,7.051478636585919,5.627680322348082,2
8.715290781476256,9.577483261000797,8.747676615852695,4.633762026844525,7.766783854600933,4.555843443224921,2
8.692232094486013,9.169618297719289,5.914713681681323,6.057711876780023,6.054934423455568,9.65124805282929,0
7.923184874544779,3.034864455880657,3.2456242975285896,3.5742841651802157,8.474076232165604,8.876650071977572,3
9.549529461166005,9.249117949530035,9.108574646151894,5.243601323116917,6.590475171930082,5.302457462887592,2
9.843340789536148,6.451821667265322,9.507132717966877,9.749284961578157,10.0,3.7799255159913727,1
9.52071387358384,8.159919260632888,9.741515303613571,9.494509352927807,10.0,2.9460480983879593,1
9.608064100992593,8.896042903356696,8.792666781495734,3.543789224565848,5.96229467459481,2.742258646075356,2
9.241645745268213,9.29784393518342,9.53194153470937,5.5203711478195645,6.555094065947337,5.200047243243941,2
9.926979676450648,3.4713041512168807,3.2450492124944796,3.3728876579547427,9.471638217822859,9.660339493485631,3
9.37458449161727,3.405715119629012,3.494200673521438,3.9019982151172288,9.103890544493153,9.536492859521983,3
8.55575474368795,8.67693887837592,8.470691208801012,4.6266260794863925,6.892371565182941,5.737302006171731,2
8.180168463495647,8.793391287979338,8.006493243727114,4.431445685737556,6.864104780345239,4.589457658150344,2
9.495128077953089,8.064598244466518,9.447973030363531,9.509697564783478,9.392516730083774,5.709291338840223,1
9.240306286939827,9.621651445134344,10.0,3.540064349543724,7.8781006066592925,4.242312914599992,2
8.706216441412524,8.969273787612194,7.006082336608215,5.229368415471335,4.794323795961456,8.58451392467068,0
10.0,7.136132001116743,9.305079414922071,9.575660909156563,9.947176642515243,3.280647437902687,1
8.549458397042057,8.178383486017404,9.396387732009234,8.727324332563246,9.708860603290109,5.230803360666505,1
9.670965039797537,9.877638357919194,8.141950093771236,5.708385187512475,4.962091203684056,10.0,0
9.29546731374871,8.828522306205715,8.669412970028006,3.5049594668909374,8.390364961543817,3.808272270570046,2
9.157822136966688,7.842070608596368,8.63139687703582,8.85895283313938,9.037367874143026,2.7798481390997356,1
10.0,9.833712124770773,7.348823628285858,2.87447659517175,3.4655737427562285,9.713137791961646,0
9.001885279652221,9.049631486390584,9.994267375224014,5.924683138652403,8.191784870915573,5.45044953875748,2
9.51170481417225,9.007839269087652,8.755555409876727,3.8970055057320874,7.487263962637132,3.419787659770051,2
8.784477510913892,8.825175416051962,8.066687687244375,4.501918719073406,8.328585809131924,3.893426214154354,2
8.467901651749674,4.632198576415755,4.883388208293839,4.633975328772807,8.64383048989881,8.488638917676944,3
8.585869324590076,6.500505277108732,8.1670921166433,9.167237626288022,8.427228479598181,3.973216223663685,1
8.57496011738108,8.01874551183363,7.932769379879452,4.733366175407704,4.291718884152249,8.842634095379802,0
9.33759779398175,5.40342927385236,5.72803648595505,5.774175340178239,9.578714116390678,9.893578940882879,3
9.651285191261824,9.547126303809998,9.270744607474823,3.28607342621393,7.0623078670432715,2.966306283295683,2
9.600791537299006,6.177991967756555,5.93376278233386,6.020590429522776,9.778558467871177,9.750723027483819,3
8.042827064147708,7.930937211185813,8.624528656836583,4.937032565506544,7.914112083120895,4.3099450741795255,2
9.606084665840628,9.179371357562955,9.356838615491366,4.6117930915537,7.556855849149162,5.050938948289528,2
10.0,9.27889919772802,9.45917357796554,5.057218314486297,8.71422464794243,5.32780665417689,2
9.854176200780012,9.654314932712488,8.127899435804169,5.419338465981149,5.316905119402174,9.565971887173271,0
10.0,4.752525016042387,4.964253095049893,4.565999257514632,9.873101297089843,9.269403101073785,3
9.035672058247538,8.780359400017447,9.130868475291315,5.3469089812943364,7.809404878831588,4.590633845037363,2
8.626700441390417,8.24604393210192,8.328084446499341,6.103361703406895,7.522571435782267,5.178784586473908,2
9.305524159614315,7.485015212620678,10.0,10.0,10.0,5.436801019785649,1
8.108277846011218,7.466371180390819,8.316529753543593,8.346812917714477,8.24642283839177,3.783287570028866,1
8.836714742405826,8.356714893771919,8.61008138617798,5.802841811887001,7.483273888567017,5.002277116271296,2
8.168062364338748,8.99493781221416,8.318186025398637,5.4023476484539,5.81132170469008,8.404175179688261,0
9.090543767863762,6.363521226257655,9.510201655346735,9.980480026572526,9.563304362809923,5.30762345264195,1
9.362772730293598,9.323902690239601,9.934779011636756,4.226761448698564,6.415165753164511,4.370181127069235,2
8.294947588652072,7.810435697457539,6.127619143870831,3.6245686015166187,3.892311494509624,8.15416910128197,0
9.65450847312369,8.477230737697854,9.881236449124394,10.0,9.34766994214941,4.833338794331374,1
8.270287823120661,8.672383628865191,8.04801574780356,5.075486989281721,5.468229271270107,9.173394667608175,0
8.22001223540237,4.429579992748732,3.866915314001795,4.163994166182324,7.494093880031996,7.966620567309559,3
10.0,8.428914803860458,8.780385811689058,9.484479866526517,8.903015885750111,4.05043771628166,1
9.301850551310736,5.346254019633514,5.091199734154763,5.565111030047862,9.233154879971508,8.887753488981353,3
8.19594820689043,8.494226607464247,8.65114152056634,3.82054116705359,3.631848775628763,7.938896830642697,0
7.702425187198379,7.1799647912398745,8.168349386120529,8.303969057874145,7.961572063977387,3.3385834174696702,1
9.699777089024494,9.310061877588083,6.274517047318887,4.1318736813090675,4.894555160339344,8.865754379569719,0
9.381658314858464,9.476460285415548,9.396525586768659,2.8267308446865145,6.888757884969803,3.3445556426364336,2
9.381596392422786,5.663399734373533,5.824029286142058,5.84481122728395,9.17900159997852,9.608522600613874,3
7.537115014864006,6.174809495954219,4.821423646449782,5.118268294752944,7.795575804711435,7.64074805458714,3
8.855690019498962,4.207734057727379,3.7391895155185115,3.913894690987996,8.704749664262017,8.627139511453873,3
9.516729868052488,8.523540169986733,10.0,9.614921097895671,10.0,4.045800491506468,1
9.379604720773955,4.945412936671222,4.741959685154731,4.718242507208287,9.553216119848967,9.651786609025553,3
7.649478735471463,8.131747598094039,8.205267844251129,3.198903856325721,8.721203750677848,3.605076455018783,2
8.91176808733008,5.337944351420515,5.61414798385643,4.769435463802354,9.026586747292976,9.268520685146594,3
8.188038170773137,8.389048400518716,8.155892919174244,4.368405972300378,7.201100996079339,4.216010279706337,2
9.87986389114897,3.399221481081256,3.390293753250032,3.642805958462669,9.54265268972879,9.68207286243202,3
7.697006011821038,8.183899944498854,8.164328170736717,4.9556322414972325,5.1385836943672505,8.0465601358288,0
8.882413678861099,8.232031136977891,8.687376741592702,4.271071899692213,5.72661323329891,3.447777802890085,2
8.078859141284875,7.730914211429141,7.70850597982923,5.3378451239368525,6.509348027981619,4.9145040429201385,2
8.617741737248135,3.6041365699317294,3.7803141160999734,3.7593956660035426,9.114634090932913,8.875078017027487,3
9.75747665870995,7.8549878724398186,9.10947527707554,9.369339775522448,10.0,5.406873836254324,1
8.469763436443644,8.246217185894942,8.164848431826854,2.5455095306578253,8.98299024018982,3.6370894522703243,2
9.569078211607788,5.109757311158881,4.273385884164496,5.160971677717604,9.242011066167535,9.616569161606908,3
8.025961873497497,8.971283317855391,8.921239757918096,8.052068957778607,8.006867652613897,5.479169630042848,1
9.401690775094835,9.71303749683166,9.289149940527542,4.647782630285394,7.701481625525203,5.4454628265167,2
8.123320618519639,8.19109134714237,8.27418962470622,3.659305783847316,6.3916047565825735,3.5300806303285834,2
8.478989449409372,5.351350956349376,4.798006236498925,4.94074614351753,8.207195121034365,8.236294694816333,3
9.10060252109552,6.927514374794181,8.810505243003707,8.800674889930601,8.249422435542485,6.251926787414386,1
9.150723475876998,8.73090085060121,8.32417412056061,4.004354502612148,3.605349116617413,8.562500374776567,0
8.203791691425492,8.20531917355867,8.775616872084418,8.734094173837232,8.552427060856093,4.655150952190461,1
7.9998665288484325,7.5661883265679215,7.765897768046767,4.928989374772531,5.579720329400444,7.885439853113324,0
8.792456319878077,8.36059054371502,8.600459124235485,4.061502794501911,3.6476858268673054,9.153186279179295,0
9.259923184507928,5.8434289546908875,5.0328947927418035,5.358913170708395,9.626881584754376,8.751345852020526,3
8.942708932871007,7.252783437495126,9.495435039502514,9.846539171349221,10.0,3.626668125590935,1
8.804584197342924,9.140074397293025,8.515328256592394,9.002811254142616,8.442817529082093,5.1062234978685686,1
8.189144076715728,3.9676924715883644,4.211296867122328,3.78861315743683,8.352162693660663,8.887183718918283,3
8.277381403475225,8.394780330315449,8.722567276809153,3.313922965318975,6.96677050656634,3.0474723509723023,2
9.410224727563369,5.392501640104996,5.360637166969346,4.47899258725431,9.462558392027182,10.0,3
8.69551324952111,8.592531708073206,8.336025821767345,8.964447219201993,9.041774541856977,2.8619569649828156,1
8.36641137990267,7.947129777252098,8.110239108999794,4.6374213883132365,7.851923343359008,4.782293781349424,2
9.261719056164619,9.18542508848925,9.562232092875103,5.240225135605151,8.715713873550328,5.639407207264403,2
8.244378535046256,8.90544199626827,6.990435270574678,4.290966956660337,3.8269772879308714,8.003502280230453,0
8.274304387773709,6.3000997728976955,8.602075161001112,7.776910580986417,7.686361357654993,4.826064099463625,1
8.63672599739961,8.375661920388403,8.222195434786295,3.6906773896178433,4.403016027324625,8.457383091725864,0
8.64381978290413,3.0618188068380836,2.9585278364971423,2.80913518830898,8.045118689023505,7.938159635752606,3
8.434358266026365,4.565860953604668,4.3795144476852945,4.682055797611221,7.99941385932729,8.247329274790124,3
8.239650707837157,8.57037286283306,8.396666974746388,3.6624178127176954,8.462004552303261,3.877113738328137,2
9.236995634872056,5.353631832297935,4.860786288905076,5.563577259570301,9.1280340276522,9.368191510428494,3
9.155420117709516,4.006513011118753,3.169648480914268,4.221666594265055,9.096398374084194,9.445119694059347,3
8.61108719277369,9.40336364050825,8.15118794254761,5.355948222192826,6.874764988080961,5.530386876044509,2
8.018544773841326,4.265495875702057,4.315300958257361,4.654407783941955,8.256175107841825,7.891237965321093,3
8.952770221115864,8.125048875926993,7.870724174872791,5.646101115705124,8.593533931174628,6.125203166244068,2
8.366022505733653,4.173913104789302,3.6405136630447057,4.007351554429402,8.619587108166016,9.083645234657213,3
9.859032157673841,7.41802321206311,9.988355397521222,9.74719321566641,10.0,4.026082352980933,1
8.620925444861975,6.618196773683357,8.432779942592056,7.873569006268791,8.288704573160192,4.835479986622405,1
8.529514727818611,3.071544078495354,3.2762747391928775,3.2957157033394457,8.40822973201926,8.243005176528376,3
7.8739782099425435,4.234552519133477,4.344563417580185,5.23694181587814,8.363047355419885,7.477029829446202,3
7.916826940285376,4.791143256100638,5.5919420518976475,5.610553183371437,8.229174125259972,8.053513375862423,3
9.275007676864464,9.280953924164342,9.436375510874857,5.533724722305445,8.400642015167168,6.22474504669394,2
9.455352957021045,7.251075877458096,9.384348121945493,9.461082646360532,9.644792443560316,5.224276636213193,1
8.072661720016077,5.550476017908628,5.523878723153563,5.640447506950764,7.912354451890851,8.443161749397524,3
10.0,9.510615892905074,7.843430952949498,4.908555788230854,4.289436030827792,10.0,0
8.728278205280438,3.0527696121108896,3.255722662553095,3.0682291141547178,8.23813318820722,8.83010191382671,3
9.815018734970382,6.543497534185526,8.540016556028315,8.886899727930633,8.3936661559038,2.90217456273791,1
8.452224085216523,3.5179877017503984,3.3229640254285093,4.077762876140906,7.973251284107997,7.823619232171723,3
9.27359191614683,9.638630615034193,8.950628999660726,4.635826161087046,7.13525341599854,4.730397897068284,2
7.978186749821024,8.44139482474814,7.368440245782792,6.1523985683416775,5.803452522742114,8.79673884718378,0
9.06522187181909,4.215703808280055,3.9714611643115663,3.620151289806673,8.092470956431775,8.100023575611514,3
9.30138438143957,9.548490087033837,6.984356033059473,5.5660724180367955,5.448509638181277,9.3199819133545,0
8.292924074998213,6.13245955360529,8.247304299120204,7.806589683208284,8.260533160579618,5.888702880357006,1
9.087695097591041,9.304549929204857,8.629139062773781,4.944633293009076,4.233489348672242,9.358730434986894,0
8.343814196281736,9.130106883942437,8.77022762429933,3.3633662588399997,6.531544170845389,3.4075425924092446,2
9.205717384934246,6.289689744448724,5.5307260884575715,5.485759790068583,8.423531960344047,8.624637016599756,3
7.565178687169192,3.4476093744264396,3.415893698936083,3.441482928300586,8.431112557036766,7.796482924614487,3
9.69121806492541,5.359346936055138,6.0441674748305605,5.558464703299071,9.958014026026817,10.0,3
8.942245497778634,8.75002840320391,8.603151321298567,2.942620952699853,3.207788852091692,9.013073344321327,0
8.936096354183354,8.537899732491482,8.949559228089413,3.436086559484021,7.155061097633645,3.325580982044901,2
9.316922517640636,8.970608533589205,9.576699673227298,5.366473038423345,7.4717930421991925,5.336651605245575,2
8.904055735694685,7.682675376595363,8.871862566487263,5.5884487800199505,6.668633127568996,4.790325038877707,2
9.712384421351542,9.308697444070049,7.815963426543215,3.185260633480036,3.401512702068695,9.705642261480243,0
8.163639979551068,8.712523183309024,6.64923921759487,3.62989020777543,3.500617752871864,8.64396361414492,0
10.0,8.063173818040424,10.0,9.546206725937529,10.0,4.286758242158703,1
8.525551418320783,4.2417863435240735,4.101111563790946,4.573524686499297,8.08927466277366,7.867650187362777,3
9.512489361700514,9.725002383540035,6.047311780404527,2.8669881725845823,3.818690722937806,9.771796443610148,0
8.48315040193117,9.244226462448427,8.70467665116746,4.861456894330054,5.275342619948061,9.541215432974253,0
10.0,10.0,9.770901420125881,5.452254767226775,7.485351020924288,5.372626340204255,2
9.395870786866341,9.023942215902446,8.451845321404162,4.173698364247403,4.4017355834109235,9.047430167234149,0
8.272605598560173,8.524848380942487,8.040798037364663,4.496938331929783,6.646695651158397,4.247469303637103,2
8.090121353619319,8.645867391439245,8.880415316342106,3.749174430934519,8.758546757413443,4.030667052708101,2
9.114211355134398,8.58406911756621,8.685898604797645,5.813715895404434,9.562193306128519,5.58598442541687,2
9.682314402656445,6.267658117428211,5.717246480879081,5.862058392748919,8.959915202921241,8.99181449514,3
8.259499406333857,8.748210373285811,7.4055020561345195,5.682712669702905,5.316087385442673,8.431832702741751,0
9.268833762059328,9.954600198813981,9.960320636334613,5.883426944800907,7.116599251534519,6.215648330791425,2
8.752971624276977,7.2952315223657775,8.239145940497757,8.381671160241654,8.314754270855461,2.4222667635331856,1
8.832243848485444,5.250703815084801,5.149996486740089,5.113137378983092,8.753130734337185,8.667284899533701,3
8.280709035098006,8.267204113207923,9.034505812645447,8.824804848297235,8.84780175545949,4.317427077902037,1
8.500490797660916,3.9523961275651662,4.43259237822826,4.763567168476209,8.169617861492336,8.464724922697894,3
8.807656550551302,6.608202113971598,9.582791125384833,9.430739341133899,9.395217558705598,3.153431577643503,1
8.579558117177177,5.778374623669203,5.348548921678007,5.890546435102211,8.047287962376542,8.751907047753006,3
8.3578445471549,5.912679181358349,8.095249656795769,7.924054271623726,9.191128245404936,3.0031208295726732,1
9.535395521433243,9.35903225842288,9.142646908926041,4.285777838794673,5.8142902822251905,4.346042522515615,2
8.685625228505437,8.332148990975774,8.188072916521376,5.187621305862077,6.8921222553038906,5.4167963727516355,2
9.257309838380062,6.369009248977294,8.774064496651926,9.542269175834962,8.003588796544939,3.9733328061316593,1
9.279805944791727,9.371693933398731,5.815207995861509,4.9330094246164515,4.730450082023472,9.162998504124571,0
10.0,9.877205186290006,6.669337474444154,5.653044076322624,6.333002833953669,9.4375404664116,0
8.43131263835172,4.865256558081293,5.890275044686455,5.040142021295429,8.552513773561099,8.270297704647314,3
7.9815355415480775,8.643665489919156,8.047158151127121,4.82095463210079,7.370412694196262,4.935627674102143,2
9.931228425247095,10.0,8.83076662801712,4.060355810749465,4.225844713252947,10.0,0
9.986789007655489,10.0,6.178207117034629,5.37746100517357,4.208356083546325,10.0,0
8.66382019240937,5.771445503907287,5.711765284557778,5.088850560160979,8.245081767412708,8.185360388098808,3
8.878746069023181,4.475433357081875,4.784988879817644,4.601154334306415,9.117602969753976,9.1843820707984,3
8.545585437468134,8.208832819132466,8.095934154961853,5.852002865146111,7.33928789268923,5.1341929673539735,2
9.049668357805025,9.74849796549079,9.067588731486973,5.617198786786521,8.472199339702552,4.957958551742529,2
9.090729785744122,8.172713562654959,8.635075561233888,4.187051751408727,7.816662151858593,5.268710870949307,2
8.653250371122718,9.326485018883517,8.836714500747071,5.175414147985002,8.472065121019748,4.358026066315077,2
9.686506298989741,9.596565448637408,9.531202741433097,5.5786382343028045,7.988590787109144,5.891776217822642,2
8.436484802371046,8.70198273228698,7.406866922504265,4.417907460413258,5.065345294407334,9.379747462674521,0
9.265551756630838,9.218955086673352,9.167506930188898,5.131632503812502,7.6836350129793765,4.985015969500135,2
9.24162395706107,8.185093336428686,6.497072468041761,3.025503067548521,2.738502903027253,8.803634766372232,0
9.351612220120838,10.0,9.193036976997986,4.858663935296494,6.926532238262593,5.040653499762208,2
8.909847115297406,9.204983832075106,6.955516356043883,3.3905476364713043,4.41806265801696,9.545700452832738,0
9.628312690584135,4.349280642254257,4.773158860751467,4.8135581749327,9.888941366935239,10.0,3
8.391036905262675,8.589676193828893,8.449700793939789,5.895376019368859,7.355049456835963,5.695927288135665,2
8.897377777867188,9.149510514249384,6.106237339633948,3.6623882001934103,3.1801822500050014,9.09472225047908,0
8.311463533844647,8.450027578109896,8.97214599259566,8.30539362082368,9.752991398071968,3.8749069519574,1
8.34164192631908,7.5177293420033,7.8359137738118125,4.835027126610153,7.1183585787259025,5.777481896261244,2
10.0,9.757988190571774,8.503620505773462,3.3680820831378537,3.2682136724271738,9.636708972979148,0
10.0,10.0,9.862381430905096,2.200819776909902,5.6959201132754185,2.5242824347471977,2
9.477367549146681,9.688631077166598,10.0,4.895946022645683,7.653171356142321,5.042836605190172,2
8.641413951076737,8.748279296364766,7.957922391977039,4.011923879602501,4.08465220137718,8.98116239185616,0
9.099958544233337,9.39782957275668,6.836553341589708,5.5940824010950765,6.230523042532629,8.618492382486666,0
9.652145702527477,9.794409079630501,10.0,4.866075507293178,8.310854240177063,4.6121023439014825,2
9.712873103148805,5.035018806420602,4.757326115193271,4.409959797794344,10.0,10.0,3
9.225351175715499,9.18198352071067,8.204354541866875,4.8701004208591705,4.290329982893471,9.318341344293025,0
8.523739862497866,8.195630617800264,8.750801421551252,5.76502045009435,6.574979269303175,5.364405721002223,2
9.092994225855536,8.792531199983946,8.875168441914958,9.582050981073632,8.537893420258357,5.501565847901453,1
9.034352686587537,9.496491054003574,6.990100970641811,3.731519397439413,3.419422907074862,10.0,0
8.162714481843159,8.411753001405515,8.570499992158918,8.749453631682123,8.39778810989708,6.4540037079565025,1
9.087763046238761,8.301694517594537,9.805513211004236,3.140028778111984,8.29205551011398,3.176685178965614,2
8.969803243752029,9.221317565212864,9.738524465565856,3.837054204122609,8.651842137205941,3.5435167895268616,2
8.693262896712291,8.256805585979201,8.702928622463734,8.614994855012124,9.330972516097127,4.679916029270857,1
8.07336624128392,9.255839666709877,8.926529904966813,5.257312456180669,7.66536259922863,4.352417012463103,2
8.655505405741408,8.269342633079757,8.122230746398404,4.6018181579285775,4.390666177203286,9.230860961379298,0
9.883723294712066,4.272444886278268,3.8226448235926505,4.205615220961433,10.0,10.0,3
9.648745488035141,9.276595170622041,9.646083420732008,4.633885681226845,8.469537699794067,5.241906539324038,2
9.817292753923027,4.862194702743468,3.9187145001172348,4.767530046323824,10.0,9.008281137924994,3
9.723997601326607,9.794066773115498,8.439098780409422,5.909545615676378,6.254755125967171,9.919389017557263,0
8.50691808747777,8.989178276715695,9.535383268479073,6.071549851643565,6.342905731662411,6.173850043419319,2
8.543996845874018,8.941351518191775,8.818638457024951,5.983744041967021,6.059496531992623,5.589405197963726,2
8.301760309890797,8.575107646191523,7.927737926009872,8.976542399388729,8.499753075862706,3.497463202978642,1
7.908659497063437,8.667351679158939,7.109012890567148,3.827893696839554,3.6683657654285735,8.71913462791412,0
9.409754083613999,9.815725472688527,9.095890001549641,3.8650324119199904,6.965083487854206,3.832288340220492,2
9.480275203901643,2.417283995752708,2.8335117308444806,3.248291864644214,9.827081925341442,9.964914221769222,3
8.163388659124067,5.9252102242559985,7.760768520140131,8.427049038122597,8.376093959760585,5.132641336826306,1
9.919540656030831,9.585224205121985,9.940634229226836,3.588587558988844,8.396017840570373,4.760004023293534,2
8.007342433349848,9.009500056243263,7.451634448865058,4.760621718460599,4.244420423865241,9.272448477634526,0
8.625317491417789,8.999344454492695,9.606324047919319,3.4029189982602754,8.67262435266611,3.8839222043229373,2
8.199608753282524,7.924947396543925,6.85516154919699,4.579427453274663,5.039262898104707,8.727290838180322,0
9.630187477792177,4.595615256772839,4.752001912904294,4.715804900041179,9.666926149987093,9.752562291665374,3
8.529925043071588,8.312862851499407,8.951985923700738,4.001055633112063,8.578134527480248,3.9351241522505984,2
8.99670301706614,10.0,10.0,4.237556907767546,7.961219219447976,4.639175635152071,2
9.042046857966115,4.041129702779987,4.1472111963825045,4.484055762505192,8.917499342820118,9.648648635910074,3
8.5709443614121,7.625610633805269,7.026631282254904,4.703073912232724,5.078394925889754,9.211584637510583,0
9.852220887024524,8.988535223751622,8.063323642617053,3.2730748743018547,3.3044249960900123,10.0,0
9.343377045046354,9.650212214537843,9.124356147156861,4.332298759501678,8.752543161359588,4.851676186702511,2
9.3570744622566,7.097257051233078,10.0,9.62029234814692,9.641532569174489,4.600968275377803,1
9.145540533873591,6.256618485050143,8.316683663621275,9.361392832392273,9.117869974787753,3.9426694867440664,1
8.746740818099052,8.43083032882635,8.85483526911399,9.527359661733357,9.39245542307219,5.601605761667394,1
9.403823600945021,8.769627820585455,8.674006937922734,3.8076561931853528,2.4935239640495652,7.915101496009228,0
9.549685194132902,9.033477910815604,8.291477000327802,4.134718074199157,3.070167506364839,9.4235737946669,0
9.731882997817515,10.0,8.31214623133914,5.280608855570733,5.515772497499359,9.906325202746634,0
10.0,9.116168684550965,7.352164026369255,5.333397060351977,5.019594505003207,9.249092815818722,0
8.809219550324347,5.271465778759752,5.571620168551139,5.561012300959858,8.766919910857501,8.708579630965568,3
9.60573862524432,5.501248389976592,5.411566630564783,4.908796860266083,9.462406592529721,9.696163603735759,3
8.640531152370459,5.804197154091989,6.539661269702342,5.9381935069302685,7.695456100823855,8.528849104675954,3
8.948097035468335,10.0,10.0,3.737916526660978,7.31218039155796,3.9428366066923717,2
8.825159794050657,5.259852669852131,5.3613453368956545,5.951013145036442,9.362010647364174,8.704409233569159,3
9.06827693601672,4.439985873572913,5.1481449967590125,5.169539491534098,8.441348028721668,8.859487597767362,3
8.18745558895211,8.329798856367386,8.028845400533479,3.7076079937122226,8.464542655430183,3.4930163011207505,2
9.559198370823133,8.305669039835086,9.942936610753893,9.321587012392397,9.839493746401963,4.872145711783192,1
9.772462758759254,5.5342800887912755,5.762300440228542,5.145535802391624,9.676949046985847,10.0,3
9.253391003911116,2.7021867022583814,2.846905975015057,3.092403457981335,9.663735431081292,8.872568547915366,3
8.51793520033018,7.03914868198905,7.996347806739491,8.293846077451239,7.869815087133085,5.099644626298996,1
9.574239986784358,8.887150037187467,8.052184544893942,3.868415614905174,3.243264447622002,9.578988636376083,0
9.010512609869338,8.982694899982413,8.270941376893743,4.531542305611056,9.031454524581894,4.265410097297142,2
9.276320743620238,9.482753727645896,9.957867918186729,4.23650982104863,7.941924013376492,3.6145948129043806,2
8.893249276560429,8.878214578418222,6.086729087373584,3.624373633302568,4.402256900906558,8.919423780047959,0
9.162671194452285,3.3885090806136198,3.915559126617483,3.5572389221599576,8.271445983218298,8.586031368046687,3
8.92489380541338,6.269418426994881,8.235219446398437,8.578798889564828,8.903610439560188,4.255433788507205,1
9.951357274742954,10.0,9.464907073646053,5.149020608157786,5.782639147141159,4.844929290334977,2
8.97375200642288,7.4019033696138665,9.802663085608701,9.567771117203423,9.489538937451336,3.6799051424248646,1
8.415714708939433,8.416098587897274,6.77506651870202,4.011083955253385,4.556345891910651,8.297463874258408,0
8.847124523967924,8.709191972621285,8.728515080922943,8.655159972890313,8.84200997084405,4.53675409167997,1
10.0,7.277101022535298,9.97643596277519,9.76772870248408,9.929479763090171,2.995658536283793,1
8.301402446902413,8.004825610373985,8.651762451484867,5.884006901636008,7.5724000113335865,5.926229458014963,2
9.116317897410136,6.254514327530527,8.791720010752597,8.730838337176909,8.679119097072359,5.622003140110696,1
8.545771238715593,8.618644814401577,7.134360385093115,3.0411725320361525,3.227065436243884,8.520456234658356,0
8.423498894553985,9.016553602850557,8.436338129776647,4.663895882809797,4.962129445498656,8.54278763561933,0
9.981886513323683,5.317402546682651,5.18573701023307,5.281215219490291,9.6979761254763,10.0,3
8.786163745641735,3.6581464857891395,3.6258513248325306,3.7833655638541974,9.913367242175994,9.015262851880609,3
9.02351922800088,4.526538452791878,4.128058580835464,4.497652324075564,8.664209652629884,8.520357996124677,3
8.610249036037324,6.599183921575685,9.254233030108093,9.389343025656865,9.194881031128967,4.1527510495705275,1
8.448728341872526,8.48289605154001,7.601032177375526,3.247001373974387,2.840944915518173,8.417965434204028,0
8.669771444371705,8.612542619530432,8.386291116741724,4.883887995848542,8.354819201654218,4.700619724765572,2
9.389632374292956,9.544619854989358,6.620068558675496,5.220723996307706,4.967210160253247,8.68539337727546,0
8.968976005554168,7.698501386497041,9.026210379978096,9.102967779650603,8.945073339552145,5.1933420443376415,1
8.993246417871179,9.401996615542032,7.661199828356051,4.8133120198990245,4.118688981320576,9.017859984925424,0
9.376538934969343,6.21654475520781,10.0,9.685187946372118,9.425275980757728,4.8421437787504376,1
9.245402572345874,4.665049284128608,4.816059490638733,4.472499347449293,8.812113753578897,9.261802398427958,3
8.310220222336383,8.534796585517995,7.960955452263941,4.507195893694628,4.430066719270389,8.459648242041801,0
7.843322911925494,7.831331394146474,5.805814416050552,4.666074112178721,5.345833403730971,8.190295001052727,0
9.538908727187943,4.113343588447334,3.4604596175240268,3.9134110662883344,9.420675407359045,9.528395901068743,3
8.781843263126726,5.03539628751702,5.323788943903375,5.869356463068111,7.908979457232007,8.080916517613765,3
8.268518900655996,7.323844313193526,8.771104726297601,8.292672985141808,8.025934266093238,4.4326132306816675,1
8.09178064458273,2.7307562924796733,3.079040547418297,2.7092181625773417,8.724918134588393,8.390947237989153,3
9.370839211369319,8.321819370966121,9.431970798307086,8.494873042233882,9.010712687889761,5.441345967335708,1
8.363887554683126,7.919024483582468,6.96921182684587,4.4732931398423945,4.452747886733152,7.7136149213056315,0
9.722447235207536,3.8812567308297194,4.608191424148704,4.536459720322638,9.88422284621837,9.600986751028154,3
8.426744755640504,6.056127979380168,5.911284806632798,6.074578261705563,9.243827577545762,8.273717885440389,3
9.382567826839015,3.403895511229929,4.376976826959053,3.9972063145885426,9.213112839691602,9.20368441202368,3
9.187536431763819,9.129041138049375,9.34785969947574,5.2470771816702255,6.854463678511696,5.012858502749527,2
10.0,5.886664065337964,10.0,9.69127105293961,10.0,4.0943862766099075,1
7.951767202817166,4.832672921966949,5.316625668310112,5.327579548268614,8.145960809813513,8.104851125092118,3
9.079667909183996,8.747142114921852,7.340685600765206,4.791459298021623,4.582722837268445,9.661717696428292,0
9.849763228922775,9.949920896214895,7.834600201774793,2.819169989473437,3.569916891495519,10.0,0
8.135049807046643,5.3738779367145515,5.3373745966883295,5.679766947577118,8.520119274319093,8.51816753077584,3
8.06962141781164,7.915243924208523,7.920353210992491,6.114030247381593,6.60168136211814,6.07299510326102,2
9.470031229355197,9.269245175424837,9.032082303581818,9.508747820904867,8.928473707183453,4.700191787618766,1
7.7449952748331405,7.756485079275115,8.171184113107318,7.811337983239567,8.43337937573056,3.7375509411668713,1
8.475799459948124,8.702953317810845,8.970804984869893,4.545832048720327,5.9787554448461995,5.280186774991994,2
9.973587930972524,10.0,7.425381523896322,6.152275172492948,5.344073297304902,9.973310890222912,0
9.83275530232423,9.181981029101939,9.47530930479249,5.040047919277656,7.445756888764502,5.26679773491899,2
8.30782694868069,7.626342474184378,5.991378885579143,3.634781235138914,3.233075419123894,8.16511093651015,0
9.205105509889098,8.227000272191267,8.92465736714732,9.085396637919152,9.33317471555199,4.650515308433211,1
8.7712311772489,7.829817395476547,9.663980124176634,8.602634431918577,8.890720959976944,3.5338702673361104,1
9.00604698491209,3.828157812292836,3.497661700358147,3.919852531294508,8.650827832424861,8.409553375221922,3
8.145677043204536,8.255455295445381,8.05259557403555,8.142485197355741,8.706889952355217,3.6055290539703644,1
8.227512743222174,8.902460505340954,8.329773661085945,5.603935477451588,6.181102065283711,8.324044020435359,0
8.413138568986083,9.15120779267686,6.6056081733088075,4.166258765015155,4.061852705576226,8.670047377006549,0
9.213429352320016,5.064786946169923,5.618431493776352,5.016166047615543,9.026844813027555,8.67610723401297,3
8.283398944303306,6.814169100308853,7.945995785087126,8.258175748722882,8.427611160634163,5.84767657815419,1
7.79763097465909,8.425033346245545,8.435252426006622,3.8460150343491946,8.515739415291158,3.451618698969843,2
9.556877215163055,7.559025588759213,9.19018158348665,9.147006491562653,9.155166804213714,4.3810332373515655,1
8.10577606700339,7.359951876288998,8.296069392748612,9.108006258365862,8.743891091084722,4.7898990968401876,1
9.796584292621215,8.875114617554848,9.343188128264648,4.586498245424466,8.53237738840591,4.277213366770552,2
9.854082830183458,10.0,9.71240748618403,5.282869215335479,8.946273277738884,5.917403140944458,2
8.705252275534594,5.140268674876245,5.463837949814085,6.598426397855334,8.384849852469504,8.816068077471442,3
9.4479764178188,9.464744824186853,9.610338369693174,3.27594283589148,7.494853958560787,3.388899743873817,2
10.0,9.406390893011121,9.93934312780841,5.372773191404882,5.966573067412287,6.287780770781005,2
9.741560598487697,8.309546418133415,10.0,9.346332267677708,10.0,4.730338888284269,1
7.942585964169626,8.31181715954439,8.802728784608467,8.137354312033738,8.90673618163557,4.3263706495220156,1
9.059670954579197,9.413854810223073,9.280575169755235,4.788399819222347,7.694978330236102,4.74769862026167,2
9.149663736546,9.438530470827375,9.737331494012066,3.4829431835409355,7.183536746178221,3.884245124523908,2
8.158202083695661,8.274178296671641,5.9046214040405225,4.6369228731373,4.64795153108933,8.55507486910033,0
8.71373158685516,9.07068060117809,5.59344256307898,3.726962373249425,2.885066906841635,8.908025461904426,0
8.715567185615729,3.0025353569851436,3.1453658274074914,3.2687505095846685,8.725168731075764,8.531087157801167,3
9.704913489994189,9.408050014064546,9.879040818946969,4.690626261573113,6.887619799294828,5.59921664539387,2
9.068838891566951,8.188980990191915,9.166495888665395,9.117224012060428,9.6112169697882,3.8600269391093565,1
8.34057627051647,8.712087172773018,9.440342140252639,8.699084403653483,8.812676880104526,5.87386978596526,1
9.13871255812562,9.757748595545456,9.885626441312969,5.900397009347238,7.405869971954983,5.394562511138693,2
9.114018873371522,10.0,8.114802452651118,5.3226545295890135,5.098853866517533,9.446567495066558,0
8.618320067698509,5.492751335315483,5.229216379571594,5.094266120993227,8.535633681502214,8.278691321778155,3
8.735117809131477,8.521743826764535,6.710635414102387,4.577401011205293,4.244129910382551,8.869629655635098,0
8.421992645254008,8.522091784071803,8.067267041469705,5.041125195737798,4.464024609097887,8.368186029101906,0
8.512323529884162,8.341483237397021,8.283024515420328,3.6880221171806484,2.8045528356451097,8.986887991915582,0
8.520989808192649,7.699872591117679,8.47822760703659,8.71197197603582,8.491287030677572,2.8278439950667895,1
8.818145090615246,5.180881323354834,5.470213402026259,4.61939679608195,8.00435771870186,8.071258969577952,3
8.14318581253148,8.22275905874683,8.415444817511966,3.3512174822495795,3.8149919290112932,8.713315281043082,0
9.895209263873925,9.726571709557266,10.0,4.49928183897515,8.7078698360623,4.926549511392013,2
10.0,9.461733110641717,9.509556084064396,3.297286948957626,7.635158070218823,3.6215213824110144,2
8.920448651039266,9.070437759273416,9.187692364849028,3.812753338295873,7.9802776182417,3.3984474280810537,2
8.322497831836117,7.8280541145754405,8.620535661780703,5.332184934412479,8.531850499921497,4.773745990399356,2
9.292176448861229,9.653826268396305,9.383001078120335,5.680590471869373,7.68906629378619,4.741733068152619,2
9.814034893583415,9.678903604100759,9.88617690898202,5.172818967169019,7.0025436377070385,4.507702532182161,2
9.225260999538405,8.65652028528825,7.444072722466441,5.647142295008536,4.765582482246961,9.177968009417476,0
8.705146615144464,6.0753468977249145,6.683414210699832,6.430027236958819,7.805074699022937,8.409060279612214,3
9.39707697777529,8.379924053754605,7.28694033638324,3.863310354204656,3.604245117171802,8.8608389096901,0
8.9683735608283,9.175800223981875,8.06866988655594,5.750491968040074,5.695055808577654,8.848177598973761,0
9.054153175725807,3.739401788553397,3.9330456967080414,3.645325323025395,9.102045719104348,8.314935033687867,3
9.261522247694874,5.563483145502493,5.992748253393862,5.643497064365658,10.0,9.401363844432932,3
9.517754279697165,8.846652869710615,8.91062335303954,5.6586010862712595,7.515783332558936,5.636051927871089,2
9.345447830661325,8.827523654454497,9.191575448665827,5.476330930272496,8.726334883132662,5.646607890491213,2
8.877122535510985,4.084077259493768,3.768382934636942,3.0293922160226785,8.948536869943654,9.009674111836334,3
8.417655926372696,9.23444333070037,8.396490317694273,5.725734469979366,6.0259234890872895,4.9245324275298445,2
8.645201210106253,7.131311022995927,8.928662588058407,8.640775368225833,8.972435717595692,4.323060100928741,1
8.965534883623626,9.083180567434491,8.998920280482732,4.592157760792055,6.330961078731137,4.49558723197784,2
8.392708849687114,8.026930558915877,6.588859660517682,4.7525503858083855,3.5145782262453067,8.143467620116112,0
8.429106110157214,6.918334279586941,8.189329506747905,7.752201672604075,8.482730502856795,3.1264964694573725,1
8.085315230495992,3.246489512626351,3.1903990343442286,3.4389057665916294,8.160164471785787,8.235117045738342,3
8.436884729348915,8.615535503325145,8.967007380121187,9.338861907080046,8.5839585480516,5.417798734978514,1
10.0,9.849149309691564,6.461858503477535,3.112928297509141,3.863314207774649,9.665556856401086,0
8.43258489768588,8.962172054390225,6.177555664076952,3.9544268619488228,4.174584681878782,8.559775731894863,0
8.547402328911238,8.83432511617757,6.1956500657768485,4.892649858948889,4.370892054146162,8.531607001038402,0
8.89180096776037,8.614835368600891,8.98691935567946,4.138814697766465,7.381563743860775,4.287969240052173,2
9.421366824348103,4.3507170367598444,3.737931721742192,3.965174906569646,8.716855842094734,9.36337309745435,3
9.724899356668134,9.783616722345098,6.852074731922729,3.565316251831132,3.608482774557081,9.80514988478526,0
8.77135463546849,8.834063907932858,9.162315084685572,4.585260285882003,8.918448825027244,5.000353343546499,2
8.970914186162018,6.611442353928566,9.329566410693618,9.65432003923801,9.170089477585815,5.625145161564858,1
8.465506280764377,8.649811274506241,8.6104304462977,5.672869134409638,6.9872850357805,4.432650272913137,2
9.35873551561801,9.357050315066216,10.0,5.4168357937152365,7.502904153406498,5.175084325660473,2
8.943096048583131,8.12006685798677,8.08697391589782,3.157755407123514,8.566905721642067,3.8155421122611344,2
8.977614480062238,8.161798336283175,8.077924247246052,8.64012442665177,9.010990907960315,4.368343558442676,1
10.0,8.977950607169753,9.23923785054022,9.953217959384666,9.607351634701596,3.8263571641995107,1
8.602508632912336,6.778219993723372,9.047914014612257,8.788488470052283,9.352138593944137,4.537094047440435,1
10.0,5.335856763253884,5.381513171605706,5.098865825539935,10.0,9.588248407449917,3
8.100377197597588,5.156418641069177,4.6133908183791155,5.064596508835204,8.927159804477446,9.258445810969684,3
8.602728649569697,8.808902351963384,8.484352292716089,8.674665211396134,9.099832757213253,5.235974000810627,1
9.628274180259801,9.720266601613728,8.459695282989598,5.731404405964991,5.339027845386238,10.0,0
9.24082333580171,3.870327788780697,4.5828894068550055,4.308720023035302,8.51542777185279,7.9068494894877865,3
9.486887857632501,9.027906967274186,7.708136144003592,4.395177206050838,4.541840910837452,9.20547075021407,0
9.974778115428151,10.0,6.153018985296897,3.315355612297035,3.5672301418262897,9.295610704780634,0
9.61210678289636,8.410616962959212,9.03472726046255,5.921000845282644,6.839566998441318,5.966383556413032,2
8.641574524836358,8.406979194179714,8.717231827743857,3.081594755045296,8.73891561464775,3.4406958646507526,2
8.992296818535337,9.40521968146104,9.572038600424083,3.4251891770000538,8.332034521063884,3.084408161006375,2
8.898387782797247,3.8516308576150537,3.448338941449157,3.674388362153042,8.347699648531387,8.804101725415453,3
8.913109733594652,9.172066058888621,7.745683077144731,3.6728786360213355,3.977306574632399,8.441221147566361,0
8.875848867925656,7.466336496625174,8.524112155982847,8.478483575859272,8.76084329477365,4.885988005816162,1
9.16342519326283,9.17218852369899,8.629925016797834,5.495963374246068,6.690571578550216,5.408062103386389,2
8.837355422501629,8.85258348365605,8.268606746421174,3.1040281118038973,7.7299222613555,3.3863923081792047,2
7.649675838276372,8.118437346909035,8.921724163478357,5.592528478846873,5.177571408083274,7.922500716754246,0
9.439157049982121,9.984202059366014,9.640724257207294,4.093020144126638,8.267169343925225,3.6836247760518,2
9.442537033455467,9.503188398908843,6.241264885389095,4.0363152871255,4.443047621647016,9.62583880484716,0
8.921150890721307,8.724826623930397,9.669600672455239,3.016461901918429,8.219169212941678,3.459756677451278,2
9.930578239097452,4.395860622721095,5.5225664776529415,5.050095634760635,9.757195320912654,8.94016673179986,3
8.021948491915717,6.199035146859554,7.968453189996573,8.381590330135463,8.59784251279232,4.716119919332168,1
9.146422617230368,6.328779609016391,9.660781844678949,9.817795301980428,9.50460249548884,5.330794469684623,1
8.341972466377479,3.3516102728149826,3.583443322156927,3.377379953407167,8.356056604480155,8.268137412739993,3
7.801538354868666,5.5696198079755135,5.459310976858604,6.240553384361067,8.28216227909396,8.463661621446732,3
8.746040944546866,8.63739006254188,8.878587886966866,4.428766969499348,6.602378081557832,3.886360717586826,2
9.765261033023606,6.549904395562763,9.811915227010108,9.996477916911115,9.696568314826203,3.0978762896089296,1
8.918526757169163,9.012271415166717,7.15717428009537,5.294735638508038,5.07722895590046,8.16389331171048,0
8.235404816128465,7.978816084627992,6.539412747701371,4.551757303361222,5.3428296360094265,7.773883047291929,0
9.222085657745442,8.61461231492971,9.652465314880187,5.206065503794115,6.32158098229367,5.02339443270962,2
9.139503324563998,7.013051952793331,9.444903480498935,9.38134180435083,9.22237144685945,3.609445984724765,1
8.602055552952667,3.83082889645981,4.416519210816469,3.9919769197537733,8.772641014202375,8.179760443670874,3
10.0,2.69387869883363,3.3960315828356986,3.3860566753842,10.0,10.0,3
9.670575943738886,8.92945718912238,9.790302411384816,3.5159203132785977,7.403467493582143,2.9876015057517975,2
9.352971160521534,9.129153243146934,9.645145088974552,3.2337500821421887,6.82041328863859,2.5524258248136826,2
8.352729765163632,4.215640549819104,4.133029422192061,3.9775689609795615,7.6373878040321825,8.221257129137914,3
9.498161925230477,7.690921628453245,9.909310735820238,9.78377366132921,9.478694188187935,4.254914604885289,1
8.780170025697359,6.230501998308945,8.679957100369636,8.28512031218938,8.4896190025973,4.668971206737075,1
8.798361220146848,8.989743376811518,8.938989739318941,4.6823273038323245,7.702443106680195,4.606397283240958,2
8.0781612063087,4.196214369285267,5.086768070309426,4.392316931423973,8.57284647762045,8.403763184769849,3
9.605986859898339,4.901192606570677,4.953843560704155,4.435868858984543,9.583556464125849,9.701552835639829,3
8.972328701940258,5.121499443155328,4.644223360219325,4.25094257910927,8.990789924616365,9.373345574691891,3
9.711573824216313,7.502159093267064,9.497243306429592,9.141243727701609,9.698807394198125,3.1357529169778866,1
9.12353924332327,8.20016754083494,9.51893491648527,9.380697236482126,9.500672782752282,4.361697004176838,1
8.218787065877306,8.438840049468814,7.754164409313538,3.9647238259963564,4.202042683458603,8.665400311832839,0
8.107807150843708,8.480727013549005,8.278231957160688,4.732843700525347,8.367366630510059,4.985570429433682,2
8.086712740237859,3.8221283930828567,4.534124465032212,4.7610811940214495,8.737336540224986,8.706329391170113,3
8.764791280209472,8.723252102992625,7.339653950035024,5.838072376007371,4.846474864202034,9.183725117892818,0
8.626576405580087,8.78902349272795,9.216924967381267,3.0023555438092084,8.063114217271888,3.7169937918371874,2
9.51629650970064,9.119362337280782,9.410739511134684,3.1231238480442514,7.025712031278837,3.5397257534114397,2
8.846247686430091,8.762341168407097,9.125406908603182,5.640478314989065,5.571162062876272,8.795586105182783,0
9.409551321252238,6.0553055953135075,6.279018450935146,5.5346335356990375,9.688663597838545,9.23922187158174,3
8.190443216536467,6.961493400938977,7.8872373854241085,8.20674413962261,8.24544823119858,5.467562928119277,1
8.813616911985694,7.872398344409123,8.482726001499149,3.598322540308951,7.405714291154212,4.290863621954767,2
9.137750347899148,3.4969234668840508,3.6234318122981954,2.9932698435781577,9.529723793359384,9.138511187502859,3
10.0,9.894460309799753,9.728156188033937,2.63781484867479,5.9900050131422695,3.4438867999444653,2
8.360369581156124,3.9407496677154454,4.178497261655596,4.326783241358697,9.150213825925142,8.740191234678205,3
8.403522595926768,4.527049627687173,5.539259884737615,4.925982926209412,8.54821373139068,8.939141721096954,3
8.958273093510982,8.275613321401718,8.212968652488842,5.470350508417586,8.17755531043964,4.794646351191106,2
9.44953949384679,8.730631256661383,8.59118353792233,2.313068803844619,7.258548236966419,3.524489593903964,2
9.596357846423148,9.50105390960341,9.342171044842052,3.618603664857638,6.499829768081215,2.6073760810364632,2
9.571104799993675,9.557911870566825,6.131289082494367,6.038516714287642,5.721516243039409,9.54336763029906,0
9.09004487922121,9.387752809315472,7.481917086244584,5.741376560894783,5.643064441867429,8.719000920031288,0
9.428625874497229,9.76238876066584,9.517520239380408,4.210279331559962,6.82705664822994,4.149797936055288,2
8.181064730588433,8.570027992825267,5.581685678274423,3.718193927452411,4.459151634282598,7.8979787700820765,0
9.430438509919407,3.878526598272714,4.103773884050987,4.692524715108474,9.667084378483235,9.357131045700527,3
9.647256005572107,2.739519984079006,3.5080192697700894,3.0620281041456363,9.904648312397827,9.450367953165962,3
9.35561287568284,7.32545809366708,9.41451535946968,9.846144777815256,9.553209369842117,3.1029201374967497,1
9.09032599286212,9.980191568835918,9.704739282829644,3.1733103230432778,8.141513217574149,3.5739809575075667,2
8.773420593520472,9.783135654839741,6.64187935751433,5.457905267986884,5.854395254238827,9.037304868101995,0
9.546638690356884,4.314789242452861,3.7626813388411366,4.111392556192231,9.946628970537931,9.147322394442318,3
10.0,8.618998360621424,10.0,9.787136839350815,10.0,5.310088642097899,1
9.257913349037631,9.110111587683868,7.596515649940194,4.443640716278658,4.619301909521,9.404134739686404,0
8.867417151585622,7.155688279858627,8.872815534321955,8.956276898337428,9.331194187308396,2.849534310804782,1
9.225490646458274,8.719610585994168,9.230896505514766,4.966079568964208,8.102528855847934,4.750366279113897,2
9.934678439623077,9.781912144224,5.81873366678557,2.380748024593211,2.6931304192699037,10.0,0
10.0,10.0,8.192389397528705,4.2525660749970795,4.928266645466858,9.953246488078966,0
9.681125211656576,6.254458660558286,9.807129083733864,10.0,10.0,3.2336264283152363,1
9.02010503027511,8.519975863381525,7.799218681088361,5.20600311039111,5.608455493866258,9.08814753897369,0
7.821971924330663,3.836852182955453,3.013016193710566,3.5649003916502857,8.932070440258562,8.383913561515913,3
8.99179913935227,8.595260729265782,9.441927347704064,4.258406381511816,5.364434123477501,4.154547867470254,2
8.590128319163572,8.955957548926634,9.32247065518738,4.613346361241665,7.320652260583858,4.464215926514606,2
8.22849029079527,8.42098021499443,7.57840081576243,3.63556603615646,3.7787481317387073,8.173717822100038,0
9.644072104312308,8.785860815677633,7.308588368989673,3.9638165767253315,4.160844665465015,9.689370264177949,0
9.385202695414861,9.234343242196925,8.832958997925788,4.857692252918815,6.970822605168957,4.39714155532813,2
8.33147808599741,7.465883020958797,8.958624490889658,8.246683442207356,9.301404856604828,4.959781495521268,1
9.36166522049855,8.634862271839078,8.501543142512393,3.170016020290142,5.779349979950855,3.641290542171435,2
9.416813601332413,7.771687042909328,9.816023407173422,10.0,9.217693777665792,5.839415677131773,1
9.715035480488435,3.870665881147376,3.9017152235249966,3.4461876343293345,9.85592544210559,9.901426337580551,3
8.981218847703921,3.2198597545761576,3.8583768901391533,3.328273160021248,8.50763913787321,8.402226026786247,3
8.865237531459565,8.45641882439322,8.191790875632666,5.336511158663346,5.989419081975822,5.103284823227618,2
9.925212378878113,9.733450733987599,7.171605181440849,3.604393604999675,3.6753461976702706,10.0,0
10.0,5.937903889788322,5.754058205599972,5.4491009335983245,10.0,10.0,3
8.655263721939038,8.306593668556559,7.849693140549663,4.097343193635441,8.4471844216978,4.196269549688682,2
9.012764189938734,5.996554477677879,5.471605560785533,5.324292025861822,9.6232763006915,9.134674860074464,3
8.164004319403567,3.9174781292209517,3.557447978864309,4.130443466470626,8.235306971115223,8.82741634907198,3
8.901959263231156,9.34158515799561,6.4959399497754085,3.9669308875208364,4.112498248294386,9.061761389495773,0
10.0,8.020267697595264,10.0,10.0,10.0,5.763014753654732,1
8.360590193425883,5.6905326833047125,8.626871280134308,8.871449085691598,9.137861907612873,4.432645359535421,1
8.06588987430932,8.200057217347057,7.902319713860669,8.677649567985739,8.188192727079715,4.379123919402406,1
8.298667053122916,8.481158369801635,8.097932741968194,3.9387864630074336,8.74035282140464,3.548567163403209,2
9.756943476289786,7.285823915210681,9.108327342716995,8.497196336197048,9.368350231300878,4.225623523882818,1
8.195710434489188,5.085391833372752,5.584381393126837,5.039767529849902,8.24026572474159,8.043357665414614,3
9.933457433610682,10.0,10.0,3.6570128916100924,8.344561782176838,4.002353708975546,2
7.716098476131161,5.567256851671201,5.881378351616203,5.177815690493161,8.944159505074678,7.801693066355598,3
9.168308448657964,8.11825533690364,8.503792795150906,5.690735747123621,7.38813390296828,6.416386140428614,2
8.997018878365656,9.061142301124496,8.062550838758499,2.8191875939769417,3.388643428782475,8.938261148968323,0
9.045790733423406,9.016410250051681,9.404597245034731,3.1169568565568757,6.846201574145913,3.3294285508421115,2
9.57775431565717,9.752141073870018,7.752829420361084,3.979969606963408,4.168723841655515,8.974906919866228,0
9.501840730495244,7.462036627276223,8.812998027648312,8.61066689689303,8.798975346456302,4.299677545559575,1
9.58656662106617,3.9873113953553547,3.7436883534028693,4.2361420530772085,9.767254364142811,9.767864379344887,3
10.0,9.926206923213071,10.0,5.753055662276758,7.290572255713917,6.124489186303677,2
8.066914561478425,8.515802427467682,7.332084416458536,3.6229011209283826,6.165097250086226,2.759971142404072,2
9.476411840486046,9.271849695895323,6.873747112424015,5.1244902960540175,5.853104240113886,10.0,0
9.379039103317702,3.911090203371337,4.153452326263024,4.212527086889235,9.448014997775614,9.278527115514525,3
8.007113956854448,8.375613753103352,6.99370130536329,5.420178003609637,4.8466664130256625,8.156071408036757,0
8.485674610307957,3.902071354227592,3.972998732469186,3.9914534499267003,8.955748744164971,8.348053138605493,3
8.775956081521485,8.159966219835765,8.052292575940921,4.870345347323664,8.565493700169329,4.878205201781274,2
9.32584548980251,9.02970073030213,7.210872077076303,3.090454144894796,3.3094266280140148,8.926597742093543,0
8.475613776259385,9.786425466593293,9.229981814051111,3.584625269659421,7.5998149065549745,4.234616538357349,2
9.601233183986519,4.895168806309928,4.684110995950891,4.903456999111769,9.303163229588973,10.0,3
8.529889520697628,5.647654018710605,5.534277886090899,6.288204041793945,8.623377282876104,8.312383475695237,3
9.592976453544095,9.913921358549482,6.556789221915182,3.5627610265057257,3.1571467212032047,9.911628790418694,0
10.0,9.26663381404225,9.633634151548105,4.852973942784614,8.580375010660234,5.203074373784258,2
9.47855869329926,5.901684894666667,9.274977281258977,9.884530214296985,8.718440211057619,5.768883707299799,1
8.286298594178962,3.6119333174225945,3.3614255334200345,4.0440584434399796,8.840362769238777,8.861785639397796,3
8.073457438733143,7.6886352272056,8.560965196438206,3.4826297677601126,7.148662464072174,4.093546252901973,2
8.99852056005701,9.462401982279891,6.810912533055355,5.5651337090414765,5.427425605841905,9.367045077155973,0
8.923226193946817,7.875421528762143,9.170824039762646,8.670720723302056,8.749670464546496,3.1276558409236657,1
9.203462052177336,9.411274041745871,9.860180627700679,4.241519338286398,6.319626838678259,3.9448715748701733,2
8.896377315735315,8.527337747314109,8.901735872578454,9.745713281320228,9.06274945512731,6.30887281242792,1
9.6222276198849,9.873421260257103,9.821535266857016,3.828730286998646,8.735538453567399,3.412204519098575,2
8.329770758430273,9.249395318338737,8.583237794259208,4.094881979827029,8.196896776397972,3.3799098629301105,2
8.89594848385548,8.841052992888176,8.851765245685701,5.59013579511151,8.647482977164081,5.572143841896605,2
8.419181632023975,6.620523093119427,8.804809899858963,8.87334021623971,8.649056431519478,3.192605681113364,1
9.548527094731519,7.855919328919842,8.900629480884504,9.228617073495528,8.989586007712333,5.44525725618739,1
7.882808401815192,8.350520036709984,7.349020242497239,8.588743491152174,7.47364117629181,2.938220151251225,1
9.464921252727605,10.0,5.61528572865901,3.9153841078543965,4.373539620394598,9.563962130699133,0
7.380936708928506,8.362657423627374,8.141076708213562,4.538920695006633,8.73005924677685,4.562608463441347,2
9.472494767751733,9.230254836847157,9.021507701288751,4.238786861200139,8.421489728172462,3.9115201715246037,2
9.205746111913886,8.593056050057006,9.148404224367452,8.827825335164961,8.731317697298417,5.0940857298510815,1
9.27961635327795,9.425284365832598,6.536117582206789,4.656453480394922,4.148562373455169,9.626327812110652,0
8.74850370630163,6.605431041138556,7.99486196677246,8.712491720711496,8.382252335870703,3.8517260340276804,1
8.830935541415158,8.893724674708778,9.168956242987164,3.596269205493723,6.228227337688009,3.98278479789782,2
9.441366114574702,8.199269409341548,9.2493837431052,10.0,9.052299948584672,4.05588539072804,1
8.300788550280453,3.9149825754177034,3.312044055411534,4.281122778469912,8.042507446646443,8.023936428888517,3
9.464075138570418,9.398315729256556,5.613335036313282,3.9811370984392758,4.613831408563125,9.278640217407299,0
9.212880466722728,8.833810528627312,8.7885681979918,5.533628647984431,5.746581263372487,9.161265588040928,0
8.115871621684484,6.411685220527247,7.942959257454832,8.61310885827818,7.493786792247279,4.9290880740142935,1
9.516703233597003,9.692690842190121,7.393014598656102,2.9228354428423398,3.368397563180049,9.41784653831281,0
7.539078650071197,9.14605643080566,8.45102523913744,5.258688689096352,6.848690837434341,4.581242251993651,2
9.374319086123467,10.0,9.975751708387554,3.941758837681963,7.66944503229646,4.080650848004818,2
8.770163293077259,7.921838258253447,8.594658004707304,4.812280735170432,7.5878616063434725,5.137833909500054,2
9.814930756788936,10.0,9.840302205264795,3.2248368898858497,6.443523577977694,3.5767686147813103,2
8.749876081991836,8.54865953243426,7.273649127703171,3.4896407090708763,3.7563274353304625,8.208019181039628,0
8.904277974934944,8.403635933242244,6.739115100599128,3.3505540197478285,3.640673306320717,8.469275399102257,0
9.221284522019705,9.877623187378996,10.0,5.896532484430426,7.449256390092249,5.899998313836108,2
9.299783677571192,8.232468983400345,9.04360517894239,9.510265217401672,9.138776706305656,4.953252309714794,1
9.657864147341177,9.221648711721862,7.2475810580316224,3.701663096260659,4.2061323804397786,9.928684080397003,0
9.224194406243658,8.162201171104781,8.949997278038223,3.37106508289842,6.41506400261721,3.6978816980843066,2
9.42142915473264,4.369180101683821,5.451083885013085,4.371244898923219,9.720811443059791,9.572451145204404,3
9.478354187023363,5.413646663594623,5.598718372663227,4.996451352634303,10.0,10.0,3
8.351651369973316,8.74404543444777,8.5953691239464,4.769206232652756,8.9442557243638,6.02571149070534,2
8.732292815297614,8.083151338588452,8.515804412107482,5.491843417428058,7.292155634805439,5.462559405221085,2
9.480711990293047,9.80794639872463,8.504834359539426,5.6786600536189935,4.941542435441711,9.668579229743006,0
9.387778102461338,7.092754231764138,9.130409402118193,9.048603051117643,9.707506797968236,5.946122980835175,1
8.882819782472966,4.46837524058046,4.696839594096828,4.608814078374608,8.875367370799115,8.815033194657316,3
8.797186834810729,5.391027725305563,5.208914780809444,5.663916574493748,9.160187433048119,8.966235719640942,3
9.717776031426217,9.65744524087996,10.0,4.750637284534025,6.459916850461882,4.244617867590911,2
8.301129944222074,8.931679471257992,8.839695605726005,4.310159583939786,8.088386422364506,3.8726794349862392,2
9.86214075648383,5.7387361386882265,5.7513891921853375,6.276773221808893,9.627023920340367,10.0,3
9.379030161434407,10.0,6.176637329869272,5.286687098164253,5.936176593984135,10.0,0
8.532027246798068,9.675860931156528,7.381178959005819,5.306767341802527,5.373873254397789,9.641999465693718,0
8.48430362056168,8.20919895042635,8.007286089610737,5.96248377872801,7.23716443298811,6.189024081908947,2
9.725118156547067,5.808478938284455,5.958810447648622,5.67267119057035,9.399275238905256,10.0,3
8.0417819250087,4.080022219326034,3.750968097418524,3.761852996222297,8.010258166869667,8.119348785565169,3
9.531529841326458,3.7733334172135105,4.350803591694426,4.554869327993592,9.407968286001651,10.0,3
8.489550439030987,7.906725656868334,5.751905953404973,6.022163910527312,6.01646359958654,8.26398937091705,0
8.443427340996365,7.3501336527073455,8.577274201979982,8.910152547035434,7.997985960447888,4.560249855646853,1
8.551816307105048,6.143532544149162,5.390880852508972,6.265031443002899,8.300085796287728,7.887096653000078,3
7.98351970567302,8.33962545123885,8.100017427543712,3.402314676126242,3.139421469183888,8.662345450825773,0
8.818394008896453,8.177797374371522,8.939963391260514,4.456557194756463,6.536448087923953,4.219111418444453,2
8.649945610273777,8.711170982992861,8.467017511921167,3.03177244651871,6.094273500394664,3.9465768214220454,2
9.592545044411418,7.650656595710999,9.664634803390555,9.557804946050199,9.65008880721955,5.517008503748671,1
8.745176307692109,8.159328147311006,7.475797096619044,4.438745022036977,3.949868504278283,8.508166661414858,0
9.32019734197892,7.596718772167204,9.228659806181755,9.343775824031969,9.421656224687494,3.7032508753711215,1
8.847644417890029,8.907636971140576,8.596801793923074,3.640394971092822,8.4350138769559,4.587369984485266,2
9.814706214830304,4.532977367782765,3.8601252016711767,4.586499764842262,9.429247763237084,9.310336013757027,3
8.531249587894894,7.973798835036934,6.8553752724482395,4.1857199403052086,4.4682598302262795,8.409897505640302,0
9.063249779421705,8.589161743589454,9.112150559023625,4.6412591326043,7.178377003665454,4.529757555360684,2
9.161133398912735,8.745438045696286,7.499251637272808,4.179533057333216,4.73418999933736,8.910058491634867,0
9.318152019618688,9.525882970296431,7.626591031687379,5.679634945209633,5.64199922606057,10.0,0
8.08572155312528,8.802912478001524,8.380007410685316,2.3800667567409173,3.6369197588588094,7.8743537784263875,0
8.31902243933126,8.743236579393901,7.465835947189479,4.730457529316711,4.606089287140288,7.956713418086802,0
10.0,9.827982037114184,9.498544905895317,4.44202470314503,6.721863482302215,4.2682017022175796,2
8.707252392578303,8.362948454585514,8.303102483217264,4.850311212563029,8.343498427062048,4.059289683667801,2
9.443656507648493,6.1875158925306355,9.23944081911903,9.100784611151727,9.978227480699807,4.7069698634092685,1
9.85280927811033,9.282914085326626,9.544105268478654,4.472652730060572,7.27516624943289,4.485509284884236,2
8.505208962954375,3.585333053915499,3.9653169088295472,3.8265688543979786,8.61310233434275,8.478865420066452,3
7.954430874114007,5.744677036772391,6.25009752418215,4.879852155262464,8.154263625438446,8.222403964697865,3
7.988898886126433,4.4951041183500795,4.523363943292269,4.069519887555429,8.3984572168514,8.279602948388556,3
8.668399988355466,8.122348544076925,5.474297340607407,5.40471507713221,5.412360242354208,8.355514363959372,0
9.225557956968453,8.718092537984894,9.234951049858427,2.9837800491111106,9.346903200789912,3.507794949091975,2
8.481091142205402,5.756066562225615,6.1793152250655075,6.19895940869865,8.49382706901939,8.574442953685388,3
8.313257876062934,8.52263305462177,8.557471416842784,5.990446872396216,5.077639252592963,8.883682363326534,0
8.936962908480298,8.489916596125536,8.1751530716901,3.5547324050292595,4.067574696942178,8.950774575011664,0
7.7295254975652465,3.944531622634065,4.111431633668527,4.329676228206535,8.60064065205725,8.172278527186407,3
9.119220682541268,3.1486497512365013,3.2221344906085005,3.348881493340387,9.458627915225156,9.305954458574517,3
8.790087446786153,8.372487631941844,8.780127551895461,3.9112246760921283,4.434226164735843,9.266509021504321,0
9.10638913023357,4.058573075835263,3.6421069440635154,3.3978630159047998,9.324315628346469,9.598439970091125,3
9.25964463161241,8.942424885815198,9.548333255140403,9.503985981414896,8.747379502046453,4.804317612395534,1
9.311290496673134,6.043736262231454,8.84607560996764,9.197600874829202,8.567031971468962,5.6660077392060355,1
9.524645188777905,3.930415147143323,4.12814955601606,4.02631359387455,8.90259434573496,9.531135012314058,3
8.722016055906929,6.88733569297013,9.453172353601829,9.300170309746814,9.282082626096921,4.276140391466027,1
9.221208295772016,3.838994398818565,3.5346878708335385,3.1549602949523656,9.3103978356274,9.151303623122116,3
8.402428811242576,7.989512915120983,6.202313962835151,5.069087287258675,5.004260552919762,8.578091443348777,0
10.0,5.731951753033923,5.55281278910525,5.151392113643303,10.0,9.750374044205135,3
9.257218848214944,6.634700918114207,9.6907764129834,9.781513092336503,9.949165854940963,3.562709264203304,1
8.9799268585411,9.369221783489488,9.289411539358165,5.6690042863296215,8.622880721375342,5.876680905840024,2
9.064670423333519,5.06011459006651,5.20553932889523,5.3457263501458145,8.733571943276061,8.793863379230299,3
8.928610541231036,9.1916977236997,8.29425952511078,5.003265002119041,6.253899832323715,5.219412880369437,2
9.905776723764705,9.221242248762552,10.0,4.241937313691853,6.367879246400734,3.658473042116049,2
8.879143864244393,9.285272433115892,8.799149068175854,4.27561195723782,5.86241579435102,4.390076467976145,2
9.939742153979058,4.617701853599119,4.264235766069458,4.819651925222416,8.833753548336816,10.0,3
9.661884444160533,9.25975252962222,7.8083847785166745,4.094700407793247,3.318310853120776,9.538906775246621,0
7.811984555614782,7.7115547368696635,8.202096544940023,8.308106941985919,7.833296331251915,3.0764131196492905,1
9.523298098131997,5.96018442981912,10.0,9.41069959993989,9.257378381164953,4.55484080351288,1
9.38132811904163,4.738264566863238,4.266940907843871,4.822305383249601,9.601566309547037,9.436616216383058,3
9.086914268208195,8.175408574595567,7.451523423724307,3.361497021457183,2.5531153193376595,8.084738724431757,0
8.45438949936121,7.347165096433188,7.937135023215753,8.06762846945148,8.719863067355035,3.329780108878231,1
9.436070858152727,6.981141537383101,9.099245023714127,9.041301399076673,9.234543147274856,4.6036783461477375,1
8.571862309101995,8.129349674815119,6.160886234032175,4.651876700036202,3.963333376312134,7.706911374396864,0
8.938730554340134,8.94199228359269,9.039344156075881,3.55557482895207,6.923604788100739,3.7155918669861765,2
7.97709260322079,8.811789204803679,8.219917486899293,5.289319754810276,6.667480652189014,4.7674207125020525,2
9.210501320332606,9.134521909443658,7.130603512330755,4.510074933540801,4.4929664115499275,9.734211340174433,0
9.853336609977752,4.330922925454077,4.095895099373892,4.204012597184704,9.96637340670379,9.653814254716396,3
9.426910286641316,9.966126111600666,9.094265067574502,4.917159477002213,6.072337534279377,4.792544469568743,2
8.301095645612278,4.791162106867397,5.041088201592925,5.072220944413177,8.176732691866704,8.427861754712966,3
9.387993839648074,4.199534719879582,3.711046111234608,4.419799593956574,10.0,10.0,3
10.0,5.781131911122438,9.673053835013324,9.217706296106277,9.642081281663895,3.583589420683121,1
8.43963878561943,8.99579105498613,8.861865956346584,5.651935492920466,6.770307555832205,5.5269491034976195,2
8.03522245309976,8.451405287421354,5.596368247080502,3.624542860149368,3.666337414591713,7.824847691896441,0
9.439555949748854,5.181967968992102,5.544830509545708,5.675079044561483,8.555467430811028,8.97457168889587,3
7.764906066746422,8.162249556859491,7.651110009836704,4.294427584961139,8.902976222209599,3.5555538659657695,2
10.0,5.079669296281877,5.398446843104329,5.490642689032725,9.823285696897656,9.731718995676092,3
9.704036601790213,3.8346538892736195,4.180419690140524,4.714491068576885,9.750879869828072,9.920252820790878,3
7.678065553634104,8.042634985864925,9.131439271453388,5.336042759520365,5.081191893958439,7.707195965513701,0
9.47922903131473,9.361914264320689,7.6073134762349985,3.7305126343143233,4.039687421958819,9.71301609355965,0
8.517083911671389,8.135393756188705,7.4428679693987085,3.6140000835446853,3.6874768410953016,8.208610409507173,0
9.247769372217121,9.810145956136736,8.554316974907609,3.5885183482194947,3.785894145878882,9.67627254786822,0
9.030034074984977,5.482373435979635,9.046009989154573,9.284045011143359,8.31541279061269,4.724823882812778,1
8.135056805409738,4.177141033015996,4.296730329995614,4.252706678076913,8.053965271301815,8.302464497322537,3
9.243976099607208,2.830463552469602,3.1870885508673377,2.7265609742252828,8.762664277764324,9.100103143298075,3
8.248611747129475,8.470027100572414,7.885343705091871,8.575955994096402,8.506010899294198,3.184103264661327,1
8.758579399514055,9.051028767353165,8.898940476387468,4.81282327651025,7.8998041573660105,4.991206574467046,2
9.023534857746913,8.739282622717468,9.286016838042832,3.6706555444260345,8.554324164866394,3.524435509750286,2
8.36650137446611,6.599846808677735,9.66465264801342,8.480412195715605,8.652093657185771,6.319357445270625,1
10.0,4.841478929816035,5.356117990033219,5.235644006582838,9.520225989954833,9.809930686808675,3
9.63324790995405,8.798962071934563,6.774204775072181,3.682207864237583,3.9783170483095915,8.889737963352289,0
8.898714615194779,9.608926063732257,8.970589718492533,3.211721522421326,5.990603676702659,3.298224710777519,2
9.82858176341209,4.445474438540922,4.050165082386382,4.1926467845003215,9.396085867146041,9.498687521480372,3
9.020727192926497,4.509672718148613,4.350879902552587,4.704272867825652,9.194799842709278,9.333730680922,3
8.966743885393875,7.616205858541671,8.366293298015009,8.818617878391683,8.358398317937636,4.3651825309471555,1
8.045503273529873,8.446120509231978,8.614883629976458,4.284454561803796,4.461224870001386,8.190760321871396,0
8.449932604168916,8.165978330485071,7.614715761512581,3.4604524570027952,7.167521014611412,3.688231550861366,2
8.511808628470229,3.812406043739065,3.2372080856039145,3.866015943115062,8.543792567829376,8.323374969016275,3
10.0,6.270585181009435,9.62603531324375,9.86850047737996,9.916452586753465,2.602810309082172,1
10.0,8.165609336063278,10.0,10.0,9.517788332103883,3.2994239130411698,1
8.623475315730644,9.571507037743833,6.928141078691405,5.084044930555883,4.709041968398463,8.499450173528135,0
8.821264132057099,8.621543575064303,9.678195766861142,9.507004054610038,9.70472281384193,4.354095303137467,1
9.804745193665756,9.538384541569465,6.847690213397009,4.583493693181022,5.2975959884557255,9.354010425219203,0
10.0,9.707268439198279,10.0,4.471589075559087,6.8952293798254765,4.375809805106179,2
10.0,9.731884814416386,6.998075207161619,3.2728927114679855,3.3953333523679006,10.0,0
8.565952086046465,8.174893740627933,8.628703587245626,4.149042631167547,7.030476362019468,3.0689345221006055,2
9.105420761714386,9.516122264293536,8.647829366691239,4.9174329027643875,8.15634392013116,5.014427087132524,2
8.013955909186597,3.1154841846971095,3.6831394829747612,3.4876707390957873,8.023441015331084,8.05565080303938,3
9.690639515776164,9.461798275712122,9.992860739366527,3.1804015896037745,7.429492020852678,3.4024496652799523,2
9.623928187561551,7.895885290915647,10.0,10.0,9.504329893143069,4.261498982802788,1
8.020431240258471,7.9055582420396275,8.730543202602703,4.9239367238272465,6.254539563656783,5.96763891371742,2
9.458472925948861,4.524256201980703,4.273012256537245,4.688935969830305,10.0,9.221869563398132,3
8.411979935897477,7.785867848162854,8.462579069744372,9.498563656357545,9.185871855532978,3.4943178246551336,1
9.39761680314415,2.867425490139234,3.104790352298672,2.61754215881776,9.11511795384444,9.230086313509604,3
8.69852960012567,8.193615089076713,6.32752174370586,4.654862443157798,5.1991755113314095,7.852025609341472,0
8.052338738723204,7.259429294563477,8.331110312351596,7.870412945544264,7.893388603544755,5.522499635603685,1
7.9698265308569285,7.9402000464166616,8.417530854291075,3.860933922029089,7.190710911912125,4.657768225363175,2
9.146366921421974,9.091933435464195,9.200104951453051,4.98993750771654,7.92554887588718,5.283225358543345,2
9.274654010865246,8.222770776234247,9.352206378479945,8.767529529502587,9.132937749235138,5.936617104909551,1
8.23641218540923,8.076503078034278,6.634579067844033,5.074266464913854,5.902475951041195,8.324216888856801,0
9.491597806991756,3.7810614529141997,3.6805929145511613,3.9081848504427588,8.890704526891897,8.853636297494406,3
8.496572162063073,8.560800146992628,8.38769010870266,8.899988670275794,8.251593189880351,3.7423799969168106,1
8.955927295150797,8.540265365918668,8.434342258008682,8.088118983019193,8.7954889071845,5.684219083587898,1
8.746522589740469,7.336945459118615,8.72645469544232,8.45577471058618,9.118518214072708,4.535023312992534,1
9.507045589570552,9.892496825918505,9.494736485742461,6.079310475817924,7.926096137360412,5.524046630207783,2
8.66953035811684,8.893390128778693,8.643330020062635,3.5326615806544766,7.950858029461383,3.869800402607524,2
9.618537425288547,9.687910148010843,8.498338967373707,4.5476683615155205,4.782602914831924,9.139106387849525,0
9.351365751681527,6.741924463488664,9.461219103632871,10.0,9.393792338867172,3.5512623923784856,1
9.534919837488431,6.434653956208487,8.913127267713314,9.517593758039197,8.931734497495988,3.9033254237258284,1
10.0,10.0,7.853878452636713,5.622667194640435,5.248686921251796,10.0,0
8.64832714710621,8.172121810978961,7.774032282190132,5.538018452272853,4.889943100004876,9.180079602865103,0
7.966516205486845,8.134357284172628,7.681445765636961,4.829571368353195,4.94760415488555,8.17216872498319,0
9.966874899326937,5.188925351605071,5.408623057622099,6.262345734383909,9.945085734891414,10.0,3
8.262187861354635,8.364508533454456,8.223424732879742,8.031750370656235,8.284168202025764,4.1956047688389635,1
8.830014868008728,7.368901898735386,8.647484153234242,8.28957008376339,8.158568017593682,4.83750798153276,1
9.32544638577684,5.1411176425944785,6.234045682904407,6.069095049198716,10.0,10.0,3
8.160103181172385,8.655201304584867,8.297383127262254,4.63916904671944,6.51210888131057,4.799614207127006,2
9.646650218162073,9.068897002679646,6.595771842369668,4.934715006774546,5.788444470182485,9.519200015013535,0
8.571221837525586,7.636426220109821,7.654347336207396,4.330192270294957,4.752251348800489,8.526696273193089,0
8.94265289973323,5.738554945791664,5.613613574179084,6.224043351097195,9.214721638081109,9.161081200438197,3
9.33017846222564,9.286756051576,6.692193320997017,6.104517517979346,6.218968705722718,9.398219874714579,0
8.55095593665537,8.72884377949311,8.394271163729343,8.745681096103288,8.061286034030072,6.21990040893025,1
7.981094052048652,8.471566429864502,8.28257327636127,5.431026692421992,8.325984905709253,5.560514996215996,2
10.0,10.0,6.963756046883246,5.329283983411006,5.625605590826989,10.0,0
9.58286792826507,9.865870632061013,9.5419282947945,4.166247586070508,7.576861553606218,2.9917737109622653,2
8.994832401340501,9.852526293049818,9.850285457573948,4.571043867828592,7.909010765471459,4.714400395828953,2
9.126750252569575,8.940765087093064,9.700168927600142,5.264256159003978,8.183665996130632,5.214266245811082,2
9.265454563690087,9.653882489674663,6.621873123927563,4.476928806209302,4.729147601837658,9.781220485833412,0
10.0,9.66368958987701,6.709886362104832,6.117349712092789,5.851361333519252,9.571774611483406,0
9.746986931850921,9.188477530097,9.07080035035938,5.388988381977351,4.744806307445315,9.886282819016023,0
8.024880091539899,8.456207936524898,8.24656080343836,3.655235988324006,3.845064368831453,8.408573370026119,0
8.265208867546251,8.486685307483159,7.582254991688984,4.977305187212119,4.288307998540381,7.526915158694383,0
9.222414617435422,8.784498898596787,8.393408695010217,4.811682137377507,7.0919270515165795,4.724448140922614,2
10.0,9.498967311955665,9.69515626910033,3.9776998898187994,8.038592739381686,4.301216420844692,2
8.22328795207613,8.415322219880094,7.3275269926464075,4.263281269316554,4.670686623570434,8.127196050244208,0
8.667194272628315,8.72473035889651,7.355693143700077,3.6472513424125497,3.212879719970256,9.185223920190408,0
9.85580843143353,4.74953015596381,4.697398676773886,4.225332556096678,9.390245617739637,8.934075886665273,3
8.808112027908743,8.924879767242913,9.822411970484351,5.44955324653753,8.494695625913927,5.258896497310033,2
8.408714419411439,9.25868116198575,7.821063625494793,3.187852129558083,7.1601688761090765,3.2645170134257966,2
8.193645601627777,4.721922822561756,5.21213618552932,5.231320725457714,9.4847710956868,8.67735750643526,3
8.505757898373416,9.002048434093586,7.211070569645909,3.452467630509709,4.171754609105105,9.265208328876572,0
9.863212182260261,10.0,9.1806396962321,4.535383184414548,6.043126983899089,5.231449726844983,2
9.03907252603053,9.83660363964806,7.407469786272102,5.121680862120193,5.188568155666795,9.636011061916044,0
10.0,9.606949351359505,8.585765728205365,3.0968084216205622,3.014854155354645,10.0,0
8.026051008084801,8.720157276644866,8.494626730197684,8.337883836011008,7.9988943656734355,4.849490975213008,1
9.809004092022192,6.862459014283018,8.99456020348135,9.162461582040507,9.561689538757465,5.40565361484107,1
8.041635540702043,4.17325996497633,4.082076862683958,3.9966947876505303,8.029593328562687,8.484625655085837,3
9.754102142641706,10.0,10.0,5.120996213292956,8.681970766573587,4.951998143269024,2
8.928680738467069,8.189575018372793,7.593822126001321,5.736788877009733,5.9881960087029205,8.692229953215284,0
7.9226704440589835,8.48187720012913,6.11947006953256,4.6010083351694195,4.380903856984518,8.493608948574456,0
9.772604673441206,4.844233623287842,5.481616176876099,4.8600679255034525,9.667830433128358,9.8659289433507,3
9.95472259483431,7.6209888895579905,9.639672369358113,9.687058237718885,10.0,4.767524856178321,1
9.00638054650167,7.504041606200466,9.340380021179334,9.584974086169186,10.0,5.036506974934191,1
9.107296018656585,9.711986595623383,7.836824388604915,4.835581911691699,4.835620511120703,9.419051712760375,0
9.41636892884496,8.874005538638208,5.816110830904752,4.026199562698676,3.2716023051532965,9.57927452744813,0
9.048067352920986,8.723229756921953,9.406765710857243,4.995990690961773,7.38084209267505,5.136009710156082,2
9.822547296074681,9.204553096435871,8.522836881796895,5.333364574009242,4.862844318154438,8.886283386757809,0
9.074916096567016,5.929885553663238,5.374106254141502,5.443176701967611,9.533639673340696,8.51162820534547,3
8.98384445528826,9.518107737446412,9.39251265344862,5.761247231526369,8.610981710400976,4.979385171395128,2
8.7934299348769,9.536530999837996,8.41563193087856,4.085937022165064,8.714684672366625,3.9445223895774424,2
10.0,7.450565808093725,9.465665168473073,9.636405835511153,9.356974969219714,5.567252775974978,1
9.87650185236257,9.609215967211378,9.242719758961353,4.550578274199005,6.706650541822641,3.998097172722361,2
10.0,3.5333937803107087,3.3752958483779056,3.1303612879090856,9.776048112622883,10.0,3
8.615917389918186,7.887697865165621,9.689957443736233,9.24731412232935,9.504019057276432,3.859668275113399,1
9.00276499838635,6.694251895859546,9.3605718320652,8.846615307319865,9.150092370385348,4.385585245982496,1
9.192480242751504,8.113488434180331,8.640017401193962,8.855922703117132,8.976596522845842,5.11373803661486,1
8.317461551839266,9.105214610630457,8.149111907133307,8.218927551296362,8.973350728254669,4.09285418575206,1
8.795407212768655,7.433756338977038,9.083318422391146,8.595843904950776,9.078593690535879,5.638007140870698,1
8.957060163101605,9.413443916577387,7.6690505536540785,4.634652421244283,4.454311034603061,8.308343055378948,0
10.0,6.683012556867674,10.0,9.897667704265917,10.0,2.9088631022882794,1
9.39654399255839,3.55249016455904,3.221593164203531,2.6832149257344793,9.176170994192763,8.658977798822665,3
8.108136145066705,6.064595510237311,7.606157773548837,8.03520517105406,8.22063600655404,4.637485258500085,1
8.409030444387529,6.426325099669756,9.02094009956163,8.874784218288678,9.183600382191075,5.604750919581092,1
8.52278904118748,8.652982438882143,8.190565256840545,2.962209670867882,6.468726291714807,3.5953508825392104,2
9.074193839572883,8.639849115088692,6.450928829728754,6.250272961810564,6.4285209017461415,7.9079543157320185,0
8.050834323422404,8.447103810647768,7.59192448116725,4.809890625696987,6.377985414082424,4.060572159893308,2
9.360426349547154,10.0,6.618150460829804,4.888541674364934,5.584937864625783,10.0,0
9.449126389468097,9.802334272088967,9.390003628246797,4.617578262571147,7.690357978940489,3.775344696347568,2
9.431743668466243,9.07788335494502,9.19238112907496,5.306862969620576,8.85949013612723,6.327034945736839,2
8.777178965888645,9.525500806278046,9.59848487271413,4.13178130324494,8.3330289936267,4.26085791454326,2
8.274015237212254,6.687250172365305,8.0195999018324,8.6361840944958,7.857842664204638,5.087925598470854,1
8.225856013905432,7.275729780470238,8.720104605655013,9.046105216676073,8.32412292456047,3.3545848072101982,1
8.31011591128782,8.289674549550845,7.902395958161247,4.466383279274765,6.904465238109866,4.0384469991018666,2
8.598967172785308,8.324174917306143,6.738889878533196,3.3024993676021173,3.7826294354046914,8.560533693375108,0
9.588438002821166,9.253106389715818,9.928510955866557,3.2322120982532656,8.32686628762446,3.5022556614769305,2
8.115314391095671,4.186858193319689,4.809781314554796,4.234845143072413,8.272149778853832,8.067706370219359,3
8.2927038623619,6.587086762988079,8.04834345754933,8.51859352899263,8.130921183966095,5.9278254186989665,1
9.655216078148134,8.961427133558605,9.57761624587946,5.1064818724534495,6.397327941692286,5.176802951063499,2
8.902555706485133,8.784629216012435,5.970528445090007,5.023682274627434,4.831454696324,9.016368565888147,0
8.884379418768935,9.13763643467113,8.864055789932893,3.6960473089248653,4.425369613792508,9.881894721733639,0
9.524333036792115,6.525890395208856,9.399930920606588,9.190265407015259,9.190437430769313,5.531045678835664,1
9.01286129057783,10.0,9.347681721647573,6.435503557363222,7.982037821018644,5.597171020321824,2
9.790784253371337,9.377583683842627,6.563014046775919,3.5506387721344788,4.089072262224393,10.0,0
9.369363677766286,9.540750389291201,9.33271428042249,3.887204111581695,6.672366271570367,3.5885246780594153,2
8.766759988084589,8.691299103359457,8.83752396218235,8.383417726916878,8.346333895093258,4.02210631902351,1
10.0,9.863011879119952,9.828666025634925,3.3606073623539547,6.093798383244273,3.0443152661325956,2
8.903353569739817,9.258672709541216,9.267778798694291,4.742572853690237,6.2517944655914155,5.793261244182961,2
8.945007867469142,5.984204774261492,5.378641782695732,5.638733348006463,8.882841736376774,9.640094435910633,3
9.460843588708704,5.709884541360589,5.62992694025221,6.285915466764569,9.822430606255198,9.66666967458748,3
9.693246105787791,9.224516214654695,10.0,3.408859026401676,8.992489932398033,3.0168069387223873,2
9.846939235876206,4.492311764329521,4.811946247126799,4.275497821987184,10.0,10.0,3
9.586550946690043,9.930543131979437,8.934461523354418,3.8507695539182847,3.5026545627192416,9.930740230596298,0
9.273507235775888,5.455874965010133,5.72290382367991,5.40703719735416,9.373769579855022,8.81886140866001,3
9.679502451346336,8.363821446611222,9.252386015310668,9.60422813471045,9.91840297583176,4.734646156008812,1
9.937081977998135,7.5659320020414444,10.0,10.0,10.0,4.300770282195018,1
9.508388324232651,3.1184543515605623,3.9858173237965024,3.4176512972699267,10.0,9.282982982059895,3
9.081111554714427,9.219849296704572,6.917597069224092,3.9486842329165537,3.000477966315842,8.521467780138794,0
8.475757909268337,4.970184518795782,5.967264834148163,5.355562138868023,8.367657493403234,8.30841253940401,3
9.348175189217741,8.914355537012844,8.406264344917684,5.10209365308498,5.289708832902921,9.738240442177528,0
8.154354411768818,7.157259085536229,7.243720716177938,5.466464205134606,5.649660704345201,8.328935724493329,0
8.805028365978256,4.219300496702347,4.833221176434573,4.095596582353288,9.430713193668149,9.163433823555023,3
10.0,10.0,9.435880539498273,3.3163783821270703,8.49516197027214,2.8742444700801086,2
7.973191251054996,7.947841131398539,8.039482733340362,4.246266503906487,7.532863966894217,4.359530261322422,2
8.755697241583794,7.397190755285651,8.85543298391642,8.150766640596506,7.561935618294487,5.503427897589074,1
7.477408969141643,8.336871965181718,5.629363913728616,4.419841767960195,4.3424863652431,7.854358867552324,0
8.811176871010906,8.839587323458577,9.524043017331637,9.445762879399119,9.52324586449972,5.476211479169079,1
8.515028466966022,8.694989934509586,8.830730428639916,9.075964993871224,8.969584400582528,5.045674346435801,1
9.06584264668295,3.509486879676356,3.6933647872609794,3.785105983740792,8.676668339973824,7.929888781585666,3
8.552391184492485,6.888588475274986,8.800578860364691,8.169517302854503,8.181702200771072,4.525252663620522,1
9.801456086069631,6.8607420647474004,9.798865413412992,10.0,10.0,3.063360274874996,1
8.949766719098246,9.115069619292571,9.293134908693212,6.0466744248346345,7.521561330677109,5.308483282010467,2
8.791751980397555,8.974455104042024,7.240208065909409,3.6468529344220326,3.934069882757612,9.474059064212875,0
8.784220405008664,5.426539686252529,5.569292339357241,4.66224314468705,9.013442415983446,8.496197401483268,3
9.921071732118861,9.563040677110418,10.0,3.926615127566272,9.143762809867154,3.381271242518858,2
9.352496874947843,4.951393838176364,5.302799978070909,4.67288699585325,9.434043372288249,9.506741244105454,3
8.703653030351271,8.430861161496573,8.594937857884608,6.571922945634114,5.9447178826464295,8.20473509188093,0
8.67535411565083,4.052860587114854,3.933032754177131,4.0213910325102615,9.20640594790985,8.904946381933595,3
9.376175554421861,8.24968139884276,7.460322601698873,4.059938166325088,4.40648501409513,8.979546931345919,0
9.351596264225838,9.993981736155325,9.816656755783013,4.647833862132765,8.254751818775187,4.908231754419885,2
9.636506774444488,9.481374598491715,9.203711582400459,3.486963392915901,7.818602436070171,3.446218915512746,2
9.00628039074515,8.313578284850434,9.390887660952721,8.989978014594008,8.742311488760295,4.63889666914021,1
8.108705124845857,3.900223647820083,4.277794870629666,4.02310121708829,7.68206967333876,8.42836979883418,3
10.0,9.756184757805135,9.653939328943753,3.6284041442465433,8.352565394808309,4.119298160150208,2
9.454040451141747,9.667787253450484,9.149064914178513,3.0638840807854857,8.462503760160631,3.0845479923429124,2
10.0,10.0,9.558559320720315,4.722662137718186,7.704836045727543,4.94634283538166,2
9.709806008076104,6.459237772591998,9.313814181147585,9.360871725292055,9.918125998650222,3.424589377873611,1
9.278032065391459,4.026871725041456,4.884204924698397,4.857441018595172,9.254696998067953,9.403754714250251,3
8.256892501822447,7.254469624643969,8.078425276134936,7.867999511980375,8.789973154051886,5.4290037171732175,1
8.482413879856265,3.425898476029002,4.0581889338698,2.924150064865295,8.884332774143314,9.508981198984827,3
8.461807979091827,3.9422321770996027,4.5281124811746905,4.373930590003176,8.332809012482947,8.66071046513231,3
9.623656689322246,9.683872014045344,9.931107767642924,4.168520204960909,8.851443919010414,4.299279136777287,2
7.815476869228999,3.0633699145160183,3.4580021196434405,3.8766586176179176,7.805771557202024,8.582257210536127,3
10.0,9.397515852549366,6.43013950728133,6.391168010120903,6.103195908812417,9.66122130078321,0
9.637343096776792,6.694091082671609,9.61646562995084,9.758493185140287,9.579130313259963,4.3886525016823725,1
8.622982597346915,7.239475342572957,9.382043860031029,8.633398680444888,8.874983754371154,4.452875974813001,1
8.431362028212405,9.401925812986242,8.773760709057756,5.427424247381416,8.769886360315718,5.790649620540131,2
9.056556521604517,3.1777239015394922,3.9959106455736837,3.651862392658076,7.971146666325431,8.052049328976182,3
9.49716528658355,2.937555309549821,2.9271241315909893,3.1869183772598637,9.197103494345365,9.002788653084874,3
9.077947114921162,7.229000244224683,9.278863573096967,8.62971568182591,9.075296435388827,3.5480119239123717,1
8.985369371218448,9.652438823499049,9.12741525386712,4.888315409998606,7.829401795192071,4.990324644954777,2
7.966456635296621,6.488858772712178,8.490689709323798,7.925341173190185,8.347376678704205,5.395910712335097,1
9.094227610106921,8.626665120178162,5.7114204202703105,6.052899622340891,5.6816589456477615,8.371857574099215,0
7.573590415293086,5.867489804815727,6.292232091821697,5.683347888411113,8.456809000581899,8.76084943889234,3
9.518351452436715,8.932397397281063,9.535076366981762,4.9030608220612235,6.336746263175173,4.787678620768079,2
9.312895639180095,10.0,8.250150409393814,2.806126835397816,3.4711746496900657,9.73557961742308,0
9.091521096203328,9.108469754552658,9.283691849358199,5.392404980073765,8.80600574757713,5.549714672208267,2
9.173405155640644,5.414473553042226,4.861247166862998,4.807731662557623,8.716060294651188,9.026610089969767,3
9.357053152602205,4.913528806053316,4.326643067687189,4.603216453707416,9.494734009811522,9.73549866757054,3
9.015462088145247,4.972079438909065,5.347320281762201,4.822546308690112,8.68965367800375,9.052729678691446,3
9.54264663905818,9.3802312144575,9.446707975309744,5.637508095775445,6.3804546954487025,4.813280783447902,2
9.001713040991527,5.25454894305228,4.486639023942366,5.7296042567379155,9.409613842791533,9.24429301028992,3
8.85533515644116,8.393165348329877,8.423030588633127,3.294150273784453,7.196612570161097,4.516409281296994,2
8.77721218065321,5.1756165549024,4.987694972407606,4.686239706027889,8.484917249201569,9.023573363096085,3
8.527990117771358,3.999166003227773,3.4429307708997725,3.756072425617882,8.013977884237146,8.630031353670454,3
8.486064904066241,7.9766155235226766,8.778433353432856,4.832756581657613,7.850032131277164,3.9686315384325987,2
8.822125158897512,5.770539242274481,5.993802858754642,6.420406152552867,8.894949251162057,9.073409037491368,3
9.048023589773074,8.093943979070048,8.709550209377362,3.2785117400000745,6.874623688741531,2.9789880912944446,2
9.169620139100783,8.851268855913437,9.118464841414333,4.290012477717147,7.3858166619321235,3.7119502099710404,2
8.914398557417128,5.687083817938328,5.303468650543277,5.8348066133799,8.831161375406127,8.972595711852,3
9.247928678269263,8.144343253493647,9.032583253202715,8.63010434822664,9.020505494034127,3.4568311255092445,1
9.522904161983298,8.079520493335398,9.291806465451439,9.014676533647245,9.25185348399786,4.431553570007793,1
8.935132200520878,3.409139550156553,2.689176828857902,3.0806823410960145,8.60133324361492,8.014229098673916,3
7.726858564933475,7.692426826573099,7.3990896106828155,2.704058105601201,3.7990025581623708,8.109749539517948,0
8.495776557237335,8.162460075790989,8.65158540061156,5.73518698226805,5.873712925760581,8.026737309719636,0
8.728969427887936,6.47152565747732,9.37551485310175,9.278852365044955,9.093686968004572,3.768965951959539,1
8.912403870711842,9.580595126218194,8.399082493780572,5.587779443985694,7.4026409933222785,5.548199636973545,2
8.536370831191237,4.0299285611686315,3.911801620767838,4.077286817979135,8.187296836119906,7.878185426015543,3
8.773683419951867,8.19367962543454,8.59133327444329,3.791392769548401,6.401934808656493,3.4720802762247627,2
9.512108354612307,4.925884579991664,4.936791664706583,4.7752376896426165,9.506833950237658,8.956832429684841,3
8.843774006287239,9.224829832165216,9.16283446119857,4.87333067568467,7.125975024299585,4.732347117928302,2
9.81772747503665,10.0,5.8623899589207245,5.2045883112991,4.95670381701011,9.348039793232834,0
8.017606995794198,8.782568398241075,6.146464741527702,5.747609807710316,5.880149932012648,8.594769152047544,0
9.216865057058497,9.783595592941875,6.006984647802775,5.8985149108565516,5.372736555792406,10.0,0
9.26715709324713,8.474746641790809,9.443128095019453,4.660218712615407,7.18401562836421,4.101256814429742,2
8.165863157571604,8.026971121055443,6.863771776819014,6.0434499752264665,5.244167746244537,8.17581084263075,0
8.155399726437585,8.526209864643675,8.475075324330291,8.526281124544074,8.980246849790767,5.825183232452446,1
8.385934481051182,9.029687758873823,8.348704611257263,5.6803532302645845,6.795295396031367,5.442488603413686,2
9.63568994411328,9.123012310921867,9.20420319211907,4.916934596810599,5.261306194232585,4.742672208040671,2
8.894777230981534,5.360569575511996,5.798046398254494,5.369778417884034,8.395145935830229,8.479410644773345,3
9.331024504852541,5.518938756072002,5.215457707357353,5.7818788471827425,8.737403399922677,8.678651974906268,3
9.920684222391982,9.30321454331658,7.101015024298494,4.808510490779184,4.592355479035389,9.558437074890097,0
7.338666864558329,4.841076723439093,4.64279487689975,4.348458632292608,8.870946829844346,8.382753003142035,3
10.0,3.1677070754658505,3.150293868852622,3.276983558665271,9.86520422906753,10.0,3
8.239997028365625,7.073982806889908,8.181816314557313,7.830127239973489,8.721822904444837,4.310558151097783,1
9.96942585611785,6.364028147283363,8.354436972998316,9.926901324803294,9.686836944021112,4.5032981486760475,1
9.213293902722159,8.857111338013425,8.615347369059435,6.186784090258797,5.870671555601283,9.490883341503187,0
8.487359279334232,5.3206627837422165,5.454085106439863,5.256166928353935,8.615749943477995,8.418612176773,3
9.295835960167683,8.34388919917997,10.0,9.719514680065112,9.774013770699261,3.8805530983461254,1
9.108668364030938,9.903292734599747,9.118219683064032,4.413557434132478,7.719536050572386,4.861341632131791,2
9.476456572007878,3.9981759060467543,3.8095580567757668,3.6339795420481305,9.608152465739877,9.627430003440182,3
9.855707478008513,6.555287424668524,9.83185981779579,9.452200460990731,9.581306730891805,3.9403857099652386,1
8.533336178757123,6.205610016555664,7.300508946482342,8.085762520341682,8.761485663928877,3.7835326278570958,1
9.316547041186881,9.889489666533681,9.771090409779374,4.871644445406862,6.6766513245413535,4.38682270703684,2
9.13982308858684,8.990232550159456,9.165196661133749,4.083744333794531,8.667850899747522,3.2531609367937326,2
8.523790836269198,6.807152781099559,8.108105319279181,8.536910582347014,8.510955724904038,5.00825353513751,1
9.021680986907464,4.020911884284621,4.198966551408746,4.137220202423054,9.772946203756785,9.523293198800006,3
7.380799592744139,8.096757414533768,8.784752825462654,3.7937661467380868,2.9450023285796587,7.877713710097485,0
8.518312351724658,8.766834220538353,8.475814592840802,4.631327207525503,8.690142946801169,5.656571861167633,2
8.226576710466023,6.710701000277703,8.423674565857954,8.545165094320438,8.000726020429072,3.993363596492976,1
8.487639865144292,9.354024286302826,9.10453384755144,3.5334742413388467,6.892214407231135,3.44661801237467,2
8.977138072381669,8.910493342114039,6.629242038218773,4.737639954060386,5.182059237968602,9.47964863087654,0
9.764314525949008,8.626242559134019,7.043284816171399,5.839801700180628,5.493912733900683,9.132929118305121,0
9.256992277445983,8.797919599378424,9.442732190087108,3.6938706645527954,6.187853879990672,4.262501717288698,2
8.64174408782651,8.481344843466948,8.184569089390402,5.158699911363917,5.014844930387808,8.046243149237592,0
9.208550208435325,9.293561848355418,6.589095363693651,5.477724167143516,5.028018873945604,9.259592923148299,0
9.91830559164995,7.793639029311776,10.0,9.359754345033714,9.183891658823008,3.3794734886877142,1
9.525864525831054,9.009876903196128,10.0,5.125840065925465,6.879100149999584,5.559573857072139,2
8.7114933532417,6.748432279713603,9.259594285902013,8.673841391484453,9.163541017302098,4.431766172071828,1
9.773805743454083,6.661304262380448,9.56034128961635,9.801811345719539,9.603739238298648,5.037336635264275,1
9.654741883528255,9.763992231118825,9.217340794338227,4.140261850289461,7.940452148413766,3.52452696696139,2
9.539605675176993,4.943335267288996,4.991018477563786,5.008817721069712,10.0,9.30684796011807,3
9.379987783226477,3.430549782892432,3.2836221213578476,3.468833295084772,9.088205738435136,9.466984722440934,3
9.92970730622558,9.700666075763461,6.034934352067742,3.472310110170138,2.8630692635788697,9.989381207446947,0
8.399259675750171,8.195961951882111,9.150669188690449,9.162413067423383,8.663724404732399,4.850335344692015,1
8.341104336305364,8.154172676446228,6.196098018117672,3.0576885891361685,4.4162547346213765,8.194473593455541,0
9.740492363464211,8.597538699688196,9.092004452520081,3.983922540879977,7.22560744314451,3.812990512011731,2
9.312529896165143,9.448158255639202,6.630667451996489,4.473480770292932,4.1552610502920535,8.48397796412338,0
8.919396678033394,9.445922672309564,8.280658149852213,6.154205028260465,6.3635857491991565,9.645089708343543,0
8.949354970134552,5.1774186802816065,5.618093675943308,5.5111949826468285,8.386993159052153,8.67109887124128,3
8.585619804415947,8.885549041858122,8.81675752720238,4.3003443656803855,6.783571536684219,4.353974071276107,2
8.299776196727777,6.3642544453647725,7.6021907414617305,8.00673707285774,8.743379863972125,5.401129087606694,1
8.090893623415592,8.72755250641225,8.338374972486875,5.226865318881754,5.228797091567786,9.029396031625483,0
9.577091872445365,6.809994959994111,9.53326760805492,10.0,9.471807229790727,4.122125763172631,1
8.091193187922638,8.026830158599681,8.41064193833014,5.807039201250277,6.368078353689463,8.531649536097095,0
9.492290923666287,10.0,8.357301198988749,5.629240021307664,5.460547929116839,9.271741425422167,0
8.394138382611855,8.128615516136689,8.741881176170512,6.042554377131729,5.817794781885541,8.206435287534752,0
9.501604504112644,4.345976322638686,4.7396818594412835,4.068778579577028,9.191163251342077,9.71540272326148,3
7.971749795941339,3.5476280768447026,3.338098760982804,3.639577626298223,8.135587477415687,7.950387514122796,3
9.482545904757336,7.973396273871931,9.328517951762977,9.290857755234937,9.661041205024347,5.7793003841367225,1
8.228589351039476,8.541951173983772,8.15462149721632,5.143180400563304,7.93182886167656,5.727200960249586,2
8.587306150606821,7.76271349086297,8.943036473327682,4.837785508809149,5.100250007220411,8.343086789650028,0
8.548863344998606,8.145578294225986,8.240419827340965,5.349662264817583,7.687315116661971,5.413419418372275,2
8.941584464792582,8.878104718594571,8.753928746431258,4.601926667451786,7.178426023927795,4.500802815293359,2
8.201758880311086,7.172065696460839,8.752594497054769,8.352626735382204,8.67842927219928,3.658132804931075,1
9.457571025643416,2.899268864036827,2.5680397101070236,3.5680866604329506,10.0,9.835183972658951,3
8.224120960824127,3.2446387150190583,4.660777027338249,4.2791171846907705,8.30085145928191,8.158212813329502,3
8.38030193366872,7.012578789092084,8.514336906278444,8.146954603535843,8.454801782682017,4.884901929232015,1
8.988608632387288,6.943999248362739,9.126171978389166,9.118509034726861,9.23496111413033,3.7149174693058904,1
7.714303293433525,7.876537852979998,8.644856462193003,8.292284279350437,9.053958195208725,5.573480290332478,1
8.37394213140014,8.409688615331277,8.149205150339231,5.6637803643509885,7.713573862902658,5.342105440041294,2
7.96973880879636,7.171321727268231,8.111354753241232,8.366061908938631,8.337116207556514,3.502815989877667,1
8.919582169855271,9.43293717791329,6.3928997129886485,5.505161106771695,5.252805626655785,9.034846809526211,0
9.08385602514367,8.734851072878001,7.094453169103193,5.759678870398955,5.709140746984194,9.148327648984488,0
10.0,6.969883206868939,9.934582958151147,9.991060117247203,9.920442257005964,4.960359532342113,1
7.837437605562402,6.594712227752044,7.941769651304966,7.82477816417214,7.518914668234512,4.551800025653334,1
9.296748632213335,9.483950783526673,9.15737401926999,4.6008658711853805,8.21679582677577,5.407105574489554,2
8.919106327615994,9.753664114491716,6.5652399163414215,5.339382653795086,5.124278907715343,9.132432161285898,0
9.948216555553495,9.397353018773114,9.24614781869643,4.7297406059223555,7.447824456866152,4.509861809319517,2
7.797195596325747,8.058777126093004,7.3607135807558075,4.913052640407346,5.465175174445417,7.819961125448713,0
8.77836784593063,8.661076456287796,7.135809879790739,5.39924755818495,4.898388589474521,8.849899173375492,0
9.650713098028778,9.402552566375132,7.918279522213075,5.220753811178001,5.501366601902086,9.47385845813395,0
8.629100646333523,8.933445307664151,9.10515873439419,4.48107463041451,8.152115175510032,4.449117394448461,2
9.011652442946097,7.251347327355095,10.0,9.84580890168576,9.98508687780577,6.04888331222641,1
8.63022856266343,8.71297987975204,7.664979794924663,3.365594504674691,3.1285652168884246,8.286790533807364,0
8.609195624698959,9.076135681181281,8.585095124337471,8.011254648625936,8.760541433946035,4.953063524003013,1
9.535012275460817,5.334736325342235,4.6713993399749345,5.100990716403139,10.0,9.285760316066712,3
9.445624045598104,8.988999990238245,7.8123580168411815,4.084077847249295,3.541243961281328,8.567274618339143,0
9.861467166917544,9.311707255335325,6.573503251606025,3.7783316072491644,3.0241301745557534,9.949032756813805,0
10.0,10.0,8.67049072045645,2.835460340525089,3.5214157979141762,9.776368153631262,0
9.950149662500522,9.003821738836928,9.51552089572246,3.2049785515030917,6.738892863643827,3.7755724497167145,2
8.311684134170173,8.525131140771329,8.286253321217671,3.4046345880958233,8.305634499651385,4.112672103114468,2
8.989402615894281,8.78584458452416,7.075768449442278,4.932768842028584,4.526886947029619,8.36786184377716,0
8.252705208481645,4.342902566461627,3.678352447333697,4.520165224906921,7.851589861159113,7.611483611050016,3
9.987634319313146,5.019314591752006,4.747308435406627,5.103501123277878,8.888138498514833,9.740492564480919,3
9.834869053635044,10.0,7.807451845806009,4.356695812746427,3.7589412598263268,9.89743428155806,0
9.39605588428672,8.652486444025273,8.097022102022166,5.102482697122675,5.305014805432658,8.850858605653498,0
8.18762185157227,4.780363630406585,4.907672277521221,4.026704536329508,8.10265794205985,8.501857877870073,3
10.0,7.931422798794354,9.89813764586162,10.0,9.710302474845776,5.569436218099397,1
10.0,8.755715536499888,10.0,10.0,9.475194837447535,3.5979885036042405,1
8.503546596451109,6.099885404882802,8.736229095992954,8.52206795813626,9.224109960025414,5.376657398082588,1
9.037428543406724,9.411253837345962,7.2618826525404545,4.660260501410319,5.423779787739376,8.995401882704758,0
9.369635347728554,9.70946765768902,9.608128544672418,4.558008141017618,6.474151471129104,4.56676850313676,2
8.761892698765173,6.008124822933075,9.061323574743176,9.340846348736473,8.635121667709084,5.501714734228163,1
9.650487070782823,3.800503579138084,4.394900674699209,4.3306658318650655,9.601757278991622,9.07781015623761,3
8.714077685752708,6.901984306058985,8.82190635516922,8.708818563319664,9.373581996623548,3.8537930959528155,1
8.368291443929152,4.208893724603535,4.642662357962624,4.3250092176670645,8.742310056370433,8.226053060661718,3
9.027991005598926,9.406968275045916,9.069020300362068,4.9698754749342005,7.248951632565144,4.166117711889093,2
8.130422060127817,7.684534547771303,8.231198412337868,5.516267984347309,7.544026328867864,5.574066997781457,2
8.312779796244271,9.023294470067992,8.196594243371742,6.190034707444188,5.425545172170929,9.297186952571117,0
9.063572923261452,8.134920714643574,9.204989609798087,8.223526394139856,8.70511086381471,5.343961394053376,1
9.90535010319475,5.472528445046698,4.813088891416552,5.6193078410558845,9.645677604356488,9.9050282738151,3
9.358882295548165,9.395031777615934,9.090995872791787,6.127051112243267,7.825519179965988,6.365327315467702,2
8.54562255160469,8.02940649595241,8.560008406662789,5.410621960433871,5.717354034270052,8.240483375136185,0
8.362397850409025,5.808544415002547,5.3451672890592965,5.512625176470272,7.9019538240881495,8.235390341933082,3
7.820758222827555,8.130955103059087,7.881247554164302,8.556630795945887,8.272412436516587,5.0047442823779,1
8.439473987418026,8.384337691506623,9.317448981488685,4.751722608635812,7.325243125033476,4.184233196953362,2
8.46663806661899,3.1816064266919444,3.6749597350846117,3.452268241941861,9.341610115276696,9.007216249087117,3
10.0,9.920601989872058,10.0,6.167954236366499,6.837750430135327,5.356644766813537,2
9.550293240748468,5.281618190181992,4.18933329182215,4.92256927930139,9.661397804429244,8.484032950179026,3
9.295033064735826,8.18337325784469,7.556266697561344,4.9288790987081335,5.186027793424816,8.661444488711421,0
8.109761595282409,8.40931036117163,8.283843067604616,3.3582527170005005,9.009499626091712,2.9321727326896005,2
8.141607098087064,8.527714054937357,7.036404582351301,2.6749387618131903,3.9318511412005117,7.847151689736773,0
7.778468553187522,3.193507498802016,3.416099407802202,3.5724200800467782,7.884970662529668,8.531314169902783,3
9.224239368990853,3.6858653898679696,3.079875834073696,3.943329933063207,9.202318344335785,9.472077437308819,3
9.472059956836144,9.266242373501566,9.183691653216478,6.412596021243777,5.006590493141525,9.385058786869518,0
9.95784931866475,4.81223387886404,4.860516059764858,5.495506536930029,10.0,10.0,3
9.95455158801786,10.0,6.487210792049879,5.25618106804418,5.393828742750632,9.853177938543386,0
8.480555978660078,6.2556084400345275,8.29321246323319,8.261117897297126,7.831240057436225,5.421636272376702,1
7.815572805231597,7.600096025032569,7.975735414070388,5.68814816032734,6.247792590827026,5.227417693960397,2
8.615841400576482,6.233052573151233,8.81768495889182,8.913799494091586,8.856746178600872,6.012711634173953,1
8.00317615010677,8.513467629711899,8.799956375447863,5.16686351497062,8.186449276740195,4.5864568997563415,2
8.79531364536423,8.354307129065585,8.20387223714737,4.464713674156904,5.434961299581794,8.17034557852639,0
7.989086939611288,8.292757847343468,7.776179690855872,4.187950885213008,7.6773617527427565,5.019584639737686,2
7.941556745486025,8.645989821516837,9.213297272594064,6.334597338539435,8.090666295621773,6.308209554485336,2
8.357032364061675,7.944230151879268,8.10327187124006,8.052829934127413,8.485266228328294,3.194440262318727,1
8.775935620139778,9.177063434180884,6.118046015470261,3.747972335821565,4.198435787933944,8.86833992522186,0
8.89759378947246,9.117941626732035,9.160707318458034,4.683473187649881,7.038248794247887,4.906055388907683,2
9.149262004451503,3.223748058337117,3.6853764560429156,3.2947158555729703,9.057159697813931,8.913394198205404,3
9.36571882052778,4.088808279562964,3.9625036204448865,3.641492993752005,9.286690367761752,10.0,3
8.867024749798427,6.881954494312927,8.674483798034517,8.684378326759848,8.868401629958818,5.443648244363399,1
9.641996475327415,7.406398234412586,9.223008408911452,9.93554594396704,10.0,3.623032588406103,1
8.688286395073018,5.445245586513797,6.039266593928094,6.03987366157199,8.502048387943512,8.193072797762891,3
9.513991492212618,6.380513115613335,10.0,9.91900894714702,9.9722894651381,3.6307136952392187,1
8.283947469010917,8.777213685582478,9.26572664465506,5.085495574938603,6.770034883341953,5.629314274553402,2
10.0,6.353689901577636,10.0,10.0,10.0,5.730228440088096,1
7.984645422429255,5.9812462676494675,8.602701992913168,8.524803388025207,8.62769873529178,4.789130913787989,1
8.63416288770448,6.565880520316523,8.074044514106388,8.450492582784978,8.190379620080638,2.931602567391539,1
10.0,4.163438940038356,4.305523393193385,5.195347014566319,9.545349894265751,9.845801467798884,3
9.763807253401234,7.689871499003794,10.0,9.40193956742916,8.956873791919197,4.019819042952242,1
8.663832059903381,6.110605792932844,9.466476621482512,9.32077653293318,9.10511201325247,4.333658616570609,1
8.978350111307773,7.181519536977735,8.79632140957379,9.275234279204588,8.65661790195869,5.4425871755088,1
10.0,3.5730800023416256,3.3376769198056824,3.4341174061789626,10.0,9.55222436325487,3
8.102628715650152,8.207980299047643,7.988409972237154,3.124644861090064,8.572756600259742,2.5049600503409177,2
8.764099759542852,4.549648628053429,4.459644925602256,4.305956602070936,8.249522136088668,8.367908569706255,3
8.80286590752645,6.71367921664796,9.34250016776701,8.702052014651619,8.207787318516148,5.645884101964046,1
8.057713310446557,8.17381131382752,8.01141397265989,5.356394836110721,6.91839135829359,5.404751467270845,2
8.711818224896668,3.368026473914912,4.167377793544298,4.228332921013791,9.462949226906826,9.334090465405364,3
7.325217342350714,6.000044777599231,7.504801594051316,7.6155884357015795,7.963376867658812,3.047511347014544,1
9.628706577524806,9.239679221968936,9.339575545285498,4.171175821087363,8.5836640268658,3.219897190352504,2
9.045681512280433,8.540690588962658,7.359858287861824,4.977951249374075,4.865757545964453,8.477176151560242,0
8.405976602229869,7.330378114599061,8.692534216718991,9.023604739917891,7.6817340256871365,3.8656142053462137,1
9.96925828885869,6.690608297235662,9.62769182633401,10.0,9.902654316369885,3.510687484612154,1
8.590628325816049,8.40167234125579,8.03981256366693,3.139650798404303,8.457648938075815,3.253713756856477,2
9.275682207125563,9.085825521708605,7.137430950027567,5.874817130627041,5.84506577585134,9.385073426243755,0
9.372206359593012,6.0736637564396005,9.921180241599506,9.78790521777221,9.495608475981529,4.892548419605349,1
8.39425618250037,6.403574421954631,10.0,9.20264521855195,9.371636884247247,5.710921135743992,1
8.949531051522442,8.307670140549572,8.320992651993878,4.006995623403271,6.498949261384574,3.4287643795997917,2
8.908959106252643,8.779191384710922,8.336042341277135,3.557591321908996,8.627656536965805,4.192376567931009,2
8.706227577063096,6.93465508988456,8.83067337082721,8.855024122319877,8.874002446818924,5.52749278371288,1
9.622848764933263,6.319978340024258,5.200957144749684,5.210213581740244,9.056986783177765,9.272655859696428,3
10.0,5.949216158786373,5.633738590888381,5.495644539093537,10.0,9.877421010850425,3
8.15884840278506,4.256798120402252,4.377045110998582,3.8160472938833334,8.087654676406238,9.095959231003265,3
8.779306653284117,3.538881213463476,3.1800025461918926,3.4979641006766937,8.215022899732245,8.631545134464606,3
9.724298548709916,7.081105962213485,9.650935668790561,9.998994361916377,9.892683855411395,4.467365946498673,1
8.685485308235808,8.618516957340733,6.188755521930245,5.2353091313887,4.916045364666093,8.818953956580026,0
8.766070539498145,7.677384734476904,10.0,9.69841923102775,9.786256225791444,4.902360039477475,1
9.6942073184922,9.44462079674252,6.8190577336999265,2.9744875099942627,3.390518132491051,8.885111076272507,0
8.480443691399353,8.048919622409858,6.897645522406295,4.464417069281447,3.961718833376171,8.005413592503073,0
8.366687338368045,7.5887888948714375,8.116527001700637,8.797458364983317,8.028365751676066,4.879951183300019,1
8.555844201156726,9.212607602307978,8.931190981216574,8.588538512206949,8.037236979313178,3.0845508408583004,1
8.33737423338582,8.879114158279952,9.867044487626039,4.450952409055507,7.305724085876638,4.808813284875637,2
8.813823166251476,8.599462144712314,7.399828590224549,5.898773615421447,5.062738056289722,8.38823081662088,0
10.0,7.3024153030693935,10.0,10.0,10.0,5.129421504717416,1
9.156731773088682,5.337427676751071,5.478415125034296,4.52123718499764,9.440213924397403,9.08237706170765,3
8.407129126577834,8.695002027179465,6.428259160720231,4.350325986057168,4.631681112235105,7.7296439433550965,0
9.856415841044212,8.044492112379876,9.186563890007942,8.943586906586962,9.00800109160839,5.180148012424247,1
8.659206135140233,9.440034181908251,8.331214110935715,6.240843194821552,5.32619007210982,9.28318794863849,0
10.0,6.4106701634235845,10.0,9.820709544656603,9.7216338421014,3.776000068410467,1
9.623449352263949,9.071051580615373,9.881417851007322,5.473600107321962,6.691629188591771,5.270345721699581,2
9.084060175814797,9.035108454028132,9.439343996051166,4.632857919790606,6.457716074838941,5.372904824470543,2
8.057214230007329,4.769887582856783,4.114025660985276,4.5412460277501285,8.439745872711848,9.1973267707166,3
8.87544337821584,8.03291660709464,9.222071134711609,4.670371299123285,7.722355794837579,4.8213617883654285,2
10.0,9.789785779238477,6.613649761702464,4.6450992175508645,4.548747692238461,9.938395168106604,0
10.0,4.316738884513941,4.765493708498741,5.317440010088006,9.919926621131125,9.343041794530778,3
8.834293571835618,6.849530796221247,8.76026387084587,9.01100565303728,9.154935246799818,2.4363232270475836,1
8.723325954087096,10.0,6.479894645541541,5.8111717442772015,5.895083795122915,10.0,0
9.653199382896355,3.0885589686492585,4.1168515277568085,2.902426945078859,10.0,9.650524409566673,3
9.145626234370285,8.330730517747254,9.323756777305292,8.987163256162425,9.649630036185428,3.3165525317822744,1
9.479130554714388,7.867559208701269,9.153065151059822,9.571990831798333,9.99016820939332,5.661487303520285,1
8.555017608323483,7.936194098374157,8.205351588940191,3.295496556299476,6.878573928928699,3.352231509402667,2
9.102842678917774,5.851563622159252,5.754769331956891,5.745681039962738,9.27315560484526,9.622095916602403,3
10.0,10.0,8.040065349973595,4.346333485289691,4.246020001582504,9.522318675908805,0
9.707699323344471,3.612048744028134,3.6721342301737274,3.3787467515665397,9.864144440330685,9.735621326519711,3
9.158895941830163,4.3082737923265935,4.7691087443205715,5.0779228788103365,8.879054625201013,8.605176076206815,3
9.452567448897147,8.46859007763711,9.554316671820652,3.9787440069498783,7.606790398681993,3.302814227402564,2
8.061300249529502,6.210003931797139,9.179433916335267,8.512864980650258,8.580313498399043,4.606734722834189,1
9.392251581509205,9.24967194768147,8.380717380851674,8.600244211069954,9.249801646294202,5.412674248035049,1
9.37417878499705,5.233206446998299,4.619579944513633,4.6837011759627964,9.996663893877605,9.216018802699137,3
9.397865378673156,7.782967953128645,9.164192162410073,9.383127361679247,9.588946309645564,4.1007328508892416,1
9.476204655665372,10.0,6.901370320666037,5.922846994875328,5.403817846280979,10.0,0
9.085694646575767,9.038119454746491,8.879192236434198,5.302613754692057,7.599015296743378,5.612152990417437,2
9.835141784739212,9.925134438144648,9.17750814860606,4.625095490664646,7.035513231665759,4.254814097981097,2
8.222216181895867,8.388366174077325,8.35568905260506,3.9565466120675485,8.377567623411828,3.7156460822324044,2
9.858676373109725,9.734062057039012,9.667317732103587,5.129411919488017,7.139423158206411,5.15010152525921,2
8.690701881993318,8.809752540421618,8.341891691104241,5.868620621365852,5.354425351793035,8.844238667637649,0
9.302884884243143,9.189180225529292,8.44284176545114,5.033085919008082,5.439647156442286,9.375907899284838,0
8.56690908203717,4.372720833643825,4.753965001122322,4.778697562304282,7.952350196404637,8.495236126571385,3
9.984225384815261,10.0,9.875345700087781,5.514088334653604,8.186111066732348,5.3939109021489875,2
9.79706824770049,9.922925131870135,7.506364147666,4.502828169615818,5.035625356898736,10.0,0
9.56420991861124,9.237788854536516,6.438888334548687,4.148733589035133,3.5734069541299016,9.61841733938099,0
8.762396484433335,8.410751689552812,8.758325093911397,4.994025100116665,6.628581578386436,4.262020535359196,2
9.886506962756199,4.9165993648864905,5.275410895348877,5.497244931506942,10.0,9.402772372433864,3
8.22465624030846,7.101933423314181,8.745651074187132,8.192187732675102,8.883338870122717,4.664612620893578,1
8.563487201958234,7.932035085551534,8.473362091937863,8.787610435125357,9.375345022572917,5.77447763569019,1
10.0,7.521957243150134,9.928232711000438,9.66742108879208,9.972512388949582,3.988462089658051,1
8.741294405238147,9.296804345072363,9.310794161607435,5.879194079471801,8.951507508391604,5.595646135893827,2
7.876427284026102,8.457741625754029,8.09258061094193,5.448061168298071,6.542636644056095,5.345278204897239,2
10.0,9.544207824361072,9.364489327099834,3.4361277464611053,6.045697830016319,3.4911218134619904,2
9.50606509592895,9.070216653307195,7.335451381510951,4.424729333262112,4.1448733376422195,9.547347943566784,0
8.886607709133612,8.486068164043797,8.957478418757702,3.504147416919481,8.984329155896317,5.043317352724148,2
9.247357015423677,4.257438959272291,4.796394373462617,4.33097609825246,9.157052933010135,9.476056309980308,3
8.744425512250723,8.82768406502267,9.544705751518206,3.310815629581735,7.972112556787285,2.9245315792846354,2
8.96747087280117,9.054409654046134,7.380089305969254,3.7111661795331403,2.8355769784812903,9.342162373738804,0
8.889167474403218,9.019659136407148,7.422616503070043,5.608758218613901,6.351894545896777,9.228659600999942,0
9.033515415705084,8.759254775153773,8.281110252715504,4.417167034079011,7.580179924330538,5.218574574324876,2
8.292977180075734,7.156828275943226,7.200235153044558,4.448413978699015,5.013696723644418,7.970731730932334,0
8.861103258969846,8.477680749866648,6.093206702905411,3.2469932441576885,3.0630632539026608,9.16437738199397,0
7.901051919744365,8.51703818932759,8.33653626191998,4.815696999055254,5.150984842713978,8.10955858132386,0
8.95645905350761,7.694769976931383,8.005737373403088,8.131719325669096,8.737376134256055,4.870039257518347,1
10.0,9.736157985664002,9.942116333013793,4.765008966316835,7.470467963643353,4.9267225122371645,2
9.51090956513913,4.802372898658735,4.872611221247037,5.231913730933995,8.864991759042924,9.627023637863699,3
9.284640631860066,6.700541145842508,7.934161297919415,8.150037464712415,8.507592025385282,4.626653864021925,1
7.541012346594224,5.9682587754972225,7.4497349131403094,8.74074554378259,8.489981263945365,5.007147610117309,1
9.160307686356676,9.2977354068975,8.665615685038498,6.159673068667234,7.4693690396701085,5.588188572836216,2
8.231685658287754,4.690368775074498,4.487682573919256,5.180503614069957,8.74186868679096,9.41583163829853,3
7.851640569580342,8.448550069816037,5.829894447107773,3.872190349337392,4.824501493412713,8.618546130228246,0
9.589837429215702,9.037723100918733,8.570990281680935,5.982809068018702,8.405451004492013,6.040054370881196,2
9.20737803970894,7.649530120646592,8.97385365785323,8.5069162395618,8.60549475102281,3.770036638612148,1
8.464651536255612,6.338047702323686,9.387370182026144,7.767158195970623,8.505283628733345,6.967258167831548,1
8.76966240626408,6.405006239010364,5.727813339301578,5.748402905084095,8.70846445915298,8.629134093899964,3
9.32264693990378,4.910296970813634,4.828849422322422,4.198839155435553,9.252492704887171,8.794101848453153,3
8.476067133791608,7.8398340947815575,6.580134916991436,5.991019120361163,5.608746829547673,8.527652994980954,0
8.837231673066553,5.3231251084688616,5.387904793646867,4.921565026266536,8.719954473632605,8.966730732790147,3
8.434310534557968,8.065701527028008,8.56798876177158,4.03477444455464,3.5297045114791112,7.571518245366786,0
9.741427584644683,10.0,9.801876923997147,5.635268224299148,6.306036963116635,5.47002312871081,2
8.743300463521521,8.124455684055405,7.047468188452004,4.566165101311625,4.543107088449895,8.415513072877705,0
9.906620835559185,7.067822552640094,9.927584955107598,9.890351601547978,9.773913173519537,3.624202106247555,1
9.811530997629173,2.509865945930074,3.6197187313519503,2.9570644715699252,10.0,10.0,3
9.701433967132575,6.838365744234158,9.271907823418164,9.32383373736438,9.163464309737273,4.484931468799485,1
8.575888543288702,8.450773260954897,9.013327085729927,4.082217692045384,7.492262670414448,3.8917519121095605,2
9.646815356261461,9.8186418804651,7.303666200264159,5.657004893533797,5.5898553186629725,10.0,0
9.702558343846308,9.077975273230148,9.00070012062734,5.941888904296204,6.140561590183613,5.599209784520446,2
9.039054675824774,8.27694942962237,7.521010434523729,4.437246266999569,5.657198612018993,9.169391119426576,0
9.229865319671426,7.027552375397905,9.612343149198422,9.069640880554946,9.11412441419728,5.071424505903797,1
8.349445231994162,7.512517883719601,7.683356530778516,7.831585103650001,8.854858629286577,4.342462522519303,1
9.062747507981726,8.038532772858655,9.291523010920123,8.98210605960672,9.518455328674227,3.8293818888270947,1
9.204423920601128,6.655928940662131,9.20443224839863,9.40261383185337,9.208329923440994,3.8560240484595467,1
8.3437429212893,9.55470989624834,7.847599517156643,4.536573302924333,3.7618638684014307,8.964991962960912,0
8.366666149318347,8.78792770434928,7.9630318341865385,8.273968493739762,8.294641513448765,3.916891514773367,1
8.832102231371668,8.623829743136703,9.119748429294788,4.045892878407949,5.9388285560382466,5.361475084858476,2
9.799551213163245,8.997459979032886,9.906167337133892,3.3506349609947197,7.885889808079411,4.277966461491664,2
9.551207546865399,8.926090248067537,6.630275538261965,3.2609258528554266,2.6128627263318585,9.581645474269308,0
9.794068337830621,9.762053960706616,8.861045607688036,5.109017878050367,5.5662464650273,9.93836111286264,0
8.2863397210329,7.639101943597246,7.3952919314026255,7.56746129069299,8.889422269760926,3.8019388806971675,1
8.996950448991722,3.8310254511887813,3.656324744509179,3.936876533279006,8.782474211954337,8.310202014526121,3
8.26034206961655,2.9791873496204304,3.0165077007221806,3.285335361882524,7.901265221656483,7.949766104931075,3
9.85913424679371,9.559467113229152,9.533965937803615,3.9651388725528793,7.3693294790494015,4.312197538167676,2
9.570191833473455,9.07131749869131,9.392580145169077,4.932208759021645,7.531928766195609,5.1129141025980305,2
8.77654144501647,9.316409259139611,9.297744909532412,5.708889981500763,7.845750603972411,5.345399665905487,2
8.939356631849934,9.35671251380936,7.337577280850113,3.5967782732538867,3.454235490362336,9.533768013814655,0
9.064500458964982,3.292559138197418,3.4280759649027646,2.8953281683734913,9.978480473013354,9.776359755346414,3
9.751592861603228,10.0,9.930058086788655,6.429003252438375,6.661915941745158,5.872891412361703,2
7.995481275190168,7.878496484334888,8.11359858437438,5.66822834676565,6.204600909793345,5.59474793274937,2
9.603649714737484,4.300956942217747,4.352498195298816,3.759988889400411,9.670558159700073,9.522845916026077,3
8.4825167309168,8.83521009951618,9.186094843975697,5.5175498388371365,8.744156011043897,5.38954447510187,2
9.043859843814506,8.344742952185,8.876966746308312,5.867531882908011,5.7777073529692515,5.730932610053512,2
9.548513521057128,4.615459900216657,5.736767180476522,4.9013577797875,9.20632094605078,8.957540580494914,3
8.312540777251307,7.908666620267932,8.200650973678718,4.020795243470731,3.6064287113736317,8.750177891684556,0
9.252853590017608,9.19818964689466,9.38797649659664,8.80290962751221,9.393071084997008,3.1494430130201683,1
9.944457812376687,10.0,10.0,3.86789894645418,5.637923674755726,3.018151901214064,2
8.007877191746243,5.523966225142617,5.424821017516667,5.6748288761779655,8.701621954349122,8.40348156064496,3
8.658593846955707,8.342776930491171,7.204076534007704,4.294770711500481,3.8414795393553822,7.688159492803411,0
9.013119232934189,3.746809744884631,4.022479960588037,4.329204657453215,8.936096795867075,9.20644307618663,3
9.796275499814094,9.577763403658814,7.06566965678912,3.504200818231486,3.2091099683293076,9.46810826687438,0
10.0,5.4477725587998,5.019766507149607,5.864221292605853,10.0,10.0,3
8.293942902371437,8.66364724867486,8.733692069707809,2.425552909786341,8.038814400737952,2.614518431051778,2
9.803212160392134,9.563346345198775,7.229440112783087,5.046892897876834,4.29969583035377,9.094914417346612,0
9.399307984085162,4.72521901392168,4.675287173842241,5.020426478423069,9.915486840038156,9.417691158988776,3
8.284500232456999,5.825996327037928,5.429404050434263,5.134345318801408,9.040146431508985,9.290235980431639,3
9.728182089878782,7.023246330340434,10.0,9.89232986832073,10.0,4.702047564877841,1
8.594379141980376,5.773921232453539,9.47431662974954,9.06845214756339,8.764042912902909,5.156806839417128,1
9.32614372013462,8.23156984258644,8.787769262632379,3.9471380420068383,8.336640544967688,2.8191520676840773,2
9.081540663854035,9.949720318327028,8.451911990690505,2.865223179061103,3.156806868665541,9.706755071423007,0
7.8053166934183595,5.685445324982262,5.775973330896228,6.294161197815875,8.576200738259086,8.451528007273163,3
9.531744422746998,5.026720807128536,5.356070618321089,4.814964617087107,9.336824003284798,9.152227596027577,3
9.656922209756765,8.82023049255024,9.317397304789832,4.713453206089662,8.649776693672889,4.9436571701863015,2
8.861334485800755,4.554532256160317,4.752048284815725,5.565989843301663,7.917329178392116,8.156199693212756,3
8.412831382234161,8.647585269554934,6.185647338614995,3.42423475066502,4.069445636980891,8.00266293370589,0
9.882278929814149,5.826176517222208,9.5868680891804,9.39081306323892,9.378384373564305,5.137219615990201,1
8.994241136062922,8.5830512121317,9.322812187517794,8.17096850236813,8.704896796604237,3.0749422771282005,1
8.796657668076849,8.68682381581333,8.526977507435525,4.686085654113293,4.431332028269699,8.994691614330453,0
8.097502132333938,4.251908408468766,4.165732701601941,3.6962163031554534,8.111477460945029,8.277358579187055,3
9.395281442492134,5.257038860719066,4.073470800375537,4.824217597471656,9.241543979809983,9.145323778882007,3
9.501710396493415,6.617918621437443,8.691857819309758,8.896011519255056,8.874002790084957,3.8314539069816753,1
9.422565236737663,9.400225568083766,9.141487479487768,5.128780726834539,7.852566092679498,5.625810126712456,2
9.35686240890188,9.163702406888799,9.10146145728249,4.869193616246527,7.152213708876156,5.162284070336383,2
8.58924618540952,9.056860880074654,8.15195975405263,5.321833346589516,8.348351626931903,6.13262260414757,2
8.595362246520276,9.59594061404628,8.552256687923643,3.7289048305909755,7.233791660702598,3.6779057588448434,2
8.772788924869616,8.908496761571644,7.27391477652855,4.3569141605106925,2.736905621771694,9.05240033097263,0
8.230541204491594,8.153720655759349,8.37053792507254,8.124372454031374,8.84021430106611,5.903153947943468,1
9.34477185380903,8.65286570265094,8.670253711744683,4.081007007301298,4.290806204667295,9.281081358459783,0
7.353257208080236,7.957399615442635,7.595511154266645,3.3885247231298954,3.279518865870955,8.6119223174208,0
8.674623622051865,8.814956114570625,8.73299435523014,5.5026368547942095,8.233573491208872,5.40348097128846,2
9.227422055420563,5.242395500729128,6.025055052197252,5.733786911831187,9.36908497266835,10.0,3
8.85719804419843,9.312795958509211,8.927680022820105,4.71418900917717,7.121323202528314,4.755399986074573,2
7.508943367754608,6.962005814075613,7.512450588961499,8.569337655323382,7.69928994531754,5.71942297430687,1
9.771602556305334,6.759971853192633,9.47204814257922,8.759339800611873,8.559144677754325,2.9589701908781594,1
9.888913133139608,8.336706119675846,10.0,9.75632638191338,9.7427750985389,4.107254042639834,1
8.180502675235445,8.479551509492351,8.038649425385776,4.989928726950901,4.840990478794352,8.39846445550915,0
9.740732485793462,5.2686606256267385,5.031365513905359,4.690307151338622,10.0,9.573468584663534,3
8.144931676224845,7.175701681304218,8.018214586211188,5.063047208683924,8.227593952618097,4.93153614121065,2
10.0,10.0,7.159179074080608,5.960208703692553,6.177445437521865,9.979331764796907,0
8.40026693763957,8.315706408835352,9.13496647327035,4.220153897227059,7.52322531902148,4.224616062197819,2
9.281799114526155,6.95185077197844,8.753123693636056,9.182829623632276,9.724448718377651,3.5589358754784395,1
8.736291037787417,8.231465230138324,6.947495017672453,2.7229888977507457,3.107928373483945,8.573092639132602,0
8.403454357140506,8.244221781418995,8.794069305795114,5.66614088075121,7.2100093670394045,5.934898166338605,2
9.828406752457347,4.812969534829006,4.890906473741288,4.749923065193726,9.262431154641375,9.494398242286486,3
10.0,9.377630719288797,7.026415407603699,5.325227651310814,5.198674092945257,9.563383259604294,0
8.676724026276752,8.938982525535563,6.107418857339819,3.2898163759116406,2.7268723749698474,8.224342883658219,0
8.855591515393488,8.385018381505063,8.189995460966276,7.154422318087567,8.712088840707917,5.00944229912385,1
9.551774804920594,4.8000405878597565,4.750116878649224,4.667763760962317,9.72357503225167,8.983208642903715,3
8.767431676016793,8.441032180992394,8.178327839518753,3.2627460002432924,8.319317900882835,3.5569077767383668,2
9.031900131199599,8.078490476587678,8.704019660820626,8.678219726305338,9.167353711638672,4.880767715647728,1
9.075046269676259,9.816716732934646,7.506121218794272,5.495388109853944,5.461517892173287,9.829549714015059,0
8.1371594366142,6.342372509395647,8.150300117606323,7.715295820086515,9.033073676344927,5.097815186056726,1
7.566602469241097,8.66897531019695,8.337536836561764,4.148274789550853,8.602895364406798,4.78917192227111,2
10.0,9.865916837766939,9.68685686216869,4.238678110127982,9.123343219119073,4.2501322232084355,2
8.083836511350544,7.682312867543077,6.533184188259465,6.699078059757533,5.488108774625051,8.097872845448249,0
7.816920893863077,6.82707954064217,7.9432376408719945,8.126258848478177,8.300983348642514,3.676656912063475,1
8.334325557996822,3.8608972670028985,3.3583614081799102,3.7907421723421324,8.588486615334446,8.664259059105424,3
8.153813553140509,8.271068169525941,8.273256978274713,8.360851852852505,8.012643862611945,5.325991399574713,1
9.748982620634179,9.456260326705806,9.652881083841693,5.200582460934203,6.739403597540761,4.360560581430535,2
8.639184607730412,7.451074757228614,8.870592776115297,8.265353960908097,7.846751376231401,3.4087845330879345,1
8.107138461468823,3.665158310672053,4.073423463936877,3.4668602766441343,8.273188631376394,7.823592593788064,3
9.147186862919986,5.6852620039279,5.9834993437096955,5.02247907771188,9.404252910121258,9.031526215947515,3
10.0,8.170434311890526,10.0,9.745180594443084,10.0,5.112176718618872,1
10.0,3.950559004446866,3.9837189088368796,4.133214942756023,9.947244569165377,9.981567530372162,3
9.52650381015431,9.201880553148666,8.190883762711955,5.678627822592714,5.474320722840674,10.0,0
8.429109690317034,9.294368738307492,9.283482589767885,5.2488917664904005,5.610866206551751,9.755368234811785,0
9.48902935769474,8.09912106343045,9.384406025306452,9.912761322063627,9.912115390446225,5.604038288540068,1
8.22320690340499,8.38609486094177,7.050880230218062,4.72097275193656,3.7222439871648767,9.022515169889637,0
10.0,9.984160807108404,5.853099085199164,4.150166413700702,4.535042057854163,10.0,0
9.503286519599904,9.723207206858893,7.406683857409466,4.347079702538216,4.399533998185905,9.591176106401305,0
10.0,7.2645965379981465,9.255789868098061,9.768932795440133,9.018172908200228,5.812711518947242,1
9.155868115795979,3.0316685497772853,3.5351087431540105,3.1734978968058978,9.230489871871454,8.883229130397567,3
9.607688621935297,6.472107201619888,9.698078028776084,9.854791236065509,9.833576106393103,3.814121131692335,1
9.030306244508617,8.054149964213243,6.455487469606113,3.9183348057725143,3.3817349898250972,7.8957322184508705,0
8.219560929418396,8.113171890562823,8.244571577094268,3.177286516094,7.028067176413273,3.972109059898641,2
7.737618548817962,4.488152548161827,5.933058739851082,5.257047932882616,8.41980252870022,8.357055694312468,3
9.332694558951214,5.090711621559199,4.5103618728049195,4.618298593907536,9.91839862105725,9.43012589771193,3
9.205089649593914,9.255379535779513,8.732337288553289,4.28125832978903,6.522704786119147,4.989076640409712,2
8.372715726578889,8.33936401641029,7.664742270575818,4.599382877860135,6.144269225767335,5.378947778392872,2
8.238174073846205,9.262124183722444,6.918173596902153,3.811229962603431,3.717765030932154,8.666575470090148,0
8.802454253758311,8.425073424170124,8.63636565657863,5.613023307630151,6.530143843730375,5.349206359292272,2
9.838446559385906,4.630064112508209,4.79414278569359,4.499517786956245,9.297149468176174,9.557049782177685,3
9.695915554147781,4.165012855864634,3.387346737397042,3.6355288586931156,8.27038172474292,9.337719654218542,3
10.0,9.626285026760645,8.070632599054445,5.881852550568087,5.71941987983988,9.952971417318748,0
8.701545630990642,8.812576036272795,9.031589291125858,3.638662487976847,8.620331691343114,4.100432791875899,2
8.29529466023354,6.287141834910799,8.004594492215453,7.907762624020825,8.261767304183637,3.691519866631975,1
9.015991043004949,7.446025453051854,8.55233414908129,8.355406938293811,8.848424017163838,4.758202603975255,1
8.701850017202519,6.728352903569224,8.84627811213912,8.797964517923551,8.682410243191525,4.838663632059492,1
8.532724550769194,5.521020832252245,5.2294025001673665,4.4416498024960385,8.48185073914042,9.029011814879455,3
8.093169264731205,8.963959737967354,8.54001798784235,3.6869687100276898,6.7313428179060155,3.7861739879652503,2
8.678125588624894,8.948103244379794,8.073355404737537,7.982938830339663,8.414083887252898,4.467725233014151,1
9.794307266037015,9.676855485059514,8.554025941511263,3.7439937696787715,4.328181281976361,10.0,0
8.775948094993362,7.7326035250240075,8.402481356154329,8.236464386875818,8.74297229892731,5.6137523995305445,1
8.771101473757188,7.926433794166927,6.5170336545627485,5.479771537003102,4.261685362601369,8.141514432802618,0
8.590210894562663,6.9022849975835925,8.584467057091544,8.784490076392155,8.865869663619396,3.514299213410446,1
8.798797827348077,3.758487500320012,3.831798490499967,3.956828262259288,9.026425037214931,9.251828024368143,3
8.783904217578971,8.603939093346453,8.817089030804869,8.841698558592126,8.557741239524164,5.10447743045735,1
9.477261215279494,7.3514491964677395,9.687988061719,10.0,9.258256267390738,5.522711347746573,1
9.621120916405532,9.414521691477969,7.146012459026104,4.79138286404088,5.008622697154244,9.81378525404477,0
9.19727931528376,9.152521096837084,8.097984044923685,5.616994544184642,5.775861249017881,8.741399074986967,0
9.784726131078441,7.263764476810859,9.534609397245221,10.0,9.951796280603372,4.010434300634427,1
9.984381281710114,8.79019793766016,9.822399814631545,9.80526303462053,9.775410359292646,3.5103774314084353,1
9.510757680252938,6.307432464091074,9.133209993644412,8.736104804945152,8.832305072573726,4.027392505957272,1
8.31064999898106,8.062212499419026,8.156942678274447,4.011616755560389,4.577173672960905,8.710415791321696,0
8.260058489222743,8.719711139419003,9.627306512747253,4.228418291241465,9.246523377298043,3.7054459423583355,2
9.668022176585554,6.393572640715869,9.499188310798196,9.575103205012393,9.313949872818268,5.99985957668032,1
9.091483601426892,4.845862508874921,4.2883244926359705,4.490902431399345,10.0,9.934910655976378,3
8.693635336892894,5.136095006720033,4.664259703606283,5.0572642715722385,9.282309175443935,9.427962270864912,3
9.162124255426221,7.435575467956814,9.188185254778777,8.893850123643686,8.84072534793128,3.737745480581123,1
8.370090165908438,4.616343869533691,4.216502478859616,3.6351418836031173,7.944107959519584,8.076670572193706,3
9.335972460283033,9.16098409645864,9.771318560081191,3.3639877494979378,6.264802323809494,3.519094268362484,2
9.939843089771571,10.0,10.0,5.338994500804411,7.173840518664153,5.2910325820380315,2
9.642847653059974,9.403790045745529,6.267084946169866,2.989435132089461,2.4403649492810855,9.422710806516738,0
8.104825537739549,7.734863579073666,8.184617213974331,3.7856046067282376,7.820877376734426,4.020877915618719,2
8.957405717612803,9.070169587060168,8.713497635866833,4.58956521801723,7.162089283680035,3.5279764732152,2
7.4758057497676145,4.547676067539719,3.6616288761644413,4.409304314023635,8.15458201790368,8.448974063952715,3
8.347217621126617,8.894885795152218,7.950247689330599,3.184236713791758,8.08463587382487,3.7202212083269206,2
8.907033815555032,8.636380521799436,8.448981955778784,3.0347664020352907,7.74686853384094,2.7915482780125376,2
9.297418418187995,8.497949608700372,9.2685060388483,9.347128659190105,9.1534891668287,5.3011397575634005,1
7.857331356346354,8.363443886990312,8.014714865128331,3.7757938727337654,8.566958324379817,3.693567694305402,2
8.806634364074638,9.51356360694257,9.205375847502362,5.344152052828734,6.933015641420457,5.0397730259659665,2
8.995691632648345,6.474551849647766,8.154055441272133,8.941867723477253,8.291107004669481,2.9581978358624386,1
8.740109494870287,8.15711482750484,8.995615883811496,2.8488639425703135,6.986198556701635,3.756746730668104,2
9.283826097172408,8.908974803825359,9.744191062056352,5.478306155854296,6.9401138969746405,5.295649136205071,2
7.971289202175612,7.437211750307268,8.68500293344139,8.447413868779178,7.85974138433697,5.833543331989603,1
10.0,6.288466248221886,9.666809453151327,10.0,10.0,2.947078676690823,1
9.298499036420063,9.903299922156531,7.602163318537777,2.4934654699627528,3.090406941826178,9.913118556357947,0
8.18895782601253,7.291761313562465,7.461790407607761,8.317826381723318,8.343934897239793,4.189624671122698,1
9.783201230860458,3.315811677515214,4.040664122156259,2.3407911143842357,9.153783907205776,8.929587438072248,3
8.132280966893704,4.718250552078119,4.532496938265818,5.424036242477476,7.695478845315577,8.580220562917301,3
9.307609976270124,5.530148324702539,6.429705772376478,5.732165437873906,10.0,8.98897764167822,3
8.103823512110656,6.461899635532416,8.173289700383538,8.555128898057886,8.691058936914253,4.795370926935046,1
8.892256094824065,8.439940387361494,7.926116191792022,4.2501774104932775,4.272470365634717,7.952529947723183,0
8.834327207187142,3.0808933136404377,3.619735836050012,3.4871077948469718,8.29570168954426,8.566342142880913,3
9.18802334199072,3.1258058236062234,3.402220597452132,2.6708232446322784,9.232320979644415,9.289511053979162,3
9.901712967149296,3.986777375243095,4.371335696546597,4.355345086576549,10.0,9.420993452860651,3
9.508121783168228,9.109590163277948,7.50802013622846,3.8870867174712167,3.9036041993617148,9.94152979905188,0
7.965126510600116,7.912086862475669,8.512305762005283,7.30377838752771,7.444459268256126,5.126719576066295,1
7.713119185162988,7.558149282353264,8.099872314182917,8.087126221736785,7.758794402600261,5.12139363030687,1
9.090234307919072,8.296122787627574,9.337953709315947,9.25618738406511,9.64945178424933,5.27662596054597,1
7.747012630512342,4.377069969876856,4.842201111564902,4.685508000953133,8.119115378442203,8.40962374241543,3
9.497029766636443,9.063179891995201,9.746876136928474,4.222943349853453,7.235186161677761,4.392080765391158,2
8.34347404794678,7.619358199812137,7.917655451335069,8.585069773110886,7.977218435748544,3.924082972984302,1
8.242763714245985,9.590835536257881,8.264021223525594,3.605424079750238,2.7345607500863514,9.296877970651192,0
9.479743576680866,10.0,5.6431183462359416,4.88245698612004,4.451622399395117,10.0,0
7.978493878612295,6.415175445436837,8.301918544266842,7.931011082307258,7.842795141038026,6.150448241048024,1
9.523079311017167,10.0,10.0,5.153623394106357,7.5782971929876375,5.145901342095583,2
10.0,9.541124968239323,9.686818600780908,4.406987293856446,6.259788317358637,4.940195084490388,2
8.05030660703942,5.4683518158169475,6.501426914043771,5.8775026163744455,8.281670478099285,8.934192096258714,3
8.146269587200004,7.750440376164868,7.734139647957219,3.890709723835351,8.643253924153877,3.600868669269941,2
9.14020680200834,9.478127372665668,6.467401347033068,4.992135322594836,4.569417373524789,9.396969864036706,0
9.126679308434497,8.625248857182193,9.001760851838526,8.861748960192214,9.40341408979194,6.247314390586453,1
9.928140744996833,9.763581044417062,9.562381732724676,3.0201611703477305,7.877076052552497,3.47546570423005,2
8.256552108760031,8.503666597985719,8.412569372234923,5.060854423912401,8.28987214883074,5.625740992634939,2
9.159337858663225,8.974050166262138,8.657561439720219,3.8955804245532244,8.21231786393982,3.9947631623371653,2
7.980447625662857,2.5223078117651467,3.3468168821469195,3.491167191786602,7.6189075352373115,7.7666269259608525,3
8.054958337336796,4.67682948643506,4.015488332084285,4.840796768010842,8.409142629725316,8.281679445490063,3
9.212958306017388,4.360098551876335,5.153696883165801,4.340051738291107,9.170323020395283,9.375966836362746,3
9.476536943809128,3.2125691359928634,3.9530903880892634,3.3666144182178988,9.079827152905713,9.65999007711916,3
8.52837954674657,3.626459212249152,3.9978910134625374,3.7009728246937508,8.546373310278634,8.542757402012358,3
8.332441303067846,7.2293769461088075,8.663862293707677,9.056567311896755,8.553199935560023,4.932454944957755,1
8.549589717605471,7.691012140899839,6.8931776452397475,4.057814807789332,4.180530786147826,7.7104830526701145,0
9.294551655043417,10.0,9.214557566814786,5.6941672764313935,8.254486870598607,5.773407052131671,2
9.395976772464794,9.090578284295335,8.377851087300014,3.0856024469345873,7.342301412007975,2.869572785189487,2
9.923217673068276,9.639049860310843,9.754538044688344,3.912551840347282,8.317038826107472,3.6345925134717483,2
9.302987892073416,9.877039596299982,7.887419255668902,3.9606279439525713,3.9335049543479337,9.62863564240533,0
8.06042827381222,7.782694397734941,5.353073952081303,3.7812255094142992,3.4726913241538155,7.508666462942798,0
7.9420443097393685,7.4400551814678915,8.135305978447086,8.178746018624768,8.382612837704414,5.027864407976101,1
9.097845043509416,8.635077791675085,8.31145792789932,5.368780960321814,5.662839714820678,8.777273627126768,0
8.449497787905347,3.9145412193139784,4.583994735148105,4.424214214761514,8.726949603442083,8.616314466222445,3
9.555320673817114,9.255817356419659,9.307921204091045,5.2813646780731425,6.6540819711740955,5.7902594379431065,2
9.684838917689044,3.156393358949303,3.5355589815470676,3.814189535482728,9.870870565680521,10.0,3
10.0,9.569930921525916,7.174543069770084,5.338508143439479,5.779065955029354,9.700001289792615,0
10.0,3.145949248133742,3.5799829538433365,3.4682460545640215,9.85624308826008,9.14586883363415,3
9.102719236678134,9.47065474673015,6.478308964611452,6.4952519262954835,5.826026853113271,9.38410365437417,0
8.518689093801623,8.242764776927133,8.489554311490139,4.766580786312036,4.818250199507485,8.25966845198798,0
8.676416618637223,7.730769297913949,8.795044189871183,8.934181048429256,8.856982494005868,5.564490420146914,1
8.501212966271808,7.942836435367017,8.253732475066384,8.1230001237337,8.404085550458802,4.714674399483854,1
8.836220062309478,7.810185531078121,8.402784335943045,9.303208977306536,9.604330440177717,5.575210504994762,1
9.799870206487329,4.7421709944834545,5.411656232886715,4.723379952902258,9.592717611398168,9.191088700214024,3
9.519449250004872,5.8385423709505435,9.46670167822574,10.0,9.793283703578757,5.141928149619132,1
9.076530214454255,6.900951967242727,8.902949303976861,9.041191383335422,9.681846514749848,4.416466276527271,1
9.360765632176536,8.973375214051758,9.005326904528367,5.500202187889684,8.514685670416139,5.884237607535197,2
8.135755937545602,8.805782904034785,8.460051692484285,4.817241828677287,8.500705574507128,4.888259277099254,2
9.563350374967097,4.5087668722720595,3.6459701948544048,3.894617166499193,8.771042283981831,9.021238587374881,3
8.31399348980674,3.697674576598862,2.776617932744128,3.0272748486632493,9.078471189164098,8.938131969171621,3
10.0,9.73048679320818,10.0,4.6320183961643915,7.37133701610581,4.315690973262531,2
8.742976945283427,9.21781386497679,8.537766959192014,4.642384035729093,3.9880851222008795,9.325402324212552,0
8.775194397010111,5.410673331344984,5.851978559637352,5.012493963088513,9.419868250809005,9.390329487394963,3
10.0,8.112783700306517,9.657680929018246,9.281416379390082,9.333800280845646,5.5767107147341894,1
9.046054749965384,9.39896872677558,9.334595506631187,3.907468203344342,7.689254897086388,3.9143816951171826,2
8.240686499899105,8.767842265166324,7.007269070375483,5.365741544002015,4.695311476107235,9.265269424213077,0
8.809680454506598,8.936157345237362,6.769881680208163,4.357313971742788,4.873324897557016,9.519040953764678,0
8.711258398125075,8.100308689402034,8.394218117386378,3.2053509121638544,2.761190874397269,8.311079997126612,0
9.849695888573557,8.489020396895736,9.197371152870712,9.458644437723175,9.760219488659478,4.376657193425915,1
8.0847287380271,8.082762150937315,8.592630386649065,4.115050410816476,6.758120953375276,3.9552711024683864,2
8.157603563607594,8.017291561194046,8.79042258856217,3.6774452686877837,3.549730961882309,8.45476475001662,0
7.288036508176371,6.226224001747815,5.906173313946441,5.355817936544031,8.244698638774317,7.926386400650049,3
9.130237382678581,9.315894963719401,8.494214808540743,4.710960845349586,5.018156032659582,8.519417225579003,0
9.188008198956167,9.731343514557025,8.791234676554252,5.002574944858749,4.545169944539821,9.813082220554644,0
9.19099031132251,8.153018668685172,9.018070637453075,9.860452521961006,9.190829529451982,3.693286279178827,1
9.19217525441357,8.056871761331157,9.099350376106253,8.436491992102933,8.630163797399689,5.8155091583743355,1
9.326591572171935,6.02210146050696,5.7317426526378,5.622051088361036,8.69939691152006,8.861724560136713,3
9.332354171633183,8.873038958758679,8.902217541649458,3.305760300928038,7.781353413095991,2.6036370379934635,2
9.038714142465126,9.192044473212276,5.906976353464283,5.549186330739544,6.152798585567553,9.356924736542712,0
8.387585054022788,7.801103329736659,8.176676338148336,8.144817933696539,7.718602500831425,4.9762401595863635,1
9.937594407371607,10.0,6.865347320905959,3.504884666095125,3.8581684419031967,9.546332996953018,0
9.874435156193778,9.04248520966429,7.972239435070175,4.220188491842462,4.033837395620671,9.557595673658128,0
9.787535447398099,7.898649784241037,9.378323295379301,8.941701710408106,9.03460822424377,3.3364259212128333,1
7.918382664980209,8.93703177426944,7.958125443150002,5.921524434670862,7.808827668421732,5.762241921522491,2
8.407212186815437,9.149377089367972,8.12346962485072,2.9324567959389585,8.290554501532753,3.2376969174392056,2
8.587807658502552,10.0,9.881131163012904,5.961603300518003,7.628955612231858,5.645311517120698,2
8.401858030641426,5.829208018754958,8.362948262348375,8.227367090861001,7.843104966112524,4.625185884033692,1
9.93628246937871,9.09310812883393,10.0,9.867585716779388,9.740847428112954,4.609839837910447,1
9.639987769365312,5.597389261854873,6.33262770043682,5.427829594903472,9.75140286328876,9.760878965164526,3
8.285003895283388,5.611871179315877,5.901167450561963,5.6607592640021736,8.355802484268425,8.035170555718398,3
9.418159318822768,9.864084345780421,8.952331647671604,4.427277497405456,5.1735595017873095,9.10751622634144,0
8.759059849585421,7.745226658726645,8.100442824354353,8.457677324535663,7.9529013819777505,3.64903196041697,1
8.859752515995835,8.41423527375164,6.809036293672776,3.811636015141816,5.078486566749308,9.694783764627132,0
8.95053307017374,9.883261896680265,7.744135298777128,5.659508846001437,5.943946452085535,9.58131283679052,0
9.648860627769526,4.477424029512793,3.9197876474095565,3.9805407964168293,9.329067728566034,10.0,3
9.271038745369792,8.773956577873765,7.301950510116782,4.4718773348018255,3.9257762473331166,9.014619257527505,0
9.382464397953573,9.554830326533502,7.187231642391513,4.5139901281277695,4.635441827694684,9.43185339683867,0
9.283181405340953,9.815436077958267,8.409509394108388,5.218723127245753,5.027813335729878,9.235126440721496,0
8.351321446117318,4.962444386079781,5.05799028939475,5.317936710601212,8.35028213401276,8.681417759881812,3
9.278389877139624,9.478802186670276,7.7159257643091985,4.459208396947631,3.4072705148163362,9.37877651055379,0
8.625378836932883,9.2171055112381,7.721703245497337,5.1790727661636256,6.856888026868946,9.641820526599211,0
7.971118709651991,7.96055633443504,6.468955048649053,4.2964182287853685,4.2145741167610975,7.9302905446285035,0
9.035174377912787,3.8774961516676347,4.473531061591388,3.613945894066202,9.476001712439412,8.949899410610001,3
8.523716339225809,4.168778181466911,4.115402745678649,4.233757014717876,8.451453326602724,8.936530289510722,3
8.177029427190298,8.884882488781741,8.394710301333387,7.865780268440813,7.586071741161187,6.044483165139386,1
9.564668120290444,7.872568631623598,8.656321135186365,8.11619234978518,9.154755688683942,3.536351249794518,1
10.0,9.56471771288551,7.463627527703719,5.89152088901859,5.169630873065481,10.0,0
9.299497943284425,9.695987223949123,8.545282114844387,4.563694281742367,8.258313972115449,3.8740771740804987,2
10.0,4.77467606579404,5.053336409288468,4.988472891973539,10.0,9.613787349080159,3
9.842978337895602,10.0,9.169499748063346,5.527203852075333,7.257420176268983,5.589318167264019,2
8.525138575038165,5.5351400125062,5.781050317161172,5.490216443388673,8.42683304053617,8.423431811656343,3
8.165022550247835,3.1515357885402606,3.477981946361188,3.6549680588273947,7.907608700727017,8.12668344971595,3
8.290750327662938,7.783308980361653,7.855673157242452,4.306260157286361,3.541040197122758,8.71728291051736,0
9.735511554830719,8.769172358563008,7.496744064287038,4.918994010383805,5.446970126338729,8.966559045955472,0
9.93084180657894,5.682982530390252,5.8438587584432975,5.070647499639342,9.325860856389848,10.0,3
9.811039942196587,10.0,10.0,5.50363550338475,8.881535883202654,5.102189006047394,2
8.72490610150977,8.703821519684592,8.926506238883398,3.9841457158370552,7.103353380443335,3.8234852676195126,2
10.0,3.9769377220420723,3.211606243708378,3.9667599915452816,9.570364361746519,9.050905790715138,3
9.026737916742313,2.7897443742737313,3.5496694709411987,3.457987778933244,10.0,9.443422224016803,3
8.626421993682339,8.763177599508222,8.647645453867637,3.9022035487366105,4.550124506945126,8.734310760500057,0
9.74452469844426,6.3188987614544985,5.974012877653341,5.633257339658089,9.96176441738069,9.239991990051491,3
8.543637173190046,4.185348843927809,4.383263152819524,4.300364881652129,8.819953680388238,8.521230521338676,3
8.32685245788652,4.756269357345523,5.251618586812778,4.724168201377982,8.30565551636857,7.967611049056548,3
8.723202279446843,6.506126699439458,8.785845078590757,8.928351828559302,9.219897886257323,4.339162677261579,1
8.433616170017991,3.1792924535934755,3.6638903313898874,3.4182386068780892,9.08725684714903,8.939220763295207,3
9.499557073001297,9.510435433698337,6.457315799119841,4.761824395776896,5.425945941233,9.774330356623617,0
8.835749987820176,4.703632746579762,4.659906455318239,4.938993879169514,8.933537322613844,9.193625735314544,3
8.281917845659578,7.905539017970442,8.730387265082262,8.257473442176778,8.007156650592112,5.205920888463579,1
9.380773415099394,7.681117509306398,9.565051380784986,9.865998509059942,9.526185586327207,5.685963347012076,1
8.794131087234575,8.855716897372872,9.05669474605207,9.02836806000213,8.764413589476456,4.7837045394735895,1
9.826805212723906,9.48606875815274,9.607458785853026,4.203059023133617,7.3499628688185625,4.55541569993412,2
8.294834356061747,8.256266322654277,8.222622112157598,5.967980008579586,8.631700627330178,5.339189599863043,2
9.783847477984896,9.668782347775968,9.211877199131044,3.8428047627157245,6.474292056584489,2.500426624842449,2
7.392806500398864,8.718161375804858,7.978043204146282,5.390236862784767,8.657719471609605,5.52456395471693,2
9.589803909372243,4.008296624246551,4.0052946366099516,4.632046710170267,9.802807802233612,9.467815988800913,3
8.57484921552415,9.192411493136222,6.68144056397551,4.905564968140464,4.573885546259088,8.750737582046405,0
9.698623713938021,9.664382312116933,7.6068975464666675,4.104860969149769,3.337158411838009,10.0,0
9.463692422469066,8.679639555803668,9.803231931797395,9.942335700962092,9.698702631453688,5.049957934543816,1
8.572734926614839,8.389101914462866,7.026513146081239,3.3641686182587383,2.781048939667251,8.962119866639531,0
8.288312539736259,7.955744160814377,8.332336986649794,4.892866151885061,7.705903266076566,5.444968544214045,2
9.135145892856537,7.956407278341048,9.349117494595255,9.01375956758704,8.925362971130747,3.026450317521708,1
9.456748658097494,4.690766401838572,4.331951700735023,4.447589901788206,8.930634506134977,9.013608907561588,3
10.0,9.32865293898185,9.207413830885047,3.2748056913424204,9.387622135436708,3.286417366840366,2
8.870357915874646,8.037504887625738,6.53870366030023,5.354247789185994,6.110606945832439,8.241685308770977,0
9.588116071291745,5.631463258186117,5.791399842081944,5.855805114703238,9.475037565754644,9.459640133352186,3
8.383759919400985,8.764366795957015,8.711822470829306,4.4928269526318685,6.2734913707818505,5.198060130117636,2
9.461751172294532,9.918435210333474,6.629875953744522,5.201627638298656,4.830911531884649,8.895065231599364,0
8.266387028599862,4.229095180037621,5.350996023170292,4.7710334047217025,7.72464971465271,8.382079876534343,3
9.824908921915636,9.71779095300985,7.599640034805179,5.900227830407755,6.041189841780365,9.779460406224192,0
9.125197595461868,6.245985140617509,9.340216344549418,9.039901725124937,9.41246152788518,4.587823242745152,1
9.788551768289933,6.525844384637576,9.676346825988254,9.937398666388626,9.397433614847781,4.708940308258639,1
9.553622347082085,9.221532630167165,9.529748649765633,3.1401640441731793,7.4535244630462945,3.7358943676601535,2
9.775063194585478,9.952681111247122,9.386945027264401,3.177056603224929,7.869128307455288,3.6264320510278,2
10.0,9.411887914926584,9.812116837414031,4.073490512895101,6.478177266057569,4.117522428092688,2
9.52247929805031,5.457115337909601,6.174199515157985,4.416022216421718,9.206826046432864,8.779723609329487,3
8.18442070399954,7.106365763455123,8.488971641723191,8.712133342902277,8.354783583192471,4.451038244411185,1
9.427034388256835,5.050339918611741,5.761478943845801,5.5723045398251765,9.012111125535878,8.803031426096945,3
8.472964290255723,8.222948882373089,8.095091794176094,4.283743998755469,5.787622825868628,4.780772946847063,2
8.0587265042282,6.024852426289147,6.268116678962084,6.364258472425427,8.049942895430718,8.02736455800132,3
8.34195594944051,7.9375643155064735,8.337298058074879,2.736344911204252,6.572789083250289,2.920731013862822,2
9.793892503727278,4.181494886269937,3.9925806745149877,3.955887476938044,9.506633017606536,9.656324692000446,3
8.535302410730683,3.314094150141082,3.6425560895528974,2.67043316485665,8.473419064136525,8.113598616197892,3
8.497572693480985,3.7624859431143287,4.213454146380705,4.208585034295881,8.891744063157267,8.556671228290222,3
9.508352336354099,2.853468447519706,3.060802928229076,3.04909424444011,9.528915671205308,9.742716726837179,3
10.0,9.80715073002788,9.560726668435022,2.672018725823351,6.950576669657434,3.0127918626450554,2
9.888220831854388,4.207706811258811,4.223429224413563,4.561043372306144,9.520175260150772,9.694024943267252,3
9.158172420702387,6.382094669958274,8.819919569590981,8.672802276839706,8.744186950465973,3.1682318581593876,1
9.369285649005324,6.612664231859071,9.547844537886714,9.969456700455043,9.661401735055463,5.990894137191932,1
9.837095730355312,5.205747480144207,6.011401012747138,5.164013587865665,9.770174673745716,8.953304787949309,3
9.826377500940097,9.820788392642145,7.48216576419854,4.799270120795218,4.548831572112972,9.766890786123769,0
8.99509840093078,9.514813605002125,10.0,5.827036385365269,6.325314994546912,6.059956540184274,2
9.332954865325688,9.261588528787241,9.435438583915298,3.8697296503492273,7.43263741101239,4.285958270938964,2
10.0,9.780591643176283,10.0,5.165093777203309,8.118362040080841,6.100904969077831,2
9.83013264758636,4.043384222740743,3.4536194315010498,3.246120180703218,8.992951430297584,9.463337923725259,3
9.142680336505881,9.667723817155016,8.19682676542271,4.534048696658367,4.378294837526455,8.973588112197115,0
9.965507827133182,9.339753336343517,7.178082406450911,3.668717123315977,4.382360336175289,10.0,0
9.24280987789499,10.0,9.088477961224674,4.763068254099376,7.007578054935775,4.768941410353487,2
8.880623107621428,5.600804101246263,5.733747022179578,5.697314523935042,8.791413133044532,9.013423257296873,3
8.76455692920017,5.406985806336536,5.827208097711131,5.4630284439130765,9.042958443126771,8.868167108208633,3
8.740475783401644,9.368507653605542,8.842984930579949,4.618593319894396,5.977496337559504,4.990096303692389,2
9.561875907910471,9.27341334903195,8.764127581049891,5.197747640487328,7.837194986854418,4.807760119397771,2
8.4842888398565,5.682356594959808,5.551521242794913,6.160937371762759,8.783960295292074,8.503729389996895,3
8.65021758715307,7.455537068616125,8.516946145825392,9.09050557803413,8.628544441889758,5.483705837223969,1
8.660735086203804,8.076636837816139,8.972563729825401,4.002946536994986,7.346117780210154,4.3234586666114145,2
8.278083726422773,3.379682246210206,2.9581036913264875,3.0133184441584406,9.935389425437105,8.81219079379916,3
7.650238334741362,5.436901947952317,4.995329075404546,4.999134181413656,8.812455312831545,8.00472427875573,3
9.548740254428742,7.16286927650326,9.001723919663219,8.96232064375698,9.38084208924389,5.457008523077599,1
8.676035606122065,9.488144394179713,9.682957261986038,4.9637601931508515,7.739727807084719,4.476604276885503,2
9.521066658689339,6.517121575987442,10.0,10.0,10.0,4.547842328157651,1
8.58022664325613,3.7438603988247108,3.679604933194312,3.3363895199453912,7.87823539268496,8.019870474401815,3
8.934809095896684,7.00471365033402,8.923367590645347,9.279180766907055,8.280400876270436,5.373258461678104,1
8.693676350033893,9.059600359992247,9.042066923491968,2.8856752720466017,8.679655357016548,2.4959842304659436,2
9.603773851488507,8.137372005844794,9.751311280157013,9.693434904609248,10.0,4.936785173503841,1
8.944035410251256,7.280612401447952,8.769291495222438,9.13171818739087,9.448051950877364,3.4996325189737414,1
9.70160098902573,3.066389380733343,3.839515623319267,3.5963442425033048,9.71490155177142,9.657410280467005,3
8.081125731478538,8.99061818556292,7.718020969563371,8.133860076242664,8.166652957804875,5.494961260812387,1
9.37346815531643,5.646643716137271,5.995597103988956,5.716962642685433,9.266222829418501,9.354647656177756,3
8.314010664595338,7.548537007675806,8.001869122981784,9.04281206122045,8.350046508968559,4.622474242091212,1
9.731741426132192,9.094561977080552,8.414894574899925,3.311217650096483,3.3620871925619427,9.165302227254957,0
10.0,6.3490999666409875,9.040233373287418,8.420541258527322,9.981476551568493,3.2874433401601584,1
9.767492507553133,3.5533841950604796,3.451619395478928,3.11583922631259,9.888523021742593,10.0,3
9.32374101669636,4.26684693267537,4.58729841514467,4.526389585190866,8.779881172346213,9.554828884141072,3
10.0,6.176259453580501,9.076034423611368,10.0,9.595845995445918,4.113633547182786,1
9.775790963634595,10.0,7.340406240770296,5.436343788289833,5.6008174005859654,10.0,0
8.082272879022405,7.845171262927333,5.796543904395123,4.037347566119701,3.993018424253899,8.1476979912768,0
9.674068116479186,9.948148643613177,8.84853543137275,5.528920465223063,5.981574843169988,9.971181849571296,0
9.775938216408239,5.585707803607425,6.197833597474876,5.248113461256385,9.351165134502118,10.0,3
9.082802103843322,9.22949496341887,7.716850709838195,4.482790591935418,5.0228172619766855,8.757599244834331,0
8.544331357705488,8.146680745180026,7.77482499939709,8.281712286353835,8.354539990302763,3.3667829311212945,1
9.703095250464301,9.014681755746052,8.21684502834359,4.3943750568282685,4.702485645256766,9.483919034817193,0
8.385103753719669,8.552122045390899,7.71840128197741,4.745140421016782,6.717745575456993,5.1686121268617375,2
9.48360068663417,9.316861160901981,9.85511725517669,5.966259989398148,8.534178865776756,5.46445245989977,2
9.434175069603917,10.0,8.55049908525095,4.08556930783939,5.110900159451086,10.0,0
9.972122148987948,3.418592618417422,3.6491886809752234,3.3921700995127666,10.0,10.0,3
9.432338985652347,7.7532757117192475,9.594625499479605,9.100767944517244,9.510397180884476,6.742678665122538,1
8.61758938880903,8.801293136435044,8.722460194052708,8.05410030841913,8.521434423739763,4.783498515859949,1
8.436521029348322,3.0351885174404742,3.0110945057826233,3.1877610282877598,7.71713894119976,7.619092279592046,3
8.895344686212235,7.181009323558431,9.3978919473038,9.481878595769958,9.437928390447993,3.242592402290571,1
9.364867918865375,5.037530811752706,5.002227432803725,5.035882316533605,9.736022594685322,8.902865655631649,3
9.990613360514738,7.947388345398339,9.48107863037839,10.0,10.0,5.110482634756315,1
8.831210262607186,8.949853496510785,7.450916702657516,6.206668518459471,5.789337415851353,8.519624845587327,0
9.632640698323305,5.943314996824363,10.0,9.939842533559673,9.851407053615457,3.3095093601079992,1
9.552169550650039,9.122210628162867,8.758024537024342,5.659982164709271,7.567079612548275,4.956473332382958,2
9.1498742040467,9.244681963045556,7.463775241133331,4.491021059084729,4.410482185904401,9.524311497006101,0
9.111469960805668,6.622415697569794,5.489263091809944,6.211197179661153,8.849268839093524,9.196059256572916,3
8.647035159459342,5.766431977418195,5.949391791994189,5.82630146940482,8.877660986308792,8.819096573636413,3
8.142788618304218,8.950535974607348,8.269092089712359,4.735620333218148,6.9790458507667035,4.4968775318806165,2
8.300445844170016,4.4283880161919456,4.194057236312109,3.483565200206062,8.027386732549179,8.288044818091395,3
8.887174421049492,8.114479026900716,8.753071141616129,4.821111667955897,7.063995406689189,4.647486241402643,2
8.51057573507299,8.690952090985414,8.245791373721445,3.026546421468158,3.7036184119211404,8.884585481730415,0
10.0,10.0,9.98520876223192,3.4530636988761723,6.7829095398312385,4.078392800846592,2
9.53363285198092,3.014093490476559,3.5238275248452258,3.318765967023805,8.427808987071701,9.42717994419567,3
9.537078504455048,4.521386240597373,3.7493250568260486,4.222808230628199,10.0,9.941041305725781,3
9.388094313542904,8.951769540637523,7.80908494752302,4.867444179807488,5.317758157396772,9.460825429819618,0
10.0,9.17536988755785,6.091247782922574,4.618757382900301,4.04594244253017,9.986321799227571,0
8.660623951280053,8.682026113484161,8.67477623923161,5.4565978919981735,8.274492888530316,5.5317098108311,2
9.129096437551496,9.592739805579315,8.32730660951579,4.607999888331889,4.087885288338493,8.671922889980806,0
8.798478938313755,9.407667562514787,9.836558352888115,4.759325314291124,8.844301496055088,4.850391890899728,2
9.01109952122417,5.011155194691451,4.697927467620309,5.069002645235373,8.489806727612088,8.90570860829554,3
9.626132818370483,6.67439693975495,9.665272627313705,9.210672245783176,9.797240679299373,4.235835822400746,1
10.0,9.819807830080189,10.0,5.83175180594889,7.134704080210945,5.988713593416632,2
9.158083561861309,6.578914287747706,8.565639463703464,8.98414576543229,9.245445357458141,5.667584959058963,1
9.635466139611438,9.537742666100796,9.323682129710255,3.975078137036217,5.856216444009331,3.654876990421382,2
9.238463773868121,9.290723092912282,9.448890077840918,4.93130233870995,5.949379672769261,4.356539487504236,2
9.910948662555775,10.0,8.269003791498896,3.769222428150813,3.556118606594145,9.198843204536999,0
7.753194561919353,8.027976615207185,6.761082302276458,3.8827585861313247,3.643791497065633,8.437152639509845,0
7.636058108012521,5.51044821616698,5.884075421675364,5.852835214598246,8.429981058727266,8.43919946545153,3
9.419738301074844,9.042833999919525,8.231409596191442,3.443220906009488,4.149794896601248,9.677618411364561,0
10.0,9.020624344509317,9.254222264099951,5.477563741197391,6.687727605460163,5.4619014539952415,2
9.460942915862185,9.241827663129309,9.607346884671685,3.12584649343494,6.835112828593764,2.676268112173566,2
9.08111422412779,4.792319607789881,5.086212451216924,5.287228501611714,8.811148060078967,9.455107720834723,3
8.014421098990052,7.99368743120399,6.853389361776196,4.5017453831996415,4.698295793927317,7.929427538623547,0
8.72842278831498,7.218353656041226,9.307566784073162,8.726922592169243,9.408799364322277,4.403918443920763,1
9.062447261945291,9.64650873401842,7.98984107029537,3.427794222290228,4.165706168342564,8.618477130551334,0
9.219764402788027,8.570545253986822,8.932154970626677,9.643698114883216,9.852471696208207,5.708405846162253,1
9.84084946031267,10.0,9.398051832360238,5.166575833485805,6.02860315373716,5.727381408750873,2
9.660491066482981,10.0,8.25561783647731,5.533078986934019,5.468725512426695,10.0,0
7.125589345625519,9.047685683281767,8.027674285269361,3.5935360024655196,3.816957607793647,8.85245841627543,0
7.857837819567707,8.146323579626866,8.731425907735234,5.2287716485181805,7.79983492799772,4.040116903922639,2
9.987737940713547,4.255757799955509,4.5899438499157625,3.5862844888768697,10.0,9.664988901664927,3
8.782059838914918,8.600689985092233,9.187130410852722,9.387245189128853,10.0,5.0851569548537645,1
9.291547197719733,3.6155014490343143,3.7326933519139307,3.9205389729073885,9.835501857751165,9.713798207403634,3
8.793575403466372,3.7183124808782457,3.9066429616356753,4.041294376000977,7.603593850614864,7.89675853273588,3
9.11674698280123,3.5841242022992605,3.8767270511054677,3.830861968747632,8.679877797884124,8.651123844379153,3
9.246584936763472,6.378406132462811,9.61557994573007,10.0,10.0,4.283359414518072,1
9.811418048319778,7.822658225818189,9.066751720134953,10.0,9.802095411638408,5.371004734999608,1
8.564736153183537,3.5062891773521967,3.7087061890318527,3.982126023091579,8.552073260114794,8.952976392604858,3
8.63663353711718,8.906022256579611,9.24696423154843,4.834131712221939,6.742691349833852,4.512614651372974,2
9.762937675186299,9.374727612724422,6.674455487342183,3.8745415453499072,4.315153390233304,9.52475923352346,0
9.545114880927551,9.94131293115652,7.181755260693528,6.216195321014783,5.1219507522155645,8.846210593429378,0
8.444103368072017,8.548272461800174,8.370719714746496,3.511017564582686,8.955077027901092,2.817076809796793,2
8.24121703822638,8.31661891582306,8.039341665429165,4.734007277479246,4.932334075649011,8.97393956362277,0
9.849372284565552,9.270457106872957,9.846097527029553,4.803565038269646,6.861325258232136,4.879433631133985,2
8.901983514617733,9.115984252940875,8.798016310173873,9.3334657756162,8.831050861010802,6.342322714526377,1
9.0579323724245,8.826275904478381,8.321668340752225,3.025249737130921,8.228166261616265,3.537308703757465,2
8.711826847907618,8.36869754685646,9.600349461969461,9.998141268649546,9.424567105041536,5.508270004987911,1
10.0,9.843944589654145,9.863076276080154,4.443119831658478,8.250377893679481,4.111473228095594,2
9.042715045306975,9.349419112695262,6.2348561040059725,3.7530048690095588,4.043710630142842,8.407924579481106,0
9.48297989502699,9.993422152622886,9.024143482013125,4.626265088692747,8.558284773851927,5.06843562729477,2
8.378687556978988,5.804974610177722,5.690179817983927,5.969341397952814,8.208038721048853,8.247122764065589,3
7.873096560172129,4.686361169114741,4.485276838359222,4.255348223174645,8.400778661552197,7.97191277268327,3
9.527434979904418,9.737087730289144,5.7936006570244745,5.872485731132009,6.106883278639612,9.42168392121587,0
8.44883888315676,6.849170819170258,8.25388056961127,8.508344274487445,8.314997305550671,4.150880418412673,1
8.554060540031616,7.786511613247098,8.152199794149777,8.446278439539801,8.795984337084546,4.422979197312049,1
10.0,5.523813439461231,4.824806686563439,5.314410222565458,10.0,10.0,3
8.388985982055836,4.065231731440577,3.8883808850437345,4.1548452046502575,8.454831065169929,8.572794489169391,3
9.483666604689773,7.525700484819825,9.25459628238148,9.340939395385094,9.83752244444043,4.8988416690263605,1
8.700666170135062,9.248887564086754,7.790248547334541,3.0935028182863924,3.293489617662756,8.816977012959462,0
8.68956691176447,8.8608750453866,8.478024303238458,4.724227002846427,4.840249369283052,9.343181965751409,0
9.314956695358575,3.0824137264600555,3.273646856534924,3.962971842574426,8.767986294365905,8.783522217226519,3
8.970014757467242,8.56592649341863,8.212059984728958,8.75465947928733,8.277130043189658,2.861459172139423,1
9.73842314450568,7.1533665786701235,9.643242404664148,9.687199306859629,9.491203174050654,2.533230373570184,1
9.238361938452515,8.314079400276393,6.679951617919443,5.561670408226539,4.297417513517371,8.595818763687733,0
9.024279105988112,7.793253767019037,9.722122197602566,9.22305406353208,8.474869895893917,4.069000961143341,1
10.0,8.63256393883569,9.94204184200384,9.109083492243839,9.566453793324676,4.463409295308276,1
9.70958925850545,7.5139363972969475,9.390658857737366,9.111351326329808,9.081993253417055,3.9434651561448155,1
9.945718320194471,6.335887327634008,10.0,9.760252981780537,9.774478228012358,6.141435792340556,1
8.918117147928161,8.55522297331321,8.737053237929585,3.088847616223276,8.75302027364015,2.796379731274319,2
8.455312170114578,4.058418751471984,4.474113258877001,3.6015518301243117,7.8523208858567415,8.764141238203873,3
9.78612121889058,9.191036531622013,9.518935169297155,9.984359114066287,9.767870319655675,5.465317648213457,1
8.314116778467806,8.05743373543897,8.58205358500876,8.066923952387686,8.857441155297032,3.0989704666182183,1
9.49364597391452,8.918820131248621,9.343808676758838,5.4923785929071895,9.02651912194945,5.586099518569565,2
9.012932740863947,9.066460897389062,6.657813805124869,5.332974019311445,5.794355856650511,8.884297849756464,0
9.662336177016117,6.8101575773231,9.533439698309461,8.98581513282894,9.50155995294097,3.905695748172572,1
8.732037560513264,6.665145590132736,8.672514751597708,8.516297969610344,9.128219039017564,5.112881394761384,1
9.684138356158472,8.842945633582534,9.631097638363807,9.582849262224101,9.497713713262842,5.298310175753093,1
9.61458886395504,10.0,7.100457867191242,4.117212688192447,3.3091263507287594,8.887184103563811,0
8.199381847172914,3.6125864921869932,4.262109513396731,2.849688683821269,9.156756184830066,9.772159575036456,3
9.216131262885973,10.0,7.012293517644486,3.5159872912271144,2.8924246504843847,9.284968352736817,0
9.700444437747302,7.572374783565926,9.763093287688308,9.540814009818376,10.0,2.6370015741912605,1
10.0,4.973156974924166,4.711408061168742,4.795852327586968,10.0,9.639430492691774,3
9.067898551549764,4.298090350876179,4.2037126673544325,3.457271618695166,8.777417468929553,9.645603476824231,3
8.13217098463089,8.70547623507944,8.767756240970114,3.8840183951726543,6.849837751261551,3.5627291217342787,2
9.01586802075883,8.811953945906518,7.139830748339207,4.556101616473979,5.563367972893426,8.18826396721507,0
8.493198500291458,3.7725076244171536,3.8330954575017393,4.275805011938036,9.296339192092177,9.233788188783835,3
8.46044827512275,8.751108862011796,8.950073362614097,8.26670261690292,9.226114928592647,3.700566411764614,1
7.830733697384887,5.697468583301256,5.362947388759686,5.201860755578282,8.154119961153661,8.136341315149982,3
8.589826918361258,8.844517585397318,9.056085474448341,3.162441571698209,6.571484666409581,3.84864598034536,2
10.0,9.249282628701216,9.773832592495344,2.9755749741631474,8.051478120843303,3.623990951809204,2
8.138640439056596,6.793248800029356,8.055509804525828,8.229857818382154,8.425258385253414,4.715545780459373,1
8.596083642208772,8.365167050234822,8.528327591006907,4.553254021815126,8.574108468536027,2.850031073690018,2
8.23325338882468,2.464179361435459,3.396784155439396,2.6815605111361838,8.750077353306885,8.837913550000245,3
10.0,4.1889323324142556,4.110780740354761,4.959935323128668,9.687144807973466,10.0,3
8.774678141517011,8.364937091725265,8.064224732251052,5.129398398876578,4.771219612453488,8.271952700287144,0
7.608737362673658,4.3220330587976035,4.091338051912897,4.419758896382166,8.341968402720628,8.242280787186788,3
9.467294239582614,7.319621581968422,9.338867312757328,9.747182440904833,10.0,4.092190619684846,1
9.620030347250449,9.193816674831309,9.535558850739385,3.1098645910800893,6.7338877720490755,3.5353695051344802,2
10.0,9.461174698609176,9.589869632570768,3.79455441003283,5.869895733790218,3.8820035129696002,2
8.103057534193924,7.399907520127084,8.186652790513369,8.668070086679542,8.127481551893597,4.9537043461724375,1
9.350646736561346,8.641441871283485,7.350368760461328,5.352212634411589,5.848782935005516,9.071774502240471,0
8.633602036585467,8.504576621523059,8.664060898441774,3.9033617676591996,3.1535954322302,8.514200945047618,0
7.533629650360588,7.46323591499072,6.898353389172181,4.042281316324234,3.9934342434094665,8.30146215613193,0
8.025867997736908,8.465416061508275,8.094798841805126,4.522406745583006,8.121434394463765,4.329442114571116,2
9.27631404335085,9.953955603836242,7.7635587046345345,2.9836541334106474,2.8850213658627806,10.0,0
8.642633674191348,7.000952481639215,8.13680160797059,9.122881366302806,8.420759416633626,3.9180260653133927,1
8.452360656230795,8.73587113411477,9.007368769180074,3.733151075377843,8.470938971077997,4.086666990534655,2
8.54704811094496,9.391475984663689,7.222983345666893,4.665617553210943,4.531700563112213,9.184043315524155,0
9.398476507574875,9.779565637307684,8.608003876970447,5.402779492607774,5.836711094307815,8.937393323939151,0
9.24117488613153,6.972311377800753,9.633897116626732,8.746345600107162,8.632894971265411,5.781316792854881,1
8.922251578299354,4.831907104116694,4.216234522323547,4.73944328557597,9.538586390900834,8.636741526247967,3
8.470515581352064,5.550052188466554,5.8032355374137,6.676948068140414,8.652715152079605,8.372593722980389,3
9.318437594551261,5.484424317005549,5.3329145484284854,4.767557927145615,9.468447995360854,9.626847625355952,3
7.8125768611345885,8.391180216611632,9.215168405456899,3.1530183193603714,3.6197908564931662,7.947456213363495,0
9.486950440338907,9.225552455354586,7.835049436491001,2.7076372885282853,2.7132267133538632,9.22293034759072,0
8.66787041565185,8.312870432131547,8.530410801198933,3.150376451092795,8.347649787298842,2.792543829073682,2
8.535664163464247,8.381881229508432,7.763024267514169,4.038182764747927,4.157448607085495,8.880512105161902,0
7.966662010426542,6.462290913822315,8.174032449201253,8.9461066170508,7.421707605683394,6.278214923063348,1
9.730884732286265,6.3230277406559035,9.84434329216038,8.888614269148393,9.624776001574817,3.3511841747071545,1
8.350451460261512,8.15863305611325,7.792219768539378,5.002728193388195,4.818119841984086,8.550807892221842,0
7.964917576353406,5.963790268181225,4.967302382874123,5.705366828280331,7.717241521040015,8.304770135530386,3
7.8139294746573,8.007089422532326,8.31233375487004,8.361157616707374,8.292222590630507,4.051488548886508,1
8.888715792253082,5.119144306253557,4.986354224165218,5.475821451023502,9.06012950346056,9.196879546052697,3
9.07877651255286,9.45285766217322,7.99125881024812,3.982391138195569,3.3764533447757095,9.760414371099365,0
8.442697885604941,8.223423587609483,8.798055817920241,5.600984307414834,6.266131768740598,5.024371863358472,2
8.48578639230341,3.1154632825035007,3.37825316182989,3.240285396236578,8.411949449966338,8.485344448157484,3
9.927289891553752,4.3631565569819735,5.047081105553622,4.687588764723407,9.063518961690578,9.46519804927441,3
9.706854275152395,9.653743670433942,9.303178493566524,5.174952085114945,7.037381538246479,5.033660925738799,2
10.0,2.9788591969412592,2.8818513347824872,3.1237331978305796,9.37051243975214,9.812239436381983,3
9.067891325771706,9.315306481422155,7.534109150826072,4.723250300666728,4.037481980112082,9.065091271531744,0
10.0,9.206999485122187,9.781334982412284,5.3474271726244655,8.647845831750367,4.8306037394397965,2
10.0,5.179606684844183,4.771974906585054,5.619945872036657,10.0,9.69297777231383,3
8.957933600570126,8.674589836111137,8.435383445116186,5.6278820284123245,7.134170067975422,5.108605013676959,2
9.358606234420108,3.3093706869642623,3.6900102543014732,3.085601581556348,9.807572927782934,9.468809769126546,3
8.678399799660687,4.421973243198773,4.315010097514642,4.401890011304535,8.288637449165806,8.100628945721839,3
7.969768509401289,5.693304775206381,4.9353710257158045,5.812541783516614,8.147808711596472,8.742852507883496,3
9.204233281997839,8.078077722543759,8.58290088231342,6.02402729468398,5.48857852029105,8.903981612751378,0
8.058305710518008,2.9912001228284466,3.528097883605238,3.5321554140187974,8.597439172213823,9.052830072004408,3
10.0,10.0,9.622747410157364,4.615467742647949,7.682592596843585,4.3313541134806055,2
8.411060362245887,8.28470769479828,8.619197290381287,6.229807641420159,5.332677479710415,7.084763113792255,0
9.954441047618678,8.033462994338395,10.0,9.821043373991815,9.779413288322152,3.381328235642839,1
8.626951284413082,4.178455470719772,4.91100932404369,5.07809660546229,9.17753831671144,9.811474917730377,3
8.61149955914653,8.026477156792701,8.49970235613563,5.2874354434472695,7.922843879145358,4.7250431195221445,2
8.555714195288346,8.455733296178007,8.771388442782019,3.215493970613244,7.173194947057163,3.7695992846705866,2
8.996943937228902,6.301237960558521,5.614911456831783,6.251000284353161,9.51517516897945,9.604714433340533,3
10.0,10.0,9.394366560428923,4.010753559212328,7.9074278894738805,4.04224710014778,2
9.704717698393145,9.5342923760747,9.242073648433228,4.280870862340187,8.872189970280989,4.833219236349251,2
8.849025315612804,4.098620834825825,4.211952480882965,4.365490829275532,8.320920020581237,8.597541302666835,3
9.319658357031004,3.3800350651966875,3.757386329278191,4.036509085923971,9.12332440931032,9.358115105014303,3
9.65053722875635,7.273663168140764,9.565435663116407,9.271565597641992,8.983011953423972,3.9265670675506654,1
9.684545603753918,4.569910253340597,4.4542718043481315,4.671883473493257,9.401461522844748,9.514048946752554,3
9.012790195255295,6.523736774354634,9.162162674640378,9.225551871000102,8.710007903812409,5.4859832824369485,1
8.154306733452287,8.302624139399612,8.844919194604667,5.424133266567326,7.393134844669763,5.209711705363405,2
8.494113915473593,7.535002000729438,7.9449592046198365,5.717989579140898,7.3324519765061105,5.890413534960728,2
8.474441877083825,3.529447488868346,3.8919464794447443,3.283431623401066,8.161883350269534,8.327013863678951,3
7.898178466945975,8.511839893220113,7.148990301376014,2.9522286000446663,3.624286496430556,8.822456708287175,0
9.174471328423202,7.763177921628407,8.567685599428259,9.328060937995982,8.843019832601696,3.5886709689382403,1
9.91362086214482,3.494763273106116,3.8049442544339533,3.0452063414515176,8.719525889826544,7.897149435138871,3
8.440353871717656,8.396393606821052,7.840195310869374,5.02637848153112,6.785737830762778,4.9704204603087865,2
9.000321224761803,8.882053211078091,8.566919861124154,5.057754319974615,7.968910082801956,5.5678754010726,2
8.793943490230577,8.689214127381083,8.785561965760417,4.821284681891167,5.312367622937233,9.53759157504755,0
9.940998480171812,5.018038833407131,5.382582105156243,5.064917157665617,9.709001245310887,9.626329136603982,3
9.072193590570382,8.047499787143279,9.125935256945699,9.31023925416557,9.174057695470136,6.0869717307127384,1
9.134710048333352,8.884264482899686,8.648664015078841,4.012733124079626,6.477648247075765,4.532500303770924,2
8.09744618321568,4.3437595676328,4.144544728387934,4.509354125570696,8.837302353832115,8.911812674178082,3
8.908866247412586,9.521694836394085,9.358994722022684,3.7010292247028684,6.08736383647641,3.68009957236097,2
9.04773951772938,8.419200188262566,9.673094570586105,9.32737067335987,9.322124840640566,4.5033289992753565,1
8.727744676933842,4.087592406704087,3.2422824031849142,3.519205712107092,9.612801211658628,8.987053132894294,3
9.447155657414992,9.801499091277638,6.253639596225515,5.216117738124662,5.1851485149792,9.290809582456108,0
9.326241875200102,4.94952541802248,4.865588165180128,4.697154562211764,9.506920967859356,9.206959111901924,3
8.835201173610702,5.43346951103666,5.847470299197787,5.872432378425916,9.160749006075866,9.921935924012102,3
8.622173801967794,8.821027050465082,6.852085598934673,4.488082543936919,4.863164813455184,9.860241262488051,0
8.486788260465882,8.92799201515688,6.759511878558579,4.513421396876024,4.4042186978346995,8.499739426223293,0
7.625308676395267,6.5248873859226455,8.404828610461315,8.26634566719848,7.540852487299445,4.8012366280497405,1
9.011116122856587,8.764976397504721,6.388872702505774,3.579344322448446,3.774023460647627,9.518991579972669,0
8.830153357099283,8.69595790132145,8.873248547056821,4.81461590210498,8.330464628044025,3.8690551488159155,2
9.452005746650466,6.797494952788246,9.229400559091824,9.1611152618189,8.905164607259785,3.9792421036453307,1
8.80994149731117,9.11011459860441,6.6475552876175446,4.3835533161535745,5.63532507004188,9.318046234672885,0
10.0,9.112725041180157,9.625153783250346,4.493863032950916,8.18724860131947,5.016588630657786,2
9.154646791206643,9.099946661999246,9.052074507366504,3.15873603123715,6.746664715532811,3.9059155743162903,2
10.0,6.403509662200902,10.0,10.0,10.0,5.34818772511139,1
8.168888520805703,7.767605135039495,8.503225950858758,8.404297577794567,7.780471351484966,4.010966990885254,1
9.249483430700074,5.595023419374777,4.845197146411945,5.478102803471247,8.809691083080951,9.460361442001492,3
10.0,3.5877504794828945,3.454712130997266,3.6772073853478005,9.467836236959696,9.377711666264213,3
8.321979907901579,4.599789316985697,5.046156015720241,4.779151711164333,8.649018323480222,8.582466795335293,3
9.454002789730417,5.50269369025229,5.3744390119470635,6.106559532321594,9.375228537177522,9.871808088179014,3
9.112879524331856,3.697717091264957,3.0184611585190577,3.0444131958605114,9.195602785945054,9.286502851279975,3
9.945521554855228,9.061063439542844,9.74687314957506,3.8652660495713302,6.83605847512111,3.867257574474509,2
8.11954695596853,6.490257147987365,7.760120507978929,7.907685643508072,8.37653174682982,6.055506918036316,1
9.016794586479712,3.433978023215315,3.267058103896126,3.088222254310324,9.035625022826354,9.467318385845406,3
8.359509234490266,8.397502518871558,7.0524835788869105,3.9163795741121517,3.347498023217496,8.683756442648653,0
9.164195096451948,9.719991407282606,9.321253400273008,3.6483544434529365,6.502211879940843,3.7397865643770025,2
8.164792973135542,8.38955828082745,6.215374825525612,6.404660480439523,5.131072218008082,8.812195577628836,0
8.502223515661024,7.617698054381384,8.72336155325493,9.03421458443802,8.1003422286685,6.031855887395125,1
9.132796706523465,5.875205486865093,5.645058170969272,5.836123719557315,9.348824622279798,9.043790312547,3
8.011182977643301,5.039368948966055,5.7072100660614,5.321481744542538,8.48211566079354,8.447105139231928,3
9.633606261863987,3.620834939079876,3.6128324408540444,4.254332717680489,9.865720495033013,9.881874860925734,3
8.869003285604991,5.858551577577878,6.373612439642147,5.960648930470926,9.159924087089742,8.070056387839058,3
9.033467734506079,9.002278912506787,8.577595538857906,3.7597224015189767,7.970057240163859,4.359954080071805,2
9.905657102506973,10.0,9.671912095025162,4.670959012274595,6.741250821043965,4.362309112076551,2
8.328127919998847,5.998556796870987,6.228141724502685,6.158731222699123,8.480167301990168,8.873969029389212,3
7.750639444990986,8.117640433165466,8.187672714563917,5.31896461939426,7.099069393804936,5.304746287426113,2
8.636629425750206,4.308074281459717,3.410688453410999,3.5110525387176654,8.49380313550842,8.209472596808277,3
10.0,9.935098662461904,9.890681681959235,4.11730844783679,7.650766116003197,4.916714947689987,2
9.604579956922233,5.69530632913118,8.694776705710302,8.75824547476123,8.958551170874177,3.7479490875436587,1
9.602634128498817,6.930201927390612,9.170823121760671,9.287177701563262,9.375476886559182,4.310048862733602,1
9.658034213196137,3.114584476143729,3.657410413542387,3.4280071022759726,10.0,9.642141283533645,3
8.558353629348147,3.7066403334947897,4.7106586421991645,4.659401832233656,8.51681130524437,8.430205187143589,3
9.490304386112685,10.0,7.8758873886415115,3.4476630468441734,3.2441042482851707,9.048504302649812,0
7.929358060271024,8.2292898184682,8.358312423662753,3.434040659037901,2.4824671855705898,9.064919489037784,0
9.672589786467618,9.97131637242928,9.51309909084618,3.5522192971101503,6.355787353843943,3.8968858327062805,2
9.550119046976052,9.435272503488566,9.231394429644462,3.9911245157310122,8.05214118714795,3.6437032672121963,2
9.379442354695458,7.921768211784464,9.531834800012525,10.0,9.848669931245498,4.084005376829722,1
8.438219759514222,8.304692866699675,7.739746731811093,5.4726690139724505,6.407728743783294,5.125689555116723,2
8.144073744201119,9.257313727174783,8.586769185565718,4.946612699724134,7.661996079781185,4.92958885946582,2
9.037181236523946,8.972447310793576,8.543922442455665,4.773428365136561,7.0029361601186695,5.333496727440559,2
9.138982368159175,3.989860102462838,3.846314747037346,3.3619939360242634,9.635800478904764,9.54305708482274,3
8.6593069556037,8.303587023227891,7.773014684339814,8.725228935024447,8.30605849585936,5.87007059138444,1
8.490019878330955,7.9537621947948,8.698857502413611,8.378728104865836,7.920274626345784,3.593356592546385,1
8.65320378537307,4.6547587747955825,5.5700048337654895,5.249558051804941,8.722224857882908,8.704499657780584,3
10.0,9.80485980067614,9.754991017268411,4.642645985820532,8.738532405243443,4.456194719007329,2
8.604627710610186,7.377456947244324,9.046603266625457,8.756174567052636,9.680335675821667,4.847786888818386,1
10.0,9.75506293254233,6.339235486441423,5.7687086973398705,4.967561232673379,9.982725926403383,0
9.561712480571336,9.144376832813569,6.667089677424488,3.66664258214207,3.950099737879196,9.521204086403648,0
9.183603913731847,6.559075486462673,8.573111596798427,9.422154074009894,9.613421154622008,5.142818079698395,1
8.816008571833013,8.401256503870725,9.04954858655866,9.373631411134502,8.770612397671774,4.036340319744014,1
8.046239382487355,5.154745480024043,5.666750214030649,5.002264766115677,7.913285507891698,8.822585855046102,3
9.33626127350531,7.3629715675708685,9.581589928818506,9.299765806218117,8.819818721825776,3.7522661528840153,1
7.9213255074660855,4.775997881463292,3.442145217634435,3.750586414950658,7.821216743339113,8.304104776834905,3
9.456718786138302,7.727870415268799,9.440077184783263,10.0,9.138706288160503,5.332136916563154,1
8.8837729659584,5.6365647609605585,9.519926478466779,9.323242733859358,9.579897935560936,4.381141970647766,1
8.80436231293316,9.55717752143831,9.142863699210423,5.803307300895807,6.9426757036543805,5.937424543552916,2
8.459596128240232,7.923056007793401,8.795788256215152,8.94897440102526,8.705989987153046,3.1621508063716997,1
9.21084729356268,10.0,8.313159782199254,4.975317399001684,4.620618964509622,10.0,0
8.194926581677858,8.902548377423464,8.358395753146063,5.219317156256606,4.8691169926117075,8.785107920435502,0
8.28334252514408,2.5933955801099864,3.279229219255527,3.2184437343261036,8.631779327176645,8.58338689434306,3
8.301744813757072,7.909377687399133,8.154317688593553,4.005208082968411,7.507848173837876,4.904637037697663,2
9.158859457889816,9.515989948941266,9.405492052408823,5.446139465767887,8.321270521001162,6.289905391425538,2
8.424545329801258,8.507858052132615,8.747240076648009,3.877891257803695,3.3656465750922657,8.481327514492074,0
8.468339398692827,8.440935653316888,8.732275799606974,8.986293881078348,8.930466608716468,4.865816440404613,1
9.182913966395505,8.234809763370382,9.14398088569444,9.505077384057785,9.475418142152884,3.5710721030137407,1
8.260115427460999,5.960247795273798,8.516599303616262,8.372603756352905,8.49869612740037,3.7964708373935827,1
9.046166540182261,8.004899220457103,8.28397723561474,5.182051791313939,6.776560151478109,4.943795892790646,2
9.252560311543895,7.534727990205059,8.76773408951353,8.821949424623202,8.583909400156013,5.581101340448351,1
9.73003242533356,9.74386580745804,8.01988581341646,3.600438351766729,3.700134323916999,9.764598192215175,0
9.85381200836747,9.891966799974462,7.90483515511241,5.222341494985793,5.245927224121299,10.0,0
9.930355982232962,9.41972379498203,9.332225799696225,4.701562706356111,8.054998493721806,4.2145087630884,2
9.817666015434309,10.0,8.255724344888725,4.972408572193233,4.926986105816762,10.0,0
7.908197820284096,8.717600708554171,8.46951191478159,8.082540048413822,8.098294325688247,4.333937568048648,1
9.718914073468142,3.8020875833814483,3.8017049162196015,5.032435554945208,9.338099042316616,9.292610016597797,3
9.76352579917712,9.305127294958277,9.066029429318215,4.897310128037573,7.8737381255605365,4.003347429996566,2
9.896315279304815,9.643210247600408,6.263559674148642,2.590948654955263,2.9451192581600765,10.0,0
9.961634961543544,3.1050373988918545,2.6008031195565606,3.4317055555195255,9.644905080851268,9.39608124944653,3
9.707076916954739,8.962724181228866,8.817441630894669,6.242575252278376,7.897714014105217,5.516627498542408,2
8.724230385792756,7.752304441864298,8.706884620352058,8.469510412035971,8.037699209414267,4.8737381590983215,1
7.510838076538913,8.14250885721541,8.032523562894264,4.306253754814892,7.925426708743612,4.7058942415838985,2
8.410406231454967,8.457991686340195,8.49164335225846,6.07864081595118,5.857987341753101,8.524030361055708,0
8.695182387918672,9.24193399782035,7.186825800141792,6.1949690469520675,5.08888697896759,9.33750589878434,0
9.430251359204432,8.544612818421871,9.535947546979084,5.352833343566026,5.9705173464197,9.245895434078019,0
9.526540862203067,10.0,9.810873021483781,4.4673426746943115,7.557461730869093,4.774951558185482,2
9.951975418446706,9.390904514851012,5.6716359517661035,5.013554028244185,5.03635367639089,9.708223199480797,0
8.99923061506533,9.085227312295922,7.343681171872572,3.68381978937624,4.1941632302434115,9.536303641599266,0
8.532110058901328,8.029850512430436,9.063423556472152,8.878460429105267,9.26085203177365,3.15712242639405,1
9.657049688743726,8.85796473171801,7.050795714600041,5.238846179034369,4.508965060032947,8.963885155741373,0
8.78520027897155,9.916873863245462,9.678500617771334,4.897602650314309,8.451783782604409,5.213836513582191,2
10.0,6.667335103726746,10.0,10.0,9.82124813358115,5.650736336985845,1
8.716387526190106,8.355311515476162,8.805289468525315,5.673750344626955,6.601192954801851,5.408972713739281,2
7.969074883380263,8.18743708439558,9.024727474763072,4.834966863850853,8.800276487564059,3.750364571813558,2
9.113879318929063,5.640144361403095,5.418394997389541,5.795368538291862,9.458147945433225,9.264043267615103,3
9.645721258441185,9.876745655686804,6.125139135926832,4.296371665736006,5.165500917133396,10.0,0
9.183826610198132,4.355270399186261,3.515184739049282,3.7075645070092986,8.550824982172042,8.68703454405147,3
9.013194080540762,8.929279819956516,9.116623373947368,5.830400790914266,8.777858945730609,5.855718182113447,2
8.461684773853799,8.979187671512522,6.709172538801405,4.074797973618473,3.650725351005342,9.219890767833817,0
9.54684420391512,9.022403606982124,9.616628116185716,9.153793710052247,9.334479250106927,4.5996356299859595,1
8.848672247102844,4.186682704099475,3.312268135166106,3.944108694108112,8.432575351407673,8.624422816212343,3
8.068611238263031,8.173145801757457,8.348733594543104,4.418491061362061,5.873325044858046,4.506882021689774,2
7.9670473330471925,8.719075580102695,8.069594647617771,5.716322744171561,6.998037407924352,5.614024431622196,2
9.001819606374095,9.035786065311095,9.518492945838803,9.158188414571537,10.0,3.0596392458923525,1
8.292287560105208,3.8238742518127524,3.736854474714721,3.6117373295972786,8.47001300711581,8.784736515037286,3
8.186014293174095,7.552907320841945,8.225260250398518,3.5535932385580433,3.6088931008549663,8.03453724322627,0
8.329624913857213,7.262210800683516,7.653087382905474,7.948128822117359,7.670926862348698,3.6389788040168436,1
8.791462024726096,8.612644783713863,7.255038418438839,4.804192058939924,4.371317963370065,8.55000190684151,0
8.334146984276947,2.5350883276491434,3.191973697580154,2.6031199421798576,9.268420926729386,9.05407386847213,3
9.450974236323711,7.615441516230165,9.42650804841559,10.0,9.535150489128004,5.83717888286745,1
8.349220567650413,5.441961768881237,5.639092052697268,5.392791684344899,8.008341872343541,8.147717594111713,3
9.14812946942374,8.33593439458398,8.354048243965604,2.637514579537803,6.403028451257667,3.5477988918361083,2
9.035640331343277,4.846986915992008,4.961518982468164,4.723211730009221,9.40320293963944,9.533826058109671,3
9.594082317575054,9.496402585646845,10.0,4.61178152114095,7.208603111407208,5.063715621681039,2
8.14572235834285,4.432710489157703,5.216820081292486,5.050319680372954,7.626121758553501,7.973504666549051,3
8.899212367577826,9.777115987811184,7.429949078050567,5.559568838581755,5.456008087582138,9.323668788163939,0
9.566595208511096,9.43888118166271,7.93107272432761,4.610192726455845,4.641625861392941,9.364859795858491,0
9.650124979442381,9.291897486578842,9.422987342414864,5.681596620005374,7.382064370153129,4.9138705562299005,2
8.913240718135514,8.850812990331512,8.572207804177088,3.5721931560301625,6.199105887081018,3.7486267121416574,2
8.71343579530133,10.0,8.661819010564102,4.112028638261644,8.07217882603898,3.77591284218477,2
9.548399612111284,9.532291398164649,7.900138308036302,3.876521516322845,4.055292113967709,9.352699619856704,0
9.739556365583205,7.435964586264866,9.872004164910127,9.59024957341765,9.880691287389274,4.10420881773077,1
10.0,7.2550225671055015,9.384629151625493,10.0,9.830483750147078,5.734713994774294,1
9.213011092645734,9.283256190891207,9.430987878435127,2.71853022917736,6.881920515525319,3.2055455728657187,2
9.321354710651494,4.608102046038806,4.102808429820149,4.709883353457092,9.608357181261143,8.850999507312379,3
8.90436669517855,10.0,9.39968343335618,5.803341606193819,7.924325972496315,5.643142493621148,2
10.0,9.767465365269679,6.5105415970647,3.6225404003209207,3.48675917486643,10.0,0
9.266600557538519,7.531500557073523,8.893494746226153,9.34612156098297,8.600807632125326,3.523008149841796,1
9.575090987707911,8.109531006831276,9.813936987386843,9.782625848003827,9.147719837468475,6.0360848557420965,1
8.892131592257975,9.06639917640897,9.277929606661669,5.3560899705923815,6.182229024924924,6.127235598187316,2
9.67999863810727,6.3632708580618305,9.663576706139507,9.672654093632021,10.0,3.7192929228200717,1
8.582362626352538,8.693772642908147,7.997648835025169,4.837520711193294,5.285338424825322,8.578218084862714,0
8.37005300287176,3.093648175634093,3.4302052768062623,2.708708702465135,8.245574048579762,8.201542731980279,3
8.515231245168199,6.3533158500640665,8.534679799812272,8.57929047328466,8.800280872029509,3.7964792868029233,1
8.57289667840585,9.303325788566834,8.341951023556087,5.152495991750748,4.852351793647102,8.958099948236335,0
8.376633648943715,5.855849861302212,5.986580277797726,5.932224254664007,9.038521651560375,8.509635180645596,3
9.71389889370616,3.426907111846887,3.4562964308703936,3.6459003349061363,9.685056294341393,9.158160671316116,3
8.290468535687195,2.5566316697716562,3.771494843011392,3.7198753232861805,8.228765805364771,7.925977981966136,3
8.086985033779918,3.2569971935530417,2.6175758241246725,3.6596166441716464,8.126893721261132,8.012697735724911,3
9.566748748586532,7.39847354916225,9.6054295559785,9.685253819467816,10.0,4.839400364396505,1
9.612490024973638,9.31662571501341,6.795264353529793,4.7406440329895805,5.198827406053651,8.898601850456293,0
7.961777784748618,8.525277505078517,8.306092928447164,2.8849677384709524,7.722575272997103,3.7026433199275344,2
8.443393422635125,8.760801010557191,7.697420369506819,5.807476201896374,5.3569735315858455,8.725262083744932,0
7.736995755007307,7.950185277842998,8.069392818368524,7.565574403852068,8.232599333874457,3.7856036907332666,1
8.296348040663476,4.971618381186199,5.5530648977230355,4.798561012802784,8.550117825656514,8.952904750579455,3
7.941607378170316,7.290491695913621,8.585368075402974,8.520871659213439,8.130574801532463,4.351174812438535,1
8.44792522064313,8.17147043706743,6.493534267689545,3.6680487195550584,3.500037620722897,8.342014689346959,0
10.0,6.577703585464079,9.982428798876516,9.704429677641564,8.958286096301775,5.268220015071349,1
7.9432163632301345,8.687355538518402,8.919639697231727,2.7632254992738576,7.168846377137082,3.1217379514736834,2
8.889611210926613,8.538331523566997,8.457155308396752,3.2795409248457488,8.950129071154862,3.8879075377307437,2
10.0,10.0,9.584403873023184,5.275922169422922,6.402052538525999,5.561283136717424,2
9.959601834201402,3.5746584546385045,3.9691829530886307,4.124155438758864,9.932691200838237,9.544477159950011,3
8.469282735565077,8.443404998276472,8.988506008824853,9.0847688314785,8.7716458389467,4.812387114805184,1
8.757889439460046,8.821577412498998,6.688532563367133,5.798090155399935,5.506964277987271,8.695517710545818,0
8.19771968319996,4.3321379674083,4.194426047422804,3.934086856473569,7.978910413673245,7.836282616048516,3
9.226823826496169,5.769878983057797,9.233590913777988,8.970433457276322,9.474892900969058,4.71118344079252,1
9.436822099087822,6.131207738073453,5.819792945741459,5.959166232218513,10.0,8.519304240379947,3
8.596076986328047,3.352001475321532,3.5685931764673593,3.237634444348509,8.741290137756168,8.965141597347852,3
8.866942513142613,8.417629884971731,8.626023500332419,3.8554825243565225,6.95335782101273,4.292942413128321,2
8.737902703674825,8.923626918208747,8.395780925021398,5.346155020330378,4.963362470296551,8.792140805504683,0
8.832613777219288,4.702207474152182,5.021092073283064,4.6628229909864825,8.793780620592234,8.41866573495273,3
8.938168893381654,8.781505377006066,7.462974635374267,5.673682509223411,5.340328596030152,9.168948072990847,0
8.390368403885319,8.356204816501396,8.017807939449114,4.981521482423329,7.243621408497221,4.3612325428536085,2
9.961503556902219,2.7115412097083604,2.671470924263299,3.0879886280524276,10.0,10.0,3
9.019457106896803,5.348996190706208,5.117526709695337,5.449661109471315,8.952137599910925,8.965152075299468,3
10.0,9.329128853783871,9.624459059690896,5.1418070488554655,6.566957875903597,5.240824696021048,2
8.799983121743857,8.471643269677767,7.917942426071018,4.786938512308881,5.110248023811326,8.57044708918484,0
8.833119797755684,9.234731967708866,8.98789493370275,4.540818159738802,7.6511778769491565,4.749923747788038,2
9.547765648303665,9.059276021365388,9.314043019273713,4.888234085064036,5.470902411106924,4.365441652783587,2
8.0807679850554,3.1553760276587766,2.82825001817431,3.69917208173638,8.112178188280046,8.584172411786797,3
7.920135236876486,8.595664678735199,8.738249864404892,2.9798531872304483,2.957046868771227,9.030731333523285,0
10.0,8.983152723312681,9.70567396936605,9.259255190450874,9.654820611191287,4.19890895347654,1
10.0,3.8043781560823806,4.140118068935573,4.303853199135543,9.93042748336047,9.902806799105251,3
8.949865268777781,5.736628250527438,4.8734367245179735,5.406337919626037,8.59292065223068,8.824049794303225,3
8.464180485927038,5.9081001438322005,8.660009237823735,8.32484616808441,8.377381853989947,3.1015723353475106,1
7.94484890704399,7.903866293098927,8.255735305349326,5.4423869507443365,8.19868672264754,6.093927002989535,2
8.152154225334385,5.112097975967506,4.941859734156387,5.329617615451376,8.622247662626252,8.100407488530047,3
9.33688306491448,10.0,8.598182370566521,6.582825227415158,6.422066546469445,10.0,0
8.934692306551788,7.810175606956332,9.165470496874347,8.89907291105659,8.362287274611333,4.700181139139803,1
8.182128127646994,4.61421553657584,5.234769204878245,5.382291256808412,8.00077202330208,7.620908973475901,3
8.05300476664745,7.73463347256993,8.202980673465506,7.571806313547333,8.333187455235219,5.059906682241577,1
7.928292283771438,3.9926056144311444,2.9083833405183084,3.979874307465416,7.857444647298811,8.10022091396538,3
8.686035851304798,9.255605000575532,7.751691307265719,5.673293932534127,4.814571225908163,8.538374227578894,0
9.738079161609315,9.712349646861197,8.127300649142548,4.586250108697076,3.357176443079433,9.450236247884721,0
9.613878565410868,6.157569794915252,9.387485585505049,10.0,9.858717132647415,4.706888410685831,1
9.169657228402441,5.728933777030472,6.328486297913256,5.99196222034994,9.319421603435593,9.846135835941073,3
9.118809983646486,5.733764613473023,5.394356959232149,5.517205278569954,8.470375913816865,9.05765646352346,3
8.530637545498465,6.146000511281583,9.502009007378108,9.125754085649785,8.39665369870995,4.545336083895503,1
7.603514188348979,8.904639284780139,8.644370472388129,5.529121168786903,7.288798804783027,5.511620887612657,2
9.467408387113496,9.32009724858581,8.908171055437078,3.8817111219308655,6.85953427054952,4.147019832841243,2
8.387227422287546,5.0832310686704325,5.359636472013742,5.3078241157783115,8.312973105686218,8.707586885420667,3
9.225588290916791,9.003723263512121,9.224760567667833,4.864213143898786,7.718566330506131,5.04038656425067,2
9.342214976176882,10.0,9.158553332644,4.664907531458128,7.043026733286106,4.483488179643051,2
9.20480598240414,3.7107802877748908,3.6757940282459245,3.407922566696351,9.376688447517854,9.216774163494001,3
8.207873577805326,3.9435888351440234,4.306459970147608,4.328569806062136,8.434099351942768,8.507058134715537,3
7.766061448281755,8.50087347203128,9.101872550736328,3.546915079119001,3.517192968843865,8.153906621806563,0
10.0,5.903238296394501,5.917504261437297,6.349330798227834,9.968383409227902,9.961084061564307,3
8.628294820018878,5.560064348855712,4.565933310754665,5.107008708143868,9.548223293409412,8.860837272599928,3
8.485460832104726,8.281255441971506,8.336841717977642,4.803430999887635,4.0737226731631955,8.380041357838506,0
9.684660475557475,9.186978967652836,6.424783087735386,5.485037502546644,5.128681617942217,9.51394689414651,0
7.67835807658928,8.073687285783116,8.439147595143242,5.83610515008023,6.5126083503524,6.027300089928788,2
10.0,9.419621135653633,7.467320218683969,2.4652217087271224,2.8877040784473187,9.566511914102353,0
8.213232733110184,8.1370954089645,8.256855603575108,3.2590245031002105,7.322455064000199,3.4555894889545034,2
8.174423603178871,4.341246896232191,3.7692099059092423,4.085841975159474,8.27435879182225,7.984983651822222,3
9.26894283660609,9.484126991108727,9.709718082564923,4.178605998656327,6.587641852689139,4.369542543611412,2
8.588656105029507,5.006422396404014,4.843360865627844,4.768062694235877,8.651540263061452,8.28697749451363,3
9.292198731362001,9.146724227365025,6.340108015062451,4.665196336325564,4.8881246536498955,9.411310486432274,0
9.060782883484057,9.202793313850927,7.516829740118079,2.9665211519230574,3.237327023355199,9.15421915537733,0
9.966707588219036,9.85283768831961,8.72745025404411,4.344159648184381,4.310713639962185,10.0,0
8.123269476573894,8.032176276003957,8.393721610335815,4.600143678371395,5.712090875016958,4.336351074609706,2
8.345176501232643,7.029992844293714,8.086493558180392,7.895225663820446,8.18417763790036,4.955800916678075,1
9.819684502817267,4.30101512977277,3.59230892496573,3.8051840483935795,9.012360657700139,9.004301817878613,3
8.250100449467396,9.077568134948157,8.903040479457827,5.922775099409306,6.758037156890434,5.045220411079752,2
8.97314291713051,7.292091313417718,7.296823049245943,8.373122391949236,7.943273413382212,4.731703128659743,1
9.370516777883003,7.976796983627523,9.525042204994486,9.309995789921214,8.762954724982404,5.643483311194834,1
9.633053208999158,9.82424240832095,8.251370472662943,3.3235601431661395,3.28798153011209,10.0,0
8.441310715885647,7.015334884570456,8.460453590270397,9.265222808885245,9.017184358954605,4.03152402597543,1
9.377044043060513,9.662608750547859,6.823810716304733,4.559823902101957,4.64392635336075,9.875006631393877,0
9.119593873418998,4.420816712640834,3.753071466345955,3.4287272971644476,9.812272713479572,9.561180237083798,3
9.793500675492114,9.386802683590313,8.060064079009102,4.757036034574432,4.53979635375097,9.863801804208519,0
9.348516322218252,9.663245469687187,6.695295922860863,4.637138307028885,4.167235837989861,9.284292724564095,0
9.255987048655197,3.445107905687449,3.768053770755106,4.468859265240818,9.259030034011888,9.892330808471078,3
9.094856802272073,10.0,10.0,5.920195651518846,7.211796415925355,4.895212137489385,2
9.093771940240853,3.4311571228570217,4.316219770184031,4.202004067195058,9.87226136863743,9.763631005796803,3
9.328589462969415,9.56124054726052,10.0,5.977352873036246,6.68514150920094,5.453763130018169,2
8.623815194551119,8.96439512256133,9.856327792907265,4.183647348229109,8.03337009499365,3.3761279191556546,2
7.909699457554031,8.252716962637669,8.021972224362713,5.582652443899046,8.620155509221002,4.931239789027562,2
8.455100353501386,3.13736844268429,2.8556060809187795,3.732105539327141,8.472390677969646,8.16137873129944,3
8.525902285365632,8.530875051137082,8.52378546895056,4.1935353098312245,7.532541487813894,4.2051905918901715,2
9.499457952240908,9.265363866570056,9.060117615332107,9.282904193105164,8.733522184132958,5.487679306279151,1
9.056563494253256,9.268925611167166,9.18025335217489,5.009983325593893,8.372353700903439,4.411629953665747,2
9.172020992683578,8.995467022416767,9.100076157101851,5.646398112635087,7.8017466380165335,5.158413917064131,2
9.361480399742286,9.450978199835422,9.24981286592584,5.40292886719402,8.362178606756203,5.641417406628171,2
9.993285202042799,9.793555872700061,7.7984861751919565,5.558909002305475,6.112454771116534,9.59027128796491,0
8.702494124387476,8.619107168433517,8.667294398544044,4.649820335902359,5.799708097985661,4.339185103467892,2
8.003775390882698,6.502224214530883,8.111293598326748,7.866954785923705,7.888709939054596,4.7142922113941825,1
8.574574735884912,3.8831007323675713,3.5561659284983618,4.298859219407494,8.439375486821115,8.256619988177164,3
9.503155734575735,9.6266031613287,6.582424507603192,5.7190509256502775,4.4272080583295015,9.51879990082065,0
9.410175806162037,5.0421655204201175,5.0187184063853385,4.842189528326314,9.965130552719087,9.674428004810178,3
9.062366339399022,4.461614529599834,4.522267032677687,5.18580603050002,9.21319426372684,8.961332901337487,3
8.399156588584038,8.668059673617705,9.153987233913812,2.8413498733192863,6.903332952686375,3.247858657253497,2
8.320284197429066,8.645175771608336,8.068728039669601,8.010409995897037,8.657888322232704,3.6795600571249634,1
9.150843325350518,9.391562644143372,7.301245429218968,5.200075097015835,4.571718715721713,9.454134959321264,0
8.514531077648272,9.039890589979787,7.089734100256473,5.766836811797346,5.145311475858427,8.223755658959655,0
9.364354222535182,8.483191007226981,5.736478782557233,3.534568494227748,2.5233091167071096,8.825897714072326,0
9.349040347720823,9.507992565066615,6.610431138136788,5.024243738475791,5.132520378780639,10.0,0
9.97624643016305,9.41134874875019,10.0,5.650896273135144,6.2073635653261885,5.830998763828773,2
8.11483499966474,4.876770816599077,5.677154816870241,5.2980678374018675,8.681806564553842,8.329303892879368,3
8.271479269229246,3.7015600480748336,2.785867442935662,4.055981181128352,8.444011759078796,8.634701980051677,3
8.736667327569325,8.3563852151414,8.765142391449553,3.5075869638973134,6.9547964402911955,3.064162052957765,2
10.0,10.0,6.957522956335056,6.5971463298968285,6.030367736204862,9.19149834048515,0
8.595044984148862,7.83648423906942,8.905794114700196,5.037043074947483,6.76271607768929,5.133624203636789,2
8.370581095624503,8.11536529445992,6.326347888295405,4.801081988702667,4.5295691884295275,8.05509508398992,0
10.0,6.380512120350067,9.464007440480394,9.640137354270689,10.0,5.705760709119496,1
9.214210708644952,8.995095222405542,9.726948903153145,4.1455101367704295,7.403162474336205,4.429321279727236,2
9.805465863252346,4.210365448523916,4.465480920009978,4.471993427005704,9.85685773507745,9.745436859250526,3
8.410466323804437,7.832956897383571,7.911741491102855,3.627612320302746,7.164007109072277,3.1813191855036407,2
10.0,9.27846607764427,6.0019429375724025,5.102073310692796,4.859619294946142,9.872789162945825,0
10.0,9.69367257658167,7.155183384686516,4.162923455668838,4.459437843643225,9.785899543118825,0
9.56117206189815,8.424753012329099,7.820348768668389,5.105131900414959,4.655448776684975,8.375895848898441,0
8.853543452698398,4.515640475757069,3.620568444640058,3.8085249184693,8.13473733529205,8.954753353761276,3
9.510920252859103,3.6896928551900166,3.56414334888038,4.232664924679808,9.220879593835253,9.12673583323608,3
9.948269640050631,8.487264955851119,10.0,10.0,9.983551993694258,5.075001325268631,1
7.89511860231615,8.308422544818475,7.945688219345649,8.414996096062625,7.979894824534689,4.099066525003365,1
10.0,9.490738521596025,8.661215805258227,5.700355856313962,5.835697977341198,10.0,0
9.838906811892503,2.6751344356296336,2.924413091315696,3.2918908822808817,9.339791070754547,9.685253347276133,3
9.58195690878264,10.0,9.188414840343437,5.281573414488268,8.004012270480048,5.934087891531627,2
10.0,10.0,9.79260130559173,3.3902900472636173,8.921789730666875,3.9399522819083423,2
10.0,7.069933395950584,8.562042375579852,9.225720622860067,9.333233478672588,4.015189845739477,1
9.969737200838189,8.602180904477299,9.831784053091145,10.0,9.368982556782688,4.255308717516563,1
9.349941392060503,8.62983413657808,6.766717011164957,3.481353652480416,3.293405271652571,8.666321009389199,0
8.361289228284953,7.999235522868467,8.369186235756692,3.1825233071945243,3.243782559676355,8.37404578301299,0
8.961567729143798,4.8169227175904075,4.839308845780639,5.465317218662712,8.271264646798905,9.07908899501422,3
8.576744617646044,8.747897963817127,6.565831506933498,5.365977412192651,6.103788114782999,9.47981571407814,0
10.0,7.516213033016979,9.605488745303779,9.507504428962239,8.89819882773765,5.643345054241276,1
8.083459157957002,6.390739297851003,8.248149425781628,8.129230197987756,7.8998865873850495,4.721679363572308,1
8.567392230271853,8.481273237630989,7.2633014190225795,4.420016085065654,3.3476886227128877,9.034480173740848,0
9.571150080238896,7.565164615207852,8.658442140197982,9.16749747481643,8.939260682853268,3.6791971799606378,1
9.663474371448928,5.2591794932948135,5.168578939969585,4.312962577512655,9.548112390255442,10.0,3
7.790615725069453,7.944275029043801,7.233318288902185,3.2506479997171014,3.680233342148302,7.925359841450237,0
9.975371430151904,2.6262793330687666,3.225538659261318,3.306485201206392,9.398536050331835,9.005496211259757,3
8.359913808565821,6.4869428507514195,8.382396415376222,8.390448386328886,8.033743968818452,3.541650870756562,1
9.502832783022724,2.6717396031025706,2.897261310807811,2.6752504188864563,10.0,9.632032279124267,3
8.668538692189346,8.682696501793439,8.860874896375556,5.662174322368084,6.850054138617293,5.322547017484924,2
9.449002477068444,9.261264213268348,8.447359888759692,5.428906908929998,5.803771852561989,9.614102186570689,0
8.763855875313356,8.557066000661326,8.160504062816349,2.6721732138755385,6.628996408243646,3.5193880732089267,2
9.712700119037896,6.578125270470313,9.45339989997959,9.491177775270367,9.639175576295845,4.9187633030008255,1
10.0,4.065985162525981,4.274362717619747,4.41653095500118,9.565864016776601,9.04404017512381,3
8.640494540471083,7.551714389893946,8.29936886252901,8.13811282898722,8.543433072438493,5.753990686130898,1
9.815868777236341,9.94754921514393,9.259820686527759,2.9579686362262243,9.138640201141211,3.467043822721033,2
9.301878865967335,5.750264344620955,8.031502794154168,8.440211982989885,9.053374327887095,5.067719044973698,1
8.31927169373425,8.322838152577356,7.971525503617096,3.7597839015476664,3.651858940920921,8.19445030881027,0
9.203778199863459,9.768522942528936,9.37037222111886,4.60944917800748,7.129544005946519,4.43746394271987,2
9.0836617735781,7.1854533913683944,8.843289210305233,8.728892797951294,8.483479827640664,4.454752780158959,1
9.774118954691813,3.860606116498076,3.892600664983489,3.9725515857846645,9.884998552042784,9.834521576455407,3
8.277188455328488,7.1296984395949865,8.472422016151153,8.197281555168802,8.542419963415426,4.983508096339116,1
8.618923955176609,3.9404217965573776,4.420609857756443,4.515418497539566,8.260336065039441,8.679237623354007,3
9.264105474399093,3.338163668511227,3.8734196894932045,4.83235858623371,9.134806112961268,9.681430432157665,3
8.715108444560741,8.784339464621189,8.598769619054728,8.715191846935875,8.65921548342523,4.943930189915021,1
9.363661342643027,8.898605535238303,7.6422988545860475,3.798973483319444,3.120103086208621,8.425809492269902,0
8.94296620287112,9.381362820213441,9.610825552119456,3.842416325271169,6.606168538290924,2.5893861981519253,2
9.164239755124305,9.4300510340801,7.072779479461585,3.804518182914048,3.7965410455673494,9.753734799983615,0
7.624294279636375,8.685407629369315,7.822722572157163,7.948658615915323,7.596855978185293,2.89763117288403,1
8.765020798815998,6.306191176373547,9.51698330672632,9.582221297732858,9.487542053707493,3.0972370183542473,1
9.803010218541969,3.168497540690313,3.7199702035615374,3.577036588856558,9.752068371059853,9.19636467642701,3
10.0,7.787700548078218,9.928638877679578,9.756502106872736,9.484612443066036,4.063125292850761,1
9.515600183412632,7.9962427016652065,8.981081886959645,9.02090901415532,9.578181936119238,3.4098825642160295,1
9.355339439116603,3.852748366521533,3.659177354412129,4.190382591658634,9.665591668001822,8.579018632915572,3
8.511003920996666,8.618527847035237,8.830669064330086,6.4548759875923025,7.723753451814124,6.051523197018628,2
7.98271524042307,4.751275620364439,3.91436456680387,4.814259668936401,8.040283037983958,7.329958836650215,3
9.396981326825191,5.839856630491995,8.829333632215588,9.191652166283722,9.262662403838437,4.856390053647592,1
9.213555014201328,5.921759238187115,6.159015125232956,5.458307791732947,8.491738178699302,8.281928596396341,3
8.469490859102146,7.490335737828395,8.898894048917917,8.821441615199962,8.372850823109406,3.093405060793115,1
9.292488102031525,6.040228956878815,9.592224186677557,9.934778961252535,8.35806571640253,2.925957938848259,1
10.0,7.499522664053816,9.700596533187719,9.491693748554473,9.831022973491123,5.060224943820017,1
9.08133689705337,4.401126626707618,3.0325516418191154,3.260339418434068,8.500897200204347,8.117420883076194,3
8.823219306202406,7.212106787934725,10.0,9.771308083126304,9.53081795634403,4.8058242893535,1
8.28364296632611,7.109568803762519,8.521541722595959,8.433156629924625,8.60744220645383,3.685255653552111,1
9.364612440336774,9.877556859457224,9.688547460993716,4.721549167523898,8.423747375695987,3.9701098966207518,2
8.131755414071145,7.901003391061287,8.294048649804648,7.715919347703824,8.42291393302514,2.5527818790164045,1
9.22819134619727,5.964953577368403,5.8508004916982,5.947170620399393,9.311230772707944,9.319788464762707,3
8.344916962585472,8.530786658786036,8.154641348140377,5.499848301104009,6.2795314194714065,5.322599159486847,2
8.756962116904443,8.683735738593912,8.892993293614014,3.785610126816093,6.078656717553509,3.754866555075559,2
9.654645592171812,3.7148795741579037,3.98282002157247,4.325584825708799,10.0,9.69652738543859,3
7.985780718667785,7.145219119477115,8.146483947452138,7.969867286593407,8.311865534355253,5.543727366858673,1
9.509956212473156,10.0,9.683422446471527,5.323493286399059,8.301785464877504,5.071055855157834,2
10.0,9.90696431210649,6.674885411442091,4.917479358619058,4.216434342653229,10.0,0
9.734425408741513,8.950740512413322,9.26244503744795,4.0685562332994,7.252657248908867,3.895726362517643,2
8.570762582580965,8.515409308026962,6.728017210771207,4.714769648604558,4.195831929264128,7.898652623591109,0
9.591239306633298,4.623553423194185,4.2654579009578635,4.064295588828586,9.273767397358679,9.81992140317533,3
9.104466671288483,8.78055675533648,9.001616224178877,9.296228771032418,9.939929971538426,2.9221347090440952,1
8.524611561748175,9.240834275386485,7.260468652095444,3.428653360558914,4.35465045736645,8.810488694548859,0
9.470724108785863,9.335153791014227,9.629345946600328,5.607840844949246,7.165308265476165,5.506178398915988,2
9.268988936626666,7.879869006121125,9.863396891904268,8.86771717019022,8.716372417871144,5.329019237867408,1
8.401119101835981,8.449502619255265,7.644243917603731,5.3450180547225585,7.685286066704823,5.442397463451986,2
10.0,10.0,7.357554925840817,3.0322855368112993,3.3106449889629674,10.0,0
8.295816702579321,7.6029723310030235,8.07143728981256,8.628868697282313,8.46656304865806,5.903836902985682,1
8.338067081383853,7.507750125075458,8.37033656505238,7.955794052120046,8.614198495851866,4.758305314770109,1
7.737904978501876,7.983263295895415,7.627886238299439,7.966197969498323,8.521398875377118,3.460029427472908,1
8.55117840304574,4.332624950368287,3.8521981040306716,3.510922697708717,8.54083482446212,8.687827935302593,3
9.053689041046628,9.106258320254167,8.735012857276313,3.0529711286633656,8.793631830403,4.003577823832579,2
10.0,4.211612818541685,3.1026026260469504,3.5115462388113503,10.0,9.864467098850485,3
8.930169195901636,3.6389801472506145,3.331830883702481,3.159759608727761,9.240515154453552,8.023881985162443,3
8.077527790222305,3.674713477547017,3.9620535588782215,3.4235968684901845,7.941959189330126,8.091259430211588,3
9.336192446596465,4.577622060594424,4.207135903291684,4.4426498851496685,8.7487443583824,9.064274046260602,3
9.265390673563413,4.146579502737052,3.804332518479184,4.1622190079883925,9.650956001342609,9.622226343182048,3
10.0,6.347041138370461,10.0,9.59659358211321,9.441826794446794,4.345878690290062,1
8.798752001464766,9.113832561463036,7.396941331254956,5.215687853970539,4.790166447518075,8.915601376719287,0
9.13392217170569,9.767003517208442,9.705044064617299,5.169973191831138,7.8480002803346,5.259059124391263,2
8.185613725289064,8.071421312815117,8.439006047886052,4.868928372030332,4.2364798533153065,8.532561691230763,0
9.69971401282746,10.0,8.243680034518524,3.5969671390412628,3.4008536120695676,9.685507083863413,0
9.900583570458624,9.905136363484523,9.156071225026924,5.012993450567715,7.220690346771162,5.324956208540323,2
8.843992880827962,8.80258224552014,9.249146185043418,5.329389419361869,8.136037030252627,5.9307832318889835,2
8.123661145298222,8.044422404664068,8.123166700367719,5.0535206456970885,8.770910212352693,4.2446175145498595,2
8.273555060934278,8.306425766147447,8.672298616533652,8.424919840364717,8.123118316633162,3.849577310548094,1
7.888826672698546,8.246975823183663,8.567572056728885,5.563250640776099,7.791821671794508,4.751747106688054,2
8.955384813285773,8.228990532630405,8.099103549027536,3.189804202601177,2.705512837286823,8.295547966271057,0
8.280360568747284,8.06508934755798,7.022955521382238,4.472930209562316,4.433440730255329,8.433522379708206,0
8.866505661020094,7.04402950435142,8.3263403066523,8.385546187557823,8.757685242958535,3.0013118312885387,1
8.611738166364528,8.988464391260347,6.774448618650045,2.6432603605356286,2.9071440795611703,8.748116008935753,0
8.35045349925729,8.580907089600904,8.991333966508998,5.664048781602686,7.383860588707526,4.940602699061141,2
8.53500443161474,8.267938171200484,7.802205706465115,5.3389469143798,8.201243119607451,4.526598212369412,2
8.382059609977707,4.279224390399626,4.567825923370229,5.016888157392978,8.544355410798028,8.384620895645824,3
9.86690256566355,10.0,9.649348625042647,3.357536237048452,7.360836666605885,2.9043583059933735,2
8.980003509431814,7.444607104213579,8.45509565541061,8.908275185568224,8.381445460223967,4.269160340623768,1
9.415559984637268,7.471034470776825,8.819563491586472,8.441380014232903,9.132053422515458,2.970446988380579,1
8.440020682715177,3.7410171392464435,4.685060850392064,4.541461322572757,9.39045457218769,8.541798701151993,3
9.29340557233398,9.679904234101434,10.0,5.4143598759478815,7.290525138090899,5.112181838994044,2
9.644550137094157,2.7489206183054944,3.5001633857377494,3.7114583566835275,9.404526763409528,9.469315531584929,3
10.0,9.60814961666953,10.0,5.36844685787409,7.042921610592486,5.021133482163317,2
9.007921102216898,7.391563878930572,8.750301764048924,8.961491969169433,9.175555524479943,5.538162598116364,1
8.577856179789983,5.642837409042283,5.709093287039468,5.128706396908918,8.034180220512674,8.903377748189646,3
8.907020784974119,9.020092029828769,6.792776292256964,3.2030335680986517,2.9859287172557383,9.128094105817645,0
8.034009498792434,7.84766595973645,6.832886264231285,5.579420635690666,5.296775496269017,8.12728877633595,0
9.17507793512853,3.504660697107721,3.3550954980859387,3.5129725260125992,9.283117575735494,9.302498158185728,3
9.903171033315019,2.838046282616644,3.358660092153443,3.25519094573858,8.981778751733524,9.422981194363203,3
8.113641161322802,7.731553862650911,8.237871168697158,8.93382718767089,7.224681715785947,4.788427324428235,1
8.667851054045107,8.492285719547011,9.101989716805425,5.134507051074807,7.477353174628444,4.7675412281664356,2
8.99456557722875,5.546536269391268,5.121568527011933,5.609867098725576,9.556407449431408,9.573755939818797,3
8.30284280677999,8.103137532502528,7.888825667754698,5.665219027344168,7.8696985759123015,5.8072293356589135,2
10.0,9.763410536777572,8.089968613397387,2.252948772716887,2.390979103239857,9.545833553298412,0
10.0,4.566774235283054,3.7433282145954174,4.317239910909369,9.770169765839112,10.0,3
8.708386996461526,9.481439495339702,9.267338272041313,2.940635523415748,3.1925295353625445,9.531610064230044,0
8.631205946479428,4.631464196686047,5.3833193081753175,5.037718527965739,8.572513278015577,8.271856795302357,3
8.734834435208954,8.539428156877218,8.21979684097704,3.702280461419088,4.638745831053419,8.6291522386445,0
9.827208842119145,9.210829045989477,5.882837549803753,5.599299429365562,5.3703020294643675,9.059547905676515,0
10.0,10.0,6.850961637154693,5.225824536416649,5.164040128839373,9.562493971857494,0
9.132320660165941,6.629519598150085,9.521827166486778,9.207204292742958,9.123155365975142,5.163296715673721,1
8.51394885458469,7.964881169154236,8.323824538347282,4.862706979621328,5.207827511826626,8.29972730940918,0
8.0299328634659,5.689041220044784,6.029789935204633,6.531457957558442,7.364291605981014,7.84716497929942,3
8.743255006891923,8.384041395729808,8.793310164034972,4.975190825134251,7.706095218379269,5.330938562414933,2
9.730542678066517,8.788513362269034,7.956970373369489,3.986627576117566,4.526555085740101,9.744819252756955,0
9.625736365547107,3.511514876808321,3.2568462407366385,3.880935061127153,9.168080841860156,9.001212893053678,3
8.051939484677655,7.170595632376937,8.255327126363587,7.815285771534853,7.775307515985061,3.8919354682871234,1
9.55773651093995,4.455433429655217,4.396930504798039,3.854003304441437,10.0,9.297055349052329,3
8.813894210375043,8.807431666189963,8.595984983595546,3.609745405145466,6.138798277638966,4.123370108249779,2
10.0,7.071254019408069,9.69821033770535,10.0,9.49183007621789,3.4654130579785773,1
9.156858652341365,6.135491116437122,5.979795296185209,5.928440866066443,9.548253884665483,9.246727825524143,3
8.820977654130655,8.695632838233154,6.634052988149574,3.5614428698038343,2.984375623547281,8.037661435379816,0
8.655066376025118,5.997125517182769,8.758728383684506,8.042782113828414,8.145270518595472,3.944083144733077,1
8.476714839481527,7.134549135225207,8.711330893838937,9.013769357455539,8.09366023161957,3.4866161630098618,1
8.002028012144564,7.595320506202312,6.953386561602802,3.965134897867742,3.74577297393836,8.655467607452701,0
9.339037235349636,10.0,9.734079991621995,5.191242734633779,7.190104384527526,5.299788424387026,2
8.622520802324926,7.095000200204355,8.088316275032344,8.301911808404354,8.224892156291379,6.321620609622126,1
9.292170525386199,3.908238299189552,4.017074305120145,3.4580837393199078,9.662113527482292,10.0,3
9.550440334034356,3.8999170996897963,3.6828170243333753,3.888768145668317,9.17233777907162,9.14773214252929,3
9.140278974163055,8.90372250861389,9.051268187776072,4.937138975834804,8.02360112602945,4.5495064276274055,2
8.965375141291883,8.813374030481398,8.0260425243497,5.648953314022974,6.07184079241717,8.271266392891077,0
8.818642463883636,3.58088349978421,3.3601529965389862,3.2846782095743756,8.69733165392381,8.642876947451011,3
9.310758948450832,7.799810107536785,9.13492287155232,8.985778595522772,9.456496416944722,3.330122816816471,1
8.2468003085497,8.477982153829442,8.360369567398807,7.77604070901489,8.306989350784281,6.3837859005381254,1
9.304792584936697,8.187507798321146,9.02121076258981,2.9092684747121837,7.87595690301525,3.410824459709999,2
9.573438967765975,9.315207550276018,9.476890304309421,2.929986003834669,8.864032936317503,3.1494860761965286,2
8.78499164333652,8.872181999320793,9.47141470121754,8.88993817456127,8.581017248144986,3.5072260421553083,1
9.767466397339724,4.298880736454794,4.523520750857206,4.706440043250398,9.364297077719879,9.725078163182193,3
8.233711790481001,8.881992601831177,8.15011128878899,3.4651631455125456,4.419953062925295,9.294093358117912,0
10.0,9.71814288090079,7.662969819280186,5.40362322533348,5.09898811573312,9.887167552886986,0
8.316008135341555,7.013175270690078,8.063050731744248,8.821990411449105,8.632287392631751,4.690920717585877,1
9.099358354974093,8.619490860486934,6.781285175277654,4.450537999175815,4.384665145606607,9.07857827634238,0
8.475029113287142,8.195400520176847,6.778117365577291,2.9556346025914557,2.7788678821218933,7.976154151743189,0
8.320371529159532,8.084327692488815,7.595919623163092,4.268063272671179,7.3358679591697316,4.011541535243246,2
8.436000139041122,6.980182875535629,8.29352947966042,8.829878431200365,9.059072653251333,4.225862779127846,1
9.100992553060188,8.239774768790634,9.649645005445239,9.734247418007469,9.907110287530307,4.052699294157523,1
8.669585426731098,6.949506865833926,8.39613715680267,8.418173005014149,8.487906072593587,5.880568568760129,1
9.931740336089542,4.345956630452902,4.415145122715356,4.04057960243004,10.0,9.611003096832388,3
7.885613018261319,7.680365537844855,8.869953486564114,4.416659409078421,4.0705885617072495,8.030398531789539,0
9.261625441932738,8.994463208386378,8.466033356183296,5.236085781145733,6.977243588127595,4.803012232351822,2
8.887572021723564,7.859270476841055,6.477019193355187,3.8499807194431113,4.7366297617483255,8.470128403574364,0
9.55522518077292,9.427537444839615,8.255753492864645,4.638036274394411,4.425514335463071,9.086998812762436,0
9.758068013602829,10.0,10.0,3.494273669284479,6.787174869299701,4.402900885432752,2
9.725940093482839,8.229318652300012,9.19416986059466,9.974428342739511,9.199906398227075,3.7629132910171137,1
10.0,10.0,7.095863813649728,2.955304955290948,2.643729164193064,9.721478892402743,0
9.367549363336856,9.31171722863106,9.58778897084612,5.411126798035765,8.208447884585363,4.784676345246294,2
7.658989816531571,4.899471254140494,5.090848366138308,5.665842720569254,8.21728408708362,8.449372472233797,3
8.888006010305837,6.254991227134659,5.954775242017323,5.385536822931352,9.664253495104049,8.624072117973665,3
9.44136659841778,9.734814926833476,6.797444159615726,4.387384774768232,4.86257854888561,9.71383159555368,0
8.969185891188584,8.908522343899165,9.238655172909375,8.974246165381643,9.45740402032868,3.9956471981380246,1
9.465950095811648,9.334530770224207,8.681740508696556,4.691037628092213,5.041224274162152,9.201095302088198,0
8.40476952431167,7.814326402679102,8.250996405171545,7.687798602211064,8.135290149474956,4.023960314876233,1
9.463785729849212,9.770786529319336,8.569651929240123,4.229081407508653,4.213924961487205,9.595922609840185,0
9.224011692003986,8.902734103085283,8.16458983718327,3.492103575668618,3.644815720692112,9.829049798842224,0
9.060350679203767,7.240365783821837,8.645778397958251,8.5960402635738,8.205376979023752,3.695427249538547,1
8.839552807085457,9.33516132656794,7.675935645990184,3.570250746135322,3.012599563463332,8.204106021284586,0
8.289928674575105,7.6468986474958065,7.977829982064474,8.933760130611347,7.723171921310863,4.165640906053423,1
8.75054494347369,3.6917888528245335,3.6589753824598237,3.762547231070801,8.791222066578941,9.309764630672966,3
9.032146623929156,8.317140436541626,6.848979970583193,5.5728720458220415,4.795986838110123,8.823860236190729,0
9.805062913584795,5.603803124790212,5.816749862268406,5.905623290288001,9.47592344675117,9.546565716354085,3
8.284462709770299,9.541001720394856,6.074121537978199,5.538045582123475,6.4357574660379555,8.585542218647467,0
8.777642671161601,8.279173557023848,5.529931722727647,3.1544577462690873,2.556166787802466,8.987963277154321,0
8.558750115074245,5.558463905149556,5.635606153593897,5.1145721950765175,8.237500335036728,8.486003907963722,3
8.396916314097098,5.860308185454263,6.204967854140474,5.70475213969649,8.491436781481829,8.65999994547861,3
9.830433111203158,9.419785656839514,8.759818259960364,4.209729140115213,5.147925051970118,8.760270075075798,0
8.598702268230792,8.803424348027995,8.68138559488139,4.243821467665975,6.414668754757566,3.6917008841060905,2
9.33446022812054,6.4083626234535975,9.647034321321955,9.444889224822903,9.248359586021712,3.400668462254481,1
8.577298196712489,8.914627406402312,8.67723921889979,8.853896203288173,8.265665744266316,6.11392683999082,1
7.527017878318142,7.949506801350752,7.551192929993023,4.924322537486188,4.495263389619843,8.184568379617009,0
9.174022449565646,8.612170043373073,9.62761650777677,9.25126971012885,8.838819242942266,4.77248643882416,1
9.480091717420985,8.835333209703164,9.166945969347525,9.249564302481982,9.80509625657774,3.9908940689293875,1
9.96767064862745,4.294045469762186,4.483860131440621,4.282849275647851,9.647085284594585,10.0,3
9.413283409040153,4.948309483690673,5.273296742999032,4.7530608531468035,10.0,9.616110621690272,3
9.707844644309745,10.0,7.3094600202629705,5.082750626965489,5.474650609387484,9.630294938437507,0
10.0,9.003959377454105,9.98502726288041,10.0,10.0,6.314685688134339,1
9.835010566469373,5.921223181383298,9.690226619914858,9.79990935831013,9.200071972235051,3.932884427702272,1
9.320505784892282,3.1036903163009995,2.721436128158617,2.9254725009451863,8.080440716824622,9.223165937121397,3
8.326719087501967,8.087457106044695,8.518770306762164,5.7745245698995795,8.636841034781563,6.205580122476976,2
8.549252511567836,2.8170185267136967,3.166748442025352,3.568868206588666,8.967915515363044,9.034077860200922,3
9.380524955649507,4.024475128085928,3.0582365172145587,2.8750585333162912,10.0,9.812325115358787,3
8.303515644860923,6.613558564803628,8.418124038280265,8.437300216316235,7.630218803192863,3.6719773353064773,1
9.05425962869263,8.038285102035598,9.122184154937656,9.451085931519088,9.049266664029169,5.035547305776009,1
8.77568833367091,9.435016887295653,7.614214387162555,3.762701091729998,4.332957895678475,9.186740336930981,0
9.074030430136139,4.204484255274023,4.0810002290176355,4.024924215671049,8.07461587611836,8.297853877320243,3
9.053555186024541,10.0,9.35329378292772,5.3069505693500245,6.399471227481116,4.978867734970744,2
10.0,3.9581283189479146,3.8983690396969553,4.099354114863387,10.0,10.0,3
8.300417750878625,6.261443517692783,7.974668793355789,8.210629987226628,8.298123584988634,4.6091497870946005,1
8.916243993289925,9.319734004096132,9.45319967604916,3.306958460480164,7.014707771150537,3.410768089982732,2
9.840813212116004,7.101917284895761,9.320156455626504,9.474006542932823,8.817953623127156,4.350393056697555,1
8.728011232457115,3.025614843487177,3.4517057759521097,3.3446763686430634,7.98344393523721,7.710678234302615,3
9.330583539801548,3.5974831981313042,3.7962122893543624,3.2193967116416013,9.357055532509902,9.42165779510064,3
9.469579319714894,7.4927821179324505,8.457344478712933,8.901576402030809,9.260807128682963,4.075644635884407,1
8.235572416027773,8.988478465957318,7.405060796480972,5.5525216943198625,4.377758927179025,8.384234010350365,0
9.297361833858103,9.787191606133781,9.99096558510793,2.770119160406397,8.288669786619232,3.019436945992195,2
9.19498608017245,6.980026821808224,8.563352830281685,8.338971598819848,8.646051484086849,2.900961070536494,1
8.045381972945934,8.226780432053955,8.479080106237049,4.1872338382811325,6.672121751048754,4.178045070261601,2
8.302304616707557,9.113056687554801,8.064342665761133,5.563535175441053,6.276266485986969,8.877173791544873,0
8.263303223271528,6.679098073679759,8.201171525674132,7.991395082681399,8.565177637889597,2.5991677646318534,1
8.6454409557866,8.026945709926533,8.897075389240698,8.558131442452147,8.513260815634464,4.020816706541471,1
10.0,7.061654651839972,10.0,9.810061272488841,10.0,3.154582174650123,1
10.0,6.744368581271679,10.0,9.523239156916732,9.8604417292866,5.177517849505211,1
8.945492650552048,9.072229289785232,6.955315895149713,3.0765177695505344,3.478544077801213,8.948087571518537,0
9.418905278849161,7.8458001468918175,9.945023790203349,9.579331355994723,9.78743297417778,5.440393151114043,1
9.494239720561255,4.106390702920589,3.6981935700238413,3.734016188294271,9.916245663484085,9.290844209516653,3
8.733393870729666,4.261904345466581,4.014690980231546,4.169181688409372,8.377132180732612,8.373636751747933,3
9.300184878236646,8.370722606834127,8.427831328833237,5.395596997684467,5.866401268003797,9.044103316068586,0
10.0,8.462948656891868,9.652506397776829,9.737274671734834,10.0,5.04858219541254,1
9.077794402095526,9.203782692553345,6.29773661535646,6.05480943321292,5.470985441914756,9.6562012641022,0
8.432436714862389,7.662014596306824,8.638524422184046,8.435720372584946,8.546908877888145,2.937157301758859,1
8.083178887595379,8.153747188718095,8.436581349067247,3.424611151569264,7.270788127615524,3.8657134558393498,2
8.875365284396235,8.877884905233968,9.372047480807076,3.655191652795885,5.973107803453394,3.22367232282931,2
7.901276899537218,3.396678958271221,4.38738161002315,4.404538078304812,8.34355157055008,8.025171913276338,3
7.952194832206033,7.637211918259899,7.8622506473357765,8.054927419276957,7.856575011717857,5.104532883564833,1
9.9500223806501,9.067787615120652,6.944128963377733,3.6885263201353506,3.1230383986713517,9.400474985305605,0
7.768565481782102,5.801814812435809,5.764004458753451,5.4223576036295125,7.975275397623907,7.699721568520089,3
9.816268389411874,9.060579466006002,8.967078685521779,8.714672984037918,9.601445387976545,5.910717542586554,1
8.978836595822308,4.675618912516654,3.82118601063295,3.4737667592615717,8.523097574336878,9.25264888709586,3
9.0064673956169,7.6163325018960135,10.0,9.388288375738691,9.34068418995579,3.737249898763617,1
8.777709001071745,8.479425907272276,8.284491667151125,3.3258515055933575,8.129010138967368,3.3777440221770343,2
9.27344862594398,8.93319167532895,6.5966181163723245,4.482508786099789,5.960708905532402,8.72244060971858,0
8.46915742052849,7.347860622430757,8.40930963326373,8.637295648636508,7.998140073739444,3.39426320429724,1
9.208213644097182,3.5132492484019027,3.5781924190439804,3.215857777046612,9.407781156908701,9.776033541103885,3
7.785196420188212,8.06254593514294,7.988039515062288,3.1688190661336915,7.310556140613278,3.987639440746362,2
9.883004558797069,8.511693059610952,10.0,9.643605781162753,9.526212839022843,5.904196706967859,1
9.977317233397832,9.70286956294418,6.40709004268445,4.931043614497112,4.579875742589255,10.0,0
9.097538084391706,3.793667792682883,3.6183792588363914,3.5543046552848674,9.163080183360588,9.388649762553374,3
9.389295114113533,8.668664245847353,8.923240069022281,9.042367788701878,9.62837082944269,6.110046803789204,1
9.35809188152605,7.862128234816123,8.161622771498058,8.0958827000897,8.781151608816273,3.7015406014856325,1
8.482015827513724,2.9889121646919286,3.490978932910338,2.73133467086729,8.488286420643817,8.81556885654699,3
10.0,9.888652185667974,9.601288896746501,4.794793377649881,8.508542260183797,4.432525969045881,2
9.646858661842224,8.951689179363875,9.405335324171645,4.371465615552994,8.1145913308315,4.8645917164099854,2
8.003239866342158,7.465144145855063,7.882712454935622,8.173775621994336,8.060948894235537,4.935379525438434,1
8.890671716406128,8.648930999668735,9.716381304149538,4.44889505625745,7.488826070332133,4.899114419680269,2
9.158284083734063,4.256565952779571,4.568838182866109,4.031791272431543,10.0,9.54868523704056,3
9.644431094928098,4.820030428290984,5.0521085281517095,4.7758020700171455,10.0,10.0,3
10.0,3.9011198179126234,4.86305427437509,4.577612977599778,10.0,9.988591289437089,3
9.633609843800707,9.443551152617307,6.002597894886248,5.801650990783771,5.861094170140751,9.123159584114493,0
9.827894849099165,6.739379976767777,5.249536955044138,6.290654859840601,9.778064290628812,9.849621452751286,3
8.840696305979746,7.766688238888139,7.624270859818876,3.649461166739519,6.717730128605586,3.7976712728367907,2
8.415089348309657,9.001621343939359,7.625948949957928,4.190713913998739,4.565648606174283,8.426679148670912,0
9.419034485068991,2.6302366122763616,3.310387699216542,3.504953278234015,10.0,9.675187153674106,3
8.579770938694812,8.880024309152297,9.03611981528925,3.140418220213489,8.291364015143275,3.24158852304489,2
9.633486748776422,9.194777097435512,9.727414956756675,2.691648283878296,7.753213718053964,3.2907247483247377,2
8.33422795330747,8.100058588814406,7.024388219218288,5.993244836459048,5.835154548216603,8.423742804176658,0
9.548110474131782,3.2791856298533997,3.1161430842477174,3.298220309707141,9.121359803297834,8.97876832067542,3
8.724378135838528,7.535018459436293,7.891824929144891,4.665456189618309,8.540188946428689,3.4879936975749044,2
8.855451715564126,3.4723214114000003,4.003370425328938,3.4499518847520716,9.465143568767617,9.930887600461116,3
8.67253042123461,9.020341039563107,8.996125772968835,5.9192081613601015,8.486310043775752,6.337322861104008,2
9.015586796740173,6.662588360786588,9.785858544361409,8.971359765267094,9.299010747537952,4.350337465043302,1
8.382669395129197,2.999304512095417,3.003820067741467,3.167942694020397,8.073973046077741,8.258920697511021,3
8.001004480502235,8.517438073884518,8.252389971279605,5.392683992421883,6.229290321385429,5.272887344374512,2
10.0,7.831604265521909,9.78595169891769,10.0,10.0,5.4479262603480505,1
7.7052979029172075,8.298126341602241,8.259756863877273,5.2737554732097145,6.4873893104487905,5.181620488636589,2
8.766394158018244,8.100252143914362,8.766929436378643,3.2529302650855074,7.134368135249323,2.6317992991774997,2
9.665574243299895,3.7149187533959696,4.283320075556246,3.94915661844037,10.0,9.480531448184436,3
8.353748797340357,7.589164425022651,8.867726181220391,9.41592806501286,8.654746801094138,2.8178591024762123,1
9.431922108846878,8.224725313318176,8.847653222221476,9.081448757040604,9.178124709394774,4.458670622438823,1
9.689234647783625,4.523416219063625,5.2051814020557154,3.788571998215505,10.0,10.0,3
7.805219127119909,8.275718587097746,6.27996521164247,5.247186699989836,5.3523386459622735,8.577610838711339,0
9.225284053519728,4.470179749019896,4.360036918626255,4.798796837646701,9.21354545473799,9.287186004430513,3
8.385804968741919,7.861479612962481,8.22250851900008,3.6150831559759906,8.47750386238272,4.266909517140709,2
8.141780258506934,5.213731584865001,5.540562130997277,4.929797108923126,7.957011523145798,8.097825250388782,3
9.002444196375746,6.08584014618845,6.13728879887851,5.465130817138147,8.078560245483418,7.9383339421918535,3
8.256085843982072,9.144349728641288,8.824607832471411,4.7144314702039,6.19239527638537,5.698141229308537,2
7.6560585306869395,4.711475648709129,4.422866093458964,4.26144949902239,8.684901737633776,7.501827875167513,3
8.425111108632999,3.7181446668479765,3.766090705445542,4.0536978384049,8.946505702379326,8.472860329806883,3
9.431113900468388,9.427910270208622,10.0,3.6715755115090647,7.291390564952781,3.9770364092704398,2
8.216151480940303,4.41723474166159,4.688541430861467,4.6611798369429005,8.710324986025048,8.654456634459594,3
10.0,9.662033664913459,7.1909529193764525,3.1136364406499184,3.0658241689437995,9.324325608705063,0
8.572631918807096,8.172941139929941,8.350646755114097,6.409633448822739,6.074739298060719,8.44472495710834,0
8.3158355020715,6.744530168734151,8.48961807503098,9.026715452758442,8.967416026571845,5.259947854592717,1
9.476003867317226,9.817292854083073,9.06894008215585,3.748634269282967,8.59904112122252,3.733795653025984,2
8.659639362849274,4.123094467337896,3.9412138052019507,3.4737518185840948,8.564429788141275,9.05350098731961,3
8.385331112638132,8.007281523472097,8.618342997461456,5.87107064916202,6.63860780559464,5.517812253084249,2
10.0,5.61520059921934,5.957114623874034,6.4276558434650495,9.544367185027266,10.0,3
8.61874647285859,8.11805666743832,6.407202067625819,4.435517058091972,4.929768141436447,8.82781237170615,0
9.717779367239801,4.223377005841159,3.770432036353056,4.8035193138594465,9.692292881840231,9.228276870526814,3
8.26404375466457,4.788064080641903,5.79640335005548,5.980353261922364,8.479843534265012,8.79748690521341,3
8.790670423360243,5.775116356046875,8.965540447846147,8.750871760680797,8.828496056570012,5.143812610553826,1
9.642497058343404,9.552825248522753,9.038702687931522,5.471032344763655,4.321041750834925,8.76574381660999,0
8.329375185736547,4.325468513099108,4.539670508302837,3.8654033787836335,8.288404724506812,8.59396601280062,3
8.60781278801941,5.729339336528454,6.057469951049658,5.809579247355595,8.248353283874344,8.521283985247669,3
9.210716983629508,10.0,9.044564971264247,5.42095128271228,5.073175073990571,9.382276083205165,0
9.996671566253942,9.500574511778664,8.069303823668244,4.42393222653536,5.608827041199181,9.372266468190253,0
7.608904712928643,7.702672891245187,7.91975721583997,5.083093487123049,5.711787125497193,5.615384335961785,2
8.758345166982108,9.098544442612592,6.960956132657892,4.776134051832706,5.033310205329876,8.768344583454212,0
7.75445131409218,8.20711527640292,7.997038938055313,9.031953080959227,7.819261835677077,6.137108201034565,1
8.304711580817225,8.20181865203871,7.537921308550051,5.571783332665426,6.130108567253422,8.32812110821405,0
9.307502788433094,10.0,8.173704856915915,5.376886509645599,6.0870270357603395,9.961321710198021,0
8.711036893252361,9.448671933181624,8.308782372668034,6.0668659816925326,5.880948807740595,9.173387595152816,0
9.485523337019169,8.57751165800051,9.047260574552595,9.592140316593508,9.643015014873967,4.791106919009912,1
8.265878353449688,8.514513186174677,6.837725311464187,3.200244726001522,3.0204596035028324,8.313559287154858,0
7.648814250773536,6.494937405308074,8.325126934275314,7.437528463971589,8.353542378058842,4.2064292735059325,1
7.878443262615969,4.728224127200143,5.063983834374791,4.668557373455502,8.538043654141715,8.152132888066271,3
8.619040519895217,4.863777628423955,4.496226961584083,5.060211643606712,8.49643602169449,9.192008530359848,3
9.351740159766972,9.269752208198687,6.118207667687987,3.6617837967556004,3.977556299412888,9.405598080892695,0
8.792212552889126,9.138488914824581,9.064584682825803,5.257259579018209,6.535246093486023,5.308249544003073,2
8.16681630766818,3.795108306813045,4.676886751054203,4.1328783382236045,7.841276508896081,8.11282761123739,3
8.731257710076223,8.51409246317075,9.067698118750904,5.1637730478398085,7.279938307928848,4.941877517939549,2
9.267025688741498,9.766427876657453,10.0,5.8608568893003605,8.29114347292364,6.150864732314082,2
7.846730872925063,7.73770504195136,8.782476413618605,5.7686534828031455,7.9071767018599175,5.864656144103272,2
8.99720858265052,7.4524922229952555,9.041886549471469,8.762737727168679,8.499975209024942,4.555932962354707,1
9.100002653098358,9.707930927774463,9.075839239257393,5.604600395227221,6.010018303303534,5.696499996760628,2
9.543634717963394,6.491995386686981,9.229804445033555,10.0,9.95278445661901,3.6898861959662037,1
10.0,9.847286723976524,10.0,2.8854656824271943,7.979435117854064,3.5218975535688686,2
8.829428018700476,9.544637065699954,8.234797939459204,3.434987918887835,6.680508073279182,4.380332046875951,2
7.961759972485365,8.081460852194931,8.167149908873139,5.317178185170901,7.716581411144815,4.92895929880134,2
9.904393469062097,4.119701359981962,4.561618369622796,4.775730002781507,10.0,9.234459360238747,3
8.519932770656268,6.5252944798097055,8.813024088027104,9.301573265378218,9.009918219823852,4.751269310081917,1
8.375261118300726,8.44217642517355,7.419189521076657,2.9254775808510716,3.25970965328732,7.853081285769672,0
8.676015708534834,6.6971527561029305,8.984683250202858,9.005998017883252,8.892413382309698,6.1221185589435745,1
8.291436147336885,8.786135853129203,8.220656618286885,8.494946918366002,8.239148281752142,5.816939811423729,1
8.770072724620693,8.512535507064353,8.89206440709078,4.732516387280344,8.073681417669135,4.3638008306764915,2
8.185122779657034,8.39071618194633,8.809854683617228,5.192305006732049,7.543769068299804,5.5340945092096305,2
9.952200194435836,7.654031265916179,9.951017051758807,9.365001692512767,9.887125570703493,4.246709604292897,1
9.378170926786312,10.0,9.654391709765786,4.209238304971996,8.916130732685964,4.809196370557048,2
8.991463013630833,9.520615658646635,9.481072778002366,3.4176184624089485,8.465949298069136,4.212728522470684,2
9.840307544222037,8.639836570414,9.914522975718382,9.274533316636306,9.842085594346969,4.691774559177588,1
7.599746944255997,6.916803070476324,7.855482960803389,7.508768757910412,8.30426646954837,4.4265542965706155,1
9.01646697531708,5.77755094530323,5.980607041088573,6.3742737986371525,8.963189711466157,9.085778826886544,3
8.302886168124191,5.0324146536188605,5.622103803350725,5.229624771052439,8.268748329892995,9.00912278362518,3
9.089025742357856,9.228086742241645,8.818129186578792,8.662475625589558,8.8084066714952,3.8733374617014946,1
8.590975582210339,8.264496056520281,8.561495981489701,3.7948940159407387,7.524147158115563,3.0965371465768996,2
9.773414250744867,9.358682871768671,9.52539999766372,3.8952257137878856,7.1745770922464835,3.8406235891589833,2
8.430958040068687,8.132110943954823,8.87332116705301,3.3729356903563574,8.247871957240541,3.241170667958881,2
8.344705757649026,8.325408455681023,8.495763877875747,4.504020643073591,4.674346802106278,8.291198500220997,0
10.0,9.092011586354085,9.862024050789318,4.906190282313758,6.871403170108248,4.916648952443344,2
8.70373489658443,5.082461070958565,5.320951089261347,5.158407867832178,8.174609782516313,8.87285241233178,3
8.67044192434519,6.716537777370179,8.423412918899903,8.935410624396614,8.601006878796369,4.149526480884373,1
9.991082398107416,9.576453651062883,9.793078495772646,2.8986441365551823,7.981863170099706,3.2135873850558845,2
9.17064406681245,9.828350823351503,8.64552838429359,4.367717385339687,4.1778338290451025,9.437936885168375,0
9.380306942915988,9.371998039776047,6.846361746709971,5.091094863568139,4.418312338200393,9.765879853096484,0
9.697314829825672,9.598791742447625,8.392263399209174,3.6896320363965383,3.3768854497229155,9.358124344879649,0
10.0,10.0,9.975856931193475,5.704502992396047,7.57729655545892,6.309233195148751,2
8.599748014791205,9.127184337491691,9.170139215291915,9.200174368899944,9.036446666933847,5.7743774076748835,1
9.582413237231972,3.472543126428855,3.1414146092134994,3.9480015824253747,9.176775999006773,9.186914755789092,3
8.188856865558412,8.982462173835698,8.672465927978477,3.503503149800265,6.8317248051845025,3.2359907826788583,2
9.056345085592133,8.882533942147242,7.44469833436024,4.376498985753428,3.7170469551542777,8.76411242358815,0
9.806409789074396,10.0,8.931983436151638,5.923122397541543,5.306373032518096,10.0,0
8.441451648088258,8.286507876830225,7.744736900738809,5.444688914497027,5.173006062303373,8.534927883466537,0
8.52143227425594,4.746004596234116,4.510812598571074,4.773846297653822,8.787377139818558,8.104286975207248,3
9.489527909895582,2.9413185690788786,3.120237707122611,3.0064648652853316,9.486120956551572,9.915109113792612,3
9.945835200476932,8.521073796634507,9.809603882532334,9.67702642409271,9.992401005022927,4.175809868303499,1
9.070279069325755,9.017480117767215,8.156387902508069,3.15719221852494,3.1219292732532566,8.8825794670595,0
10.0,9.90621732782683,7.775001987731796,4.337402477657516,3.8556533941811386,10.0,0
9.075641709320204,5.824831663761222,8.746826510083489,9.339736631060399,9.35065136595952,6.231709167985261,1
9.42205903640351,7.32603161826774,9.758269891661248,9.928247634709047,9.601605828703114,3.621000538849572,1
9.630237228396357,8.487274935796734,9.484953932643474,8.943888468746053,9.115933326631838,3.1338983261261255,1
8.968563987353297,2.7876445251506166,2.869845450304084,2.6495039046217124,8.810389298203548,8.703699750328058,3
7.944384199743057,8.790226219109071,8.248441646312015,7.948829933399765,8.696213903699174,5.1997608360149385,1
9.71832713678624,9.578040317173725,8.630876451554336,4.377298512658173,7.019169625283092,4.069415889930779,2
9.545652378027425,9.776341085393687,8.85110500759052,3.4435902598913946,3.420520632302954,9.406197684416101,0
8.52514339206203,8.844864183420714,9.0917331657132,5.088701624215378,6.472112280254892,5.408551403708866,2
8.592488511686227,3.725426533913506,2.7754606469495315,3.1117962715962713,9.469883049553955,8.637165211295443,3
9.029772188356382,8.734124700693817,5.6365458913378585,4.1063549385314095,4.5049256427151505,9.662476302246915,0
10.0,5.187871834056063,5.921890083610129,4.36443424675378,9.974498571819947,9.834254456075135,3
9.887390209972374,6.333614025914046,9.667991273255758,10.0,9.528781795367568,5.4500472381526155,1
8.285576685643349,7.608211199605448,7.091779465564155,4.376578517944942,4.593031277792994,8.01693416608733,0
9.326263151311364,9.601404526252349,9.418915167642039,10.0,9.52995274641869,5.948885676373563,1
9.797499940316753,9.935026352269944,9.413787722090774,2.952751681318283,9.122259314270302,2.9799008672015512,2
8.65127871485116,8.288783586279397,7.618744417205137,4.340539199026207,3.9943681622760145,8.770992370248015,0
8.057756881024538,7.161820340922116,8.907808164466513,8.519166707335241,8.019605505137939,6.002886816762133,1
9.848694854710349,4.160534000471224,3.982570375791153,3.7229936760939277,9.693461883041403,9.635529758514778,3
9.5832076745499,9.985144524026621,7.478567182910358,3.1530890484312604,3.2818627096234283,9.874570756229993,0
8.94655616980884,3.412439727970708,3.3142300895003642,3.2688356609497395,8.484449461002843,8.582281635019196,3
7.988534642603464,4.996914192348769,5.235205576334369,4.939401568709913,8.981547382451938,8.734323578644416,3
8.67127348202484,8.093938109894161,8.187577677419032,8.080122863387524,8.26613372193543,4.060614255456227,1
9.684597025551854,8.461184434401503,9.638343840074736,9.49698843923121,9.466590543898754,4.351403437215407,1
9.40910981598799,10.0,7.011503399202805,4.96426329986204,5.393671192567666,9.886731900499631,0
9.346680806961563,9.711149642992407,7.128614530165583,4.886690643261178,4.994653466879457,9.421012344659344,0
9.329704816707755,9.638662838181938,7.194834538074812,5.511789412677549,5.113104189370283,10.0,0
10.0,6.641804454237746,10.0,10.0,9.36317265122878,2.906962917854751,1
8.767440375334923,8.922559696204786,6.749770313512208,5.451186953661698,4.627101887627659,9.008744982705961,0
9.261000359446493,5.772455815795398,9.097698138859252,9.928107840263635,9.40192306622459,2.641912381717401,1
9.21369747353113,4.046660538138152,4.432638829737933,4.055016669794437,9.266761317920125,8.29236399466015,3
8.804332326339498,9.156903356491409,6.737277444453932,5.012707779019558,5.242403901823676,8.808521883223293,0
9.77791862442944,4.340963559009987,4.427552415519347,3.8533552882282334,10.0,9.659081666202212,3
8.321174242648993,6.840665216221028,8.529523006958335,8.805814935615313,8.936509304651002,2.566980577561821,1
9.021272109579344,6.272858218119454,9.139441055492789,8.793528987076025,8.602828637613733,3.0164260561342897,1
9.288590665023033,9.530064243417453,9.061571180271248,4.610641205619314,8.373319021423475,4.119650968837205,2
8.363404208487964,8.861109499589409,8.298842552380638,6.199097261990086,6.855092361002603,5.9010489987570045,2
9.398698283850075,8.4992562341596,9.31924518981893,9.50628197781202,9.886659549019589,4.286797653690895,1
10.0,5.394597435324406,5.588119203549686,5.387113112763531,9.311601764471344,9.902649949053641,3
9.361532458130464,4.719056861801944,4.197208691276217,4.072704851171959,9.13222490152864,9.770530366512396,3
8.268905992244383,3.349644420244515,4.2847576264886555,4.406134905706386,7.608277897725642,7.951614944784252,3
10.0,4.099795981893726,4.836306714511452,3.7080082099477316,9.969612235897499,9.458794410621511,3
8.189715893018848,8.658629670912783,7.8270622524854145,4.609494215362302,7.508810892445857,4.998104021538815,2
9.764413091463547,6.862799356143568,8.965247864173982,9.511035978053643,8.990134483810126,4.2602304001380205,1
9.17432759627796,6.198491446995075,9.058714329968716,8.500724505845094,8.399630137551837,4.801451413712582,1
8.108691784964261,7.946129736157702,8.421988955817035,4.399782487634617,7.848634208923732,4.255342842021713,2
9.565284621859922,4.195923114538882,3.6990059185387807,3.186021498433215,9.881158559320347,9.971327632380554,3
8.87583432909481,9.326180680173103,9.65888628321894,5.274399207185257,7.654792282537711,5.552075025646432,2
8.198818031585198,8.371859447616254,7.965255266436993,4.918730637082893,8.797297854151793,5.144104630780241,2
10.0,8.402599686302473,10.0,9.781782813654324,9.419983234326704,3.5591032106248557,1
9.953169161365947,7.328190477569664,9.561662943146386,9.522332900469056,9.645208852632152,4.97775752425261,1
9.302118681489661,9.732066255170384,7.8728870424819375,4.155565592281448,4.125046807444807,9.730716101198206,0
8.780655688075049,8.64436471944183,6.374520384387694,4.408506512942166,4.151926579848265,8.058410955251215,0
9.574369636703098,9.229614332108264,8.234875983788374,3.8108365894500356,4.439517634370157,9.629055903577234,0
8.787120784237198,8.110846244565156,8.450327061849615,3.711965482534897,5.924999063373132,3.3281066711599525,2
9.09018363522705,8.2724315459058,8.923443828080401,3.5051006671637426,7.0451318707361645,2.6674589166511695,2
9.09887105827158,9.227631754789694,8.189793439193794,6.563485901460126,6.908678845645306,5.923885976588131,2
10.0,9.974603839529976,9.408088413509711,5.350573606303293,6.753949912801615,4.9090795554658415,2
8.801256135270526,5.75608562677677,5.10428311882948,5.797539157504351,9.012237752062344,8.784898657388183,3
8.278993159241466,8.285734828282381,6.182040696234369,5.030674865314284,4.854800546321142,8.095276161979855,0
10.0,4.952975800907618,4.3810461056360035,4.831867226509272,9.539656788837597,9.44424319601679,3
8.745838650836994,8.84510321572927,8.946884338398677,4.046115454440242,6.832161029962833,4.362695389692441,2
8.030559140357866,3.3353866989459413,3.7747934107713,3.282690105462847,8.40427020032474,8.344186860875503,3
9.854447491661821,9.762838125694815,10.0,5.045245537466343,5.981829965129188,5.168243423448413,2
8.940462009402435,9.777814830322031,9.05908262029117,4.998121768690966,7.42028901770362,4.960541161323991,2
8.082029164068057,8.853931845252669,8.068323020888364,4.412500963005917,8.338436657086625,3.7385781781383307,2
9.512318498193846,6.345076927151498,10.0,10.0,10.0,4.981161634987045,1
9.962433483965803,9.830847942770998,9.651675128534078,6.153878673962275,7.167235921065461,6.122210780502348,2
9.079254134089375,8.763449241598074,7.815047864310541,4.879400752041446,4.989314052434484,9.522124459068994,0
8.84030228951414,8.2487966599815,8.067199229922164,4.056578764614369,3.74250764720621,8.434089310389247,0
8.588332288256163,3.1749461312274394,3.0159103472582975,3.307914117726608,8.39094693454696,8.207974738733077,3
10.0,5.114515378640193,4.718299671744671,4.846606944924379,10.0,10.0,3
8.984396087503304,9.62585620968431,9.147355441371095,5.3140953231105055,7.9656612278326095,5.402236460097697,2
8.042885011622527,8.504373571706417,8.940964573992867,4.488955667638721,7.619947038701589,4.424186273888021,2
8.663366448240742,7.951303712000442,9.370604899302785,8.526786093724416,8.735877572798309,3.6215865669010894,1
7.875144259507937,8.231163755672856,7.322246092121981,3.101621762030217,3.5266264520375077,8.573966885598844,0
10.0,6.0603863677054575,5.784154809808307,4.802435943091884,9.740989922496128,9.573319571201164,3
9.170079919787277,9.796294253674828,9.144577998930462,4.120179696798626,7.48452122620023,3.8556843263910197,2
8.683218806037907,6.907789859291472,8.278520965949115,8.474277711658019,8.730920564009608,5.592946996639777,1
7.578926907333249,6.480207288394701,7.664322944309297,9.296935642223325,7.6351213501807145,4.298669304651679,1
9.979613422441048,8.563156509868133,8.911689035386393,4.559760311585833,9.462399568112836,4.351674872557224,2
7.9533605540584755,6.899421579484717,8.131628869221338,8.23839859381877,8.48145907664776,4.0015483239878655,1
9.213657058706152,5.2023244483468405,5.17048714268471,5.422178220527126,9.279777326225656,9.45661100860891,3
8.53503022153618,8.795421841829338,8.480956003425856,5.546424401960297,7.515031046078807,4.834493712360555,2
10.0,7.428230668943174,9.20670708810432,8.72177809686584,9.898777639319464,3.6700323350665345,1
8.732998815142857,8.312336808491011,7.802790526836934,3.613203401264508,3.209095944351572,8.526530320213656,0
9.366906326165797,4.222323064014747,5.312905671852492,4.430643202791979,9.056342022563653,8.204026679407965,3
9.224680605245208,7.19179693906825,8.48895624009062,9.073380857576536,8.83378645489453,3.8947125852025852,1
8.470716999027191,7.103962060709587,8.998284939770494,8.494048833750469,8.000361357907584,5.725869200525723,1
8.337034219190919,7.653154417468904,9.09945027179146,9.263614454092437,9.178247991935134,4.501653587009763,1
9.201282633045448,9.158162818379958,9.740826675002584,5.8999583255005685,6.559560515784842,5.316953817042728,2
8.340384351803209,8.897859599208406,9.37235270284869,8.929168637516334,8.749056781129749,5.279326673907867,1
8.4319178981629,8.159417487459429,7.891419184849262,8.821845645216804,7.952069276465476,5.225528917850469,1
9.492921580626323,3.7903031877024946,3.4768837365672844,3.4250633064098217,9.184364293409889,9.35405092168589,3
9.074052443843692,9.01490874740215,8.299412445295774,4.593945023770084,4.3407063576641445,9.051018210462678,0
9.872027120319736,9.356238282328999,8.431857267121465,4.271264950485774,7.233947990096709,5.011828233938091,2
9.180139299048028,6.095299520544581,9.318430041885517,9.5596812985617,9.045998955142178,3.1068788691800413,1
10.0,8.502181078979373,9.795979521707569,9.708266791087533,8.73835688432555,5.882963435815551,1
8.229057593749374,8.444994280976227,6.276652729279187,3.4688312697868846,4.736888325797852,8.328555558413083,0
9.285166980345492,9.837877572284908,9.763149993476038,4.8310699304421965,7.592058523172136,4.7429501585708325,2
8.416269792680088,8.57307860562057,6.839621509486197,5.979812431122467,5.57532575715383,9.627425979029,0
9.955235597354951,5.219548351748242,4.857503770911498,4.891476933505983,9.73297195056612,9.247519289937042,3
9.262138676372894,5.084076734162235,4.444023868286581,4.618407736619708,9.099644601421584,9.634939112695308,3
8.962325609090701,6.651481525965134,8.097596318529174,7.41697012111256,7.951474707384152,4.853377361027944,1
9.236611485510085,2.644179326100828,2.7977004134304786,3.1180562172870783,9.590905166445552,7.899361879520299,3
8.812106623832667,8.663223312826647,6.195228697789677,4.792758586274951,4.674916124048659,8.282706659399675,0
10.0,3.7818466113921065,3.2328292288695035,3.1034415787053806,9.044115451473,9.110804811022325,3
8.645727761625354,4.978645756947101,5.03297017882519,5.118947592363533,9.225517692688166,8.362961938293681,3
8.27205935015087,5.779357091202908,6.030409651308245,5.960592973394797,9.20359713242553,9.482482259773919,3
9.919719361546852,6.81860741794575,8.607471271460463,9.337756090730501,9.09262573446076,5.253254825838518,1
8.944011501286559,9.007147917498722,9.347717366641852,3.8023495422395373,8.068324787836417,2.811684305991375,2
8.877166895119032,8.541109629238429,7.8343205595736745,5.823704666383143,6.033061285519134,9.13933167040201,0
8.602058978319182,7.287316233724629,8.67693989897353,8.77514668526538,8.52220062366019,4.478976706548955,1
10.0,8.090218577997438,10.0,10.0,9.59885838535877,3.9215219528365006,1
8.638431599546031,7.943969763503455,7.923846844740612,3.4591018886217952,9.008757616901933,4.639840231906479,2
9.868424177679113,9.48935444102825,9.581105168089012,3.4627361928638383,6.173837571131337,3.4126573217447915,2
8.08443914782576,8.14194444282396,7.89355068101505,5.505603416269944,4.301676730925815,8.14923255451002,0
9.485975117268321,7.863688398199636,8.889292985694079,9.353198838309646,9.183112813394366,5.422979733280594,1
8.324507899557029,4.86500872484466,3.314193640872513,3.9413721567569784,8.86448435273863,8.771906066836948,3
8.934719283706796,4.813373708511998,4.85690654158628,5.511264080474601,8.225171060617757,8.902887900077438,3
8.582853201139073,8.608658457125651,8.099199214530762,6.111129152069253,6.392919778467781,6.182258343655479,2
9.884137919945196,9.438187732192564,9.097670091946929,5.257421684872957,7.253582155436529,4.943847879924582,2
9.642654444009384,9.919813892947024,6.7154494803230484,4.326389822024129,5.069272587471362,9.57195462193891,0
9.182696409886494,6.96474090831705,8.842304387888378,8.249224054454714,8.49591796889522,5.800829751488093,1
8.395533305604625,7.699232721633891,8.120559032898663,5.4251013839775215,8.295701975955453,5.1505751741354295,2
8.71086779707522,3.740502580991226,3.5092180952420597,4.030617717019459,9.128041779525695,9.330975571482144,3
9.328189436656896,8.795242375714524,7.73860204077791,3.465104390514317,3.432796244869982,9.214972223470951,0
9.958510011908375,7.738998851949348,9.84084658592289,9.45916168451353,9.95973389622841,4.027174474378504,1
8.178906524783159,8.161971301147767,8.507023817867609,5.516077219772402,5.409227410567916,7.288596296336413,0
8.599976350766704,7.098572739848614,8.491479819369,8.815939877841602,8.694231944089228,3.7820842666298318,1
8.551425953047023,8.642331838686367,7.178557462026199,4.298520993555311,3.9908028735197663,7.623567193436494,0
8.909632581176165,8.413011085545172,8.413163804508939,5.282144031321498,8.074882400522334,5.1822159954923865,2
8.402597798575147,6.873878741542772,8.146553135711084,8.184731498620451,8.06213087944379,4.955535465850126,1
8.82293112159356,8.655312845734144,8.206102610592703,4.256107388578356,6.777380188113682,3.9727990730579354,2
9.910765322006768,9.340864636210219,10.0,10.0,10.0,3.0320941320916,1
9.229224709200885,8.12300076919133,9.215965558214924,9.245482629234562,9.71057590470465,5.32761331180905,1
9.598071340638665,9.541870206332533,7.935178396939827,5.75901276705616,5.439648464619326,9.309260178593043,0
9.347078345448258,9.732795409118337,9.976537428775442,4.281986244462317,8.798366571028632,4.593634744306978,2
8.808954490637158,8.17603721772872,9.473038267314331,4.918983774442971,8.87506053367266,4.807133805891618,2
9.335991591203062,7.793615843306448,9.416870096251026,10.0,9.735556630879257,6.093807980254162,1
8.672695814586469,7.829626662795349,7.960758335138457,6.041881750901616,6.623294190708159,5.222181786886976,2
9.94845891406359,8.870835951696698,9.154471269704304,5.275651967914017,5.238683446337364,8.918520776256091,0
9.970717713052812,8.18368268431114,10.0,9.775131557234749,9.7467929366562,5.038541396996376,1
8.82027269674338,7.728944048897663,9.116643568962076,4.501789579796164,4.170175443874347,7.905873365868154,0
8.262122770465458,7.917830677994478,8.045367337276813,7.78136035979939,8.547013894453286,5.205500589825498,1
9.02494954135576,8.494891573512724,9.436042946971298,9.235736182851428,8.495263463390238,3.8925493672071902,1
8.768386769557436,3.986907816968394,3.855757944983906,3.65927133986487,8.535821201771597,8.55594494243424,3
9.477641721194619,7.062123797146317,9.183791043785572,9.63103361226674,9.124272991825553,3.558397037090508,1
8.549310965507377,8.825810630272464,9.054272179998014,3.279295479923429,8.293963109581432,3.649974595619553,2
8.977409815486158,9.641785620421057,6.588320905409784,2.7812891379819864,3.9334083088820804,8.573817769792493,0
9.908089883466456,9.748795278208384,9.55043815308763,4.322470211819176,9.077856215851089,4.1181439078208255,2
9.46087691736873,8.761357394330867,8.994543098626968,5.513783218333691,7.843050034563344,5.008650907113303,2
9.884886579264842,8.179480451459694,9.667978710142785,9.914950617224509,9.36650329898963,3.50145601905593,1
9.6284475460019,8.776111093359592,9.033055214232974,2.9379014650686592,7.779306879544812,3.099669173864908,2
9.965206136072373,4.923335516583709,4.227429148665979,4.265082562701272,9.586253082215183,9.951412853133586,3
8.530230680128911,8.748498567133291,7.9896322730841876,4.206658866146704,6.029664719830208,4.290963190678169,2
10.0,3.38695355836616,2.6583661154813973,4.0035191415211795,9.796449674199843,9.25611371105327,3
8.914945917543072,9.120955493272644,9.616428915502166,4.576820262436943,6.057394549760825,5.882219210828098,2
8.460295556482885,4.6145686407924735,4.852902731224155,4.784082497097973,8.823235516984933,9.695542103586922,3
9.034027253545524,9.537684670854231,6.501096446481145,5.6976263700363905,5.77813042464638,9.85823138932495,0
9.074557322636693,7.059066242180112,9.43655458524994,9.268191664642922,9.696642899990854,5.478925421545123,1
9.046935022977912,6.98929395852296,7.941243901775534,8.884269839670564,8.10715016767681,2.6152537590422127,1
8.6807392481916,9.341361321466984,9.790059122957793,3.4970822179907435,8.666410155916722,2.8549314303700233,2
10.0,9.937875347524223,9.799074489746575,3.5048113476914757,6.820592202040401,3.1605961140854264,2
9.520936548524695,6.212219412665259,9.186033745432917,9.43384791788899,9.58599910486765,5.514023519936142,1
9.693859725965558,4.372891717899915,4.550745979276296,4.873992288764968,9.9686493921452,9.546487584606043,3
8.909759373336499,6.5292789994234575,8.888103587863611,9.41132789270823,9.050953165396677,6.238450713559,1
8.81352074138951,4.200794805030906,4.264604220743918,4.533202838447489,9.130389739640398,9.69995234581156,3
9.128790512735442,5.272568912230177,5.4696757327043395,5.480892547093477,8.847477450821334,9.293362324534403,3
8.272610588041486,8.731380797682142,8.542931912021626,9.003185154180539,9.032874377214737,4.67162381189019,1
8.456603911602542,8.8803830920344,8.972819404916192,3.2440745431489124,3.3009058457282503,9.235057753550418,0
8.710508286124888,5.038423953683572,4.035521036411067,4.792763584859361,9.46783924621665,9.171118806860775,3
8.718853324538506,9.138883964379927,9.290727072799065,4.502520062560661,7.990819284930717,4.862756479732651,2
9.318148453884707,8.955912587986345,8.659938041708005,3.2857690261224923,7.814778894525083,3.536755844485004,2
9.834132993838116,10.0,8.646551131956812,4.373989764956145,4.795085494345695,10.0,0
8.699390647438873,8.827211807975118,9.23299947921262,4.680655898090192,9.15200939855479,5.202304467391726,2
9.023331464410825,7.883124853993259,8.52328930830908,8.775469279583934,8.614638228869326,5.989642493913499,1
9.576301345714814,9.464430866900452,10.0,5.381890732713025,6.7463038333272225,4.640142058153104,2
8.95731401441767,6.582605123531701,9.29026872916427,9.406327679130632,9.40467019363319,3.7447108921871437,1
9.3040745734657,8.909099412488748,8.598451782552937,2.5994567073375396,6.522282474488181,2.862683722892292,2
10.0,9.785817125318003,8.065429362048743,3.824687660906025,3.862115804197261,9.750010017222312,0
9.288050701820227,8.496380476320834,8.026541457748984,4.230075190775686,4.725895874788653,8.601837024638494,0
9.406859571543249,7.521145429506735,9.315047582807294,9.815908520671059,10.0,3.038303129157057,1
9.21096784883123,4.547455099361308,4.774930890520208,4.416485690829911,8.44090344362517,8.687047867357931,3
9.376223224643594,9.565975778001748,5.868348091109092,5.871561901478605,5.414604524839129,9.764864205034518,0
9.381183885834613,7.105330954962291,9.738682963565873,8.743737144422916,9.058921098398455,6.183889519869027,1
8.136857507980737,9.334226605217312,9.417266239237907,4.5251582102039185,6.482897272055324,4.349975658858631,2
9.089843815291392,9.185088688748001,8.372730288243744,3.380454454636107,3.6451613664786833,9.247944846006543,0
10.0,10.0,10.0,4.420901087394891,6.998199837340692,4.304737792187557,2
9.7650431740022,6.884985943199529,9.335898540173707,9.611564080395844,9.774757513935562,5.959096773862913,1
9.924814311110465,9.185301576185617,8.917854758107618,4.672113822736027,6.349856313810714,4.93612790377513,2
9.775398328719975,9.364854067494955,9.36638130727136,3.9254876420860954,6.884419529116234,4.041873042676782,2
9.650134812422362,8.34005380129165,10.0,9.381811436364151,9.365277015059304,2.8943041598239194,1
8.972643248512016,8.496291471529203,8.857024848021663,8.620951622160627,9.125179249005216,4.974703773213697,1
8.517233206727182,6.489650857881482,5.90274972980508,5.542631360214146,9.16486175132521,8.337738818278744,3
8.55556948614738,6.003109958745585,6.331509007590249,5.870327288908923,8.358889202971088,8.739717897942889,3
8.985984626262297,2.6098452541783104,3.4400692598904405,2.918068805868391,7.988800378122694,8.067264879075378,3
9.078398385293825,6.92087798532007,8.919530524943353,9.533886851229333,9.12119916065352,3.803734559897254,1
8.129006300326095,7.4535776863798695,8.282057453024326,8.484555193790927,8.108807032467329,4.3332820273406725,1
10.0,4.681062327250684,4.954783679956307,5.165928054635659,9.841483758266966,10.0,3
9.596921220604452,4.955131266139872,4.991186508465169,4.891411271541583,9.584478585091562,9.823548323920372,3
8.384154638875373,4.789027170521289,4.820213355657151,4.892782954157416,7.929796201768095,8.388901437406183,3
9.438297229424126,10.0,9.404334104536913,3.9286620205380536,6.50872966209459,4.175459485392492,2
8.641370705001485,9.025006121281766,7.7667012061245115,4.605423087275739,4.708612075358243,8.8106482354652,0
10.0,10.0,9.82430628442718,2.9785884890808685,6.509305209499791,3.4985202701309266,2
8.676603051950716,8.41508481573534,6.692404663357899,5.556928042716097,4.821110929795174,7.961599069429911,0
8.418642266426291,6.0162246064385085,6.3864397231774745,6.440103955244312,8.870660508521338,8.534158758373547,3
8.80883101392897,5.906081544810091,5.763824223924211,5.718144214834894,8.38094654241045,8.761677260164644,3
9.306724916400464,9.553631498114978,9.234303828720549,4.47622518633197,6.10892601673736,5.002396805270783,2
8.541312595387568,8.399928432956147,8.524778956109195,3.193965951914942,8.518965749983604,3.401766040134051,2
9.604946637096296,9.008831006169123,9.191119036604855,4.4447343926835545,8.385415376269505,4.068047219977966,2
8.30228570703339,7.942220680685687,6.631206005871798,4.877887200191869,4.73100688335557,8.419046938537376,0
7.856270171554576,3.7019774990843235,3.591995403498786,3.8189674840047965,7.857261488173219,7.726233205718537,3
9.137423351169957,8.708270183870807,8.067799549140505,6.394834333312469,5.939860812343982,9.030819047819833,0
9.465230784238415,6.480603244830935,9.671831617203246,9.468265990985381,9.869578156632256,4.2519594649496835,1
7.839348287616386,8.753919735165397,8.440191362364478,5.005937803669504,8.218021596137003,4.714462071719178,2
8.189622501926605,7.988140508110757,7.888331009433675,3.605601462887585,7.6290138739476685,4.327394091381357,2
8.573386222186091,7.112255093456355,9.209641169543394,7.873421274535698,8.660700941430557,3.80213752236401,1
9.348306127399658,10.0,6.73195561740312,3.3082215668231907,3.9658933051453853,9.016813314926315,0
9.27812701046706,9.576644104535145,8.756797398458326,3.2002109081246495,2.8269710765656346,8.97060549725327,0
8.235162558391616,4.32116922622545,4.044547281821948,4.1725703072785,8.478446563596258,8.926743960751631,3
8.662175666191999,7.849683468996288,8.136963861630319,7.740837337467135,8.599998525522388,4.294071224277231,1
9.902642788989713,9.918145795420259,9.618609890410312,3.136251793976856,6.545491111865602,2.5454290857529434,2
9.370883655705565,8.410558756594154,8.891352288171086,3.422757093954667,7.567917801889047,4.703196320031791,2
9.493247513192058,9.89256804484233,8.0469696287966,4.2297123328053,2.840717599997764,9.711183455158515,0
9.432190167946677,5.844799604572048,5.82343412860365,4.835324270468098,9.350525326155164,9.391705186087568,3
8.530629934471303,7.906724485491059,7.47431271206332,4.21125234204159,3.693219723394567,8.857213258987247,0
9.006397038963536,9.41883680831715,6.095961994705072,6.432332698068621,5.846035896971278,8.8115666489875,0
8.799754825161891,2.8138779037431614,3.609479198919917,3.6779221125056125,8.62469646392379,8.819459611705467,3
8.97516748105784,3.534555913586854,3.4934704878982106,3.8239798331857973,9.450968434082851,9.472696496767316,3
8.570341063432473,8.203324757394261,7.001460033116851,4.8589542724998775,5.469316651050832,7.97366648561685,0
7.627756061068154,8.909909774088161,7.536503131221929,7.499107957211192,8.250125392554025,4.680065460075681,1
7.970245726546751,8.180310843444405,8.37006831098416,4.0275044019676205,7.239952847135034,4.325678975167936,2
8.768163314710291,7.802986510506856,6.626117178677462,5.98551442901023,5.989162320726638,8.651034864994399,0
9.527696061607603,9.020597553824341,8.577969657315956,5.664005530498722,7.034506652797582,6.194831104346332,2
8.328541666998891,9.225070397906068,9.007956770502888,4.286635409215977,8.175430950898031,3.407664180211735,2
9.877136206885744,7.894687376126559,9.389025388994499,9.81221048005611,9.023899435818434,5.33809306419892,1
10.0,9.882301895973907,7.616869324681736,6.529301944414631,5.401733700757287,10.0,0
8.288935655417117,5.29811113168748,9.188842136222554,8.442288024119607,9.18910885850182,5.3232026871084255,1
7.626061771930687,7.790043490793597,8.84153358292801,5.757377690827197,5.460993119897669,8.230757614934742,0
9.543243141430631,4.940937348801083,4.125805488465823,4.302931553894113,8.766072736737929,8.829515758872992,3
10.0,9.291783291578577,9.912228303627137,4.321571325579651,8.532304466961506,3.8949164378478764,2
9.464346615880611,8.919326511113868,7.080717518381712,5.340683335584902,5.806306521634046,9.215858414944902,0
8.299115201886323,8.577849740689848,7.953510644781478,8.195863052719089,7.514969499791364,3.0763766566306394,1
8.140045419769361,8.331940684240907,7.711463614207799,6.038539457197494,6.233588614456927,8.393137079601125,0
9.273472876259353,7.256259460414365,9.050940967559887,8.759064402325112,9.389407903407603,3.667416659993594,1
8.850710414974788,3.6596660376216246,3.3452125618446353,3.9622898732895173,9.247002207637296,9.394272201368013,3
9.918987050872309,8.882155538266321,8.452196059683205,5.082405436704641,3.805746797214936,9.135549481277147,0
9.616718197656859,9.751476802015123,8.366190499522306,5.074017280507985,3.621568990315237,9.374834368540762,0
9.747268546380083,9.337366882921517,8.35562053347767,6.146548968561976,5.342834681144259,9.004210585474656,0
9.678748367284635,9.157861196316945,6.154301715915629,4.617838468628737,4.796412457274999,9.639233937077632,0
9.013364640886453,8.650368468030305,8.557065462054656,2.7645907000801833,8.548790493265047,3.19903820338656,2
8.090757066047006,7.344571052270607,7.9286975659759475,7.707425619195142,8.38897289854052,4.206909061730557,1
8.561882161644046,9.55579332680053,8.79699754357326,4.202256767932898,7.510706188168885,4.5614079708163935,2
9.17673023528975,6.509622387881527,9.47874409416915,9.909426778101926,9.91785681073466,5.363142335614195,1
8.656314751610678,6.187610280556826,9.067289127420544,9.21204699537109,9.402231542305584,5.622099844994139,1
9.191268877785653,9.554920420158476,9.299728250345716,4.806013477669109,7.330149179239531,4.585430095249022,2
9.4810000349995,9.473551131342337,9.578675263351908,3.8526868516142563,6.758542651550395,3.810800753049809,2
9.345054829895485,9.018534088776645,9.422275268070909,5.500118593384933,6.25112505188535,5.316539433040872,2
8.788724463530752,8.448213345443722,7.8480832244808605,8.158694795513446,8.727099935724992,4.672795900057303,1
9.02761496706275,9.400846224443354,7.024295899536966,3.729359944707874,4.100989588880275,9.340726351481118,0
9.226580073694498,8.284632675024238,9.038582062385812,8.366654078809896,7.881934253341943,3.956523812632781,1
10.0,5.650635075040396,3.987952752425011,4.180720644168498,10.0,10.0,3
8.921625732106035,8.65905627953186,8.417386773126715,9.081770794278,8.883012965069053,4.455912941245118,1
8.158991175799068,4.364612436574353,4.227900862887891,4.393123278081731,7.828194162070557,8.039665831413943,3
9.356463196198586,2.880238470294902,3.8878242971180015,3.8364285753847693,9.934019150709394,9.066799869132948,3
8.913221024677863,8.707944711033672,8.982233065668561,3.8103666381857146,3.299433652742822,8.912015056866752,0
8.129810701718544,7.019186914706277,8.869593151861688,8.858479554875355,8.722539120771918,3.3715287430991037,1
9.951956514866282,4.463838901875833,4.888367320478121,3.9838579284843627,9.826979627204949,10.0,3
9.312745420614066,10.0,7.772329215251899,3.5835971954571026,4.040435993088061,9.632141167676052,0
9.633604454788271,9.748974804277546,6.765048227012962,5.443536643366755,5.949445335336589,10.0,0
9.084700667694607,8.283117315522025,8.989572612910354,6.577234653272198,6.513952723715024,5.757244497369375,2
9.262205318913281,6.652338991938611,9.800794030608747,9.262483124079973,9.700372061169837,5.514072088361718,1
9.414628089231183,8.449392458434419,9.618710753025145,9.621097741057264,9.579837203673442,5.1492193336199445,1
9.952191173174764,10.0,8.038190184371544,3.545097308772743,4.156706565877032,9.893381717963942,0
8.14821373380703,3.6079696906310876,4.2584834775812235,4.119172926233271,8.348453510239656,7.693032936879,3
7.255369005301317,8.247743565014876,7.554497831049294,3.8174217196194853,3.6073731526873734,8.469304228621747,0
10.0,3.9971436520560557,4.923987541931676,4.740061467988517,9.174719918838486,9.85679901019442,3
8.100001033330287,8.094282417305983,8.085295719252768,3.2038822757600443,6.41634595475442,3.3018874096058637,2
10.0,5.942822294660304,10.0,9.79646463854934,9.57768016486153,3.3677484482220463,1
9.340708509547063,5.705023009621291,5.942260952022715,5.617328990845035,8.988007843955574,8.79498846864061,3
8.059839890137052,8.61526775639976,7.802266746992654,3.0873264291077036,3.1935010136853403,9.09607481126925,0
9.217287690738216,3.952501177732905,4.087000466615817,4.2014169924514295,10.0,9.545178127651328,3
10.0,10.0,9.61100951968485,3.376975326487962,7.692478259609918,3.109700378935535,2
8.842199297941088,4.467367693688773,4.758115344420155,5.177281423716819,8.814042538664829,8.2304327222778,3
8.48753169020897,5.703706335959996,8.485290525002812,8.760702967900372,8.867767000508854,3.6884691390585855,1
10.0,8.139669799939023,10.0,9.621006149833752,10.0,4.396897248663166,1
8.096160450418088,8.26191822771419,9.541843292835026,8.776004032943902,8.3543743373953,5.9287690628312975,1
9.555388037725912,5.541104956636999,6.170933132519282,6.120831311878641,8.908384712393442,9.196051434960669,3
9.572562817272225,6.950744034806504,9.666684854698572,9.168456224263698,9.721501541553684,4.59585240305931,1
8.931768289547257,8.702828980025457,8.541112300147415,3.8228273736672804,3.951108841313068,8.453907999531612,0
8.830835518404422,9.080057594720898,7.2125197534158705,5.374861187061564,6.343105519161516,8.81189431602886,0
10.0,6.256190482847229,5.36213280347096,5.736287597413805,9.784350422207737,9.628324541474525,3
7.953098864350059,6.03808245362489,8.097733932978567,8.512478184497917,8.079277250383536,5.377922725941376,1
8.889178221387285,9.056682561996267,9.94151261919786,3.274989413675776,7.491112484508427,3.1893700479203755,2
9.786081255582294,8.990741207428863,9.866797211839922,5.2724796624663215,6.409547612164026,5.10671502318927,2
9.167553835594388,9.25288805737433,8.89623641253757,4.075524175470687,6.652798178791652,3.7261118918891545,2
8.41893404139091,7.589376382492692,7.943458592276482,8.578148434906446,7.790310609848126,5.393478562489344,1
8.070397528134924,8.051132648216365,7.8771295071116905,3.940605612198934,8.410620761267849,3.992607739856246,2
9.06407842474166,4.114293958753478,3.9364602468844807,4.335024592106032,8.412200414376244,8.575806665816593,3
9.802276567253738,9.550037450317902,9.429751468874704,4.461007488703577,6.66571886422707,4.858023538656507,2
8.121105011779774,4.395077721382509,4.737135647048533,4.659298294582421,7.617998713611765,8.226491710624671,3
9.204132145351368,4.978046596385519,5.446244868480444,4.905008196515173,10.0,9.353025953261103,3
8.656603170355165,8.674250540888632,7.302772425215313,3.323857714179189,3.6883416524341404,8.110868411297444,0
9.95022429359927,10.0,5.83192835416003,5.472671487582539,5.730170240480316,9.713950048066232,0
9.187198961018852,9.657707425517156,9.746627128378016,5.297580961137594,8.376244473740197,5.016536015736359,2
9.535215673941265,8.984271875948359,9.576868615131316,9.587955048527087,9.477517306830054,6.242650515211224,1
8.219423784491374,5.276514682561003,5.298388302515592,5.096592901846995,9.443546311483846,8.32589080479858,3
7.649743942062749,8.028614560112368,6.419232819954622,3.996623425289768,4.39427982559108,8.51707140160941,0
8.45116540846437,7.625015564549869,8.938613049216027,4.569779063148563,3.849902993820824,8.413181982199326,0
8.00504746588442,6.21085777235667,8.740785268844173,7.953777309800147,7.8746075214646405,4.581373998246032,1
8.716306155341755,9.016628951532331,7.916132775599445,4.2470688369917315,4.174566503345266,8.944171534996986,0
8.41230607487817,7.876880558167761,8.383945384633959,8.894656169545204,8.224137388131378,6.17560045840881,1
10.0,10.0,6.365381267994861,5.747458982912579,5.837200490263881,10.0,0
9.505665797761086,4.536668854145602,4.5020897316967705,4.660220512272386,9.500977691337994,9.075755214305394,3
9.780839326090781,10.0,10.0,4.676594304135543,6.988521610674614,4.600635463108042,2
9.171188045350334,4.4260014517294515,4.60616563566861,4.144368521072441,9.3671197186825,9.731064306963152,3
9.00497667308793,7.896791133650917,8.854580306843449,9.110717591659002,8.773270669327506,4.381987406204341,1
8.34230168885339,5.640741246970079,5.5652065691776285,5.219018934626408,8.650008026458893,8.986360603261403,3
8.895298599424079,6.146261631096765,5.443676126893324,5.600611566881255,9.222399028523746,8.641414829473778,3
8.640381682616166,7.54894231178994,8.103511178794053,4.455387324698158,5.992902290211276,4.79820856653275,2
9.088076861644174,5.864386323592939,5.755362574371289,5.8765225322652235,8.957824721593646,7.729841594431287,3
8.647610423465698,4.398566674277193,5.588666545291077,5.112306739693005,9.158062738526716,8.082387535197865,3
8.94182626370644,9.137746369853627,7.957180987079159,3.265296891119013,2.8214459120277526,10.0,0
7.984396903477081,8.724487936249385,8.25858602673587,5.047779411363992,6.4884066523732855,5.52151760890824,2
9.158154847381784,8.740190481411712,8.464578422415808,3.9633042860398375,8.496180257553933,4.845237168203646,2
9.163651433849594,7.770715252113406,9.491563645341044,9.216702062876548,8.845411890854159,4.179312539554074,1
9.54935585127127,4.682136953094202,3.392734214705172,3.941567852679465,8.926143397636187,9.580215685017247,3
9.356014565346799,9.949778598553976,9.467359392812131,5.50901209286565,8.215820528248118,5.667457882744213,2
8.476944357465522,8.186485075056344,8.369363627668283,4.726883205259947,7.999002941834758,5.990661063148543,2
8.757167788183821,6.749570111923323,8.045937731409294,7.743362519653516,8.137965326813122,5.010932179449579,1
8.68747929125661,8.886574276744737,8.927569824665628,4.99337983054443,6.875309526513481,4.976244725408331,2
8.759745084499011,9.439736926698949,9.807148244866044,3.9397367830615106,5.635530933351199,4.628063815939908,2
8.175551409343184,9.078341731813163,8.490058417683706,5.969056097342754,6.031827632501266,9.051454159596009,0
8.64271007684558,3.643549167266155,4.074631458218459,3.6675557714995253,8.259744795275557,8.83663316294394,3
8.764929876229314,8.751626196093833,8.669819071345309,4.536747203869725,8.224500232887808,4.519670458040728,2
10.0,5.601107362190475,5.4773345092647725,5.197879061570603,9.642260951477617,9.650699186683651,3
8.454678753193223,4.423367255602127,3.848847295401533,3.9019184552065203,8.508919548871235,7.9129411542457495,3
9.607425384798972,9.499068512747842,9.27626436268417,6.23700672533635,7.847202704688888,5.970984592915161,2
8.694423877974664,7.649858423270661,8.898602141492685,9.10358033771017,8.891992852287277,3.7315179916118115,1
9.860740456088585,4.238861724552301,4.446056055271501,4.066705448802475,9.302584424984396,9.484082885973761,3
8.591832407650235,8.737246921822184,7.119940769744571,5.545567028636814,5.972363632627803,8.571453947332534,0
9.730040905108163,10.0,9.61139037389581,5.075832935373555,7.339529657557868,5.290936995006195,2
8.785987434537097,7.5216010064112275,8.673009354916344,9.0242160970158,8.006691110201757,4.809339395037855,1
9.384879600590722,5.041168493135816,4.305188889596183,4.697894090769293,9.088817311951034,8.678649443701916,3
9.876984037977612,9.439956401636595,7.70721909693761,5.029023923996126,4.273244859971874,9.321155522733479,0
8.66472259471217,3.554839411166801,3.723249434741881,3.5678516378248357,8.377715728776614,8.324988877488016,3
8.519801255226517,8.50242432032234,7.217725183156331,6.5503731164179975,6.041552735162871,8.651258139759532,0
9.332537794422333,9.52143678371216,7.063303273248685,3.863644508422352,3.766327761004523,9.535914601695383,0
8.466349801287793,9.332290917811871,7.315090060380628,5.2825124995848585,5.480052401909642,8.604288335781614,0
9.381247556768999,6.035332119634819,5.763468699500665,5.822437168566619,9.677999799305512,9.923544526761367,3
9.401946972175008,3.2818455742692287,3.7118667626942337,3.616602267509778,9.589387675019593,10.0,3
8.155262823405018,8.079760783196798,7.914233004637182,8.367107064415551,8.160950010620907,4.051809370841134,1
8.315682166044342,8.564275481617745,8.213497975555125,3.3458484196852973,7.836600484937628,3.143908952970691,2
9.911791372866386,3.8623622689512924,3.5004887019084325,3.6273744499057394,9.516660228016285,10.0,3
9.553566321049997,6.45280456389896,9.628493160050365,9.260187574421943,9.48644530756777,3.427460566824616,1
9.285438132034392,9.247044059900594,8.979768866188975,5.752333513083064,6.4339323413257645,5.744668978783558,2
7.681893883802613,8.128598799008685,7.952093409338005,3.397755540401584,6.338753728857498,3.409087228887428,2
9.8666076195961,9.912219584613988,7.441230127706359,3.6607714024306617,3.551515722930261,9.237979559392574,0
8.53189430190748,8.640801255167826,8.72279330790829,4.332199670894257,8.052128391082427,4.050528365716691,2
9.320864179478349,9.708400749767328,5.6473738483749445,6.14807446031443,5.432752368738489,9.223509377128993,0
8.835577185567539,6.992274316581621,8.748110693327192,7.818786198623985,9.009937489333995,5.368995929395954,1
8.994125651769089,5.533038804309461,8.481193835719223,9.54244944878091,8.398001552253346,3.928157257232535,1
9.53290137487958,6.007549026406387,9.162219356482924,9.42432016088826,9.19154318969772,4.548969014733727,1
9.14284793046144,3.497741980008179,4.855938726243966,4.157852677340248,9.224800248969236,9.13399341470039,3
8.425824465311193,8.691599472423762,7.481413396390598,5.786419711820215,5.390865073676678,9.361946350078513,0
9.01398300376939,8.506174532214374,9.660083126798632,9.372666623116835,9.596926861251301,3.185810209890958,1
9.112993839534434,8.38841106826268,9.475708445400524,4.294135193616794,8.91003190104044,4.1392173667902075,2
9.565790136944923,4.133864222234519,4.032505957392792,4.763531523012551,8.782270704816202,9.314140918031883,3
9.843165160275808,7.667278368042036,9.166807632850096,9.002513599991552,9.249723628479515,5.717183879083876,1
9.143632288625469,8.160982939533374,8.714538889538892,8.906347177980688,9.21996135511072,4.944405983426051,1
9.229447450694177,9.700734754035913,6.6836558064739044,5.711759540167966,5.479881495661556,9.655686110889794,0
8.869688949151158,9.210977898321975,5.850484503980197,3.834223803760791,3.5371173686384916,9.079588130890693,0
9.166671409710053,6.111363820904443,5.75460713085871,5.5844158786523606,9.436551770192116,9.17972206289512,3
9.107497742692603,5.693825119271262,5.645357845777914,5.93958388970748,8.984292631857173,9.367144763870199,3
7.968204559377453,9.194255482648176,7.601963675457942,5.209304360761902,5.92267239864893,9.423621815743994,0
9.288382287126892,6.980380046569822,8.939517137870045,8.897215503788795,8.695519687481594,3.2480970780749097,1
9.8987631630772,9.875201974213553,7.858110443231347,2.7177024066281055,2.8049570785103737,10.0,0
9.700459263834214,10.0,10.0,3.479409794288979,8.29419255789686,3.27153234544103,2
9.671326022716858,7.659556794328161,8.661143919376029,9.278979263614076,9.029265272708905,3.7449752783307577,1
10.0,3.26680598369977,3.5606808607351352,3.7212116938059605,8.588021209568387,8.930292388367484,3
8.0811413085128,7.504954806510536,8.384219269439809,5.990061545353628,6.560182652641124,6.057667252969323,2
9.295627969904476,9.85052913606315,9.447205801899337,4.0690335653226555,7.912522282680458,4.644990526802566,2
10.0,8.303552344664803,8.919015607129435,9.509788590317054,10.0,2.7421638145868896,1
10.0,4.4767331482092905,4.580959793807432,4.444402324108431,10.0,9.287669733505746,3
9.809831324164495,4.033323685969179,4.838085987805097,3.872750749187242,10.0,10.0,3
10.0,9.83790204539592,10.0,5.848400389262355,7.822166245117024,5.50107295845222,2
8.262644151230747,8.177193561938493,8.582609010593302,7.70656128525363,8.530133674505901,4.6980518444338255,1
8.416532259160693,7.838762466013106,8.32187364157815,9.2000229000491,8.93264091497797,4.368963217045852,1
9.431253181721761,3.0882242780336764,3.595015151396968,3.2427606579367168,9.798829055279644,9.734724861511381,3
8.735802035703305,8.620048881387808,7.736998723910493,3.4399107589155986,3.2393544224349133,9.122624359312743,0
9.071599756070277,8.585400610754034,9.186804905878018,2.9703296429338906,7.8307251764122405,2.877502098194188,2
8.720916354870093,9.171770898738485,6.5466404212166145,3.339507509847107,3.5708797454662555,9.153241606970623,0
9.518524451571055,3.7810957747381337,3.1079373641621797,3.198085469851025,9.369292366845661,9.043153199654395,3
9.559869521051105,9.36285204044742,10.0,5.626643788680044,7.282172637812879,5.737401171944094,2
8.957827803824765,8.403684084492747,8.4796218048505,3.006438204150654,8.622794856407989,3.230118748900704,2
9.335750388584778,10.0,10.0,4.912880767601128,5.856600129874103,5.111751177578081,2
9.7358078095458,6.0418946721301205,9.403284605555546,9.115072150012153,9.650489236154112,4.930557775734011,1
9.03466981031891,5.1299127498450465,4.9661767077449515,4.92999970801512,8.575459370988124,8.703626237341718,3
8.719004564772582,6.9612960947616065,8.4115536637364,8.5774966417223,8.583862722507542,6.467122203960861,1
8.484591479527076,8.327258492633316,8.75529351705243,8.231083583925857,8.706771269211538,3.274327656731793,1
9.614629187272905,6.778618539684692,9.696608848197872,9.64335934396294,9.709299565906175,4.800293041999866,1
8.768072381008247,8.277058688302883,6.191173534905028,3.9563479581396535,4.096716363986419,8.23395394199088,0
10.0,4.016575956469849,4.677956905370162,4.680277663866765,9.626931942693295,9.618570630580894,3
9.324475977613846,10.0,6.823249855625443,2.8342141615620164,3.576356095682579,9.939369521128262,0
8.047707115121952,4.8780812617595375,5.868077259270279,5.468536606227657,8.729421270077951,8.543264519858571,3
7.764561420273811,8.03433060194592,6.14370002018055,4.306364963553052,3.8318795616257812,8.630651708830726,0
9.369149323634435,9.635666860834993,9.739408524501178,5.983015637225516,7.07312194622946,5.345550025410676,2
9.738619391309072,4.97296890762955,4.2709287702737555,4.119858593321527,10.0,9.566591942490547,3
9.18157056502595,9.153588376134739,8.830625626241059,4.941993716666996,7.069978735089718,5.344864579791559,2
9.691462636435993,9.243139232374622,8.335980399487504,3.764212017547007,3.1302689850085663,10.0,0
8.722676072993531,4.99278766355656,4.786358860666019,4.701031798011982,8.754630697128542,9.429895145212523,3
8.120599017148187,7.290869547174313,8.051855931828673,8.125067900082387,8.234072487314311,3.3164666853644698,1
7.973375700457787,8.153855489425837,7.420587929509605,5.6346320060017545,5.817483707141899,8.227002583796533,0
9.504402309813273,7.391870123026169,8.670010195311013,9.23533996371366,8.933471630848,6.135131325650353,1
9.422546874170617,8.52630533891191,7.338641357572367,5.258050848546163,5.483252335397841,9.821311560625128,0
8.813454808477621,8.612055824644877,8.03326585900605,3.145453291126217,6.585924903625642,3.2808438667095157,2
8.805549430665433,7.440557506054801,8.939122640810155,8.909198018661655,8.985448028840711,3.496991783982905,1
10.0,7.289155061729123,9.022093785399406,9.105729414575524,9.441485395635523,3.7116430277859305,1
8.637364364699318,8.754496225501477,8.728421694981261,5.818743602693936,7.914664604482986,5.362883671064052,2
8.035876609749302,8.741565986058038,6.324308228365421,4.82748105812632,5.2695309917256345,7.831528673624317,0
8.209564337405498,8.097265858351566,8.083549215919426,8.308984867433486,8.330834403804527,4.02388323470785,1
8.523074211321065,4.619629187648475,5.781912973842383,5.547469972088459,9.289932452720697,8.552584565741704,3
9.501380525729694,5.400528994949536,5.757715280875057,5.459550849371889,9.408111827721061,8.852364251577882,3
8.993768895506271,9.835256340672398,6.881288138795834,5.836241912519629,6.113631716427505,10.0,0
7.818044286919504,8.595340506217575,7.933370322419126,5.724834768586237,7.171248732656931,5.852774366447562,2
8.985887656372489,9.308962447375052,9.0782767392089,4.818107255904648,5.245101925513217,9.3643261509207,0
9.239397897136165,9.4642182963752,7.03326915878812,4.62080165693018,5.198475836254063,9.846429472268818,0
9.177955429854693,4.422086105783575,4.3954644976392965,4.231192696931034,9.310526390262297,9.66634488293926,3
8.692010568845198,6.798501588408041,8.725111982466453,8.348975932015044,8.659866385875741,5.29156351125495,1
8.410717945042474,8.303968871740414,9.114990807393976,8.634034003359178,8.42021450437581,4.937414313822606,1
9.667444078159635,6.3893474719453485,9.553690810333089,9.562456201795865,10.0,5.271858572179304,1
8.079744006757267,7.968766437933842,8.110268543150998,8.22520233196906,8.289103870483755,5.5236724163581785,1
9.94512567850518,9.408234887320436,8.27070592580784,5.532264874430696,5.306024122074033,9.55172145667621,0
9.360318170578074,6.711282937829591,9.476029299908904,9.416522145764317,9.112172021363905,2.965909426917292,1
8.536799675311642,8.836770997222919,9.697331482986073,5.007380288955609,7.9863889637487775,5.464852710238834,2
9.046861190894875,8.771369436273766,8.502804850911263,4.519804728461491,3.955196177606556,9.239869121825002,0
8.96050028096656,7.462287892084517,8.638985090050467,9.315681046628633,9.157602305163172,5.011041268905823,1
9.257591836628245,8.87607265655867,9.251447292113411,4.663289806784396,7.203988032490189,4.697510937433716,2
10.0,2.730898860512421,2.936395860221315,3.472755062596153,9.928427643529167,10.0,3
9.029448710509282,3.780144736868506,4.149273064414128,3.6618687699443937,9.38367646751672,8.556712980215078,3
9.747820386108035,10.0,9.83825599922066,6.1955067457746,5.9035436939409935,5.800129478920806,2
8.899370325706432,9.482728941857983,9.66582964781382,5.084484251335246,7.695942898715656,4.182682923980195,2
9.687252499380497,9.491678473157592,9.001802468352663,4.715838419414471,9.228269927951192,5.36214893195774,2
8.679073715872617,8.679425308863163,8.645403243363209,5.4652185978507255,6.899339858949519,5.132070748194084,2
9.624451041793703,9.23049857922127,9.287015952926726,4.958910067253935,7.339534534207855,4.705170780244975,2
9.207598704881859,9.321053194283373,9.02324059661222,3.0658749474140747,7.797243733293649,3.2062288340769656,2
7.9871762707286615,6.656202738682755,7.895229054291885,8.302073738709096,8.155872735787366,6.049271082583207,1
8.83416321074417,8.081477510151709,8.30086879371299,8.930642591281373,9.000201700966484,5.515374332412508,1
8.738987785723435,8.777793160631031,7.617815406562543,5.046325974899142,5.034785556680353,8.491759994821493,0
10.0,8.923078629668122,8.219442463765404,5.634420844620576,4.713765837772646,9.221583507212356,0
7.981925195485777,5.615268823119385,4.49704183354662,4.8338311372229406,8.227967038423682,8.655703804714346,3
9.44058485722769,9.587044585428686,7.320810214510943,3.75598551918418,4.759368994451385,9.404521283674535,0
8.297368126167582,7.601537880121851,8.9024290751138,8.151496552265943,7.623120024574667,5.2171429668462554,1
9.035423197824489,4.3877686863939775,4.036545873993867,3.969254126547804,8.127665560938519,8.347799690568591,3
8.36395444561523,6.923558397255116,7.5116315630490265,8.397754277350556,8.988736263543316,4.364477617680114,1
9.229736385302346,9.240036071324198,9.799355188428466,2.91013994414523,7.915358175391438,3.5096319252870862,2
8.346664729132922,8.81731741072664,8.789273430512624,5.537349206171248,7.2722122497740305,5.448144491846927,2
9.490149913700531,8.394881219039103,9.569621269125317,10.0,9.252103695989927,5.090366012780265,1
9.52379501997392,8.816039638213825,6.5051230521977805,4.3799200382505425,4.744540454910554,9.394148217735726,0
10.0,9.224406053074867,9.56400683889506,5.8181613254175035,6.554094687778193,4.877277895933982,2
8.140874693235412,6.83877167311818,8.793855159375383,8.178234346500526,8.255298236720677,5.408321751505324,1
8.30907450840114,8.451838675663602,8.40308005764638,8.327152841173692,8.32810445750072,4.834002974428294,1
8.43416929728984,8.211773119601657,8.199416657197515,4.41249031055595,4.0144186437278595,9.565143652496182,0
9.007883193897104,7.676449468214081,8.751854163405955,9.428765041962155,9.67927557870775,4.495891540517074,1
8.860034092701282,3.2504240160580715,2.89466565271848,3.2988107505253943,8.714613040740849,8.480491224417284,3
9.010054664460647,9.297980179443071,7.283124516706163,4.505653148709308,4.09155566620302,9.332506110559773,0
9.00078676746789,8.33774174660778,8.562898935645112,9.551882726838718,8.850083226056451,4.048394782228903,1
9.482251510337795,8.631941201706386,6.371423780845733,6.053700028390843,5.857915819688638,9.014857203111134,0
8.508108549265527,6.785700222452949,8.76919928976517,8.693774260937287,8.570863189995759,4.75955719585079,1
9.39349127856156,8.055473089534882,8.952508740688822,9.492674526405597,9.711171236113124,3.6985051877711586,1
9.092298067165645,8.97646685382933,10.0,8.692045542196253,8.832086286130435,3.586484067457988,1
9.295406444548586,6.932161098127664,10.0,10.0,9.498215157322823,4.45024919984548,1
8.897536178584756,8.468766685126994,8.770043474881401,8.592467169459496,8.933343527703249,5.91198832579613,1
8.084975863649724,9.132967196489048,8.719150688765321,4.86736854316404,7.409352346434669,5.26090226526016,2
9.40154715028796,3.909601386589779,3.8011282588270427,3.454382701904647,8.99884307694986,9.197965694222969,3
9.300119257905306,4.475076908962419,4.431702955449195,4.235009025905,9.178776766897547,9.597881376944157,3
9.944715936998842,7.030456772320922,8.948904434884817,9.360913518492762,9.803656582641413,3.6140337383020515,1
8.134808881210432,9.010754489004759,8.75508764941151,4.260298391872359,7.890439951725053,3.8517740847463164,2
8.526496836690088,8.833007405856653,7.89165852956156,3.8215783664730143,4.043910607416719,9.518945390177894,0
8.940132737274668,8.328998445701787,8.034682265629543,4.1818332338777715,4.564191528982886,9.008442868219545,0
8.754339267195832,5.3249353753714015,5.20077294377008,4.68484987168706,8.543786682329804,8.52073207112886,3
7.955974548146457,3.206581346135784,4.045238009260824,3.566941918711207,8.047211902155992,7.482650281721725,3
8.543105314960595,7.861667683445387,8.330856278180871,8.222421066153329,8.5884758043168,5.191020516453294,1
8.588213720841992,5.267119976781611,5.461095215560036,4.9789354990222225,8.467352956899896,9.016516493966124,3
9.210214475624932,3.4783660521515407,3.671165852653974,3.020067319901896,9.67967301536188,10.0,3
8.828531008391298,9.616286634048254,9.720098903614547,5.644597860272004,8.082756745192336,6.286457433907087,2
9.630134320878467,9.482870775753758,7.356610505942511,4.798720016764258,4.760476582309226,9.95315833900887,0
9.289973701932809,6.660488161150394,9.075692440184186,9.405994173394891,8.725567701253832,6.177319033273355,1
8.713061580689383,8.83529135338952,9.098552052131403,8.513038762260122,9.17397068005986,3.371608904320025,1
8.989617951776305,3.4250893847419093,2.8954503016575326,2.8269411336204517,8.663857723305258,9.102369846921164,3
7.992960720774648,8.358386589392126,8.798650264523529,5.544960854969054,6.311641956269156,5.868759206306034,2
9.223632392187842,9.898445977177385,7.852334709656736,5.095496734086996,4.779659959217429,9.595665998306975,0
8.424942432629562,8.766451985124217,8.5657769480259,5.77053916267233,5.757505219408674,5.4487718023769975,2
10.0,9.844379288360475,9.872478080109019,3.404658683693344,8.541930993915635,3.3859584223429806,2
10.0,9.640652965360209,7.7705287891705765,4.628877951141891,4.551406605610491,9.152800017596942,0
10.0,5.214978069286784,5.029345353842997,5.272199219102356,10.0,10.0,3
9.27668642901321,8.764233564473086,8.39989906700748,9.263930583297032,8.61402650089306,5.212646410268308,1
9.109766710798914,9.024441425595155,8.624324443586357,3.0792013639952485,7.46968457543494,3.153447897073203,2
9.25161165482283,3.500972124510233,4.184195510455891,4.26871657246018,9.311202705924421,9.376842232617372,3
9.395833587450413,4.6406926774701445,5.408217949143015,5.347419940463404,8.819346155257653,9.196759805046185,3
9.292334869432754,9.988306028449484,9.051409101401946,2.967048408384451,8.801090488516419,4.007397603739081,2
9.569258161658151,7.63311335566827,9.337325204865026,8.942173257663853,9.284220014120434,6.802231312067513,1
8.207445070083384,3.9915697404841683,4.938617076981997,4.880026989785531,8.325277111419673,8.275152488871349,3
9.012088064169056,8.554738563759457,6.044071207457228,4.070862030298981,3.92780962107358,8.366097675150426,0
9.104373724315723,9.095161330700236,9.13948615505467,5.258266252797348,5.655454461805779,8.878153722695256,0
8.948046811747647,9.522845118762046,6.629898380060658,4.165997963101977,4.62696585509866,9.580272395697492,0
9.713068928031394,8.945443509816458,7.791493863992838,6.076463162587681,5.227577550510239,8.921617595181923,0
8.390611730726494,8.676356648753536,6.880872476274661,4.79099448518314,4.242150770607318,9.323198250432155,0
10.0,9.63474554129285,9.750230195441866,3.3405921542930948,6.1615327287664545,3.486099703796657,2
9.365584936001415,9.232513177206659,6.043843825049369,4.392613719857462,5.343347629169035,8.806543401971826,0
9.232514654751103,9.323426799859652,9.821864453222721,2.8266587618024177,8.06966207089135,3.202455221290283,2
8.477915868603244,8.477339548173976,8.470789322869791,4.4571031797686835,4.043168164166262,8.376675793649131,0
9.663454229506215,4.618775707518743,3.9174976928094427,4.103057655123001,9.382555495232632,9.950299268690133,3
8.833682778148274,7.086560870744479,8.518720014733823,8.201628489141791,8.562065415201646,4.2562316696854605,1
8.532236535906106,4.408293068916275,4.613598064901631,4.6268969349917395,9.103201866508712,8.25215966642128,3
8.382373630090425,7.842494357704429,7.896990020075757,5.015899730040392,8.374281532227736,4.194958398985218,2
8.417386580822443,7.4593871807991965,7.981565910434685,8.083271948690324,7.811948543327956,6.13059841129031,1
8.512842217998983,8.233051209828515,7.549662860260672,3.4319955484164577,3.5436819438941334,7.92245323939318,0
8.590623288604455,3.9885810055219393,4.124431317269607,3.641992104443906,7.8509728724899945,7.9346096779173205,3
9.200794148274527,8.252886483456656,9.362048205908865,8.526164341364286,8.595698178952203,5.972096558463026,1
9.65492882256608,5.080761358127903,4.665608405636283,4.818551584555698,9.837724414709264,10.0,3
9.037440838843125,6.70778735725889,9.33102198990972,9.810606698893634,9.416166890337085,5.133622639116402,1
8.247351093684502,7.7499777740579505,7.281398372171463,3.087616164108422,3.4967146811701038,8.410612206561327,0
9.799690583939483,4.6675616051071325,5.262221069462065,5.207681486665298,10.0,10.0,3
9.927458222715629,6.963041403928066,10.0,8.877044644095461,9.707362255438124,4.0320209922140435,1
8.833498285971011,9.170240445971332,8.943530625870697,4.096633855102604,4.1113343265528135,8.77972926425222,0
8.815723299841048,9.19343585312969,8.336036997155219,6.55814637294748,6.965101565056363,5.879350528036946,2
9.138359142080478,8.631744865187764,8.292174133612134,4.622697401905974,5.31534647524654,8.412200288994823,0
8.456211736181267,5.480713791062599,5.290059962456915,5.436020054791579,8.843100778045727,8.503619178852398,3
7.8783764560593195,5.3193543511466626,5.9360234433313455,5.234851262929411,8.449516729337574,7.910405559456796,3
7.745371068802159,6.265470716658878,4.6802173852755224,5.472426227880309,8.339561030596863,7.8963784718798085,3
8.451511181604166,2.813689564089491,3.0914764075733827,3.2796535385312775,9.232398714844491,8.992002182798517,3
7.849598147930087,8.435067536173012,8.696302120564667,4.834978128216835,7.202135648935324,4.832449906345316,2
9.760133232724804,9.924602486670842,9.064428504454197,3.371026719099378,7.428440103005106,3.0437497091485133,2
9.412383010871244,9.412079053649228,10.0,5.135618441237726,8.265037798176046,4.421934898373754,2
9.204364746500156,8.295717265034416,6.730668177244362,3.1885166511924297,3.810054045198645,8.873724596965769,0
8.569773201088935,9.142872714182786,5.611147210841188,4.09399260450316,3.8448935489655502,9.33950047189206,0
8.74710651462678,8.953932841219023,9.345078078217819,5.3489875663373745,5.935280922871516,4.795969814145009,2
9.168485756503365,6.018362765344219,10.0,9.498353811892418,9.688271058667214,4.695481854140581,1
9.845796343556477,7.831777733839372,9.534234171615921,9.833499985817356,9.762888906147953,4.981156295777066,1
9.421248068346065,8.754929521471153,10.0,10.0,9.763553397400726,5.913032351178427,1
9.5178681075774,8.98863608034788,6.156225283959495,5.738488122790939,4.783209493333575,9.523220763489597,0
9.57700267257065,9.40891885777766,9.089975092628734,3.020516717361345,7.6859189483536134,3.321610341123252,2
9.030153981057282,8.721895312455006,7.750831504527435,5.008607272834854,4.763338930320419,8.557571680518256,0
9.451573233709125,9.247967028207217,8.700137455788282,4.628089146874413,5.262108117061336,10.0,0
8.423906837925365,9.103189645409365,9.222112887658852,6.236738453453929,6.144733267945925,6.192594300809684,2
9.248649728495423,6.131705960192347,8.736209975821321,8.323977716413664,9.16451230407134,4.468683024024414,1
8.016843593427682,8.487800875547649,8.434489597837707,9.015254203601419,7.947176163455854,3.376843656458902,1
9.211510122757106,10.0,6.519536959435238,4.726675009745114,4.458918162882659,9.456939209841384,0
8.053570456644666,8.763203158281728,7.948162033482314,7.4917444920350285,8.848351853197041,4.615776523472588,1
10.0,9.932728748658782,8.418272954692728,4.747207147583529,4.240555784165658,9.710546334295891,0
8.975865255654616,3.6107770138049657,3.3051528134084784,3.698186490562683,9.364288648369282,8.905597401025656,3
9.75082374370184,4.470397611236189,4.840666487156963,4.450555689849062,9.247158017804052,9.501838563246952,3
8.405860671497308,6.1733423825058305,8.826431808000073,8.747866128340537,9.09480605786962,4.75398198619911,1
9.225116523260283,8.74750059386048,9.544478677461873,9.408863998883904,8.467242893085391,5.276012254050909,1
8.845306030846059,8.582437862221681,8.356038919836807,4.608967621294301,4.3274450538466285,8.658297472774265,0
8.668483427195634,9.0173356047811,8.96002729954822,2.7740243264052635,9.026828350027372,3.50462532086677,2
9.576503327439578,9.712588724837035,7.589104180314966,4.6546302426777055,4.226850865879972,9.43120756839829,0
8.449908421793623,3.6544586343222676,3.565206401892645,4.159876158379456,9.229153148805501,8.254994105929319,3
9.88465423534576,9.475539204332474,7.549835735876362,4.430604044540688,4.551208418923265,9.293040043430493,0
10.0,10.0,6.24863013957157,3.359375333779153,3.462229975340131,10.0,0
9.274910350377935,3.62332917768867,2.4422383839711816,3.0358348900234513,9.524930279920493,8.162385265129375,3
8.596437096152197,7.861713114227453,6.670216133769625,4.729913445736909,4.729571330245645,8.635959171024272,0
8.550580031166154,8.83003563381772,6.238940331024381,2.8101602236739756,3.4430190824286013,9.063460502758195,0
9.901353513688653,6.408270955283169,9.476494509899592,9.489188452830549,9.905382365380525,4.802737265017315,1
10.0,10.0,8.10170269832117,5.086772958289727,5.887311866435486,9.653140231843858,0
9.26230687333847,8.613177442617056,9.643230521185965,3.502536645979369,7.4083794736814985,4.133945796873737,2
8.958000611619955,9.107900960032193,7.310160002115055,3.478732257248933,3.4231399615045808,9.80615804003211,0
9.84534536032606,9.258896323885477,9.803688227672174,4.322321838450958,7.170495376179375,4.776501971593786,2
7.986763705323457,6.421939844030629,5.8607281278900025,5.902163154108676,8.113161090811762,8.77092337932059,3
9.809821318131222,3.7550053443530667,3.9718257033536504,3.4894663442364635,9.724216128864002,8.549120156390583,3
8.57451136672238,5.764123213812211,5.887765949674037,5.0370935433138335,7.907075977807139,8.612890981842781,3
9.044627114667184,8.657450080415659,8.811311444344446,4.884257285023841,6.61306447861026,3.977330672079606,2
9.913328981953853,9.429731442694269,9.511289428104302,5.056512016271469,6.786088514245814,4.40857426457298,2
9.26921565733154,9.371692942311686,7.984728252540556,5.1673271031616,5.355974221226817,9.780592050950714,0
9.19662498809159,3.4350217109148127,3.757189550041027,3.3173651026283317,9.683090243260265,9.068827939077257,3
8.283861873031666,8.202816979373326,7.726808775924435,8.179128280327971,8.425839936597466,4.742309647724006,1
8.675193713551248,2.146818771151704,2.965648632627631,3.501079693054199,8.665629875734405,9.248090925384137,3
10.0,3.411186255348484,3.803343322901928,3.0653594423307418,9.937057860470807,10.0,3
9.16519882816185,3.08066628724745,2.8763994733684157,3.2330603426878928,8.933258655201094,8.664209383140395,3
9.8430485611194,9.999995457078642,7.873463250622372,4.887008054907948,5.240087104094375,9.959070539126994,0
9.918012385824628,3.3794658209158444,3.8578091733827793,2.3076511607854493,9.567454123652483,9.014173189772132,3
8.989593004095738,4.558554549672358,5.198005270130415,5.179943415639172,8.841729366273277,9.10971720827252,3
9.966861317653324,5.2289104323519275,5.208855624832366,4.6856045737914345,9.494538883353629,9.973256251787861,3
9.14728943440903,8.80914302044238,9.41920992476331,6.023842267471011,7.685018377694528,5.7763455737272,2
9.575385454438592,6.209360587171564,9.310240595235685,9.216315170988304,9.68925357529467,3.9758745987324446,1
8.222764291225571,4.239535158726809,4.204974897351381,4.101126275925428,9.853326205686148,9.202828352409908,3
8.88605355022526,3.6780034389228287,3.3976985917052946,3.0172836859826266,8.6499339100723,9.584697524821035,3
7.86964380032602,8.457688798809311,8.595614638404712,4.697972722391899,6.3274961186142145,3.180773065391164,2
9.352152508125274,7.087887427314178,9.255979266805792,9.491285676579125,8.591423453588776,2.7914768442375215,1
8.613283988830936,9.163316820747132,6.635678039168178,3.720643934174145,3.3652357092725196,9.021819144605567,0
9.972204004728304,8.925088337962169,9.777929999313729,3.465051724216235,8.277008212029298,3.19555748325606,2
8.583954181361815,7.370365991252248,8.890361500772684,8.767678294223531,8.422500286369006,4.7513963082544395,1
9.850681144359328,6.608198368474778,10.0,10.0,10.0,5.704577711713335,1
8.501607258773975,9.028496727214103,8.695846403324364,8.347582157051113,8.598614825975886,5.7492880824271095,1
8.609091621663369,6.122905178737777,5.613635022565804,5.753246434133668,8.204782407363917,8.917919745765062,3
8.132001336910518,9.191492395398242,8.832241766290986,2.9300741163278925,8.742370879349798,3.6179185036737866,2
9.339916954658786,10.0,7.594101117125095,5.742969603388059,5.43953621446345,10.0,0
8.196909154328448,4.18259854093967,4.262349430295479,4.111608230391335,7.759052794159465,7.731632767482432,3
8.891529693182864,6.766952011288086,10.0,9.107189648720853,9.94047204613443,4.748161065843341,1
8.524332740044885,7.780514488668088,8.692912666237277,8.878016596067326,8.00529212474869,3.0043299444038847,1
8.44255190193245,7.1887993020857595,8.171676148588265,8.750688510173658,8.492410162446797,4.893252466032665,1
9.447679173671423,10.0,7.499690183211426,5.535721572518977,5.489658277020186,9.864046002465717,0
8.605468672861127,4.229578669226281,3.928503832140956,4.025233028938731,8.418797000645649,8.50261146885881,3
9.207246229652029,8.164172785338156,7.259606271167698,3.5896979258579607,3.4781612200161574,8.274702191595354,0
8.745047017832215,7.873574095009988,8.08805367616103,6.526777828564014,8.964855136501209,6.295934471375882,2
9.392286041612719,7.445106108532428,9.899100813107781,9.650110425859628,10.0,4.709738115756043,1
8.957099754128485,8.356544692265231,8.662760735551403,8.780247800870116,8.276916539569594,4.346068664504391,1
8.692395508088927,3.909678171830982,4.135288266356302,3.813078572124947,7.912111963718276,7.871642663606701,3
8.29303604673363,8.728848580740758,9.543041677614667,3.7801410176736647,8.231803032552426,3.5022001746634386,2
8.952633455869703,8.339273424386027,9.638730758469501,9.521909449313778,9.076367876436207,4.214725896468425,1
8.473747298796374,3.4971489220132845,3.8138396800342464,3.5685375179963574,8.62972384048768,8.580575763240589,3
8.89823983850054,9.933534031829357,9.154921097859244,4.848936132665222,7.412980839800282,4.450400074686718,2
8.893264349158631,8.841024586754093,8.968350543242783,3.7406003783336246,7.8454405531539875,4.343839165263665,2
9.08465788986681,8.733420280770888,8.734595139450969,9.20433866846182,8.607891296174886,5.635295096887755,1
9.994805290172666,10.0,9.773693715395504,3.6937702426024273,6.6265873960305175,4.228663015462938,2
9.23717962057632,9.601048733547564,8.622169502663544,5.071027094553002,6.158042673435045,10.0,0
8.56269734536041,8.394874990140442,8.13303436776302,4.0842573837111305,7.854083924930268,3.6978257505641285,2
9.035500246483561,9.518769500714264,8.746899838692054,5.575649513642606,5.767432357426245,9.213892174008835,0
7.6946179749267625,7.44068245913383,8.941891299242267,8.113143824653916,8.75505430071774,4.966825368544616,1
9.006742197493287,6.7229648263400374,9.482619307599869,9.889666764547448,8.985144158091519,3.3758013190041947,1
8.660266021369884,7.446163112748028,8.683265894149777,3.8523485258969843,4.39745152115618,8.189835341989872,0
9.556361512077995,10.0,9.11291779010079,4.656438342007268,6.314628712673748,4.399558514756721,2
8.348297131526039,4.225925825522011,4.419900738118258,4.408928931588443,7.948405258719427,8.353188092975772,3
8.245931162682364,4.887814858235877,4.74106270635297,4.335290979117214,8.374885721655078,7.843194131086176,3
9.121983265764017,7.072118798606683,8.953223688085522,9.147830059818695,9.166888914626815,4.942968091548746,1
8.769491906771156,7.856020990195735,9.745151253545657,9.762018628394175,9.257013821262316,4.231190925540284,1
9.080018693524947,6.442409693539026,8.721854659599998,8.937599094382914,9.004590891651791,4.131137156461326,1
9.064183484921777,5.771299647781382,6.208449063199172,5.73006621897419,9.810529196598297,9.355585648584253,3
8.924744739389581,8.242638338065206,8.982220705419714,3.6964193127688425,6.501412595947917,3.685317935055594,2
8.783523330137145,8.462121376724062,7.032823033461095,5.506186339031491,4.951962180337426,8.406452529241879,0
9.76653575156644,9.628712438604357,7.215360872585761,5.646265445987057,5.919086813267962,9.422263656649603,0
9.18997610931351,4.326049277307424,3.926750656887093,3.9483365931493912,8.8176936985322,9.231875527218657,3
9.775818477995797,8.065603469700298,10.0,10.0,9.966441473716742,5.795434421872198,1
8.827449870061855,6.021723037163367,6.2167831157418245,5.800613793622316,9.177621837710097,9.428326619322085,3
8.46284302007153,8.899764489906339,7.207616529360134,3.294345884086327,3.209403082458196,8.32783029367165,0
8.141984450382823,8.599837927802925,8.019386799133876,5.6796552783522944,7.446631869176154,4.8691673699655285,2
8.554370018366361,8.765509527205035,9.089669991734013,9.227571117568921,8.915511699248812,5.232543470893882,1
7.403526218198685,6.8300332136996476,8.235748677527988,8.153872122703953,8.031861951882469,4.2422964356740955,1
9.608461709536533,9.442487996317329,9.171957158464654,4.056118977291301,6.64704993442815,4.349467241211327,2
9.349671871285771,5.691310454972071,5.952726225051305,5.86272774363907,8.577596943719838,9.20172746851869,3
9.489870796594996,5.431929901020159,5.977897272099206,5.471520551864434,9.72416559792506,9.1716982000396,3
8.606245918373991,3.8380787431445946,4.580663827369181,4.103539589457524,9.08258567461935,8.393714072699106,3
10.0,9.579132176127283,9.8180785131829,5.0338706721228315,7.330039683049234,5.663418494479929,2
9.743195733075492,9.565689978177646,9.332628860984489,5.230767492161684,7.004251189296501,5.10796603933635,2
8.33848421333548,8.83773343599486,8.805048551109456,8.963200888259745,8.40181459329606,4.180521470398236,1
10.0,7.071629817887342,10.0,10.0,10.0,3.9636276033394093,1
9.52811055928987,10.0,7.505646911946111,5.179148528673795,4.479960703462466,10.0,0
8.450148899574119,9.134811177370736,9.093479144969262,4.677608970614376,8.05915876887223,5.218411478332723,2
8.682487803996345,4.808009050906677,5.325385654855457,4.7407522527486945,8.632040283884317,8.374327086930284,3
8.786687348151462,7.663612072812181,7.165117518001143,3.9363061663984165,3.560558244103924,9.08653108583362,0
8.142302588084176,8.379729870857037,8.7378074034072,3.955154306102611,7.701914030843085,3.929771150692441,2
10.0,9.714154959173035,9.992301097778839,3.4419787376990016,6.130525052564242,3.4846589477584473,2
8.925372893309719,8.033299548880844,8.662703325247094,8.682706284530438,8.502974917827565,4.814077139323475,1
9.294629674106519,6.106476136231752,9.63135869396538,8.673284067805819,9.315756779465772,3.770731997515727,1
10.0,7.954189288011291,9.68072693458923,9.322128237639795,9.731829258023842,4.246659340084931,1
9.603779155302355,8.980620138968465,8.36241833597613,3.29137042158597,3.843817116956827,8.797274220895682,0
8.924028883928589,7.351092636363462,8.677077367945222,8.67328461976802,8.763821426959213,5.478249552595939,1
9.670153081732641,3.9636395771557966,4.790802368214278,4.1365225631845925,9.679228383948013,9.614787907095502,3
9.175785873795471,9.021857762539609,8.348783905336052,6.0674708753960935,6.857961575569154,5.908538668678518,2
9.697823186418814,9.550688586154243,6.296081720960318,4.521341272014105,4.336235982705257,9.142456000919609,0
9.999125846116709,3.8781551722662,4.589068368942264,4.633659072239992,10.0,9.535164119835455,3
8.241813710635865,3.074755511618017,3.141198698888446,3.439811662764603,7.788054069942735,8.443841157625934,3
9.29548163015549,10.0,7.352239967015992,4.172274205472948,4.06207374280273,9.732326238401608,0
9.31420620123841,5.966425729153625,9.261920366392351,9.39136209020319,9.733254073631784,5.841163148801527,1
8.014243371009604,7.273896425182767,8.377573039874003,8.47703336514526,8.29159229635131,4.480827138479236,1
9.984005169406766,6.363818604269621,9.434292219005757,9.633797648572099,10.0,3.922329222721089,1
9.096567384439107,2.9111981146836263,3.1134028965117744,3.140922114346692,8.878046824132303,8.929959037627958,3
10.0,10.0,9.275006919856297,5.000745545967372,7.881754973835576,4.9536186827339295,2
8.975150305987501,5.168526616212651,4.965872365632127,5.23739682107194,8.143427723466278,8.715142749584222,3
7.923939121584119,7.066052644530127,7.808656796389726,8.79032714941216,8.242825798502501,3.9130499126987064,1
8.490758689746805,4.410216491850823,4.807220295701403,4.388394495889916,9.070173906218937,9.091679239398841,3
9.519492802603828,6.939488508258404,9.556823525859727,9.232404042995864,10.0,5.588203457495698,1
9.500247966457678,9.872554925591869,6.333714844493974,4.986083571701863,4.598617730504218,10.0,0
10.0,9.797663670523509,7.512256780862582,5.372631160966954,4.485254055014115,9.897216133394055,0
10.0,9.844134817573321,9.407421603614212,4.63642001692983,7.01159610464314,4.556167668331237,2
7.3749660847315806,9.21001248128985,7.287332332733729,3.348105235374467,3.45212647945296,8.886285019152208,0
9.296526530452258,5.998672519964492,9.796465979845662,8.96501617918136,8.833919403171617,5.173337067254218,1
10.0,4.5172250979757935,4.293024799846441,4.555523432101776,9.873560461599716,8.981308051704202,3
9.720047982369719,6.8954997765319765,10.0,10.0,9.567768835265207,5.8462426830579926,1
8.324890221947378,8.492051134913298,8.51529409496111,5.752013309024812,8.480046606633017,5.504050643768366,2
9.581757354449278,9.277237841924432,9.828000214163698,5.07252064738715,7.3670484672090115,5.4773801836329294,2
8.82386772277364,9.02191278321716,8.722364532867806,3.1298263015889045,7.366053123598419,2.855427090390156,2
9.703420307291399,9.89869216830908,9.097278378295664,3.8130222288003615,7.170590595483231,3.892596219721063,2
9.654650112927676,9.816911257683008,8.43580690087254,5.418589771734363,5.131976635098561,9.60826901616631,0
9.80821028779251,9.23517001485618,9.752531387869507,3.1029236621497973,8.20497153243026,3.6149862417835954,2
9.951767211173891,5.5493690725873845,5.323978740256029,5.399280529773045,9.165647887740631,9.527601032713363,3
8.502701757346982,8.56765412310572,8.849686818724168,8.511547052375217,8.769302729612052,5.760310719083502,1
8.327907851491954,8.246374663617908,6.433618991292978,5.492119799723577,5.85225339791071,8.047685486177658,0
9.387145220831643,10.0,9.565130827656452,3.602536994787872,7.06888756430917,3.472244016597099,2
8.892480286085226,3.41368054329095,3.117326771373155,2.998148722079894,9.24732639428678,8.37143569532714,3
9.703731407974672,7.975563792630429,8.989115716341725,9.348057327789325,9.543114742888838,6.270719066149604,1
9.946537833245,6.79265480041341,9.187642465902375,9.318680199709762,9.511356725981459,5.133825492851287,1
9.073764539761255,8.866005635963472,7.059280951060663,6.1946687639329765,6.042515963185162,8.66798072903659,0
8.489231510816941,8.729240798407611,8.945503063667767,3.8120292637446602,7.255666729572229,3.750559478303201,2
8.243127425712455,3.0910113514045365,4.086469179603716,3.694771671305063,8.28002857306466,8.36568786614951,3
8.513245254944184,7.809018099643024,8.213806394864273,5.537616972440954,5.018548786209277,7.802279069392074,0
8.539981448493677,3.4042743759079626,3.6763047518663066,4.147053909892758,8.126177651992522,8.80974869913972,3
9.255460384626772,10.0,10.0,5.260300716852018,7.836152402949437,5.893235577768189,2
8.3420123544583,8.909564906428662,6.2494185673681475,6.0571656129624305,5.599801137368585,8.664874697857746,0
8.052441671206932,8.9265215288426,8.32758731488829,5.091096393905417,7.185941247942611,4.846817913997421,2
10.0,4.219405827719207,4.2140845764185855,3.944438572760136,9.6107452877189,10.0,3
9.414899002933154,3.3400162388662435,3.6468565285436707,4.023490523299606,9.321648140598906,8.848460486060368,3
8.603152082804673,4.227003150433958,4.102997482571783,4.167623492862417,9.240879785078263,8.915903061017177,3
8.459974470530577,8.132185728658197,8.523697365851156,3.7437005556059697,7.900814052078343,3.9745502914945194,2
9.562011480471437,5.91539434356805,5.920699124309408,5.644841543583714,9.796982155387912,9.668551942273298,3
9.771700719812664,3.0851895881761617,3.151144715926636,3.068472531070946,8.361677630283541,9.003167508519608,3
8.468828588702014,8.659334849490367,8.326439058284363,5.404594741646536,6.898812254163294,5.969491854874766,2
10.0,5.071458023704079,5.0181552334446975,5.633099461003903,10.0,9.508769782615145,3
8.94801198298251,5.827583552794588,6.242775909996327,5.540791029222028,9.449451028140283,8.309568493919494,3
8.409062107932387,9.213009565556419,6.340943310779559,5.157792308531613,5.239259637261301,9.14269562300811,0
9.610308914795151,6.595966268748824,10.0,9.499750066020324,9.149498412817561,3.8661358908447037,1
8.871509846596082,8.690639679752147,8.310989423109879,5.71807741471826,5.817497221019919,5.5876094484186485,2
8.810249341081327,4.067426000040431,4.357699408472628,4.936671317414885,7.987550217170651,8.751164409181264,3
8.42738191380553,8.196576378097566,7.87394856454686,8.098748488843702,8.425666219592415,5.629014896881938,1
9.70634831046485,8.727887735120103,9.817387111431344,3.626502975707384,8.608216852448987,3.458037576297961,2
8.187551382694192,4.37729886475558,4.4002050522762355,4.460281374431164,9.295427297921654,9.176879530564364,3
9.918717472579276,3.0065869603303534,3.142202088363263,3.214231307657418,9.660591773929013,9.057533568567504,3
10.0,9.394665360068203,10.0,4.842544429383949,6.719336340274346,5.322031353732385,2
10.0,9.247469544992004,8.016331404785442,4.68428658678876,5.293770126383929,9.603769356981493,0
9.276782074430102,4.556748957581823,4.515111418192381,4.264061966522102,9.356438436710402,8.576652509028571,3
7.805265112764482,6.755558668931515,8.378895322335467,8.113877520878194,7.403291445677643,5.441032790936111,1
9.408874637676954,8.499322459231212,5.808180885256837,4.8012789257227935,4.147000792659061,8.55562787335014,0
9.303558806469626,9.73153622400731,6.422293033485865,4.3318045014089055,5.469043622146451,9.459979134312563,0
8.998066856477134,8.387449551584057,7.874547102455492,4.89568234908602,6.699591872477789,4.461980703364931,2
9.645205576024132,7.4734551035508225,9.433758449854876,9.70523982704042,9.174489658763658,4.517474389602707,1
9.351153937964002,4.663095010394869,4.63004029391753,4.476605482305445,9.939431055830605,9.957982174702162,3
9.443069449246725,9.801173842650442,6.8750567390088815,4.512417274751609,4.493948923083134,9.641526571401505,0
10.0,9.98337019885846,10.0,6.015835414250084,6.465680055797118,6.141015061808227,2
9.504311616701399,9.608615092716663,7.771323621743321,5.899343729109215,4.6423637090709065,9.29843893968984,0
10.0,9.618278313721435,8.084360994879434,4.25784802715675,5.314596602859497,9.850819705430702,0
8.345045185466503,8.958357738071037,9.051020066084343,3.586345506911479,7.4341210341258375,3.1662402670052,2
9.2906805819793,8.41937539284194,8.413192544317946,5.77311331243272,6.762722723453366,5.368473343257687,2
9.632251171840652,4.810399043624041,6.112956511925974,6.411901906989986,9.250628702166331,9.472108703636227,3
8.149557670874415,9.184186436863662,8.216275445576724,7.776517655824866,7.324955768029778,4.950357616906233,1
9.744408192191461,6.551109996410653,9.683625005817522,9.617473218456034,9.331751674298953,4.324611119602809,1
9.492872997001474,5.7833978404162245,5.379788863780263,5.892498737858091,9.151451035507897,9.626545322010193,3
8.333544258194356,8.781802711959743,8.298887004573217,8.804478518483718,8.64110204204019,4.6422007210311245,1
8.215965656262586,8.573552409068652,8.106566707044255,3.585769853084442,7.7875790666726745,3.856259494238804,2
7.880120057720492,2.718645322994802,2.961453798325061,2.4738676228857615,8.360159637231016,7.9683336783794365,3
8.306922136658526,5.840604910157254,5.785068214834498,5.377472051249888,8.559081860500463,8.015306395852617,3
9.754081776920799,3.927000487136482,4.32923751904938,3.599940368293602,9.405285295637917,9.73615852811038,3
8.519855939374047,8.667426347330625,6.904818177286238,4.254472370701993,4.437876632664035,8.384994684999507,0
9.030167186021846,7.498962367964582,8.834605593998031,9.050552029859992,9.002555785941436,3.2476189291232953,1
8.27522415650022,8.922562562587844,8.612125124715243,5.234266156000555,4.9606774294332014,8.735468530725393,0
9.147631597877382,3.2469505633234608,2.905957318796545,3.5510852367916517,9.430913853278817,9.132009223938633,3
8.643072546837885,8.484029774867338,8.267767132027952,4.249942962198923,6.373796171228264,4.969275350582164,2
9.035723823349482,8.65761484941304,7.51341343469594,5.501172332730448,6.021394024358863,9.381729282752719,0
7.854616207286686,6.567781109255909,8.750249977120912,7.943738675989344,8.054495024115168,3.9187490193828594,1
7.460971239744691,5.424515003274998,5.057660081485523,5.215366611328722,8.05471417629367,8.2630705536314,3
9.478288183495328,10.0,9.492808789850505,5.6386313407041,8.857744450130204,5.0586375880368815,2
8.851753801825613,9.61920971946144,9.355582647328596,5.382212969354,6.620298878822004,5.886931110866966,2
9.556062859233597,9.015005734763717,8.851022607364166,5.02557711931176,6.31095469642015,5.264623945715149,2
9.906567581079392,9.56280166325145,6.483312934687803,6.199745135543643,5.60587615348203,9.545343394108704,0
7.952475454911603,7.942473466386949,8.803953706333433,8.603289763670544,8.253703248526659,5.453175513979658,1
9.63160804895238,3.3991965806089284,3.7171489747678628,3.5759959409983626,10.0,9.938152913744663,3
9.39497730813016,9.893697305806434,9.3984780190916,5.464445055967455,5.733088200697649,10.0,0
9.37182334407523,5.163948326371947,4.8248909336931165,5.115237634340503,9.066940974842483,9.560581944185824,3
9.432146147953135,4.977355831156793,4.924442450705486,4.652230979460506,9.596153538737983,9.472678867502118,3
9.062916844714008,8.72560635739708,8.779610172836005,3.679397617627387,8.291153258908501,3.510008208939964,2
8.670266179708836,4.7180832602686795,4.1448313086865,4.409530040413192,7.823795168487103,8.582635845796698,3
8.805350382301604,9.079987896858219,8.80623774611776,5.367865942135732,5.389271909585522,9.202856045311451,0
8.42898725796241,4.282566372420893,3.2975897475408282,4.005718387343301,8.15301616197359,8.26505413544106,3
8.72709532086582,8.01359096659943,7.847407781474659,4.510462955210509,7.232477165954445,5.006051193952247,2
10.0,9.431281761216376,7.874035129639834,4.448668842269059,3.8570896417986327,9.820235110279622,0
8.307572906477313,6.933283287251168,8.911029110980694,8.862305034240757,9.508395838691849,4.838756594717766,1
9.38490692693202,10.0,8.250439689308847,4.750421594625345,5.888046250172843,9.710786005257223,0
8.853638499728211,8.487168257166028,9.026390040717466,5.725031720074464,6.591305793856627,5.077818873706715,2
10.0,9.415132476765816,10.0,4.594853145497782,8.3432389035862,3.698715213968134,2
7.752208352530758,4.755601008554185,4.041885198535882,5.055210012215554,8.183239234248395,8.54845634028408,3
8.557902725014145,4.455601980402786,5.169049117774357,4.79443776106164,8.907867216678829,8.07594723766177,3
8.619610505179743,8.174224686121986,8.000108911179073,5.103138084806329,6.424221398269297,5.449535267124154,2
8.907805273751404,9.095438688851152,8.736049393506718,5.209985540126644,7.893922579072925,6.161700246488214,2
9.723284026693014,10.0,10.0,5.158857528608259,7.9445330816804205,4.830090778582552,2
8.989139611944545,9.091440640190624,9.347031838290388,4.2975379512019325,6.471403106388335,4.085427004368639,2
8.145156054533498,8.697101749552068,8.059784745953568,7.9587641776427995,8.584880213856607,4.742965473635264,1
9.413956887223122,5.8483096845505,5.788955428405789,5.796308942165145,9.28645286813411,8.623952379957233,3
7.830199105424617,7.518153838421352,7.691036174314914,7.837437157941799,8.284050563613437,5.809754552903168,1
10.0,7.978658519126754,9.707182064696157,9.967145386406802,9.61146918100648,3.1580442484694307,1
9.167871619454473,9.089258345323781,9.383373649857134,5.095718734557688,5.537637314773523,4.702739994789117,2
9.003908003780587,8.750329278091609,8.366617821882654,3.4694662209198133,3.0296248968921167,9.161434155729294,0
9.978578697077866,7.130789645798283,9.587271393736625,10.0,9.554594764165317,5.030824905522971,1
8.546220451600819,7.648267134827348,8.682680688294287,8.516085022981997,8.477871510662263,3.448055951175821,1
8.70896171339605,9.55274497764881,9.087707332601557,5.430182253071216,5.535322517804721,9.257043902514758,0
9.211617352504273,9.687552449734675,9.374230968152494,4.109049946380228,8.258809904679774,3.9618121402280955,2
8.3967566770404,7.846634174557018,7.797134560294173,5.959577201536304,6.312135503659717,5.388247949933197,2
8.611792233685076,9.101823155544277,8.053478067013351,8.810339803997934,8.249877314121903,5.339494559132147,1
8.728943573962319,8.624801051908651,7.227561648974877,3.223656597711787,3.239847265104198,8.308755677432584,0
9.78970645485844,9.875260671281808,9.502370726616029,4.791925840130292,6.669665343922755,4.7357982717545735,2
8.715227421336326,5.745275811607923,9.15213227801956,9.342930906579753,8.669096714954968,3.3632368518392544,1
9.208645779321772,9.466325069878819,9.570690083865248,6.103254864194945,6.860012424185023,5.57742869887206,2
8.578446659445774,8.652886503710526,7.237809760044133,5.187334712519599,4.738773948204296,8.670203181777191,0
9.430244997428876,3.4658252161105674,3.797933878516837,3.801550496970113,8.882750794977648,8.258896953438043,3
9.667755066689544,8.893409431452016,9.342179130184114,4.422501583692208,6.614603507555295,4.050823483552867,2
8.060520497670026,7.509917370423454,8.443309322373993,5.729202037275243,7.05414916358206,6.208027390778963,2
8.684571042833095,9.259969145482012,8.025224387278543,5.027573846024583,5.274950807909483,9.292692852109443,0
8.114076017503868,5.022212345069159,5.217841095267348,5.243226095007229,8.841568515083774,9.19455060831172,3
10.0,10.0,8.625954841965209,4.11892746710538,4.074588635186963,9.48876757890053,0
10.0,5.736842371751748,5.127064231719961,6.200948529413593,9.20453834356887,9.347810060423804,3
8.542520296092853,7.275424661558398,8.450661126011964,8.522518556142348,9.078560519022243,3.6527733433695504,1
8.02714339259972,5.795224308881787,4.89216360868897,5.103352796615485,7.3514125116182285,8.088139022880677,3
8.972565754565801,6.950419246237404,8.014502431263404,8.12721471590391,8.316185698405615,4.408604581662566,1
9.854153710777776,10.0,9.364956778909203,5.472551191646163,6.6025236596829755,5.231167879842213,2
8.600754871151285,8.577058300694448,9.260517417746183,10.0,9.194928593960016,2.836349402482603,1
8.600438388961669,6.403200406454803,8.296283895697709,8.61170635099859,8.342220467898844,3.586745701972628,1
8.85004867651535,8.08682103575516,9.336474256788906,9.094332720148632,8.993522914797063,3.7460246123597645,1
8.50470337358821,7.428015937368489,5.958832667309808,4.094144862303545,3.4633722620361014,8.107869508809149,0
8.803965285609374,9.26455008349385,8.766190443233999,4.813293211457767,4.648386709471253,8.40256189750025,0
7.73227630723877,8.489530392101377,8.009253480753626,5.034356619707424,4.782748873720677,7.893146445962694,0
9.71682779425362,9.71735283657739,8.281684468789617,4.835745666636186,4.023611189183341,9.567766616315133,0
9.76804728526327,9.360983423205875,6.247206904739694,3.372340351571898,3.43034796135324,9.349845824648614,0
9.764343414077342,9.894209267713903,9.467395181266399,5.392334419897435,6.210181558135822,5.52588103987483,2
8.00718434592494,8.107204402528826,6.914359571658228,5.825519730098754,5.540977163807438,8.291783418621776,0
8.822338736414528,6.185030435098992,8.547334520655577,8.33102353691868,8.69687261733656,5.107396460232221,1
8.201585530163952,7.477596299842427,8.064624831211558,5.136812330059064,7.990205119618428,6.165282500927175,2
9.223992141111719,6.294971984530752,5.829313890144366,5.848939568390014,9.575985263585082,9.66950330009991,3
8.47527588670988,8.080326767048163,8.501648155908093,3.551045497364667,6.817747419016485,3.4061292800278737,2
10.0,9.960469162715041,9.807782157588123,5.09936260569033,9.205666069565318,5.3037205186045036,2
8.863280286276241,8.242304745549468,7.6730278681675825,8.474784385099179,8.000169840254298,4.434996050289605,1
9.376233097395769,8.72341344711121,9.148972933831192,4.470486558038792,6.6689027985175064,4.50479780346584,2
8.848596715284346,3.403086563268092,3.370497021230927,4.180037456105473,9.358482212297522,9.371493205327535,3
9.061067244727589,9.940086172931371,10.0,4.0454511301707115,8.003986175852635,3.8098672064017363,2
9.722979271451178,4.55876278310998,4.2112746111340975,4.26255360024031,10.0,9.715269241832909,3
9.288025950736557,9.733512621280678,8.951611476792534,4.401995880831094,8.428523443989155,4.027831433695241,2
8.961241163688515,8.098705727539071,8.270583788046903,8.350003422733359,9.044187342902525,2.695548511835595,1
9.539000633450796,8.658197023360067,9.194100479001186,9.291393942811816,8.801404436476572,4.87288901102975,1
9.862731679899344,9.762098907128774,10.0,6.059202345416456,5.675696043224452,5.342010733646094,2
9.93818542031973,4.215072085565417,4.96687795916642,4.329374970367471,9.790578778383642,9.986097886304291,3
8.978658954284876,6.00582162003272,5.619869037231449,5.711316326751186,8.52570529634434,8.852328649423402,3
8.111914368863879,8.099519324771137,7.531563174016079,5.367528631296748,4.956908711630335,8.721645220730554,0
9.497401343839549,9.718017203709346,9.760612677294153,5.015325157067149,7.70681764100346,4.994097452848229,2
8.484048614579022,7.120583248905464,8.8311410185186,9.6329488881199,8.89982242431714,5.680345748248767,1
8.9126309846808,8.18139960158318,9.457147010214122,9.087296395365032,9.27985468465838,6.104649038358252,1
9.178515995092893,5.2211455432611835,5.398557979722545,5.148651007637186,9.195533953540364,9.154920969982996,3
8.823507809146175,9.104766126815143,5.246443796709208,5.601842326143604,5.483877186377736,8.75237487521052,0
7.664754663130964,7.442336496250767,5.958217459207753,4.103319123001084,3.5637347565228255,8.658631329016895,0
8.935403691436592,8.655379788606362,8.62299620225709,4.23446881961426,7.062204157415947,4.449867841196999,2
9.260686942661355,8.931325676941418,8.291377913347558,4.828715803149586,5.320667135074788,8.611599198399658,0
9.695672036623494,6.81930816313715,9.472160412537404,9.817608776498004,9.219652703804027,5.478628432084701,1
8.967822606867207,3.423904300081103,2.872596151082088,3.3126432887571218,8.445072195308871,9.088503309422633,3
8.61677096983574,8.999041505860992,7.909431367604428,5.853935341020922,5.393711577232628,8.364291119509607,0
8.64557900192837,5.793417998311281,8.623615826332495,9.031707209410483,8.634816615516964,4.869410364152775,1
9.357282297963453,9.245060599722818,6.805702626234975,5.372042091826174,3.8619883753597177,9.91250881772723,0
8.616321208731643,8.067970805947528,7.694285157777357,6.005880877989409,6.292414278971024,8.55534460452432,0
8.90876209621456,3.522604433629543,4.699839412192391,3.7486056809040607,9.064934081665127,8.99426358927347,3
9.681456403277151,5.7317211493194025,4.646551581547198,5.291668300758159,8.941113327796588,8.73958073018204,3
8.144751496867752,8.114274406130988,8.437750378461246,8.77640672333773,8.577706076790427,4.447484794710751,1
9.34157875010483,8.85009283571927,5.509000202238193,3.6281557456589577,3.731909429998746,9.048894709378658,0
9.786262408062813,9.610419128231237,8.180137717690089,3.775116286695623,3.8754080701442475,9.485610837989556,0
9.721706701841722,9.927205582694588,10.0,4.417208847443188,7.532177147517494,3.933733287098872,2
9.390370003361227,9.796437735384751,10.0,5.825593715318442,6.152515051445497,5.754500621242418,2
9.815465184385552,8.83371434397411,8.941859905881664,3.7728393704892946,7.341008822175642,2.9142597544394775,2
7.732916116725937,4.463277265141146,4.488084329574842,4.553638992316288,8.146716230686069,8.944678736878577,3
9.942323956065472,5.498544777735202,5.351441641526567,5.4829283804161575,9.27208163868182,9.187703409045398,3
8.347139381393664,8.131816054983243,6.391912231882453,3.687358575960941,3.2946599445052667,7.603386321019742,0
8.758234423232524,9.438425905604317,9.417628334739804,6.71165357368599,8.244907520685503,5.818235888234527,2
9.18755129762208,7.192700492365195,9.669862334785185,8.787547458901509,9.264773592217335,3.7334855694141633,1
9.04381501080983,10.0,6.798436150560772,5.775078811461999,5.565566372277939,9.158242941702543,0
9.846239103139778,2.45942294790791,3.283719688322933,3.0916178619544508,9.72938830448083,9.283818449538533,3
10.0,9.860414410147252,5.98591452721891,3.386641480099473,3.1235364407250965,9.99106271261323,0
9.324075808097339,9.838011687400918,9.499190801430737,5.245602386431347,7.889069403516873,5.952976457425914,2
9.746236508493503,9.106372856697137,9.551427901199306,9.195599191284497,9.603888032714444,5.7478353949919665,1
7.742058763019579,8.310514292628575,7.689492823948927,8.5893595267742,7.907147432454469,4.201668461680883,1
8.372322197061392,7.99244306178924,6.425049506060031,3.9238587910852227,3.896168108934235,7.493187181879941,0
8.295892076899717,4.011731220838396,3.902886376705689,4.575499392266212,7.563844685253402,8.58227037129863,3
9.653509538357122,7.0833785771281335,9.94796042311316,9.906876307188101,9.83950328393365,3.7638780618733394,1
10.0,6.934141322751187,10.0,10.0,10.0,6.153570061960671,1
9.41759686510478,9.178322855636775,9.115963765796865,3.1108327742212225,7.956164767423136,2.5763757619240955,2
9.780067309849239,9.37449275183962,8.749571777269539,4.247712541251601,6.081194324086749,3.876294598886555,2
9.330630690831878,9.224166192260583,9.48828530563103,5.3529599311745795,8.674263226602767,5.011914630133693,2
9.437587193596505,4.764259799753706,3.775589441581237,4.354324340775566,9.45207858786494,9.66082673755711,3
7.28976491445935,8.802743106250029,6.3298858392349615,2.8682363512061193,3.6477986805942613,8.369865454520161,0
9.402195635192832,8.833659290734516,6.412302640719233,5.5697519945334575,5.435489233522007,9.609204625589028,0
8.853639942418784,7.337254889771717,8.295508113292854,8.884083830466357,9.43259188890828,6.352924932735336,1
8.850626431606996,8.822528286649701,6.974297234623386,3.348158274930583,3.635939709306655,9.43455655892351,0
8.381076609146824,8.076557830471135,8.230562738794914,4.404247779643609,4.453412055116864,7.97951764738494,0
9.45724971377996,9.391622349827898,5.819806330182181,5.67026569165501,6.138776535350395,9.374622439856727,0
10.0,4.505027024768224,5.042640943754623,4.768299860956191,9.781444539282253,10.0,3
8.49157721084368,7.800404649596798,8.527614441267477,8.560407152521407,8.490846062877653,4.408314261098999,1
7.998693370131367,7.728822934397437,8.64851740405227,9.440098296951573,9.060380863431355,5.301364640437869,1
9.962763101817814,4.944146337060011,5.382483776402088,4.771699663238227,9.827030670121317,9.13074825550459,3
8.638947438467405,3.211282898840038,2.993815525280151,3.0448184749351093,7.830303255550031,8.854556221572732,3
7.836846959710341,8.10052548793433,8.064128003393408,8.063499565034704,8.79593554919189,4.413708907047409,1
9.38622398699199,9.405730974754874,7.859427361809512,4.41792777600361,4.185893461809815,9.24824200593744,0
7.7575704811930875,7.4339506791569345,8.168414939349896,4.285114197287182,3.3539014623457577,7.780752765387964,0
9.851424880754166,10.0,9.75525642106591,5.03420177037838,7.431579869955367,4.678468238141454,2
7.9013517674053375,7.700898372808816,8.094492065340264,3.557864295893344,8.549463957732952,3.487905929760787,2
7.727054445846063,8.693738133444672,8.584864582272745,4.461782080919724,8.118196816979653,4.665358446080502,2
9.54879067544771,7.427922279308011,8.472041579912009,9.20983861090324,9.55559040703915,5.645115945703437,1
9.812072296176154,3.414087633065789,3.4000837945578217,3.873166316661152,9.4557935231194,9.482818564619594,3
9.238360886631334,5.3025024138743975,4.956886548476798,5.302423375142347,8.878046633910152,9.188930738318668,3
9.595525819620645,5.922550738370162,5.150367394458128,4.908699087229153,9.030840447700923,9.482669204400258,3
9.351338262485513,9.773287326599815,9.555181248390285,5.327049734609245,6.611996686558821,6.196140913612846,2
9.624077223573321,7.889585400248521,9.086039355091938,9.708011138525647,9.257668008430091,6.100250590032841,1
9.362828121651189,4.042845772421684,4.023837301270868,3.6599344620052463,9.10641719179545,8.596080032766656,3
8.699080382323515,8.82879933428045,8.465903831728468,7.626856660041815,7.9821694999012465,6.4992557901167025,1
9.641062105186931,9.749306420756707,10.0,4.77766513115985,7.673253146216331,4.426623852013008,2
8.6210493292855,4.071989615685349,4.222831010639442,4.693578090932095,8.823939381654036,8.950315367508198,3
9.267255103236334,9.15067414285494,7.323592133426934,5.595849326320536,6.2893342025515935,8.897077391500948,0
8.655681979101335,9.61509066161659,8.737338376565416,4.005859551363429,6.540413084580949,4.590629747361511,2
8.059598891695726,7.5733048930258455,8.474863001730089,3.9670034981267923,4.7873366620353135,7.97298021355904,0
8.003366885201112,5.999041092133874,6.086875557146019,6.248569101276084,8.334112291285887,7.954653708079334,3
8.114628889280075,2.968246481343933,3.1293970616636724,3.4960163120639103,8.077797042605853,8.033567249292245,3
8.973599059532257,3.9737938500793653,3.2849634295025725,4.185366233925516,8.935227179795161,8.62206035108097,3
9.01293902055766,8.785838033937802,6.633547237986075,6.149966044978654,5.278276362898271,9.199344615166565,0
8.269652165669493,7.647445657581647,8.30546969224347,5.234418986213723,5.821706394947247,8.746709036519988,0
9.551742364852299,5.190016126956354,5.759919608239813,5.404318447413244,9.779825292723597,9.269356561392886,3
8.402143848562062,7.892087112587608,8.359444193740496,3.945766175607119,3.908544946739391,8.521887715468843,0
9.822683496823364,10.0,7.402014210992081,5.2877649844706465,4.655741265531442,9.706760706633407,0
9.166069122678797,7.435867730159326,9.586077424814373,9.391457457082932,9.883890147232934,3.4134933074716587,1
9.664141535919324,9.026407198695084,9.495256313924052,3.5158453925735595,7.917862397402911,3.8183836893024665,2
8.322011224492803,8.390925102235622,8.762525106979693,4.496412054769796,8.72325124935634,4.5556669000161545,2
8.262303448375162,7.6799091290622,8.11840433087569,7.925819279276439,8.336897460742694,4.037721627612959,1
8.092351786220082,8.540357997101209,6.1045132858335815,3.590345439761313,3.5295631880256666,8.069540691686253,0
10.0,8.213111242932708,9.692607000645117,10.0,9.362229588674353,5.216341454281368,1
8.966440693147112,9.813352168515266,7.4505771430463055,5.444578544331242,5.133072725944727,10.0,0
8.958944294269463,7.690048926444209,9.119677448103,5.643340155150002,6.369558404735708,6.0726757497607835,2
9.194111353030806,9.667073460585126,9.132596996701865,4.12051902288473,7.553287074528848,3.5766998881586027,2
8.670864970121196,7.311239411586121,8.648504274334442,9.05097267070979,9.095020619946464,3.807100706341587,1
9.356155820667082,5.983114680546626,9.577081160164298,9.02349994141693,9.488819257732217,3.4723510482868316,1
9.521696505043927,4.708258817902072,5.347360926242628,6.055997422597238,8.703522656561388,8.323622943626088,3
9.506707000532149,5.538381992349385,4.6280141850045755,5.3668498310058,9.698616992478481,9.87824904006662,3
10.0,9.707812257130799,10.0,6.14710591379997,6.9595560586479515,5.234514491328243,2
9.038817964670598,2.5683403504059297,2.4208042835598254,2.821426229209904,8.584399046432608,8.489698609513145,3
9.32539971135036,4.539065075083012,4.6337771147150715,4.488595547735046,9.11491484858506,9.616451241846175,3
8.667513160773954,8.4831681625836,5.999242531818063,3.961049242280674,4.079639477721037,8.641082033923976,0
8.506458825777019,7.4679729763834874,8.588337252979509,9.112301589046787,9.614728094940256,5.407709601867141,1
8.175866329706066,8.209215671111073,8.293643470889993,5.660555074470418,7.0641398436771,5.427598756074497,2
9.153049255852846,3.8166914112440353,3.803217547907827,3.858389486166579,9.417096542346174,9.362668334299908,3
9.78406304063579,5.335119333051022,5.308477555869764,4.098601665184623,9.871292627753002,9.893629266361431,3
8.962691374470019,7.197972300473342,8.469888021504028,8.620185604460103,8.470133950838784,3.120372465810388,1
8.67017804389479,8.01519742831526,7.902854680767257,5.914034902777513,5.968491551816208,8.61351494363862,0
8.532602290973834,7.89947443815628,8.326980021732528,2.934861148437361,8.242541226989854,3.0402660474531578,2
9.304066982090408,8.311129646638394,8.310162371604761,4.6354523678394575,8.763172082230646,4.957870400061368,2
9.074578640841159,7.094672798835676,9.285633724756986,9.132565913761246,9.460395371388117,4.241007564164352,1
9.419849543416781,4.979566985774021,4.657616157610755,5.504788901752996,9.124356194578379,9.564583917905349,3
8.101033172812278,4.339325763305145,4.75854653788673,4.351818488156978,8.640957352465383,7.9994029518089595,3
9.091074900523326,2.836944511200221,2.939504982127014,3.262708734259358,9.490436279773823,8.992353019071505,3
7.841774805792219,5.246182034772591,5.337688348612146,4.896936308426846,8.233756344633758,8.289134476527442,3
8.909131935260564,9.138181992794227,9.32623375208328,3.2027015960051197,7.502036879549128,2.914603603041855,2
9.232531120513869,4.29717214987248,3.7596829646661214,4.096625030282024,9.048508584842365,8.800016365263406,3
8.266569919638993,8.105742769900218,9.375958676361,5.628564503251885,7.444769455248022,5.252415009660132,2
8.738618781249096,8.608647752267315,6.950543046152957,5.4623792250622305,6.363252917043859,8.908480691710434,0
8.631996054912385,5.455591532547655,4.845485026760847,4.820727783778484,9.642376275715831,9.851135756636012,3
8.375235430196602,9.04201929282235,8.32315672052872,3.727967478846464,3.6396562930454035,8.655671772501552,0
9.188897249818096,2.722079307535299,2.6268440482013693,2.6381176428310504,8.916982500824593,8.977454106426991,3
9.494256551317422,7.875822768440202,9.723322009369054,9.408383698289342,10.0,4.1375430790337715,1
10.0,4.572844050197565,4.392720290349427,4.2818066857443355,9.59114872977389,9.616566124817757,3
9.549164181065034,3.7115755053592827,3.9844417533345204,4.24186579829404,9.932495393971235,9.439954696638736,3
9.200395913113715,8.912558984836078,8.736961717756506,5.675030456449789,6.954545224297921,6.029523654049341,2
8.86836002799154,8.126195369569302,8.455742606334628,8.361381405111063,8.903434583596304,4.647320706569265,1
9.31126556721126,7.910793759296751,8.369143799581954,8.595809528364185,9.085178611501641,3.5251428269702116,1
10.0,10.0,5.7868460132283355,4.7593340010576775,5.581833964538483,9.14082235590694,0
9.169238993680745,8.821841681569241,8.925029021060034,2.516718165910988,7.436077227410888,2.855321798512037,2
8.823934221717918,8.747877364770368,9.229993661436533,3.821893682548708,7.718979729077979,4.120430384911523,2
8.369878255917374,3.409908993353586,3.09786681815271,3.646174665943364,8.310714148542807,8.687564680269395,3
8.86379955589732,8.667855495902671,8.86666078832074,5.711897962087632,7.711565555762589,4.488227400434333,2
8.390736533089042,6.478575798779619,8.458303521068455,8.980545580457344,8.67879268250593,5.3473513836996425,1
9.142592450660915,6.851746733522666,8.502076175603898,9.094548016111402,8.76910625259392,3.392113855997249,1
7.894257958309508,8.022357077114993,6.14495284192927,3.79158343586429,3.937515842192361,8.273886415032269,0
9.931906498871522,7.032808534928927,10.0,9.980127099303882,10.0,5.737207255703771,1
9.071507059705029,4.296704264964883,4.212765592297124,4.6536042566299,9.494517021802519,9.153636644022047,3
8.108105318251877,8.108976268678756,6.0336175868059865,3.5252239418328446,3.979581901664847,7.811248994456936,0
9.523593244116524,8.298428964204255,9.774611007344786,9.986196241272218,9.891083653450577,5.542176131602888,1
8.200039204673937,5.985273016192917,5.783884369451631,5.935961158141472,8.150475102797207,8.684300101753445,3
9.132230192431386,8.9137340904583,8.725593605241315,4.389723678122025,7.435230782880726,4.489541537780923,2
9.502215692375822,9.408585431388065,7.337865105250558,3.1420218058242666,2.7231029553715436,9.440854304092142,0
8.974131938408322,6.689705593442725,8.162363821144616,8.195154556722246,8.386768054635805,4.005024228027764,1
8.554360843005323,9.069533717312611,8.801424377007365,5.473091265840896,8.730406471483349,4.3925754539653346,2
10.0,10.0,10.0,4.576664275407682,5.934019195571878,5.328646478028552,2
8.965651979268282,9.866718387227216,9.323022461760361,4.3261639079491765,8.434909925587947,4.3110341895924975,2
8.891143104679191,8.682781117962485,8.01880951319073,4.799659791627674,4.984417725859472,8.578213808382731,0
8.181823074632842,7.587048201257682,8.302828140064417,2.401883837220123,5.582254159129581,3.6003637478880925,2
9.778139954222155,4.381725593646127,3.926798088406618,3.372892050981454,9.646056023645887,9.682191415839782,3
8.154690961142506,8.288129783499272,8.668953986455282,4.935600465983655,6.013014073143128,4.775431987039634,2
8.180544035755211,8.151955443989442,8.338601122548706,4.3310838409012735,7.32703317614244,4.710266325267096,2
8.252080558942495,4.9475423063857455,5.401031494769094,4.682527825654458,8.570143212727276,8.104832655036926,3
8.493357584903942,3.002835233283242,2.9539177473975147,2.8841898882766674,8.98361633228315,9.07115131628338,3
8.946771377571297,3.705413831351936,4.273308392176432,3.5549161041308865,8.876490630202088,8.973794337296452,3
9.24961240822665,9.687288104274193,10.0,3.4679316938138864,7.134901307068078,3.9126908409065386,2
8.934103751310579,5.070909523087226,5.169733844909139,4.813695942300621,9.41381538311594,8.66708246682369,3
9.520063771118473,5.918752320503636,5.526491485140296,5.507680195680492,9.525349199966174,9.902153428576566,3
9.335604907880798,8.054157930055633,9.38300354360886,9.449516552324543,9.282621370398715,3.885179613519068,1
9.634671986493789,7.421171668347039,9.26659699816989,9.472458004856533,10.0,5.806496763741049,1
8.551658953438094,7.79023885964861,9.296244081440866,8.428866811933132,8.706458916566001,4.376709595200232,1
8.18293706718573,8.74789691186134,9.002992138577365,3.603778696809071,6.844122215852434,2.9731170838473675,2
8.176110443087396,7.047090294422595,7.5425081653594885,8.298285109132664,7.710726762964462,4.791896899078811,1
9.73786110270611,10.0,8.571820028834129,5.3980360505311324,4.826097597033257,9.90391887149951,0
8.89062370820081,9.394376476003327,9.560980608317687,4.667796466271472,7.647302553627368,4.817243152213749,2
9.682817451896474,5.4221003817855635,4.85277905191634,6.3000822112364165,8.608526309688855,8.923772911503928,3
8.881260356515957,6.376680539674575,5.680190119192282,6.082596479802393,7.997020004227608,8.32957530132628,3
9.803991364975126,10.0,8.851283268608473,4.026799503962223,7.483348628583346,4.640423284596054,2
9.467027532764407,9.141014514687733,8.933283694589612,4.64740457150372,6.0032100082801705,4.68538670615468,2
9.507528821780324,9.371626061262816,9.91869288002092,5.358234377977282,7.535715609022032,5.452616048403283,2
8.186323160902658,6.925736293328566,7.946723360937605,8.465512630265806,8.080319333295451,5.24091305840429,1
8.729437736372898,8.975492511344418,8.659733220498898,2.7090484170876374,8.931282331898126,2.5493906920610874,2
7.7155887120085005,7.346644601234612,6.182333401340098,4.583543412819006,4.466459175535274,8.054901906289018,0
9.528773856695997,5.6434751723006755,5.5469977608144445,5.196824914388082,10.0,9.11115188478241,3
9.01710304564085,6.620669647975621,9.046954808406038,9.293936019921606,9.019088324587791,4.818440029954041,1
8.532645349611196,4.0986046870538555,4.335938158490085,3.698172067889977,8.409574651304435,7.98991991105446,3
8.816222926791534,8.09224116239611,7.187816146644039,2.800885078075784,3.282705925851763,8.216751335760634,0
8.739098152904518,8.585425705932238,8.909561225068506,3.2974006426288627,7.37728844666371,3.4505621013240386,2
8.582736921482594,8.316367655337398,8.238958181020054,4.812892491453788,6.3646458213354045,3.7935125423380063,2
10.0,3.8080701718139305,4.191153875621633,3.6680769557297332,9.130780759587498,10.0,3
9.164512724634202,9.670365033373892,6.95496553744285,2.2705787268984485,2.5085267429155422,9.806101252190492,0
10.0,7.181629918124689,9.304914866205259,9.736211731102571,9.672860615564966,5.091677614851434,1
9.466790828038892,8.367204123003697,9.840379079059293,9.941636051816934,9.84671281865573,4.6204103687513625,1
8.906528121963504,7.268534373525549,8.548157667845723,8.985570720067807,8.630154612801704,3.2428639517303695,1
8.966497895278344,5.011170015975077,4.955099045869492,4.614484346490646,8.733483753760115,8.844392067334864,3
9.094772304012524,7.086304233379915,9.170601311366811,9.54260799549206,9.469582447454329,5.357613175450557,1
8.578030493642911,8.489330877737956,6.965288829278965,5.072939887943326,5.057925207951961,8.42886598187106,0
9.408528783766899,9.519934505987257,7.4389860287737815,3.4695820131458603,2.8464216721780944,9.297932779217962,0
8.492863563968829,8.385559196528268,8.495597117800495,8.448104328613383,8.481349942389288,4.4575240042627495,1
9.022289103168987,7.505067140274422,8.32526950633576,8.639623630371938,9.558677643425058,4.289512648466739,1
9.21753649809705,9.891620518065949,6.705690141699962,4.267982999920303,3.8171519756306815,9.258948852162042,0
7.77713765137594,8.515198368520723,7.8716292985616425,3.4458312957610584,8.572130609173755,3.404376416295009,2
10.0,5.175347259850576,4.40844884210526,5.448467234649687,9.839978145812353,9.593436343671579,3
9.723374637042612,9.867038930464632,8.111470995519909,4.99673492154754,4.5989093837655926,9.16481578972314,0
9.243964991108523,9.091098346709382,7.715259451325347,4.177126648319094,4.69424290451939,9.343743655601784,0
8.929464822756838,9.113941163175278,9.73921199660367,5.57575469113339,8.502898787642698,5.136271641799107,2
9.188876776452126,8.176873635617117,9.226685830924241,8.939255780906938,8.951401661644587,5.5148675731080585,1
8.539609569328592,8.143341136115124,7.206398408825731,4.439343356747352,4.410815683225584,8.244155340736876,0
8.062116486404658,8.263035300978222,8.63052108614474,5.911983631675387,6.023051118551957,8.258600795406709,0
9.10873848206113,5.999548205825049,8.49826895534013,9.034173890047022,9.37329852424952,3.3019600176441446,1
10.0,7.107012138805907,10.0,9.76200200202447,10.0,5.396746319740966,1
9.719815360359586,9.61028345285505,7.094285195928466,4.418252652627465,4.379870470519061,10.0,0
9.619843863785025,3.7987731925183597,3.5738406325734777,4.28081305804795,9.843848890408252,9.608260293621605,3
9.738082697656324,9.45899969032671,9.920053756929482,4.307381713523597,7.756486293284337,3.5204748022016648,2
9.324368106489409,8.654325307870634,9.775610284100285,8.641806903092697,9.596527211448132,4.867561675012549,1
9.482921229566841,9.456960018090019,5.975658859552444,5.529739203757867,5.1752315704875835,8.965628487611394,0
7.862976586962975,8.414964068617598,5.61706918472163,4.125080571678914,4.1785536557497664,7.884374613987901,0
8.29021651461984,8.58258971803372,6.837928383292691,6.0018656850826675,5.571982849976361,8.650164051881362,0
8.918473960078908,8.237057698867542,9.174918042685192,8.670448449535789,8.141223380713253,6.099809493232373,1
8.241351946432873,6.566121703266962,8.826212211230525,8.40821250552756,8.924904751730557,4.624663877743687,1
8.889599907135917,9.185068314118835,8.819489732572032,3.5373698284476247,7.557820443245577,2.7826385192180423,2
9.155077841485028,8.198177629429665,6.941407081670979,4.654743855287366,5.639757398110667,9.160426698684939,0
9.569849728720234,9.352958899266314,9.714136328591122,3.905903187387371,7.01275247795229,3.684743910200213,2
8.596480626749113,4.569579434546688,5.037478777314827,4.438337328966636,8.37278639392293,8.508357496134073,3
8.50444823842631,3.9882695223578293,3.958083019629254,4.128748638276936,9.279317077217822,8.464873528238329,3
8.64996898896908,4.975429986674652,5.001970874477325,3.9090146858030477,7.610384751965391,7.811474733084513,3
9.194163706092581,9.283016289967298,9.395199101568474,3.870935270056854,8.114763875000692,4.347744191537744,2
10.0,8.224604207850529,9.6137650125713,10.0,9.84857139138201,5.97174286985828,1
9.5184832078938,7.340524693091146,9.791969545317382,9.724218594020535,9.34319162763025,5.5765299942800715,1
9.658412945920153,5.378009600807171,5.393783416501065,5.398368012775206,9.593006049373567,9.138125697336918,3
9.299174892706903,3.7382810358563647,4.5930554593530415,4.2144467908481325,8.363887416663399,9.891085262028813,3
9.52268141633948,9.542355709778539,6.703186783249967,4.722111433258811,4.529052000418701,9.598806914215489,0
8.314659575105928,7.842784521328945,8.41630468858297,8.404330473421428,8.0381496222035,5.559571022514719,1
9.230637367954463,2.978380405593422,3.511706617501652,4.087219476084718,9.0980929369282,9.140636566280772,3
10.0,10.0,8.283941830329288,3.556626783122624,3.173077176455138,9.635758529225916,0
8.422905774743251,5.675724555381518,8.620682820864793,8.964671387121133,8.36940255370496,3.810687014098838,1
9.332418633726478,4.949823979434492,5.238587116119879,4.958516337499802,8.523862158228155,8.715755895234029,3
9.625719963957614,10.0,7.836890964232014,3.476753649427593,4.521448741389578,9.68265275412321,0
8.935508934279504,8.174720899678835,6.431272622754804,4.805481345982529,4.160473221549376,8.745518568259847,0
10.0,5.575564386559977,4.711865695438462,5.160903596606902,9.945840170398837,9.15445592727021,3
9.743118756778477,9.762671191612323,6.769344953558393,4.2813838957319765,4.160904005146971,10.0,0
9.263532071064663,7.727730234676152,9.537217557807688,9.09105658091235,9.290286851541268,3.0349322122294424,1
8.648170274554897,8.613735671196967,8.094154500906262,8.116630546403892,7.534800496026897,5.648095077891274,1
9.659648249486516,6.791780597185272,9.005538431880316,9.653528917907774,8.946003826209918,3.780671223761164,1
9.491424722184673,10.0,9.685583462981079,6.379638517652663,7.801294145886744,5.685855137802094,2
8.900508239851773,5.697038418877613,5.807172833998368,5.828696504000611,8.579957434712531,8.97225062120756,3
9.519149149723056,7.7195409647201085,9.090173346059728,8.817849858760095,8.706164589140222,4.00762960766174,1
7.76947621522949,8.579348052816766,8.866136046419214,4.071635328570969,8.421732392874912,4.418323011810303,2
8.37408112023575,8.671396509562147,6.101277991196306,4.304464208243894,5.074173551794336,7.973357845825806,0
9.003826061556262,4.545428225217102,4.615711755092326,4.338779753876499,8.288571019299587,8.138500185573436,3
8.481760647426436,8.3479988049967,7.704120741723398,8.5077128687972,9.061565252671208,3.4891045953574698,1
9.180047339828766,9.626918429283444,9.946224569248521,4.1668750624341495,9.144081202113908,4.575704852731597,2
8.302429327125198,8.405018720754775,6.407716776598958,6.821779449022145,5.831209519185624,8.673388309537115,0
8.625292361249217,7.471804741722984,7.895008902810812,8.393298938276038,9.013340042098802,5.771569113720561,1
9.666460575956897,7.365431683886164,9.019056183763773,8.452198719273895,9.408924122556376,4.444269778086155,1
9.314536232712292,4.167782536670678,3.9641670598623016,4.500254437500062,9.613981965148593,9.640486786054339,3
8.930971722917713,4.424251560194692,4.473138444423764,4.046461564435949,8.512119651916803,8.587727942890973,3
10.0,6.1316807364474535,5.683898180974785,5.6765593083739265,9.81655765189008,9.16782500588791,3
8.439266283467523,8.876045696829616,9.34857043159661,6.092648835459682,6.634557340593897,5.807437918687672,2
8.900011191173816,8.69083018634817,9.373964226323832,4.84148769464678,8.105927627706086,6.239597960981719,2
8.718152091468866,8.461951536869812,8.13680969480082,3.4028432171551772,8.326421000845635,3.658270441884119,2
9.286188459104455,8.97631585816151,6.101926246331881,3.3556834769038546,3.3449113716437022,8.889941084438437,0
8.226439094714339,8.39710115342129,7.861724078121107,5.728650422218778,5.802048818717538,5.895084649040049,2
9.216872313735122,9.592172369552555,9.23043110754311,2.7183642668931376,5.908385863978193,3.3110527590677465,2
8.661566696465812,8.411899301718798,9.072946899452967,5.324125712784673,7.864622987971708,3.9905960604776194,2
7.979628700262327,7.7928058928522805,7.617127962516908,2.7631178060993364,2.89693777423946,8.020801799789307,0
8.255933013773697,4.558159438625039,3.6487503564120543,3.893562002025959,8.745388849048114,7.945328843431758,3
8.580652141692426,8.705694772161632,8.328263875512553,4.328673420871261,8.077914276720685,4.317249246177466,2
8.273261984459305,9.003781236052367,8.176439146509516,8.12820077162266,8.08646906379573,5.218945528906636,1
9.141778230847708,9.450412799031842,6.230125982499631,3.3654845555643598,3.01745250099261,9.438919733914577,0
9.725089217113503,9.408491007312776,6.772378967467818,4.659320491422799,4.480464287055532,9.877907823361557,0
9.70518171440029,9.42802202030973,9.583397409180451,4.497024858642655,6.275838327206848,3.8681548482339694,2
8.834747564329836,4.991467926298555,4.380143637227009,5.2224208201124895,8.732910081558183,9.254578388547,3
9.671365463756482,9.732215814253923,9.141852644162267,4.126984576839512,7.759869154871566,4.749175349124078,2
7.956850686546244,8.287930338987074,7.770704766297493,3.8024430694763494,6.3151615409367725,3.8391945811889503,2
8.713758256525699,8.205730709468206,8.176784479608774,8.094246250842852,8.492726615311504,3.433050032248314,1
8.508375924523861,8.374034214710576,7.705811712339843,4.2243746480858135,8.732404462792353,3.6755950400256214,2
9.692664199975038,3.3530040969518975,3.742973373077687,3.6022827763629333,9.921244894622854,9.641472669447158,3
8.920540220473764,8.65053295787652,9.597400147809669,9.417157894341257,10.0,3.6276722361453095,1
7.998185689574977,8.609127362485879,8.401936621257919,5.296225433993663,4.998231759371946,8.604421919052982,0
9.03015746491713,9.239423604837931,9.76136380722569,5.96924671123443,6.492481408650759,5.444978362196765,2
9.272363659546865,5.190115832775,4.837766913949176,4.600787966530561,8.651840769837177,9.044019717815445,3
8.500574131843331,7.453954898263692,7.834952630101397,5.909833618247621,7.896233217853037,5.9506415958737024,2
9.548965208884802,4.044080410002239,4.587592506427281,4.163410996498306,9.101384879948634,9.657737487611179,3
8.370545060191704,4.609888031066504,4.496957660345144,5.042173290008066,8.813818126013352,8.442771607950942,3
8.746106162777656,3.7474318434991165,3.467135288241198,3.3424078000888713,8.660987395663902,8.368399303478917,3
8.959371046622572,4.016056152596366,2.7127697847844905,2.964281686957615,8.311608865430559,7.879410506131556,3
9.104943077806436,4.867433537897592,5.022760986516154,5.229769833755294,8.887103238097655,9.308940663300014,3
9.59680793074185,9.939684091621938,9.536435265673095,3.0890841201090296,7.702555926953885,3.006930919071942,2
7.722706643671808,5.834364931679404,5.92861591694429,4.792557188322051,7.949422812450591,8.414688557823613,3
9.059370055892332,5.090586731571543,5.073967311477261,4.898560195173428,9.793739546748371,9.689871373637962,3
9.910264143908753,7.714336752473659,9.321949230401994,9.105935908999442,9.770848791410849,5.508025184351998,1
8.342776810024615,8.106399857069471,8.0683520819784,4.175349023811602,6.942015269451541,4.76360857824686,2
9.146951156996801,9.172729535211609,7.589982838794294,5.492718494633114,5.989595504209019,9.231946239237164,0
7.721903731610336,5.379546947289874,5.872506089578319,5.245133744695323,8.603050377299324,7.740008279548325,3
9.438905610055196,8.224892343023258,9.382165526884847,9.223541650655566,9.313994582268647,3.507367862189828,1
9.337347813405275,8.713004642668741,9.028963836053672,6.227361465823045,7.174357970816665,5.814659692022297,2
8.89097741052503,7.9272668915764095,8.206022647258843,3.2545669455184454,7.495745630697763,3.2354342087433663,2
9.058879232569753,8.770100144994752,8.56697544255897,4.090144244597165,8.403445038307456,3.864548871204846,2
8.526167053030926,8.838567969554653,8.694548850286182,8.447082030697366,8.992040492490135,2.57212212244732,1
9.924914245266027,10.0,7.293049617302588,4.56168340226692,4.664222691896065,9.28697948661432,0
8.156528045398609,3.6693479822983712,4.13193876047674,4.585880387091521,7.399155837022409,7.96880575520167,3
9.948365664964065,3.993951795915557,4.7106741177595,4.445339782308596,9.163551949988484,8.986366614348556,3
9.00233014982651,5.700630737704521,5.604683608133346,5.720816839588924,8.914867783300718,8.480930996248,3
9.034923684553974,6.314129879031142,9.240792632640165,9.22441843680191,9.292165789140693,3.948108821032638,1
